{
  "0": 0.0,
  "1": -0.23471506125945263,
  "2": 0.26001001041886207,
  "3": -0.2517847431966572,
  "4": 0.29537308861061795,
  "5": -0.25323646606830813,
  "6": 0.2911193622286704,
  "7": -0.27360166841918343,
  "8": -0.4354605052645001,
  "9": 0.2941108502402707,
  "10": -0.2889406975330905,
  "11": 0.2517072530986287,
  "12": 0.12990352064105876,
  "13": 0.19559233374774368,
  "14": -0.22033245421658543,
  "15": 0.21704903154217167,
  "16": -0.009100316968353707,
  "17": -0.0271336465340382,
  "18": 0.20699516408615753,
  "19": -0.018604630927845187,
  "20": 0.18920785144304225,
  "21": -0.022541483116544414,
  "22": 0.0,
  "23": -0.027098547084028222,
  "24": -0.31522778315142674,
  "25": 0.06291001904405534,
  "26": 0.05121806917825236,
  "27": 0.03488038896065275,
  "28": 0.06705668920851567,
  "29": 0.019319722342741794,
  "30": -0.2699943455262199,
  "31": 0.060278083227937866,
  "32": 0.1134473372692922,
  "33": 0.011697088536066515,
  "34": 0.05219434670386744,
  "35": -0.06696533149077825,
  "36": -0.13386780540793908,
  "37": -0.03331504819483879,
  "38": 0.016152526456582324,
  "39": -0.07987025811286122,
  "40": 0.18087331652515454,
  "41": 0.08018036926933432,
  "42": -0.03271775826532763,
  "43": 0.09548581331944993,
  "44": -0.07306965724766563,
  "45": -0.08842460202817486,
  "46": -0.020895210663014342,
  "47": 0.03820123994765053,
  "48": 0.11111964789165127,
  "49": 0.05007292292542443,
  "50": -0.0866036281802292,
  "51": 0.026784053588252508,
  "52": -0.08177894652222391,
  "53": 0.05591294861417284,
  "54": -0.00909668400543961,
  "55": 0.07252239527147641,
  "56": 0.13990047627930569,
  "57": -0.04672314959792129,
  "58": 0.025229637749320247,
  "59": -0.14968220235074764,
  "60": -0.12849631340382142,
  "61": -0.09334800343245964,
  "62": 0.0651041380313261,
  "63": -0.017675626195532437
}