epoch,beta,coefficient,loss,expected_cut,best_measured_cut,success_probability_ancilla_1,max_postselected_probability,grad
0,0.3653286272265399,0.2748100099423895,-2.806855570311866,2.806855570311866,3.0,0.11916981261225579,0.1776186096463506,-0.06780563862485293
1,0.3752817252166843,0.2816460744539594,-2.807420767091346,2.807420767091346,3.0,0.119928853658945,0.1781824034453575,-0.060382170316149245
2,0.3851503431345059,0.2883761117600994,-2.807912035279999,2.807912035279999,3.0,0.12069347242932615,0.1787085685493914,-0.05322927186141364
3,0.3948918127016243,0.29497178225341913,-2.808331724379003,2.808331724379003,3.0,0.12145949456702006,0.1791967074233467,-0.04637145801848802
4,0.40445842421244355,0.30140226800899045,-2.8086829565719205,2.8086829565719205,3.0,0.1222221864700976,0.1796466743978498,-0.03983218637288518
5,0.41379770462660914,0.30763457298485736,-2.8089696425950423,2.8089696425950423,3.0,0.12297628008203662,0.18005860094181977,-0.03363343738507118
6,0.422853046886812,0.3136340266169389,-2.8091964679761574,2.8091964679761574,3.0,0.12371603328698182,0.18043291635285164,-0.02779524541345502
7,0.43156475307444925,0.3193650146246008,-2.8093688415513203,2.8093688415513203,3.0,0.12443533232279416,0.18077036089144666,-0.022335194896734162
8,0.4398715203151915,0.3247919385228631,-2.8094927999092443,2.8094927999092443,3.0,0.12512783929595717,0.1810719881347605,-0.017267905063670205
