epoch,beta,coefficient,loss,expected_cut,best_measured_cut,success_probability_ancilla_1,max_postselected_probability,grad
0,-0.528756859869071,-0.5072941763293805,-1.46690172875323,1.46690172875323,2.0,0.2587333339016527,0.19390748967900073,0.052570292141350686
1,-0.5386557958732536,-0.5151895488302017,-1.4672820073702488,1.4672820073702488,2.0,0.2585844679740883,0.193066326076474,0.04304051602289565
2,-0.5483536127292739,-0.5228503027796855,-1.467567211549296,1.467567211549296,2.0,0.2584625019122261,0.19222578645194088,0.033829155112617935
3,-0.557718747015789,-0.5301781880905968,-1.4677626101041992,1.4677626101041992,2.0,0.2583665611261141,0.19139954799401887,0.02502606045879179
4,-0.5665856796212518,-0.5370525147077341,-1.4678769694347062,1.4678769694347062,2.0,0.2582949886629733,0.19060491373241767,0.016738217747907663
5,-0.574759460770797,-0.5433343340232586,-1.4679230326618038,1.4679230326618038,2.0,0.2582451908559117,0.1898624130835817,0.009088660273642966
6,-0.582031574707318,-0.5488785981110919,-1.467917287561597,1.467917287561597,2.0,0.25821362340944304,0.18919424928364362,0.0022102089513117104
