epoch,beta,coefficient,loss,expected_cut,best_measured_cut,success_probability_ancilla_1,max_postselected_probability,grad
0,-0.5730436594769923,-0.542020078597466,-0.9999999999999096,0.9999999999999096,0.0,0.110436731624681,0.06249999999999435,2.4585541817443083e-13
1,-0.5730436704834627,-0.5420200870356076,-0.9999999999999092,0.9999999999999092,0.0,0.11043673493067457,0.062499999999994324,2.464606894030051e-13
2,-0.5730436839734746,-0.5420200973777628,-0.9999999999999098,0.9999999999999098,0.0,0.11043673898264503,0.062499999999994366,2.4683072900711965e-13
3,-0.5730436995337602,-0.5420201093070993,-0.9999999999999096,0.9999999999999096,0.0,0.11043674365645995,0.06249999999999435,2.457229653776731e-13
4,-0.5730437169216333,-0.5420201226375603,-0.9999999999999094,0.9999999999999094,0.0,0.11043674887922394,0.06249999999999434,2.45941991021073e-13
