epoch,beta,coefficient,loss,expected_cut,best_measured_cut,success_probability_ancilla_1,max_postselected_probability,grad
0,0.5781053275218617,0.5458904476960206,-0.9999999999999494,0.9999999999999494,0.0,0.19766592367707655,0.12499814984568598,-5.992242609558795e-14
1,0.5781053302028936,0.5458904497406611,-0.9999999999999497,0.9999999999999497,0.0,0.19766592430495952,0.12499814984373711,-6.000275565281157e-14
2,0.5781053334854394,0.5458904522440357,-0.9999999999999498,0.9999999999999498,0.0,0.19766592507371375,0.12499814984135095,-5.995415165619134e-14
3,0.5781053372686293,0.5458904551292171,-0.9999999999999493,0.9999999999999493,0.0,0.19766592595971622,0.12499814983860076,-5.962234649000746e-14
4,0.5781053414976302,0.5458904583543884,-0.9999999999999495,0.9999999999999495,0.0,0.19766592695012514,0.12499814983552654,-5.98811249821973e-14
