epoch,beta,coefficient,loss,expected_cut,best_measured_cut,success_probability_ancilla_1,max_postselected_probability,grad
0,0.25634937387465995,0.15763118392886236,-4.499999999993782,4.499999999993782,2.0,0.007234302044040321,0.031238261041515652,-2.222363373517812e-11
1,0.25635036722215965,0.15763176878427104,-4.499999999993779,4.499999999993779,2.0,0.007234327717501041,0.03123826329175513,-2.2216136110438665e-11
2,0.2563515836329746,0.15763248497276514,-4.499999999993779,4.499999999993779,2.0,0.007234359156233459,0.031238266046995984,-2.2226857799755667e-11
3,0.25635298786385696,0.15763331174389164,-4.499999999993781,4.499999999993781,2.0,0.007234395449420311,0.03123826922724112,-2.2223319119817598e-11
4,0.25635455751880704,0.15763423591130551,-4.499999999993779,4.499999999993779,2.0,0.007234436018285104,0.03123827278160044,-2.2228151893234635e-11
5,0.2563562765593333,0.15763524803178885,-4.499999999993779,4.499999999993779,2.0,0.007234480448362849,0.031238276673587865,-2.2225485142979935e-11
6,0.2563581326930963,0.15763634086775616,-4.49999999999378,4.49999999999378,2.0,0.007234528422008738,0.031238280875205138,-2.221474416519853e-11
