epoch,beta,coefficient,loss,expected_cut,best_measured_cut,success_probability_ancilla_1,max_postselected_probability,grad
0,-0.25423506842040977,-0.15638568051158694,-4.499999999995763,4.499999999995763,2.0,0.010619850521971026,0.04674344673541844,1.0171824109317574e-11
1,-0.25423552308098785,-0.15638594848615175,-4.499999999995763,4.499999999995763,2.0,0.010619862111284736,0.04674344758759192,1.0167454944626953e-11
2,-0.25423607968463025,-0.15638627654534248,-4.499999999995761,4.499999999995761,2.0,0.010619876299153994,0.046743448630754594,1.0164837015513663e-11
3,-0.2542367223091924,-0.1563866553046872,-4.499999999995762,4.499999999995762,2.0,0.010619892679735003,0.04674344983501989,1.017215969784674e-11
4,-0.25423744061094494,-0.15638707866760385,-4.499999999995762,4.499999999995762,2.0,0.010619910989377663,0.046743451180957886,1.016968078048257e-11
5,-0.25423822734967716,-0.15638754236670852,-4.499999999995763,4.499999999995763,2.0,0.010619931043540514,0.04674345265495625,1.0174095321690929e-11
6,-0.25423907687883956,-0.1563880430739134,-4.499999999995765,4.499999999995765,2.0,0.010619952698304447,0.04674345424639006,1.0168497430025558e-11
