epoch,beta,coefficient,loss,expected_cut,best_measured_cut,success_probability_ancilla_1,max_postselected_probability,grad
0,-0.26691699253454815,-0.16383642353433717,-4.499999999988065,4.499999999988065,0.0,0.0037699617124976464,0.015624999999958557,8.52293190777259e-11
1,-0.26692080118612643,-0.16383865386921675,-4.499999999988063,4.499999999988063,0.0,0.003770064226352995,0.01562499999995855,8.520742146851731e-11
2,-0.2669254645381805,-0.1638413847080849,-4.4999999999880655,4.4999999999880655,0.0,0.0037701897469824223,0.015624999999958561,8.523217608238675e-11
3,-0.26693084740558587,-0.1638445368837847,-4.4999999999880655,4.4999999999880655,0.0,0.0037703346365803715,0.015624999999958561,8.521361290769995e-11
4,-0.2669368638260496,-0.1638480600539807,-4.499999999988066,4.499999999988066,0.0,0.0037704965822040614,0.015624999999958564,8.522481593885657e-11
5,-0.26694345202377273,-0.16385191803992252,-4.499999999988066,4.499999999988066,0.0,0.0037706739219029446,0.015624999999958564,8.519495698321157e-11
6,-0.26695056558417884,-0.1638560836583717,-4.499999999988066,4.499999999988066,0.0,0.0037708654071828083,0.015624999999958564,8.519362180381781e-11
