epoch,beta,coefficient,loss,expected_cut,best_measured_cut,success_probability_ancilla_1,max_postselected_probability,grad
0,0.23544320533278698,0.1452591219508943,-4.509309048352026,4.509309048352026,2.0,0.013521275343894537,0.06195811825025314,-0.02318876505844038
1,0.24541879789902296,0.1511781240487653,-4.509517143162869,4.509517143162869,2.0,0.013762279686279936,0.06201342789730725,-0.021622773041573142
2,0.2553524684085997,0.15704408690282137,-4.509709567348964,4.509709567348964,2.0,0.01401057827728501,0.06203414042302721,-0.020105915831464035
3,0.2652257330355927,0.16284559007288193,-4.509886686283688,4.509886686283688,2.0,0.01426540039353292,0.06202293591611677,-0.018644301298381908
4,0.27501947609457483,0.16857111134993782,-4.510048967446414,4.510048967446414,2.0,0.014525901334656307,0.06198262555994566,-0.01724294278572036
5,0.28471418261163534,0.1742091828933928,-4.510196968544545,4.510196968544545,2.0,0.014791171401716027,0.061916104351441,-0.01590575380333725
6,0.29429018864371337,0.17974855105709717,-4.510331324168857,4.510331324168857,2.0,0.015060246870340896,0.061826303883313845,-0.014635570445488522
