epoch,beta,coefficient,loss,expected_cut,best_measured_cut,success_probability_ancilla_1,max_postselected_probability,grad
0,-0.2565270105381848,-0.1577357668251115,-5.751014430957673,5.751014430957673,6.0,0.07226609502776646,0.11137647980639415,-0.1137716752194164
1,-0.24659226703045908,-0.15187255560942406,-5.751910987653264,5.751910987653264,6.0,0.07206388401602275,0.11121246331602826,-0.09817387717285246
2,-0.2367880581454445,-0.14605870592227446,-5.752638583103983,5.752638583103983,6.0,0.07187154624561354,0.11103623777781171,-0.08224436971895689
3,-0.22720236333847801,-0.14034874846021647,-5.753195218448283,5.753195218448283,6.0,0.07169056858231528,0.11084994524338251,-0.06611403258117066
4,-0.21795115112525673,-0.13481478783789652,-5.753584011225586,5.753584011225586,6.0,0.07152266467013088,0.11065686410759402,-0.04996335059726814
5,-0.2091819349211071,-0.12954881585686787,-5.753815163829725,5.753815163829725,6.0,0.07136974527257046,0.11046165800048614,-0.03403413643590913
6,-0.20107219180015817,-0.1246618674642186,-5.753907737676659,5.753907737676659,6.0,0.07123381376099566,0.11027047814570867,-0.018637915001368445
7,-0.1938183035019469,-0.12027729639960955,-5.753890296642628,5.753890296642628,6.0,0.07111675812550455,0.11009073332838779,-0.0041539921432885455
