epoch,beta,coefficient,loss,expected_cut,best_measured_cut,success_probability_ancilla_1,max_postselected_probability,grad
0,-0.49968003887739165,-0.48366440734278077,-3.7771484519510388,3.7771484519510388,1.0,0.45836833958186224,0.03358651311972458,-0.01905975841728204
1,-0.4897585101375625,-0.47545360029957195,-3.7772934071677966,3.7772934071677966,1.0,0.4575388137872849,0.033604322801085273,-0.016115257121811694
2,-0.4799990617444577,-0.4673044290066886,-3.777406174983038,3.777406174983038,1.0,0.45671993731477417,0.03362001248862977,-0.013087353856385533
3,-0.4705202348449971,-0.4593213281452012,-3.7774864275299955,3.7774864275299955,1.0,0.4559221025449824,0.03363345138212145,-0.010004871838073415
4,-0.4614847395775594,-0.45164954099908894,-3.7775352139828913,3.7775352139828913,1.0,0.45515951538737953,0.03364455433393495,-0.006911819809016038
