epoch,beta,coefficient,loss,expected_cut,best_measured_cut,success_probability_ancilla_1,max_postselected_probability,grad
0,0.46185268767140414,0.451963131654782,-3.4999999999997797,3.4999999999997797,3.0,0.158953196272637,0.03114362640837872,-3.170680900714232e-13
1,0.46185270188016314,0.45196314376254043,-3.499999999999779,3.499999999999779,3.0,0.15895319954445752,0.03114362645948199,-3.1845381818038513e-13
2,0.46185271931441035,0.45196315861884506,-3.4999999999997815,3.4999999999997815,3.0,0.1589532035590043,0.031143626522186087,-3.196041826387736e-13
3,0.4618527394499007,0.4519631757769687,-3.4999999999997815,3.4999999999997815,3.0,0.1589532081955606,0.031143626594605435,-3.189643674248676e-13
4,0.4618527619141066,0.45196319491946857,-3.4999999999997797,3.4999999999997797,3.0,0.15895321336834545,0.031143626675400198,-3.1615591366380117e-13
