epoch,beta,coefficient,loss,expected_cut,best_measured_cut,success_probability_ancilla_1,max_postselected_probability,grad
0,-0.525408192346792,-0.5046060397769755,-3.499999999999637,3.499999999999637,0.0,0.09620951497416878,0.01562499999999838,1.1224723189114916e-12
1,-0.5254082425677762,-0.5046060801569777,-3.4999999999996367,3.4999999999996367,0.0,0.09620952985815512,0.015624999999998376,1.123972401015632e-12
2,-0.5254083040267578,-0.5046061295728488,-3.499999999999634,3.499999999999634,0.0,0.0962095480727456,0.01562499999999837,1.1216051876539927e-12
3,-0.5254083749907801,-0.5046061866312098,-3.4999999999996367,3.4999999999996367,0.0,0.09620956910434433,0.015624999999998376,1.123472690544641e-12
4,-0.5254084542108878,-0.5046062503278411,-3.4999999999996367,3.4999999999996367,0.0,0.09620959258279883,0.015624999999998376,1.1170815097990265e-12
