epoch,beta,coefficient,loss,expected_cut,best_measured_cut,success_probability_ancilla_1,max_postselected_probability,grad
0,0.4985261255765691,0.4827132959504328,-3.72815825671775,3.72815825671775,3.0,0.42189728506056323,0.03560397534531157,0.012782004726814842
1,0.48865685094258055,0.4745373001793194,-3.728244163504236,3.728244163504236,3.0,0.42129700274016135,0.03558075742798754,0.010077344579954411
2,0.4790786937551559,0.46653223047276093,-3.7283010605850975,3.7283010605850975,3.0,0.42071723374661246,0.03555556114830008,0.007316420479358365
3,0.47003933421247623,0.4589145301657897,-3.7283300901756307,3.7283300901756307,3.0,0.42017289056073454,0.03552931483400316,0.004549876651185352
4,0.4618887240447072,0.4519938389754837,-3.7283351458090674,3.7283351458090674,3.0,0.41968462758110914,0.035503547282382295,0.0018603391419625146
