{
  "config": {
    "N_VERTICES": 4,
    "PROB_ARESTA": 0.85,
    "COM_PESO": false,
    "PESO_MIN": 1,
    "PESO_MAX": 1,
    "GRAPH_SEED": 104271,
    "GRAPH_EDGES": [
      [
        0,
        1,
        1.0
      ],
      [
        0,
        2,
        1.0
      ],
      [
        0,
        3,
        1.0
      ],
      [
        1,
        3,
        1.0
      ],
      [
        2,
        3,
        1.0
      ]
    ],
    "REVERSE_BITS": false,
    "ER": 1.25,
    "MAX_TERMS": null,
    "A_MAX": 1.0471975511965976,
    "INIT_BETA": 0.5,
    "MAX_EPOCHS": 200,
    "LR": 0.01,
    "FD_EPS": 0.01,
    "LOSS_TOL_LAST5": 0.0005,
    "PATIENCE_LAST5": 5,
    "TRAIN_SEED": 1,
    "INIT_BETA_JITTER": 0.08,
    "OPTIMIZER": "adam",
    "ADAM_BETA1": 0.9,
    "ADAM_BETA2": 0.999,
    "ADAM_EPS": 1e-08,
    "COEF_ZERO_TOL": 0.0005,
    "IMPROVEMENT_TOL": 0.0005,
    "SATURATION_PATIENCE": 150,
    "INDEX_STRATEGY": "ascending",
    "INDEX_RANDOM_SEED": 42,
    "ENABLE_BACKWARD_PRUNING": false,
    "BACKWARD_PASSES": 1,
    "PRUNE_IMPROVEMENT_TOL": 1e-06,
    "OUTDIR": "benchmark_results_walsh_article/unweighted/aggressive_loader/n4/graph01_trainseed01",
    "SHOW_PLOTS": false,
    "name": "aggressive_loader"
  },
  "n_qubits_register": 4,
  "graph_edges": [
    [
      0,
      1,
      1.0
    ],
    [
      0,
      2,
      1.0
    ],
    [
      0,
      3,
      1.0
    ],
    [
      1,
      3,
      1.0
    ],
    [
      2,
      3,
      1.0
    ]
  ],
  "graph_signature": "36d4961c72903175cef8219a78618293792cc3cd1b729b430a90aa47da048173",
  "graph_num_edges": 5,
  "graph_density": 0.8333333333333334,
  "best_cut_bruteforce": 4.0,
  "best_bitstring_bruteforce": "0110",
  "best_index_bruteforce": 6,
  "candidate_order": [
    1,
    2,
    3,
    4,
    5,
    6,
    7,
    8,
    9,
    10,
    11,
    12,
    13,
    14,
    15
  ],
  "total_possible_parameters": 15,
  "visited_parameters": 15,
  "trained_coefficients": {
    "0": 0.0,
    "1": -0.5080931528797826,
    "2": 0.5079677624049012,
    "3": -0.0022097351075965692,
    "4": 0.31050745524789486,
    "5": -0.005104886775108951,
    "6": 0.009415501790557277,
    "7": -0.4159977660506927,
    "8": -0.01887282227880971,
    "9": -0.0008423911830269007,
    "10": 0.003526027664428101,
    "11": 0.0801622146488066,
    "12": 0.0036466863663381956,
    "13": 0.16790382458797706,
    "14": -0.17471160661755056,
    "15": -0.007033627439308593
  },
  "final_coefficient_vector": [
    0.0,
    -0.5080931528797826,
    0.5079677624049012,
    -0.0022097351075965692,
    0.31050745524789486,
    -0.005104886775108951,
    0.009415501790557277,
    -0.4159977660506927,
    -0.01887282227880971,
    -0.0008423911830269007,
    0.003526027664428101,
    0.0801622146488066,
    0.0036466863663381956,
    0.16790382458797706,
    -0.17471160661755056,
    -0.007033627439308593
  ],
  "active_indices": [
    1,
    2,
    3,
    4,
    5,
    6,
    7,
    8,
    9,
    10,
    11,
    12,
    13,
    14,
    15
  ],
  "active_parameter_count": 15,
  "compression_ratio_active_over_total": 1.0,
  "final_loss": -3.582919506292269,
  "final_expected_cut": 3.582919506292269,
  "best_expected_cut_over_evolution": 3.582919506292269,
  "final_best_measured_index": 9,
  "final_best_measured_bitstring": "1001",
  "final_best_measured_cut": 4.0,
  "best_measured_cut_over_evolution": 4.0,
  "final_success_probability_ancilla_1": 0.2021469205815793,
  "final_max_postselected_probability": 0.29641673960505965,
  "gap_expected_to_bruteforce": 0.41708049370773104,
  "gap_measured_to_bruteforce": 0.0,
  "approx_ratio_measured": 1.0,
  "n_steps": 15,
  "elapsed_seconds": 31.801411867141724,
  "steps": [
    {
      "visit_idx": 1,
      "j": 1,
      "kept": true,
      "beta": -0.5297542570233171,
      "coefficient": -0.5080931528797826,
      "loss": -2.5,
      "expected_cut": 2.5,
      "best_measured_cut": 0.0,
      "success_probability_ancilla_1": 0.09749868961314043,
      "epochs_run": 5,
      "stop_reason": "loss_plateau_last5",
      "history_path": "benchmark_results_walsh_article/unweighted/aggressive_loader/n4/graph01_trainseed01/histories/history_visit001_j001.json",
      "improvement_vs_previous": 2.5
    },
    {
      "visit_idx": 2,
      "j": 2,
      "kept": true,
      "beta": 0.529597662806495,
      "coefficient": 0.5079677624049012,
      "loss": -2.999999982546807,
      "expected_cut": 2.999999982546807,
      "best_measured_cut": 2.0,
      "success_probability_ancilla_1": 0.17594796637939553,
      "epochs_run": 5,
      "stop_reason": "loss_plateau_last5",
      "history_path": "benchmark_results_walsh_article/unweighted/aggressive_loader/n4/graph01_trainseed01/histories/history_visit002_j002.json",
      "improvement_vs_previous": 0.4999999825468069
    },
    {
      "visit_idx": 3,
      "j": 3,
      "kept": true,
      "beta": -0.002110144723735295,
      "coefficient": -0.0022097351075965692,
      "loss": -2.9999945622524002,
      "expected_cut": 2.9999945622524002,
      "best_measured_cut": 3.0,
      "success_probability_ancilla_1": 0.17594920256857213,
      "epochs_run": 52,
      "stop_reason": "loss_plateau_last5",
      "history_path": "benchmark_results_walsh_article/unweighted/aggressive_loader/n4/graph01_trainseed01/histories/history_visit003_j003.json",
      "improvement_vs_previous": -5.420294406643933e-06
    },
    {
      "visit_idx": 4,
      "j": 4,
      "kept": true,
      "beta": 0.3056918741257764,
      "coefficient": 0.31050745524789486,
      "loss": -3.132941204246257,
      "expected_cut": 3.132941204246257,
      "best_measured_cut": 3.0,
      "success_probability_ancilla_1": 0.20005315079627678,
      "epochs_run": 15,
      "stop_reason": "loss_plateau_last5",
      "history_path": "benchmark_results_walsh_article/unweighted/aggressive_loader/n4/graph01_trainseed01/histories/history_visit004_j004.json",
      "improvement_vs_previous": 0.13294664199385675
    },
    {
      "visit_idx": 5,
      "j": 5,
      "kept": true,
      "beta": -0.00487484640022149,
      "coefficient": -0.005104886775108951,
      "loss": -3.13290288085819,
      "expected_cut": 3.13290288085819,
      "best_measured_cut": 3.0,
      "success_probability_ancilla_1": 0.20005766492348093,
      "epochs_run": 59,
      "stop_reason": "loss_plateau_last5",
      "history_path": "benchmark_results_walsh_article/unweighted/aggressive_loader/n4/graph01_trainseed01/histories/history_visit005_j005.json",
      "improvement_vs_previous": -3.832338806697422e-05
    },
    {
      "visit_idx": 6,
      "j": 6,
      "kept": true,
      "beta": 0.008991384204899835,
      "coefficient": 0.009415501790557277,
      "loss": -3.1328976841743916,
      "expected_cut": 3.1328976841743916,
      "best_measured_cut": 3.0,
      "success_probability_ancilla_1": 0.2000632695768338,
      "epochs_run": 59,
      "stop_reason": "loss_plateau_last5",
      "history_path": "benchmark_results_walsh_article/unweighted/aggressive_loader/n4/graph01_trainseed01/histories/history_visit006_j006.json",
      "improvement_vs_previous": -5.196683798391888e-06
    },
    {
      "visit_idx": 7,
      "j": 7,
      "kept": true,
      "beta": -0.4203777337897049,
      "coefficient": -0.4159977660506927,
      "loss": -3.444942796043571,
      "expected_cut": 3.444942796043571,
      "best_measured_cut": 3.0,
      "success_probability_ancilla_1": 0.20661483477214182,
      "epochs_run": 5,
      "stop_reason": "loss_plateau_last5",
      "history_path": "benchmark_results_walsh_article/unweighted/aggressive_loader/n4/graph01_trainseed01/histories/history_visit007_j007.json",
      "improvement_vs_previous": 0.31204511186917916
    },
    {
      "visit_idx": 8,
      "j": 8,
      "kept": true,
      "beta": -0.018024169322379387,
      "coefficient": -0.01887282227880971,
      "loss": -3.4457569043158562,
      "expected_cut": 3.4457569043158562,
      "best_measured_cut": 4.0,