epoch,beta,coefficient,loss,expected_cut,best_measured_cut,success_probability_ancilla_1,max_postselected_probability,grad
0,-0.3781905725187455,-0.2836348067118885,-0.9999999999994997,0.9999999999994997,0.0,0.01997770374114128,0.06249999999996873,2.3948219841315836e-12
1,-0.37819067954830915,-0.2836348798096199,-0.9999999999994997,0.9999999999994997,0.0,0.019977713969235394,0.06249999999996873,2.393028337235028e-12
2,-0.37819081059365045,-0.2836349693093431,-0.9999999999994995,0.9999999999994995,0.0,0.019977726492357926,0.06249999999996872,2.3936065089206396e-12
3,-0.37819096185675394,-0.2836350726171324,-0.9999999999994997,0.9999999999994997,0.0,0.019977740947559428,0.06249999999996873,2.392858408413267e-12
4,-0.3781911309336309,-0.2836351880911374,-0.9999999999995,0.9999999999995,0.0,0.019977757105108115,0.06249999999996876,2.3936351315096775e-12
