epoch,beta,coefficient,loss,expected_cut,best_measured_cut,success_probability_ancilla_1,max_postselected_probability,grad
0,-0.3645760914138599,-0.2742911938228168,-1.720361303799316,1.720361303799316,2.0,0.13683209720142836,0.40107112002287304,0.11059416617269077
1,-0.3745177862918145,-0.28112309220316667,-1.721252991158973,1.721252991158973,2.0,0.13732482155436065,0.40064544441997274,0.09653163516590382
2,-0.3843513996849472,-0.2878330588588151,-1.7220035773142632,1.7220035773142632,2.0,0.13782522944782713,0.40017464551968607,0.0829126486591554
3,-0.3940177756126669,-0.2943819496515228,-1.7226175238146064,1.7226175238146064,2.0,0.13832934890093546,0.39966549469309376,0.06980560006034536
4,-0.40344790827382765,-0.30072522997254075,-1.7231014674048022,1.7231014674048022,2.0,0.1388324295420627,0.3991262555611151,0.0572817194698294
5,-0.4125631343336277,-0.3068133104657933,-1.723464412742069,1.723464412742069,2.0,0.1393289378430062,0.3985667100982362,0.04541404806273091
6,-0.42127636558653087,-0.31259251879242334,-1.7237178075846378,1.7237178075846378,2.0,0.13981262463687283,0.3979980627304239,0.03427580286953579
7,-0.4294946808264406,-0.31800686780252524,-1.7238754315920377,1.7238754315920377,2.0,0.14027668979616348,0.39743267739831933,0.023938018918240562
8,-0.4371234308773377,-0.32300066927142573,-1.723953036057273,1.723953036057273,2.0,0.1407140585509213,0.39688361848020676,0.014466458596084102
