epoch,beta,coefficient,loss,expected_cut,best_measured_cut,success_probability_ancilla_1,max_postselected_probability,grad
0,-0.23706483935269196,-0.146223204610908,-5.499999999995039,5.499999999995039,3.0,0.011087545493322873,0.04652691870438154,1.0735211370599474e-11
1,-0.2370653193943476,-0.14622348989447323,-5.499999999995039,5.499999999995039,3.0,0.01108755701174739,0.04652692424497391,1.0739099378042851e-11
2,-0.23706590707716926,-0.1462238391479327,-5.499999999995042,5.499999999995042,3.0,0.011087571113009408,0.04652693102784557,1.0732681901253697e-11
3,-0.23706658545152798,-0.1462242422982598,-5.499999999995039,5.499999999995039,3.0,0.011087587390422877,0.04652693885731101,1.07329818544919e-11
4,-0.23706734372665744,-0.14622469293257456,-5.499999999995037,5.499999999995037,3.0,0.01108760558508104,0.04652694760877121,1.0736274250325088e-11
5,-0.23706817407410408,-0.14622518639846807,-5.499999999995042,5.499999999995042,3.0,0.011087625509156554,0.04652695719181866,1.0729854392484607e-11
6,-0.23706907068235653,-0.14622571924217873,-5.499999999995038,5.499999999995038,3.0,0.011087647023217767,0.046526967539325434,1.0731571170537543e-11
