{
  "0": 0.0,
  "1": -0.437655251953916,
  "2": 0.43934897137650425,
  "3": 0.0,
  "4": -0.0021343305164500032,
  "5": 0.0009789859499000557,
  "6": -0.001564778457168976,
  "7": 0.0,
  "8": 0.0,
  "9": -0.0016197174978626583,
  "10": 0.0035810892669241603,
  "11": 0.0,
  "12": -0.002206247440441798,
  "13": 0.27019252039817027,
  "14": -0.34947898914067016,
  "15": 0.0
}