{
  "config": {
    "N_VERTICES": 4,
    "PROB_ARESTA": 0.85,
    "COM_PESO": false,
    "PESO_MIN": 1,
    "PESO_MAX": 1,
    "GRAPH_SEED": 104271,
    "GRAPH_EDGES": [
      [
        0,
        1,
        1.0
      ],
      [
        0,
        2,
        1.0
      ],
      [
        0,
        3,
        1.0
      ],
      [
        1,
        3,
        1.0
      ],
      [
        2,
        3,
        1.0
      ]
    ],
    "REVERSE_BITS": false,
    "ER": 1.0,
    "MAX_TERMS": null,
    "A_MAX": 0.7853981633974483,
    "INIT_BETA": 0.35,
    "MAX_EPOCHS": 200,
    "LR": 0.01,
    "FD_EPS": 0.01,
    "LOSS_TOL_LAST5": 0.001,
    "PATIENCE_LAST5": 5,
    "TRAIN_SEED": 6,
    "INIT_BETA_JITTER": 0.05,
    "OPTIMIZER": "adam",
    "ADAM_BETA1": 0.9,
    "ADAM_BETA2": 0.999,
    "ADAM_EPS": 1e-08,
    "COEF_ZERO_TOL": 0.001,
    "IMPROVEMENT_TOL": 0.001,
    "SATURATION_PATIENCE": 100,
    "INDEX_STRATEGY": "ascending",
    "INDEX_RANDOM_SEED": 42,
    "ENABLE_BACKWARD_PRUNING": false,
    "BACKWARD_PASSES": 1,
    "PRUNE_IMPROVEMENT_TOL": 1e-06,
    "OUTDIR": "benchmark_results_walsh_article/unweighted/baseline/n4/graph01_trainseed06",
    "SHOW_PLOTS": false,
    "name": "baseline"
  },
  "n_qubits_register": 4,
  "graph_edges": [
    [
      0,
      1,
      1.0
    ],
    [
      0,
      2,
      1.0
    ],
    [
      0,
      3,
      1.0
    ],
    [
      1,
      3,
      1.0
    ],
    [
      2,
      3,
      1.0
    ]
  ],
  "graph_signature": "36d4961c72903175cef8219a78618293792cc3cd1b729b430a90aa47da048173",
  "graph_num_edges": 5,
  "graph_density": 0.8333333333333334,
  "best_cut_bruteforce": 4.0,
  "best_bitstring_bruteforce": "0110",
  "best_index_bruteforce": 6,
  "candidate_order": [
    1,
    2,
    3,
    4,
    5,
    6,
    7,
    8,
    9,
    10,
    11,
    12,
    13,
    14,
    15
  ],
  "total_possible_parameters": 15,
  "visited_parameters": 15,
  "trained_coefficients": {
    "0": 0.0,
    "1": -0.23926318825061504,
    "2": 0.23921014131984505,
    "3": 0.0012098990966909814,
    "4": 0.16940887674610733,
    "5": 0.0,
    "6": 0.0,
    "7": -0.21062965370109343,
    "8": -0.07215724502286289,
    "9": 0.0,
    "10": 0.0,
    "11": 0.11661558723206883,
    "12": 0.0,
    "13": 0.1344672330342646,
    "14": -0.15472773424694983,
    "15": 0.0
  },
  "final_coefficient_vector": [
    0.0,
    -0.23926318825061504,
    0.23921014131984505,
    0.0012098990966909814,
    0.16940887674610733,
    0.0,
    0.0,
    -0.21062965370109343,
    -0.07215724502286289,
    0.0,
    0.0,
    0.11661558723206883,
    0.0,
    0.1344672330342646,
    -0.15472773424694983,
    0.0
  ],
  "active_indices": [
    1,
    2,
    3,
    4,
    7,
    8,
    11,
    13,
    14
  ],
  "active_parameter_count": 9,
  "compression_ratio_active_over_total": 0.6,
  "final_loss": -3.8783941290577597,
  "final_expected_cut": 3.8783941290577597,
  "best_expected_cut_over_evolution": 3.8783941290577597,
  "final_best_measured_index": 6,
  "final_best_measured_bitstring": "0110",
  "final_best_measured_cut": 4.0,
  "best_measured_cut_over_evolution": 4.0,
  "final_success_probability_ancilla_1": 0.05420246546943355,
  "final_max_postselected_probability": 0.443360036272783,
  "gap_expected_to_bruteforce": 0.12160587094224029,
  "gap_measured_to_bruteforce": 0.0,
  "approx_ratio_measured": 1.0,
  "n_steps": 15,
  "elapsed_seconds": 8.91433596611023,
  "steps": [
    {
      "visit_idx": 1,
      "j": 1,
      "kept": true,
      "beta": -0.31462564796162884,
      "coefficient": -0.23926318825061504,
      "loss": -2.5,
      "expected_cut": 2.5,
      "best_measured_cut": 0.0,
      "success_probability_ancilla_1": 0.014243573370692897,
      "epochs_run": 5,
      "stop_reason": "loss_plateau_last5",
      "history_path": "benchmark_results_walsh_article/unweighted/baseline/n4/graph01_trainseed06/histories/history_visit001_j001.json",
      "improvement_vs_previous": 2.5
    },
    {
      "visit_idx": 2,
      "j": 2,
      "kept": true,
      "beta": 0.3145511987766881,
      "coefficient": 0.23921014131984505,
      "loss": -2.9999999874712886,
      "expected_cut": 2.9999999874712886,
      "best_measured_cut": 2.0,
      "success_probability_ancilla_1": 0.028075281989659324,
      "epochs_run": 5,
      "stop_reason": "loss_plateau_last5",
      "history_path": "benchmark_results_walsh_article/unweighted/baseline/n4/graph01_trainseed06/histories/history_visit002_j002.json",
      "improvement_vs_previous": 0.4999999874712886
    },
    {
      "visit_idx": 3,
      "j": 3,
      "kept": true,
      "beta": 0.0015404925936350952,
      "coefficient": 0.0012098990966909814,
      "loss": -2.999993470005143,
      "expected_cut": 2.999993470005143,
      "best_measured_cut": 2.0,
      "success_probability_ancilla_1": 0.028075627404490704,
      "epochs_run": 41,
      "stop_reason": "loss_plateau_last5",
      "history_path": "benchmark_results_walsh_article/unweighted/baseline/n4/graph01_trainseed06/histories/history_visit003_j003.json",
      "improvement_vs_previous": -6.5174661454392435e-06
    },
    {
      "visit_idx": 4,
      "j": 4,
      "kept": true,
      "beta": 0.21913984813861143,
      "coefficient": 0.16940887674610733,
      "loss": -3.1758616760994953,
      "expected_cut": 3.1758616760994953,
      "best_measured_cut": 4.0,
      "success_probability_ancilla_1": 0.0348314124685465,
      "epochs_run": 17,
      "stop_reason": "loss_plateau_last5",
      "history_path": "benchmark_results_walsh_article/unweighted/baseline/n4/graph01_trainseed06/histories/history_visit004_j004.json",
      "improvement_vs_previous": 0.17586820609435216
    },
    {
      "visit_idx": 5,
      "j": 5,
      "kept": false,
      "beta": 0.00022581273447980828,
      "coefficient": 0.0,
      "loss": -3.1758616760994953,
      "expected_cut": 3.1758616760994953,
      "best_measured_cut": 4.0,
      "success_probability_ancilla_1": 0.0348314124685465,
      "epochs_run": 44,
      "stop_reason": "loss_plateau_last5_and_discarded_near_zero",
      "history_path": "benchmark_results_walsh_article/unweighted/baseline/n4/graph01_trainseed06/histories/history_visit005_j005.json",
      "improvement_vs_previous": 0.0
    },
    {
      "visit_idx": 6,
      "j": 6,
      "kept": false,
      "beta": 0.0004419918561120685,
      "coefficient": 0.0,
      "loss": -3.1758616760994953,
      "expected_cut": 3.1758616760994953,
      "best_measured_cut": 4.0,
      "success_probability_ancilla_1": 0.0348314124685465,
      "epochs_run": 37,
      "stop_reason": "loss_plateau_last5_and_discarded_near_zero",
      "history_path": "benchmark_results_walsh_article/unweighted/baseline/n4/graph01_trainseed06/histories/history_visit006_j006.json",
      "improvement_vs_previous": 0.0
    },
    {
      "visit_idx": 7,
      "j": 7,
      "kept": true,
      "beta": -0.27490390905265905,
      "coefficient": -0.21062965370109343,
      "loss": -3.4790517324619588,
      "expected_cut": 3.4790517324619588,
      "best_measured_cut": 4.0,
      "success_probability_ancilla_1": 0.044122232143793655,
      "epochs_run": 6,
      "stop_reason": "loss_plateau_last5",
      "history_path": "benchmark_results_walsh_article/unweighted/baseline/n4/graph01_trainseed06/histories/history_visit007_j007.json",
      "improvement_vs_previous": 0.30319005636246343
    },
    {
      "visit_idx": 8,
      "j": 8,
      "kept": true,
      "beta": -0.09213326795582918,
      "coefficient": -0.07215724502286289,
      "loss": -3.5082162181516616,
      "expected_cut": 3.5082162181516616,
      "best_measured_cut": 4.0,
      "success_probability_ancilla_1": 0.04530851938780261,
      "epochs_run": 47,
      "stop_reason": "loss_plateau_last5",
      "history_path": "benchmark_results_walsh_article/unweighted/baseline/n4/graph01_trainseed06/histories/history_visit008_j008.json",
      "improvement_vs_previous": 0.029164485689702868
    },
    {
      "visit_idx": 9,