{
  "0": 0.0,
  "1": -0.23926318825061504,
  "2": 0.23921014131984505,
  "3": 0.0012098990966909814,
  "4": 0.16940887674610733,
  "5": 0.0,
  "6": 0.0,
  "7": -0.21062965370109343,
  "8": -0.07215724502286289,
  "9": 0.0,
  "10": 0.0,
  "11": 0.11661558723206883,
  "12": 0.0,
  "13": 0.1344672330342646,
  "14": -0.15472773424694983,
  "15": 0.0
}