epoch,beta,coefficient,loss,expected_cut,best_measured_cut,success_probability_ancilla_1,max_postselected_probability,grad
0,-0.259530664117284,-0.15950273967086306,-3.999999999988807,3.999999999988807,0.0,0.003573393546215512,0.015624999999956278,8.240822877510901e-11
1,-0.25953434691814614,-0.15950490452128918,-3.999999999988807,3.999999999988807,0.0,0.0035734904309099955,0.015624999999956278,8.239425222346677e-11
2,-0.2595388560022211,-0.15950755507792974,-3.9999999999888085,3.9999999999888085,0.0,0.0035736090544532554,0.015624999999956285,8.240547430601388e-11
3,-0.25954406083787535,-0.15951061460786017,-3.9999999999888085,3.9999999999888085,0.0,0.003573745983708306,0.015624999999956285,8.239481617809907e-11
4,-0.2595498779646309,-0.15951403404793468,-3.99999999998881,3.99999999998881,0.0,0.0035738990238342334,0.015624999999956292,8.238606176415733e-11
5,-0.25955624808846484,-0.15951777854074664,-3.9999999999888085,3.9999999999888085,0.0,0.003574066615734068,0.015624999999956285,8.23801995086308e-11
6,-0.2595631263001778,-0.15952182168470452,-3.9999999999888085,3.9999999999888085,0.0,0.0035742475787302764,0.015624999999956285,8.237830253279759e-11
