epoch,beta,coefficient,loss,expected_cut,best_measured_cut,success_probability_ancilla_1,max_postselected_probability,grad
0,-0.24175248787935905,-0.14900596760909857,-4.437786944381763,4.437786944381763,4.0,0.0367109140774921,0.07443228679465648,-0.0663262587403745
1,-0.23183553601539114,-0.14311172761924962,-4.438285269012974,4.438285269012974,4.0,0.03649032427509844,0.07416455525932139,-0.05569354865863122
2,-0.2220922095530958,-0.13729468782380583,-4.438667159147604,4.438667159147604,4.0,0.03628150454502008,0.07388174584514783,-0.04473874919486526
3,-0.21265231421899777,-0.13163512164387733,-4.438931834549662,4.438931834549662,4.0,0.03608680891938369,0.07358877024355677,-0.03358831355733958
4,-0.20369509195377833,-0.12624418340099455,-4.439084161602677,4.439084161602677,4.0,0.035909127112107114,0.07329328392455604,-0.022430471804992882
5,-0.19545265409649032,-0.12126624901432959,-4.43913699273665,4.43913699273665,4.0,0.0357517947202476,0.07300617019976606,-0.011532213350602194
6,-0.18819536875907916,-0.11687013523955166,-4.439112582713806,4.439112582713806,4.0,0.03561823195292432,0.07274120749530738,-0.0012470045727929508
