{
  "0": 0.0,
  "1": -0.23926193553711336,
  "2": 0.23921014131181376,
  "3": 0.0,
  "4": 0.16940822652162582,
  "5": 0.0,
  "6": 0.0,
  "7": -0.21062952156434525,
  "8": 0.03629049996370935,
  "9": 0.0,
  "10": 0.0,
  "11": -0.03335415568568485,
  "12": 0.0,
  "13": 0.016995886192836724,
  "14": 0.0,
  "15": 0.0
}