epoch,beta,coefficient,loss,expected_cut,best_measured_cut,success_probability_ancilla_1,max_postselected_probability,grad
0,0.2421981223735666,0.14927019277270495,-2.999369248948764,2.999369248948764,3.0,0.006568314496645994,0.1249211561189761,-0.18806931517908196
1,0.25160576543633345,0.15483497167633062,-2.9999539355504923,2.9999539355504923,3.0,0.006804132259254047,0.12499424194417905,-0.09979934200285803
2,0.25959730867670877,0.15954191452774602,-2.9999324258873017,2.9999324258873017,3.0,0.007010304269617588,0.12499155323626929,-0.025924614950350592
3,0.2652633196037845,0.1628676198243907,-2.99965566815501,2.99965566815501,3.0,0.007159679919843811,0.12495695851972542,0.030353879175222847
4,0.2682264169657391,0.16460295713302414,-2.9994305675523893,2.9994305675523893,3.0,0.007238840857403284,0.1249288209443939,0.06688567383300077
5,0.26878206233178364,0.16492807170789364,-2.99938245610819,2.99938245610819,3.0,0.007253764461880314,0.12492280701386849,0.08493185351266831
6,0.26750011727561057,0.16417784801051216,-2.999490673564949,2.999490673564949,3.0,0.007219371443070801,0.12493633419596487,0.08823725266032707
