epoch,beta,coefficient,loss,expected_cut,best_measured_cut,success_probability_ancilla_1,max_postselected_probability,grad
0,-0.3204623842754349,-0.24341448789324277,-5.499999999998838,5.499999999998838,3.0,0.04722355936886243,0.04621486181825095,1.968168745846355e-12
1,-0.32046247224958624,-0.2434145503511883,-5.499999999998835,5.499999999998835,3.0,0.04722356639175451,0.04621486210911657,1.9672232425029693e-12
2,-0.3204625799742835,-0.24341462683118575,-5.499999999998835,5.499999999998835,3.0,0.047223574991315596,0.046214862465280865,1.9679658866670083e-12
3,-0.3204627043449066,-0.243414715129083,-5.499999999998835,5.499999999998835,3.0,0.04722358491970785,0.04621486287647812,1.9684413263576203e-12
4,-0.3204628434008147,-0.24341481385290523,-5.4999999999988365,5.4999999999988365,3.0,0.04722359602041615,0.04621486333622502,1.9703072234872413e-12
