epoch,beta,coefficient,loss,expected_cut,best_measured_cut,success_probability_ancilla_1,max_postselected_probability,grad
0,0.36532862722604664,0.2748100099420495,-5.806855936485394,5.806855936485394,5.0,0.11917001344830491,0.04440467708095797,-0.06780492150503938
1,0.3752817246737197,0.281646074082355,-5.8074211263732884,5.8074211263732884,5.0,0.11992905414089444,0.044545625475222526,-0.06038147172111475
2,0.3851503409875398,0.28837611030120475,-5.807912387863343,5.807912387863343,5.0,0.12069367246870549,0.04467716669230121,-0.053228591776131165
3,0.3948918072314833,0.2949717785631761,-5.808332070470636,5.808332070470636,5.0,0.12145969402163982,0.044799201342300275,-0.04637079666201048
4,0.40445841289614376,0.3014022604300927,-5.8086832964022115,5.8086832964022115,5.0,0.12222238513024564,0.04491169300174775,-0.03983154424124681
5,0.41379768399487804,0.3076345592668191,-5.808969976428928,5.808969976428928,5.0,0.12297647765673861,0.045014674532018926,-0.03363281528732531
6,0.4228530124021725,0.31363400385175566,-5.80919679612488,5.80919679612488,5.0,0.12371622939189539,0.045108253252252616,-0.027794644495964554
7,0.43156469905111317,0.3193649792103933,-5.80936916438343,5.80936916438343,5.0,0.12443552647174931,0.045192614223228275,-0.02233461665044378
8,0.4398714399040031,0.3247918861683931,-5.809493117859091,5.809493117859091,5.0,0.1251280308983806,0.045268020836074965,-0.017267351309699475
