epoch,beta,coefficient,loss,expected_cut,best_measured_cut,success_probability_ancilla_1,max_postselected_probability,grad
0,-0.3658805580051392,-0.2751903505597958,-5.499999999997075,5.499999999997075,0.0,0.018813254459423924,0.01562499999999169,1.4546296388986027e-11
1,-0.36588120819597425,-0.275190798525625,-5.499999999997076,5.499999999997076,0.0,0.01881331532237875,0.015624999999991694,1.454058557450318e-11
2,-0.36588200451754926,-0.27519134717173727,-5.499999999997076,5.499999999997076,0.0,0.018813389864409204,0.015624999999991694,1.4553904268199296e-11
3,-0.3658829237516682,-0.27519198050120897,-5.499999999997078,5.499999999997078,0.0,0.018813475912159327,0.015624999999991698,1.4545155385136509e-11
4,-0.3658839510991994,-0.2751926883176532,-5.499999999997079,5.499999999997079,0.0,0.01881357208036228,0.015624999999991701,1.4539681752397015e-11
