{
  "0": 0.0,
  "1": -0.4952363042294797,
  "2": 0.4439857000339753,
  "3": -0.41911442588725784,
  "4": 0.6779909649081982,
  "5": -0.009798624658808382,
  "6": 0.42775960934678015,
  "7": -0.4428134738504054,
  "8": -0.1560141236644487,
  "9": -0.26980599680078066,
  "10": -0.0022049650826041606,
  "11": -0.0026018752371890544,
  "12": 0.420803215025694,
  "13": 0.054089896148611434,
  "14": 0.030408521987335842,
  "15": -0.04185321321217752
}