{
  "0": 0.0,
  "1": -0.15697659030836722,
  "2": 0.15483642244559362,
  "3": 0.0,
  "4": 0.0026497106273406035,
  "5": 0.0,
  "6": 0.0,
  "7": 0.0,
  "8": 0.0,
  "9": 0.0,
  "10": 0.0,
  "11": 0.0,
  "12": 0.0,
  "13": 0.11354008034240488,
  "14": -0.13768493779762703,
  "15": 0.0,
  "16": 0.0,
  "17": 0.0,
  "18": 0.0,
  "19": 0.0021409476780304766,
  "20": 0.0,
  "21": 0.020732388942860613,
  "22": -0.020053008915781007,
  "23": 0.0,
  "24": 0.0,
  "25": 0.009710722973117085,
  "26": -0.003529370493422224,
  "27": 0.0,
  "28": 0.008397376234324815,
  "29": 0.0,
  "30": 0.0,
  "31": 0.003481928442608856,
  "32": 0.0,
  "33": 0.0,
  "34": 0.0,
  "35": 0.0,
  "36": 0.0,
  "37": 0.009869723667256464,
  "38": -0.004461556430214449,
  "39": 0.0,
  "40": 0.0,
  "41": 0.013128883386685143,
  "42": -0.009893180522388082,
  "43": 0.0,
  "44": 0.0,
  "45": 0.0,
  "46": 0.0,
  "47": 0.007349769873602023,
  "48": 0.0,
  "49": 0.04746517609080514,
  "50": -0.0729142490272642,
  "51": 0.0,
  "52": 0.0033745838290471994,
  "53": 0.0,
  "54": 0.0,
  "55": 0.0,
  "56": 0.0,
  "57": 0.0,
  "58": 0.0,
  "59": 0.0,
  "60": 0.0,
  "61": -0.09405709659711436,
  "62": 0.11108013834180411,
  "63": 0.0
}