{
  "0": 0.0,
  "1": -0.23491355054821758,
  "2": 0.24931542176262306,
  "3": -0.28255651784582403,
  "4": 0.3982785670134633,
  "5": -0.020582978421544818,
  "6": 0.32868371172338806,
  "7": -0.26380398921681714,
  "8": -0.12558312731627816,
  "9": 0.13824227465808875,
  "10": 0.08629819997589665,
  "11": 0.0942510080413348,
  "12": -0.24054279920553642,
  "13": 0.18144223951239705,
  "14": -0.23043007817411545,
  "15": -0.0696849250900497,
  "16": 0.012064031024731364,
  "17": -0.008448131299719795,
  "18": 0.010125773815831393,
  "19": -0.010039716587052504,
  "20": 0.016445263673232086,
  "21": -0.017468554454811085,
  "22": 0.015876212614732207,
  "23": -0.01751683607421234,
  "24": 0.00828108501859594,
  "25": -0.012566834322114013,
  "26": 0.008584777769253385,
  "27": -0.010850339458566944,
  "28": 0.015069698640652492,
  "29": -0.01219126338112304,
  "30": 0.011151541268284808,
  "31": -0.009284288555591982,
  "32": -0.004383264703138036,
  "33": 0.1137768493396009,
  "34": 0.03450116878122166,
  "35": -0.003615974780639995,
  "36": -0.12648827427777445,
  "37": -0.09250015929200574,
  "38": -0.003307112571652165,
  "39": -0.06957259382126255,
  "40": -0.033978141019925766,
  "41": 0.05724576814201421,
  "42": -0.01728349321053758,
  "43": -0.07935076589777514,
  "44": -0.11684139210712942,
  "45": 0.11525247537841082,
  "46": 0.1266504309412667,
  "47": 0.11119697877772083,
  "48": 0.0032104851645708564,
  "49": -0.003312430720788446,
  "50": 0.006018719897137904,
  "51": -0.004838373397277169,
  "52": 0.00235514144318564,
  "53": -0.00270130059911401,
  "54": 0.004220784718860242,
  "55": -0.007540682031953069,
  "56": 0.00520306499165587,
  "57": -0.005891183272755192,
  "58": 0.004633097864138816,
  "59": -0.002084743661351861,
  "60": 0.004713041938419651,
  "61": -0.002128234961854115,
  "62": -0.0012617963315251029,
  "63": -0.0030012060373172922
}