{
  "0": 0.0,
  "1": -0.2392629137095944,
  "2": 0.2320638575503585,
  "3": -0.2761222211855279,
  "4": 0.2688265004587792,
  "5": -0.29181224633956243,
  "6": 0.24403125795057812,
  "7": -0.23159185064410953,
  "8": -0.4231118971149142,
  "9": 0.3467291792417087,
  "10": -0.23521297729834292,
  "11": 0.20769006088032305,
  "12": 0.1312832251141229,
  "13": 0.20381654313532233,
  "14": -0.19226075067499382,
  "15": 0.2401770418690354,
  "16": 0.01738494274856391,
  "17": 0.04667001238970476,
  "18": 0.21032092790031592,
  "19": -0.020196594824417227,
  "20": 0.19499437496371033,
  "21": -0.02341215824052637,
  "22": 0.015383486014630193,
  "23": 0.028461795332575274,
  "24": -0.32098699890880883,
  "25": 0.05679698069270541,
  "26": 0.03686596558172085,
  "27": -0.0366521030408061,
  "28": 0.04349324852015074,
  "29": -0.056246657613741625,
  "30": -0.2728960984471935,
  "31": 0.05287568768754409,
  "32": 0.11735997267980859,
  "33": -0.009528310503338576,
  "34": 0.033014298505173546,
  "35": -0.05831110985329309,
  "36": -0.1200411787869346,
  "37": -0.05451029449975887,
  "38": 0.00170906911003241,
  "39": -0.05836849654867305,
  "40": 0.15785205313388243,
  "41": 0.11931723081951255,
  "42": -0.01979806926183294,
  "43": 0.0763847194833957,
  "44": -0.08026572476081165,
  "45": -0.0713075722053024,
  "46": -0.0045199812270291465,
  "47": 0.034214915355753564,
  "48": 0.11525548284314974,
  "49": 0.05057464887250715,
  "50": -0.07446244461472958,
  "51": 0.012410445854343168,
  "52": -0.06699040592792016,
  "53": 0.04605576717919805,
  "54": 0.010230330094900894,
  "55": 0.06746271689461258,
  "56": 0.1298186278436624,
  "57": -0.03697264967196621,
  "58": 0.017315851843503243,
  "59": -0.15143057156811354,
  "60": -0.12129037189165183,
  "61": -0.11179443806182185,
  "62": 0.054976516924257424,
  "63": -0.001319007556386415
}