{
  "0": 0.0,
  "1": -0.2975790400668326,
  "2": 0.29714845553237634,
  "3": -0.26092228347791163,
  "4": 0.4410150320587087,
  "5": 0.0,
  "6": 0.3046774484743875,
  "7": -0.30551914183668305,
  "8": -0.13549781906245728,
  "9": 0.1005577833722711,
  "10": 0.10962778247011712,
  "11": 0.11864455143334722,
  "12": -0.19332668096691083,
  "13": 0.20162208842622875,
  "14": -0.2580646624614533,
  "15": -0.09088269220141994,
  "16": 0.0,
  "17": 0.0,
  "18": 0.0,
  "19": 0.0,
  "20": 0.0,
  "21": 0.0,
  "22": 0.0,
  "23": 0.0,
  "24": 0.0,
  "25": 0.0,
  "26": 0.0,
  "27": 0.0,
  "28": 0.0,
  "29": 0.0,
  "30": 0.0,
  "31": 0.0,
  "32": 0.0,
  "33": 0.11745676775756671,
  "34": 0.021274689176473495,
  "35": 0.0,
  "36": -0.13830288121067463,
  "37": -0.08914619518280557,
  "38": 0.0,
  "39": -0.04540523596016275,
  "40": -0.02880922153780684,
  "41": 0.0625229263072633,
  "42": -0.033045289057712875,
  "43": -0.08512532325693364,
  "44": -0.12000947333833459,
  "45": 0.0999994777548939,
  "46": 0.13628958631465427,
  "47": 0.12164973720698206,
  "48": 0.0,
  "49": 0.0,
  "50": 0.0,
  "51": 0.0,
  "52": 0.0,
  "53": 0.0,
  "54": 0.0,
  "55": 0.0,
  "56": 0.0,
  "57": 0.0,
  "58": 0.0,
  "59": 0.0,
  "60": 0.0,
  "61": 0.0,
  "62": 0.0,
  "63": 0.0
}