{
  "0": 0.0,
  "1": 0.0,
  "2": 0.23206348007843403,
  "3": -0.27612214131887497,
  "4": 0.0,
  "5": 0.3955027311561069,
  "6": 0.33021665782713644,
  "7": 0.0,
  "8": -0.26079428350604933,
  "9": 0.0,
  "10": 0.0,
  "11": 0.0,
  "12": -0.316543700872185,
  "13": 0.0,
  "14": -0.1557407508675886,
  "15": -0.13337570115118233,
  "16": -0.10330255665234077,
  "17": -0.2115273685920911,
  "18": -0.09463866677762062,
  "19": 0.015083633547754119,
  "20": 0.0,
  "21": 0.11787628020617111,
  "22": -0.04469017506683125,
  "23": 0.2091413580540978,
  "24": 0.14056810845497078,
  "25": -0.10999739511360279,
  "26": 0.1135268194100517,
  "27": 0.0,
  "28": 0.14405047504975949,
  "29": 0.0,
  "30": -0.10594357289979453,
  "31": -0.07121259706938762,
  "32": 0.0,
  "33": 0.03725801027140572,
  "34": 0.0,
  "35": -0.01589998021628111,
  "36": -0.18445103561744766,
  "37": -0.04783734176993126,
  "38": -0.02549402740540253,
  "39": -0.19813101858824148,
  "40": 0.0,
  "41": 0.06881986148360844,
  "42": 0.08496059411355045,
  "43": 0.13411845280742557,
  "44": 0.0,
  "45": 0.09298992037672985,
  "46": 0.09756175607837192,
  "47": 0.0,
  "48": 0.05485551388376351,
  "49": 0.0,
  "50": 0.009690822096993576,
  "51": 0.0287514233475751,
  "52": -0.009459307055944903,
  "53": -0.10667658804206386,
  "54": -0.07353096813011223,
  "55": -0.03014238681806782,
  "56": 0.0,
  "57": 0.004634547231634663,
  "58": 0.0,
  "59": 0.00740220187444691,
  "60": -0.016540522691758455,
  "61": 0.0,
  "62": 0.0,
  "63": 0.0
}