epoch,beta,coefficient,loss,expected_cut,best_measured_cut,success_probability_ancilla_1,max_postselected_probability,grad
0,-0.4655053361761867,-0.45507076267681756,-3.499999999999857,3.499999999999857,1.0,0.24527531264120786,0.04301086600194502,9.942582712816422e-14
1,-0.46550534067161764,-0.45507076649542433,-3.4999999999998574,3.4999999999998574,1.0,0.24527531341854922,0.0430108660080345,1.0155429993934899e-13
2,-0.4655053461803369,-0.4550707711747604,-3.499999999999859,3.499999999999859,1.0,0.2452753143711064,0.04301086601549656,1.0076092914176803e-13
3,-0.4655053525314843,-0.45507077656969,-3.499999999999859,3.499999999999859,1.0,0.24527531546933462,0.04301086602409975,1.0018005246824123e-13
4,-0.4655053596372711,-0.4550707826056417,-3.499999999999859,3.499999999999859,1.0,0.24527531669805372,0.04301086603372518,1.0088794666754204e-13
