epoch,beta,coefficient,loss,expected_cut,best_measured_cut,success_probability_ancilla_1,max_postselected_probability,grad
0,-0.5087570236637227,-0.49111069312955025,-3.771239452725051,3.771239452725051,1.0,0.4905322753153285,0.031215428772188587,-0.03051132038255951
1,-0.4987886765438851,-0.48292979220846294,-3.7715056816557495,3.7715056816557495,1.0,0.49000114818058793,0.031202789186297954,-0.027998608252316596
2,-0.4888797417826312,-0.47472276252976103,-3.771744198804553,3.771744198804553,1.0,0.48946937537463936,0.031188409657746056,-0.025400714338117792
3,-0.47906450366401115,-0.46652031987502274,-3.7719538791902423,3.7719538791902423,1.0,0.48893900710638777,0.031172333375193557,-0.022725698716676634
4,-0.46938489477934925,-0.4583606587435451,-3.772133878697356,3.772133878697356,1.0,0.4884125586832602,0.03115464622563089,-0.01998460246080438
5,-0.4598917582087521,-0.4502907448736158,-3.772283744284134,3.772283744284134,1.0,0.4878930860461195,0.031135487677823138,-0.017192089234636186
6,-0.45064599135925815,-0.4423675214213904,-3.772403543227205,3.772403543227205,1.0,0.48738425433119736,0.031115062447542082,-0.01436713497959583
7,-0.4417193018691136,-0.43465877368208716,-3.772494004283819,3.772494004283819,1.0,0.48689038355077435,0.031093651637700098,-0.01153370301060314
8,-0.43319417352844874,-0.4272432655261816,-3.7725566548504834,3.7725566548504834,1.0,0.4864164476517404,0.031071621079331663,-0.008721288574235628
