epoch,beta,coefficient,loss,expected_cut,best_measured_cut,success_probability_ancilla_1,max_postselected_probability,grad
0,0.5781053322714998,0.5458904513182464,-3.4999999999998233,3.4999999999998233,3.0,0.1976659235924887,0.031249537459614667,-2.1011929879474705e-13
1,0.5781053416528812,0.5458904584727877,-3.4999999999998224,3.4999999999998224,3.0,0.19766592578955688,0.031249537457909735,-2.095634080294796e-13
2,0.5781053531345006,0.5458904672290374,-3.4999999999998233,3.4999999999998233,3.0,0.19766592847848943,0.031249537455823154,-2.0956413481528186e-13
3,0.5781053664004029,0.5458904773460383,-3.4999999999998233,3.4999999999998233,3.0,0.1976659315852912,0.031249537453412277,-2.1034942645415207e-13
4,0.5781053811916536,0.5458904886263184,-3.4999999999998215,3.4999999999998215,3.0,0.1976659350493214,0.03124953745072417,-2.0777837890702258e-13
