epoch,beta,coefficient,loss,expected_cut,best_measured_cut,success_probability_ancilla_1,max_postselected_probability,grad
0,0.33401193182894684,0.2529932859207155,-5.998569302176701,5.998569302176701,3.0,0.029189477875987992,0.00780132267326886,0.1393824221131473
1,0.3241735958919246,0.2460462529163748,-5.999433973975517,5.999433973975517,3.0,0.02835525293784969,0.007808077921697474,0.1059901849526825
2,0.31475381217810894,0.23935450286570106,-5.999902414317292,5.999902414317292,3.0,0.027573205637649173,0.007811737611868017,0.06908846800467756
3,0.3062259408610325,0.23326310744402667,-5.99999019863548,5.99999019863548,3.0,0.02687971252349157,0.0078124234268541985,0.029679515504942813
4,0.2993050230856402,0.22829677722971894,-5.999804423573396,5.999804423573396,3.0,0.02632729564000052,0.007810972059181996,-0.00969878595605896
5,0.2946819910746058,0.22496819385695252,-5.999542641844154,5.999542641844154,3.0,0.025963587571819415,0.00780892688942247,-0.044409596797325264
