epoch,beta,coefficient,loss,expected_cut,best_measured_cut,success_probability_ancilla_1,max_postselected_probability,grad
0,-0.3082544524450182,-0.23471488662006307,-5.499999999995989,5.499999999995989,0.0,0.013709655772666059,0.0039062499999971516,2.433443087984452e-11
1,-0.3082555404755419,-0.23471566483802064,-5.499999999995987,5.499999999995987,0.0,0.013709746266215038,0.00390624999999715,2.4340898129682263e-11
2,-0.3082568732119516,-0.23471661808210154,-5.499999999995987,5.499999999995987,0.0,0.013709857112734812,0.00390624999999715,2.4364684844332144e-11
3,-0.3082584114416442,-0.23471771830498178,-5.499999999995987,5.499999999995987,0.0,0.013709985051007227,0.0039062499999971507,2.4333293716144255e-11
4,-0.30826013088370424,-0.23471894813929273,-5.499999999995985,5.499999999995985,0.0,0.01371012806170671,0.003906249999997149,2.4349914758846748e-11
