{
  "config": {
    "N_VERTICES": 4,
    "PROB_ARESTA": 0.7,
    "COM_PESO": false,
    "PESO_MIN": 1,
    "PESO_MAX": 1,
    "GRAPH_SEED": 104476,
    "GRAPH_EDGES": [
      [
        0,
        1,
        1.0
      ],
      [
        0,
        2,
        1.0
      ],
      [
        0,
        3,
        1.0
      ],
      [
        1,
        2,
        1.0
      ],
      [
        1,
        3,
        1.0
      ]
    ],
    "REVERSE_BITS": false,
    "ER": 1.0,
    "MAX_TERMS": null,
    "A_MAX": 0.7853981633974483,
    "INIT_BETA": 0.35,
    "MAX_EPOCHS": 200,
    "LR": 0.01,
    "FD_EPS": 0.01,
    "LOSS_TOL_LAST5": 0.001,
    "PATIENCE_LAST5": 5,
    "TRAIN_SEED": 1,
    "INIT_BETA_JITTER": 0.05,
    "OPTIMIZER": "adam",
    "ADAM_BETA1": 0.9,
    "ADAM_BETA2": 0.999,
    "ADAM_EPS": 1e-08,
    "COEF_ZERO_TOL": 0.001,
    "IMPROVEMENT_TOL": 0.001,
    "SATURATION_PATIENCE": 100,
    "INDEX_STRATEGY": "ascending",
    "INDEX_RANDOM_SEED": 42,
    "ENABLE_BACKWARD_PRUNING": false,
    "BACKWARD_PASSES": 1,
    "PRUNE_IMPROVEMENT_TOL": 1e-06,
    "OUTDIR": "benchmark_results_walsh_article/unweighted/baseline/n4/graph03_trainseed01",
    "SHOW_PLOTS": false,
    "name": "baseline"
  },
  "n_qubits_register": 4,
  "graph_edges": [
    [
      0,
      1,
      1.0
    ],
    [
      0,
      2,
      1.0
    ],
    [
      0,
      3,
      1.0
    ],
    [
      1,
      2,
      1.0
    ],
    [
      1,
      3,
      1.0
    ]
  ],
  "graph_signature": "37c67a7d685a1ea528dadea71897f720cb7ad726475a7878001b269ff86755a3",
  "graph_num_edges": 5,
  "graph_density": 0.8333333333333334,
  "best_cut_bruteforce": 4.0,
  "best_bitstring_bruteforce": "0011",
  "best_index_bruteforce": 3,
  "candidate_order": [
    1,
    2,
    3,
    4,
    5,
    6,
    7,
    8,
    9,
    10,
    11,
    12,
    13,
    14,
    15
  ],
  "total_possible_parameters": 15,
  "visited_parameters": 15,
  "trained_coefficients": {
    "0": 0.0,
    "1": -0.27705983959270397,
    "2": 0.2774272032290685,
    "3": 0.0,
    "4": -0.0020113735624504776,
    "5": 0.0,
    "6": 0.0017252877370757854,
    "7": 0.0,
    "8": 0.0,
    "9": -0.0012422638792565178,
    "10": 0.0,
    "11": 0.0,
    "12": 0.0,
    "13": 0.003423197866118784,
    "14": 0.0,
    "15": -0.001487810887288172
  },
  "final_coefficient_vector": [
    0.0,
    -0.27705983959270397,
    0.2774272032290685,
    0.0,
    -0.0020113735624504776,
    0.0,
    0.0017252877370757854,
    0.0,
    0.0,
    -0.0012422638792565178,
    0.0,
    0.0,
    0.0,
    0.003423197866118784,
    0.0,
    -0.001487810887288172
  ],
  "active_indices": [
    1,
    2,
    4,
    6,
    9,
    13,
    15
  ],
  "active_parameter_count": 7,
  "compression_ratio_active_over_total": 0.4666666666666667,
  "final_loss": -2.9999801586345343,
  "final_expected_cut": 2.9999801586345343,
  "best_expected_cut_over_evolution": 2.9999995496344374,
  "final_best_measured_index": 5,
  "final_best_measured_bitstring": "0101",
  "final_best_measured_cut": 3.0,
  "best_measured_cut_over_evolution": 3.0,
  "final_success_probability_ancilla_1": 0.03746256433307919,
  "final_max_postselected_probability": 0.12825440799538373,
  "gap_expected_to_bruteforce": 1.0000198413654657,
  "gap_measured_to_bruteforce": 1.0,
  "approx_ratio_measured": 0.75,
  "n_steps": 15,
  "elapsed_seconds": 20.86334729194641,
  "steps": [
    {
      "visit_idx": 1,
      "j": 1,
      "kept": true,
      "beta": -0.3685965778869252,
      "coefficient": -0.27705983959270397,
      "loss": -2.5,
      "expected_cut": 2.5,
      "best_measured_cut": 0.0,
      "success_probability_ancilla_1": 0.019068093431645297,
      "epochs_run": 5,
      "stop_reason": "loss_plateau_last5",
      "history_path": "benchmark_results_walsh_article/unweighted/baseline/n4/graph03_trainseed01/histories/history_visit001_j001.json",
      "improvement_vs_previous": 2.5
    },
    {
      "visit_idx": 2,
      "j": 2,
      "kept": true,
      "beta": 0.36913090020604733,
      "coefficient": 0.2774272032290685,
      "loss": -2.9999995496344374,
      "expected_cut": 2.9999995496344374,
      "best_measured_cut": 3.0,
      "success_probability_ancilla_1": 0.03745735992168409,
      "epochs_run": 5,
      "stop_reason": "loss_plateau_last5",
      "history_path": "benchmark_results_walsh_article/unweighted/baseline/n4/graph03_trainseed01/histories/history_visit002_j002.json",
      "improvement_vs_previous": 0.4999995496344374
    },
    {
      "visit_idx": 3,
      "j": 3,
      "kept": false,
      "beta": -0.0009770665676768382,
      "coefficient": 0.0,
      "loss": -2.9999995496344374,
      "expected_cut": 2.9999995496344374,
      "best_measured_cut": 3.0,
      "success_probability_ancilla_1": 0.03745735992168409,
      "epochs_run": 36,
      "stop_reason": "loss_plateau_last5_and_discarded_near_zero",
      "history_path": "benchmark_results_walsh_article/unweighted/baseline/n4/graph03_trainseed01/histories/history_visit003_j003.json",
      "improvement_vs_previous": 0.0
    },
    {
      "visit_idx": 4,
      "j": 4,
      "kept": true,
      "beta": -0.0025609659576703234,
      "coefficient": -0.0020113735624504776,
      "loss": -2.9999909807427567,
      "expected_cut": 2.9999909807427567,
      "best_measured_cut": 3.0,
      "success_probability_ancilla_1": 0.037458295558080806,
      "epochs_run": 35,
      "stop_reason": "loss_plateau_last5",
      "history_path": "benchmark_results_walsh_article/unweighted/baseline/n4/graph03_trainseed01/histories/history_visit004_j004.json",
      "improvement_vs_previous": -8.568891680660329e-06
    },
    {
      "visit_idx": 5,
      "j": 5,
      "kept": false,
      "beta": -0.001141052073584608,
      "coefficient": 0.0,
      "loss": -2.9999909807427567,
      "expected_cut": 2.9999909807427567,
      "best_measured_cut": 3.0,
      "success_probability_ancilla_1": 0.037458295558080806,
      "epochs_run": 40,
      "stop_reason": "loss_plateau_last5_and_discarded_near_zero",
      "history_path": "benchmark_results_walsh_article/unweighted/baseline/n4/graph03_trainseed01/histories/history_visit005_j005.json",
      "improvement_vs_previous": 0.0
    },
    {
      "visit_idx": 6,
      "j": 6,
      "kept": true,
      "beta": 0.0021967081063091086,
      "coefficient": 0.0017252877370757854,
      "loss": -2.999981048000899,
      "expected_cut": 2.999981048000899,
      "best_measured_cut": 3.0,
      "success_probability_ancilla_1": 0.03745898396283977,
      "epochs_run": 40,
      "stop_reason": "loss_plateau_last5",
      "history_path": "benchmark_results_walsh_article/unweighted/baseline/n4/graph03_trainseed01/histories/history_visit006_j006.json",
      "improvement_vs_previous": -9.93274185789872e-06
    },
    {
      "visit_idx": 7,
      "j": 7,
      "kept": false,
      "beta": 0.0003637284041706967,
      "coefficient": 0.0,
      "loss": -2.999981048000899,
      "expected_cut": 2.999981048000899,
      "best_measured_cut": 3.0,
      "success_probability_ancilla_1": 0.03745898396283977,
      "epochs_run": 37,
      "stop_reason": "loss_plateau_last5_and_discarded_near_zero",
      "history_path": "benchmark_results_walsh_article/unweighted/baseline/n4/graph03_trainseed01/histories/history_visit007_j007.json",
      "improvement_vs_previous": 0.0
    },
    {
      "visit_idx": 8,
      "j": 8,
      "kept": false,
      "beta": -0.0010571395011548593,
      "coefficient": 0.0,
      "loss": -2.999981048000899,
      "expected_cut": 2.999981048000899,
      "best_measured_cut": 3.0,
      "success_probability_ancilla_1": 0.03745898396283977,
      "epochs_run": 43,
      "stop_reason": "loss_plateau_last5_and_discarded_near_zero",
      "history_path": "benchmark_results_walsh_article/unweighted/baseline/n4/graph03_trainseed01/histories/history_visit008_j008.json",
      "improvement_vs_previous": 0.0
    },
    {
      "visit_idx": 9,
      "j": 9,
      "kept": true,