epoch,beta,coefficient,loss,expected_cut,best_measured_cut,success_probability_ancilla_1,max_postselected_probability,grad
0,-0.2249552108102396,-0.13900659762975234,-2.9999999999889493,2.9999999999889493,0.0,0.0027148132568722764,0.015624999999942445,9.492910712122865e-11
1,-0.22495945331966855,-0.1390091328037287,-2.99999999998895,2.99999999998895,0.0,0.002714912192483735,0.015624999999942449,9.492965201684858e-11
2,-0.2249646472156887,-0.13901223648629135,-2.999999999988952,2.999999999988952,0.0,0.002715033316690765,0.01562499999994246,9.491442354395429e-11
3,-0.2249706422608045,-0.13901581889742456,-2.999999999988951,2.999999999988951,0.0,0.0027151731270922404,0.015624999999942452,9.490373787338441e-11
4,-0.22497734252367133,-0.1390198227086395,-2.999999999988951,2.999999999988951,0.0,0.00271532938768073,0.015624999999942452,9.490331450958188e-11
5,-0.22498467961433322,-0.13902420704925753,-2.999999999988952,2.999999999988952,0.0,0.0027155005046995894,0.01562499999994246,9.489151791516412e-11
6,-0.22499260173474148,-0.13902894096336826,-2.999999999988954,2.999999999988954,0.0,0.002715685271306364,0.015624999999942473,9.488456834463286e-11
