epoch,beta,coefficient,loss,expected_cut,best_measured_cut,success_probability_ancilla_1,max_postselected_probability,grad
0,-0.26553328961489053,-0.1630258385258792,-3.7634094882250637,3.7634094882250637,6.0,0.05425603998147803,0.25642112764709507,0.04638425695582901
1,-0.2752849599860808,-0.1687259020435591,-3.7636587167181643,3.7636587167181643,6.0,0.0544030723880716,0.2561106577673459,0.0323019433930768
2,-0.2844584810720759,-0.1740608611789525,-3.763774831991865,3.763774831991865,6.0,0.05454806502355206,0.2557851312616057,0.018862725849699703
3,-0.29255928334847403,-0.17874950449450824,-3.763784048697824,3.763784048697824,6.0,0.054681380221062115,0.2554714708290417,0.006498598936119665
4,-0.29900895656421467,-0.182467100748282,-3.7637300626608865,3.7637300626608865,6.0,0.054790999153919384,0.2552046363361178,-0.004185850415045662
5,-0.3033819977212017,-0.18497983149835712,-3.7636630526963817,3.7636630526963817,6.0,0.05486705112018187,0.25501527959237386,-0.012530576181607484
6,-0.30560810821331846,-0.18625646764926318,-3.763619616757836,3.763619616757836,6.0,0.05490629629111263,0.25491630955045563,-0.018104898331595072
