epoch,beta,coefficient,loss,expected_cut,best_measured_cut,success_probability_ancilla_1,max_postselected_probability,grad
0,-0.2626860201092699,-0.16135605473298803,-4.2362710496055,4.2362710496055,6.0,0.05130566166510624,0.30404029387291276,-0.1226481130884164
1,-0.2527885187746664,-0.15553278514453517,-4.237151126424771,4.237151126424771,6.0,0.05127136691594197,0.3042964744786144,-0.1002175187877129
2,-0.24310732589838974,-0.14980910323716806,-4.237792788234378,4.237792788234378,6.0,0.05124599966798052,0.30449621329652954,-0.07754518690340395
3,-0.2338063537364301,-0.14428525890380697,-4.238201454301926,4.238201454301926,6.0,0.051229359583299716,0.3046398706848819,-0.05494641431777437
4,-0.2251096807279023,-0.13909890033500613,-4.238396513181649,4.238396513181649,6.0,0.05122074708605564,0.30473074227137714,-0.03287300836231078
5,-0.2172971896357543,-0.13442275354941996,-4.2384156114740215,4.2384156114740215,6.0,0.051218802881984646,0.30477608416748975,-0.011940252417341372
6,-0.21067052390320978,-0.1304440870444006,-4.238314783865439,4.238314783865439,6.0,0.05122149499344098,0.3047873267650009,0.007083989367215315
7,-0.20548644262945723,-0.12732389400671817,-4.238160427817877,4.238160427817877,6.0,0.051226401956818914,0.3047785597667383,0.02336833235699019
