epoch,beta,coefficient,loss,expected_cut,best_measured_cut,success_probability_ancilla_1,max_postselected_probability,grad
0,0.22081129034888314,0.13652807653736074,-4.311891225863848,4.311891225863848,6.0,0.05497948410500961,0.2837736156350637,0.20502285437337361
1,0.2108557533160892,0.13055544958662707,-4.313607100371321,4.313607100371321,6.0,0.054790819345188174,0.28479858936160973,0.18339479532259118
2,0.2009857792496587,0.12460970925707728,-4.315087051523743,4.315087051523743,6.0,0.05461187704716455,0.2857767005902063,0.16120537005114094
3,0.19125366247570896,0.11872417503236674,-4.316324832454718,4.316324832454718,6.0,0.054443469331886506,0.2867024954185639,0.13858277387857654
4,0.18172512058468845,0.11294073696118995,-4.317318314434697,4.317318314434697,6.0,0.054286439903225375,0.2875702947532842,0.11569334134999813
5,0.1724813191258533,0.10731115165994883,-4.3180709230133205,4.3180709230133205,6.0,0.054141642039263235,0.28837433527813633,0.09274844122081592
6,0.16362003590552912,0.10189779982229111,-4.318593176198318,4.318593176198318,6.0,0.05400990203334301,0.28910899880556956,0.07001055745976462
7,0.15525498546641392,0.09677328629911432,-4.318904050701715,4.318904050701715,6.0,0.053891964843693116,0.2897691486170417,0.04779659949379526
8,0.1475121134090562,0.09201812782946214,-4.3190317143009676,4.3190317143009676,6.0,0.053788422472655265,0.2903505686247769,0.02647548751861734
9,0.14052190638782813,0.08771591832808175,-4.319013032799666,4.319013032799666,6.0,0.05369963311438103,0.2908504562846033,0.006456456767934999
10,0.13440776956011052,0.08394599271935822,-4.318891353751036,4.318891353751036,6.0,0.05362564884508247,0.2912678625458631,-0.011834732281193921
