epoch,beta,coefficient,loss,expected_cut,best_measured_cut,success_probability_ancilla_1,max_postselected_probability,grad
0,0.4146000103665758,0.41089047783206195,-2.4971048504548716,2.4971048504548716,2.0,0.2586936913129326,0.20371296578815182,0.0038513214479080466
1,0.40459264305581316,0.4019895388622921,-2.4971455843141057,2.4971455843141057,2.0,0.2571941216307879,0.2039124295399528,0.003996645185993716
2,0.39457212157164795,0.3930081169484856,-2.497187866143363,2.497187866143363,2.0,0.2557114592362757,0.20408134938775038,0.004144523728519121
3,0.38453354609067797,0.38394252572860743,-2.497231745921606,2.497231745921606,2.0,0.2542461267759451,0.20421824078219547,0.004294894347213642
4,0.37447216656404225,0.3747891366651927,-2.49727727447385,2.49727727447385,2.0,0.25279862138498765,0.20432153201734493,0.004447681484929505
