epoch,beta,coefficient,loss,expected_cut,best_measured_cut,success_probability_ancilla_1,max_postselected_probability,grad
0,0.5368665412990129,0.5137680964213232,-2.4999999999998597,2.4999999999998597,2.0,0.17768748039892535,0.1249955752731505,-1.8990320501459812e-13
1,0.5368665497984196,0.5137681031795122,-2.4999999999998592,2.4999999999998592,2.0,0.17768748243554663,0.12499557526266232,-1.9027750379204667e-13
2,0.5368665601863938,0.5137681114393701,-2.4999999999998606,2.4999999999998606,2.0,0.17768748492470499,0.1249955752498438,-1.891583534846556e-13
3,0.5368665721583272,0.5137681209586918,-2.4999999999998597,2.4999999999998597,2.0,0.17768748779341056,0.12499557523507054,-1.8866074619951116e-13
4,0.5368665855535355,0.5137681316097112,-2.4999999999998592,2.4999999999998592,2.0,0.17768749100316017,0.12499557521854103,-1.9021931480737685e-13
