epoch,beta,coefficient,loss,expected_cut,best_measured_cut,success_probability_ancilla_1,max_postselected_probability,grad
0,0.4081203663133177,0.30385133829909095,-2.4998879262728275,2.4998879262728275,1.0,0.04387319756024174,0.1249859907841462,-0.0016906364318679567
1,0.40117612182580464,0.2992012377574117,-2.4999923919247182,2.4999923919247182,1.0,0.043213057086687545,0.12499904899063323,0.023623732193960377
2,0.3943491094120442,0.2946055914979485,-2.499974031459825,2.499974031459825,1.0,0.04257035149439252,0.12499675393252216,0.006282849334779824
3,0.39184599411996723,0.29291467845859076,-2.4999357519616074,2.4999357519616074,1.0,0.04233630619050308,0.12499196899524528,-0.011843729248934632
4,0.3932042910813621,0.29383263280256994,-2.4999586738130546,2.4999586738130546,1.0,0.04246320120197465,0.12499483422667593,-0.01876695461542196
