{
  "0": 0.0,
  "1": -0.508093372664325,
  "2": 0.5137681562581748,
  "3": -0.42908079335522437,
  "4": 0.37478913670785713,
  "5": 0.6633076023850161,
  "6": 0.3957529306526394,
  "7": -0.2821131937740211,
  "8": 0.17127792277826892,
  "9": -0.6492188184519296,
  "10": 0.3278949582856643,
  "11": -0.24030291669924458,
  "12": 0.059967133795063354,
  "13": -0.1230980862991482,
  "14": 0.12063182798616685,
  "15": -0.23861343617735703,
  "16": 0.07442412185495575,
  "17": -0.24320711363781305,
  "18": 0.052635098865210554,
  "19": -0.07917663018300058,
  "20": 0.06994922124385393,
  "21": -0.014156533612574192,
  "22": 0.0014667108504973568,
  "23": -0.10158921061030833,
  "24": 0.42897696978746247,
  "25": 0.02445606571423995,
  "26": -0.004068673341611629,
  "27": -0.007604633885527705,
  "28": 0.05698413699607828,
  "29": -0.27358350160820266,
  "30": -0.010705232819331561,
  "31": -0.006222589727061774,
  "32": -0.003118812530650795,
  "33": -0.03885380671804021,
  "34": -0.04759035466098016,
  "35": -0.023028591326568336,
  "36": -0.004316164952209732,
  "37": 0.013289093962884886,
  "38": -0.022681383575520908,
  "39": -0.12158959853648427,
  "40": 0.11566010302534277,
  "41": -0.000583676088659144,
  "42": 0.032553191293011395,
  "43": 0.22184966434192127,
  "44": -0.0269962373268379,
  "45": -0.14090796780378664,
  "46": -0.01721420165703583,
  "47": 0.03094086069902422,
  "48": 0.045524660121673895,
  "49": -0.05857387808829467,
  "50": 0.07117534810738142,
  "51": 0.11179933794560126,
  "52": 0.0383186638431915,
  "53": -0.09146863614140155,
  "54": -0.12868349700418322,
  "55": -0.08562354023334781,
  "56": 0.028126856683209436,
  "57": 0.11385006170840584,
  "58": -0.005206609273202024,
  "59": -0.04227954501326252,
  "60": 0.018302076626163056,
  "61": 0.0023238322955591033,
  "62": -0.005902042403725583,
  "63": -0.03544349620888439
}