epoch,beta,coefficient,loss,expected_cut,best_measured_cut,success_probability_ancilla_1,max_postselected_probability,grad
0,-0.5451048490672592,-0.5202921594313157,-5.99999999999941,5.99999999999941,0.0,0.10206863408913038,0.015624999999998467,1.7141478871857632e-12
1,-0.5451049258579894,-0.5202922199957276,-5.99999999999941,5.99999999999941,0.0,0.10206865700810906,0.015624999999998463,1.7205844455455351e-12
2,-0.5451050199743105,-0.520292294224728,-5.999999999999412,5.999999999999412,0.0,0.1020686850980883,0.01562499999999847,1.722037443426056e-12
3,-0.5451051287609664,-0.5202923800241285,-5.99999999999941,5.99999999999941,0.0,0.10206871756658017,0.015624999999998467,1.7266960411485833e-12
4,-0.5451052504115768,-0.5202924759692438,-5.999999999999412,5.999999999999412,0.0,0.10206875387445208,0.01562499999999847,1.724506946141309e-12
