epoch,beta,coefficient,loss,expected_cut,best_measured_cut,success_probability_ancilla_1,max_postselected_probability,grad
0,0.4421396268348943,0.435023041216636,-6.2697005077477375,6.2697005077477375,4.0,0.43958366649991076,0.03310709546608815,0.0065742780193130705
1,0.4329202152321634,0.42700410396275185,-6.269713517451413,6.269713517451413,4.0,0.43880253226006694,0.033075048102169706,0.003068534637416476
2,0.4260289705810156,0.42097061816548054,-6.269702952540892,6.269702952540892,4.0,0.4382188525525921,0.033049541427452006,-0.0002619960993619164
3,0.4228683949675687,0.41819221154173497,-6.2696921883325025,6.2696921883325025,4.0,0.4379512490659323,0.033037392236216906,-0.0028129400691571465
4,0.42298942910470194,0.41829874002727435,-6.269692669758617,6.269692669758617,4.0,0.43796149562796766,0.033037862750443396,-0.004000446590790439
