epoch,beta,coefficient,loss,expected_cut,best_measured_cut,success_probability_ancilla_1,max_postselected_probability,grad
0,0.44451535117656454,0.4370795297761371,-6.010869547253876,6.010869547253876,4.0,0.27457243767147876,0.05010153648435953,-0.01394913193034152
1,0.45450418944822,0.44568142092123253,-6.011001532672766,6.011001532672766,4.0,0.27605938571440947,0.05002789474980697,-0.01345596262755064
2,0.4644744747892543,0.4541947138496876,-6.011128498333994,6.011128498333994,4.0,0.2775565106444282,0.04994874036762363,-0.012972109440572756
3,0.474418477800489,0.46261254592171375,-6.01125046961174,6.01125046961174,4.0,0.27906161675807845,0.04986446796891862,-0.012498241525589695
4,0.48432838287371327,0.47092826105734426,-6.011367486535879,6.011367486535879,4.0,0.280572483501453,0.04977547948867615,-0.012034960413759753
