epoch,beta,coefficient,loss,expected_cut,best_measured_cut,success_probability_ancilla_1,max_postselected_probability,grad
0,-0.43140843590918687,-0.4256833822446417,-6.300281355608889,6.300281355608889,4.0,0.4707931061309229,0.031660077168347615,-0.03696677523689727
1,-0.4214446872668252,-0.41693835919816274,-6.300598962826778,6.300598962826778,4.0,0.47001859524792344,0.031635176669364024,-0.033601270767344586
2,-0.41154960147303593,-0.40818465907636564,-6.300879602663373,6.300879602663373,4.0,0.46924690376426254,0.03160812783847382,-0.03013198920202343
3,-0.40176369304562526,-0.3994608721940909,-6.301121950402276,6.301121950402276,4.0,0.46848151239152563,0.03157905106014209,-0.02657206703226563
4,-0.39213709663440455,-0.3908153168590029,-6.301325141187032,6.301325141187032,4.0,0.46772668214850677,0.03154814052854162,-0.02293931676978726
5,-0.3827311710991813,-0.3823077211617495,-6.3014889472503395,6.3014889472503395,4.0,0.46698757592174106,0.031515682214599015,-0.019257250809090583
6,-0.3736198285485999,-0.37401066231509283,-6.301613982438202,6.301613982438202,4.0,0.4662703556199718,0.031482072087856354,-0.015556153461642672
7,-0.3648901204770614,-0.3660103015023057,-6.301701916127264,6.301701916127264,4.0,0.46558221762222063,0.03144783132579193,-0.01187405660541252
8,-0.3566414149112668,-0.3584057473961666,-6.301755660036033,6.301755660036033,4.0,0.4649313140808995,0.03141361322196577,-0.00825736323088762
