{
  "0": 0.0,
  "1": -0.14171151280725267,
  "2": 0.1443597287795136,
  "3": -0.14033247604144233,
  "4": -0.2170129118726143,
  "5": 0.1560834115199843,
  "6": 0.0021104584639988185,
  "7": 0.13395827844090683,
  "8": 0.07259153038859605,
  "9": -0.01528272984560001,
  "10": -0.0027351853845308956,
  "11": 0.006391519060500844,
  "12": 0.0,
  "13": 0.00263070192977325,
  "14": 0.0,
  "15": 0.0,
  "16": -0.06169453656023782,
  "17": 0.1196725454055149,
  "18": 0.11223856951032057,
  "19": -0.006289339073334434,
  "20": -0.15963655361074036,
  "21": 0.05187545534305781,
  "22": 0.08508302667210385,
  "23": -0.14878772264071485,
  "24": 0.035107844935204774,
  "25": 0.010286582246696981,
  "26": -0.10722303851765012,
  "27": 0.07842088820338562,
  "28": 0.13084042397135837,
  "29": -0.08603305383415535,
  "30": 0.014494005996319573,
  "31": -0.09454411076021829,
  "32": 0.08185122588225205,
  "33": -0.04914895409006111,
  "34": 0.005709953604013355,
  "35": -0.05070322826251962,
  "36": 0.007744553720286796,
  "37": 0.07755813397252688,
  "38": -0.08307978869941066,
  "39": 0.06497825100804425,
  "40": -0.015358588779162886,
  "41": 0.012887990608545471,
  "42": -0.03868246941033558,
  "43": 0.022384218470661323,
  "44": 0.018660821081852526,
  "45": -0.03555432006702021,
  "46": 0.0,
  "47": -0.037075238048804575,
  "48": -0.015204414868164666,
  "49": 0.03460433527601695,
  "50": -0.017148982563028117,
  "51": 0.0,
  "52": 0.004870916720797558,
  "53": 0.028692732805453657,
  "54": 0.040498646133971465,
  "55": -0.05632788220076645,
  "56": -0.031536435319583916,
  "57": -0.044346237254770896,
  "58": -0.08493018741692449,
  "59": 0.08845303986419001,
  "60": 0.08978611687216559,
  "61": -0.07097457323486896,
  "62": 0.04733874439608138,
  "63": 0.03520960483996875
}