{
  "config": {
    "N_VERTICES": 4,
    "PROB_ARESTA": 0.55,
    "COM_PESO": false,
    "PESO_MIN": 1,
    "PESO_MAX": 1,
    "GRAPH_SEED": 105087,
    "GRAPH_EDGES": [
      [
        0,
        1,
        1.0
      ],
      [
        1,
        2,
        1.0
      ],
      [
        1,
        3,
        1.0
      ]
    ],
    "REVERSE_BITS": false,
    "ER": 1.0,
    "MAX_TERMS": null,
    "A_MAX": 0.7853981633974483,
    "INIT_BETA": 0.35,
    "MAX_EPOCHS": 200,
    "LR": 0.01,
    "FD_EPS": 0.01,
    "LOSS_TOL_LAST5": 0.001,
    "PATIENCE_LAST5": 5,
    "TRAIN_SEED": 0,
    "INIT_BETA_JITTER": 0.05,
    "OPTIMIZER": "adam",
    "ADAM_BETA1": 0.9,
    "ADAM_BETA2": 0.999,
    "ADAM_EPS": 1e-08,
    "COEF_ZERO_TOL": 0.001,
    "IMPROVEMENT_TOL": 0.001,
    "SATURATION_PATIENCE": 100,
    "INDEX_STRATEGY": "ascending",
    "INDEX_RANDOM_SEED": 42,
    "ENABLE_BACKWARD_PRUNING": true,
    "BACKWARD_PASSES": 2,
    "PRUNE_IMPROVEMENT_TOL": 0.0001,
    "OUTDIR": "benchmark_results_walsh_article/unweighted/with_pruning/n4/graph09_trainseed00",
    "SHOW_PLOTS": false,
    "name": "with_pruning"
  },
  "n_qubits_register": 4,
  "graph_edges": [
    [
      0,
      1,
      1.0
    ],
    [
      1,
      2,
      1.0
    ],
    [
      1,
      3,
      1.0
    ]
  ],
  "graph_signature": "e05b7736fa85fadb9e519d205bc71874029e7ff2544024339aba6060afa201c5",
  "graph_num_edges": 3,
  "graph_density": 0.5,
  "best_cut_bruteforce": 3.0,
  "best_bitstring_bruteforce": "0100",
  "best_index_bruteforce": 4,
  "candidate_order": [
    1,
    2,
    3,
    4,
    5,
    6,
    7,
    8,
    9,
    10,
    11,
    12,
    13,
    14,
    15
  ],
  "total_possible_parameters": 15,
  "visited_parameters": 15,
  "trained_coefficients": {
    "0": 0.0,
    "1": -0.2954852202863488,
    "2": 0.2971033336807222,
    "3": 0.0,
    "4": -0.19739714505732406,
    "5": 0.0,
    "6": 0.0,
    "7": 0.23602094174978178,
    "8": -0.11596438481164394,
    "9": 0.0,
    "10": 0.0,
    "11": 0.15417062635673812,
    "12": 0.0,
    "13": -0.14138105814492996,
    "14": 0.15605625931378092,
    "15": 0.0
  },
  "final_coefficient_vector": [
    0.0,
    -0.2954852202863488,
    0.2971033336807222,
    0.0,
    -0.19739714505732406,
    0.0,
    0.0,
    0.23602094174978178,
    -0.11596438481164394,
    0.0,
    0.0,
    0.15417062635673812,
    0.0,
    -0.14138105814492996,
    0.15605625931378092,
    0.0
  ],
  "active_indices": [
    1,
    2,
    4,
    7,
    8,
    11,
    13,
    14
  ],
  "active_parameter_count": 8,
  "compression_ratio_active_over_total": 0.5333333333333333,
  "final_loss": -2.8603414914762997,
  "final_expected_cut": 2.8603414914762997,
  "best_expected_cut_over_evolution": 2.8603308444055675,
  "final_best_measured_index": 11,
  "final_best_measured_bitstring": "1011",
  "final_best_measured_cut": 3.0,
  "best_measured_cut_over_evolution": 3.0,
  "final_success_probability_ancilla_1": 0.07239920147853357,
  "final_max_postselected_probability": 0.44146752091461117,
  "gap_expected_to_bruteforce": 0.13965850852370032,
  "gap_measured_to_bruteforce": 0.0,
  "approx_ratio_measured": 1.0,
  "n_steps": 15,
  "elapsed_seconds": 12.407784700393677,
  "steps": [
    {
      "visit_idx": 1,
      "j": 1,
      "kept": true,
      "beta": -0.3956531127183962,
      "coefficient": -0.2954852202863488,
      "loss": -1.5,
      "expected_cut": 1.5,
      "best_measured_cut": 0.0,
      "success_probability_ancilla_1": 0.02166952159045852,
      "epochs_run": 5,
      "stop_reason": "loss_plateau_last5",
      "history_path": "benchmark_results_walsh_article/unweighted/with_pruning/n4/graph09_trainseed00/histories/history_visit001_j001.json",
      "improvement_vs_previous": 1.5
    },
    {
      "visit_idx": 2,
      "j": 2,
      "kept": true,
      "beta": 0.3980552300899138,
      "coefficient": 0.2971033336807222,
      "loss": -1.9999923218904212,
      "expected_cut": 1.9999923218904212,
      "best_measured_cut": 3.0,
      "success_probability_ancilla_1": 0.04262589571837903,
      "epochs_run": 5,
      "stop_reason": "loss_plateau_last5",
      "history_path": "benchmark_results_walsh_article/unweighted/with_pruning/n4/graph09_trainseed00/histories/history_visit002_j002.json",
      "improvement_vs_previous": 0.4999923218904212
    },
    {
      "visit_idx": 3,
      "j": 3,
      "kept": false,
      "beta": 0.001254941621977839,
      "coefficient": 0.0,
      "loss": -1.9999923218904212,
      "expected_cut": 1.9999923218904212,
      "best_measured_cut": 3.0,
      "success_probability_ancilla_1": 0.04262589571837903,
      "epochs_run": 38,
      "stop_reason": "loss_plateau_last5_and_discarded_near_zero",
      "history_path": "benchmark_results_walsh_article/unweighted/with_pruning/n4/graph09_trainseed00/histories/history_visit003_j003.json",
      "improvement_vs_previous": 0.0
    },
    {
      "visit_idx": 4,
      "j": 4,
      "kept": true,
      "beta": -0.2568360936077503,
      "coefficient": -0.19739714505732406,
      "loss": -2.1723259067102085,
      "expected_cut": 2.1723259067102085,
      "best_measured_cut": 3.0,
      "success_probability_ancilla_1": 0.051507933971199564,
      "epochs_run": 74,
      "stop_reason": "loss_plateau_last5",
      "history_path": "benchmark_results_walsh_article/unweighted/with_pruning/n4/graph09_trainseed00/histories/history_visit004_j004.json",
      "improvement_vs_previous": 0.17233358481978733
    },
    {
      "visit_idx": 5,
      "j": 5,
      "kept": true,
      "beta": 0.0015731063395897195,
      "coefficient": 0.001235513810782483,
      "loss": -2.172320925464187,
      "expected_cut": 2.172320925464187,
      "best_measured_cut": 2.0,
      "success_probability_ancilla_1": 0.0515082762814644,
      "epochs_run": 40,
      "stop_reason": "loss_plateau_last5",
      "history_path": "benchmark_results_walsh_article/unweighted/with_pruning/n4/graph09_trainseed00/histories/history_visit005_j005.json",
      "improvement_vs_previous": -4.981246021440455e-06
    },
    {
      "visit_idx": 6,
      "j": 6,
      "kept": false,
      "beta": -0.0007193387394632319,
      "coefficient": 0.0,
      "loss": -2.172320925464187,
      "expected_cut": 2.172320925464187,
      "best_measured_cut": 2.0,
      "success_probability_ancilla_1": 0.0515082762814644,
      "epochs_run": 43,
      "stop_reason": "loss_plateau_last5_and_discarded_near_zero",
      "history_path": "benchmark_results_walsh_article/unweighted/with_pruning/n4/graph09_trainseed00/histories/history_visit006_j006.json",
      "improvement_vs_previous": 0.0
    },
    {
      "visit_idx": 7,
      "j": 7,
      "kept": true,
      "beta": 0.31008145325785336,
      "coefficient": 0.23602094174978178,
      "loss": -2.4698572771676033,
      "expected_cut": 2.4698572771676033,
      "best_measured_cut": 2.0,
      "success_probability_ancilla_1": 0.06198744573311929,
      "epochs_run": 82,
      "stop_reason": "loss_plateau_last5",
      "history_path": "benchmark_results_walsh_article/unweighted/with_pruning/n4/graph09_trainseed00/histories/history_visit007_j007.json",
      "improvement_vs_previous": 0.2975363517034162
    },
    {
      "visit_idx": 8,
      "j": 8,
      "kept": true,
      "beta": -0.14873765621528234,
      "coefficient": -0.11596438481164394,
      "loss": -2.5329613894016023,
      "expected_cut": 2.5329613894016023,
      "best_measured_cut": 3.0,
      "success_probability_ancilla_1": 0.06492928591165664,
      "epochs_run": 63,
      "stop_reason": "loss_plateau_last5",
      "history_path": "benchmark_results_walsh_article/unweighted/with_pruning/n4/graph09_trainseed00/histories/history_visit008_j008.json",
      "improvement_vs_previous": 0.06310411223399903
    },
    {
      "visit_idx": 9,
      "j": 9,
      "kept": false,
      "beta": 0.0008117363028749937,
      "coefficient": 0.0,
      "loss": -2.5329613894016023,
      "expected_cut": 2.5329613894016023,
      "best_measured_cut": 3.0,