{
  "config": {
    "N_VERTICES": 4,
    "PROB_ARESTA": 0.7,
    "COM_PESO": false,
    "PESO_MIN": 1,
    "PESO_MAX": 1,
    "GRAPH_SEED": 104476,
    "GRAPH_EDGES": [
      [
        0,
        1,
        1.0
      ],
      [
        0,
        2,
        1.0
      ],
      [
        0,
        3,
        1.0
      ],
      [
        1,
        2,
        1.0
      ],
      [
        1,
        3,
        1.0
      ]
    ],
    "REVERSE_BITS": false,
    "ER": 1.25,
    "MAX_TERMS": null,
    "A_MAX": 1.0471975511965976,
    "INIT_BETA": 0.5,
    "MAX_EPOCHS": 200,
    "LR": 0.01,
    "FD_EPS": 0.01,
    "LOSS_TOL_LAST5": 0.0005,
    "PATIENCE_LAST5": 5,
    "TRAIN_SEED": 5,
    "INIT_BETA_JITTER": 0.08,
    "OPTIMIZER": "adam",
    "ADAM_BETA1": 0.9,
    "ADAM_BETA2": 0.999,
    "ADAM_EPS": 1e-08,
    "COEF_ZERO_TOL": 0.0005,
    "IMPROVEMENT_TOL": 0.0005,
    "SATURATION_PATIENCE": 150,
    "INDEX_STRATEGY": "ascending",
    "INDEX_RANDOM_SEED": 42,
    "ENABLE_BACKWARD_PRUNING": false,
    "BACKWARD_PASSES": 1,
    "PRUNE_IMPROVEMENT_TOL": 1e-06,
    "OUTDIR": "benchmark_results_walsh_article/unweighted/aggressive_loader/n4/graph03_trainseed05",
    "SHOW_PLOTS": false,
    "name": "aggressive_loader"
  },
  "n_qubits_register": 4,
  "graph_edges": [
    [
      0,
      1,
      1.0
    ],
    [
      0,
      2,
      1.0
    ],
    [
      0,
      3,
      1.0
    ],
    [
      1,
      2,
      1.0
    ],
    [
      1,
      3,
      1.0
    ]
  ],
  "graph_signature": "37c67a7d685a1ea528dadea71897f720cb7ad726475a7878001b269ff86755a3",
  "graph_num_edges": 5,
  "graph_density": 0.8333333333333334,
  "best_cut_bruteforce": 4.0,
  "best_bitstring_bruteforce": "0011",
  "best_index_bruteforce": 3,
  "candidate_order": [
    1,
    2,
    3,
    4,
    5,
    6,
    7,
    8,
    9,
    10,
    11,
    12,
    13,
    14,
    15
  ],
  "total_possible_parameters": 15,
  "visited_parameters": 15,
  "trained_coefficients": {
    "0": 0.0,
    "1": -0.5202921598609874,
    "2": 0.5204318589264357,
    "3": -0.003779175021710077,
    "4": 0.0029421867845807804,
    "5": -0.0011785097571943208,
    "6": 0.00919070097082744,
    "7": -0.007495440235977723,
    "8": 0.002936219117731481,
    "9": -0.0021431828694114547,
    "10": 0.010588196144558974,
    "11": -0.006727550564092902,
    "12": -0.009851616458286529,
    "13": 0.0025544828136988195,
    "14": 0.010958273969965246,
    "15": -0.01003704226049978
  },
  "final_coefficient_vector": [
    0.0,
    -0.5202921598609874,
    0.5204318589264357,
    -0.003779175021710077,
    0.0029421867845807804,
    -0.0011785097571943208,
    0.00919070097082744,
    -0.007495440235977723,
    0.002936219117731481,
    -0.0021431828694114547,
    0.010588196144558974,
    -0.006727550564092902,
    -0.009851616458286529,
    0.0025544828136988195,
    0.010958273969965246,
    -0.01003704226049978
  ],
  "active_indices": [
    1,
    2,
    3,
    4,
    5,
    6,
    7,
    8,
    9,
    10,
    11,
    12,
    13,
    14,
    15
  ],
  "active_parameter_count": 15,
  "compression_ratio_active_over_total": 1.0,
  "final_loss": -3.000259218908978,
  "final_expected_cut": 3.000259218908978,
  "best_expected_cut_over_evolution": 3.000259218908978,
  "final_best_measured_index": 8,
  "final_best_measured_bitstring": "1000",
  "final_best_measured_cut": 3.0,
  "best_measured_cut_over_evolution": 3.0,
  "final_success_probability_ancilla_1": 0.18351995231924384,
  "final_max_postselected_probability": 0.13638007835272373,
  "gap_expected_to_bruteforce": 0.9997407810910222,
  "gap_measured_to_bruteforce": 1.0,
  "approx_ratio_measured": 0.75,
  "n_steps": 15,
  "elapsed_seconds": 39.51648163795471,
  "steps": [
    {
      "visit_idx": 1,
      "j": 1,
      "kept": true,
      "beta": -0.5451048496120479,
      "coefficient": -0.5202921598609874,
      "loss": -2.5,
      "expected_cut": 2.5,
      "best_measured_cut": 0.0,
      "success_probability_ancilla_1": 0.10206863425172814,
      "epochs_run": 5,
      "stop_reason": "loss_plateau_last5",
      "history_path": "benchmark_results_walsh_article/unweighted/aggressive_loader/n4/graph03_trainseed05/histories/history_visit001_j001.json",
      "improvement_vs_previous": 2.5
    },
    {
      "visit_idx": 2,
      "j": 2,
      "kept": true,
      "beta": 0.5452819922075101,
      "coefficient": 0.5204318589264357,
      "loss": -2.999999979210123,
      "expected_cut": 2.999999979210123,
      "best_measured_cut": 3.0,
      "success_probability_ancilla_1": 0.1833433347097933,
      "epochs_run": 5,
      "stop_reason": "loss_plateau_last5",
      "history_path": "benchmark_results_walsh_article/unweighted/aggressive_loader/n4/graph03_trainseed05/histories/history_visit002_j002.json",
      "improvement_vs_previous": 0.49999997921012307
    },
    {
      "visit_idx": 3,
      "j": 3,
      "kept": true,
      "beta": -0.003608861980140079,
      "coefficient": -0.003779175021710077,
      "loss": -2.9999847649888283,
      "expected_cut": 2.9999847649888283,
      "best_measured_cut": 3.0,
      "success_probability_ancilla_1": 0.1833468679394541,
      "epochs_run": 60,
      "stop_reason": "loss_plateau_last5",
      "history_path": "benchmark_results_walsh_article/unweighted/aggressive_loader/n4/graph03_trainseed05/histories/history_visit003_j003.json",
      "improvement_vs_previous": -1.5214221294801433e-05
    },
    {
      "visit_idx": 4,
      "j": 4,
      "kept": true,
      "beta": 0.0028095888143381204,
      "coefficient": 0.0029421867845807804,
      "loss": -2.9999746683166273,
      "expected_cut": 2.9999746683166273,
      "best_measured_cut": 3.0,
      "success_probability_ancilla_1": 0.18334900941840393,
      "epochs_run": 52,
      "stop_reason": "loss_plateau_last5",
      "history_path": "benchmark_results_walsh_article/unweighted/aggressive_loader/n4/graph03_trainseed05/histories/history_visit004_j004.json",
      "improvement_vs_previous": -1.0096672200976542e-05
    },
    {
      "visit_idx": 5,
      "j": 5,
      "kept": true,
      "beta": -0.0011253943951454988,
      "coefficient": -0.0011785097571943208,
      "loss": -2.9999637002026462,
      "expected_cut": 2.9999637002026462,
      "best_measured_cut": 3.0,
      "success_probability_ancilla_1": 0.18334934683791299,
      "epochs_run": 52,
      "stop_reason": "loss_plateau_last5",
      "history_path": "benchmark_results_walsh_article/unweighted/aggressive_loader/n4/graph03_trainseed05/histories/history_visit005_j005.json",
      "improvement_vs_previous": -1.0968113981046912e-05
    },
    {
      "visit_idx": 6,
      "j": 6,
      "kept": true,
      "beta": 0.008776698290599343,
      "coefficient": 0.00919070097082744,
      "loss": -2.999970797713941,
      "expected_cut": 2.999970797713941,
      "best_measured_cut": 3.0,
      "success_probability_ancilla_1": 0.18336709197510487,
      "epochs_run": 53,
      "stop_reason": "loss_plateau_last5",
      "history_path": "benchmark_results_walsh_article/unweighted/aggressive_loader/n4/graph03_trainseed05/histories/history_visit006_j006.json",
      "improvement_vs_previous": 7.097511294684722e-06
    },
    {
      "visit_idx": 7,
      "j": 7,
      "kept": true,
      "beta": -0.0071577404208259515,
      "coefficient": -0.007495440235977723,
      "loss": -2.9999601678387844,
      "expected_cut": 2.9999601678387844,
      "best_measured_cut": 3.0,
      "success_probability_ancilla_1": 0.18337453406173668,
      "epochs_run": 52,
      "stop_reason": "loss_plateau_last5",
      "history_path": "benchmark_results_walsh_article/unweighted/aggressive_loader/n4/graph03_trainseed05/histories/history_visit007_j007.json",
      "improvement_vs_previous": -1.0629875156542568e-05
    },
    {
      "visit_idx": 8,
      "j": 8,
      "kept": true,
      "beta": 0.00280389006737808,
      "coefficient": 0.002936219117731481,
      "loss": -2.999950113684788,
      "expected_cut": 2.999950113684788,