{
  "0": 0.0,
  "1": -0.43765523452110044,
  "2": 0.4479412602181635,
  "3": -0.4324071138840459,
  "4": 0.47176713050196106,
  "5": 0.6490248377468646,
  "6": 0.4503278001782458,
  "7": -0.3336493284618086,
  "8": -0.3018615749134063,
  "9": -0.5016425916416426,
  "10": 0.16943923202701044,
  "11": 0.07877459707120074,
  "12": -0.3489470417981838,
  "13": 0.23841389475039482,
  "14": -0.26818321778143234,
  "15": -0.18652122513357447
}