{
  "0": 0.0,
  "1": -0.29757904016934716,
  "2": 0.2992008732829152,
  "3": -0.0019924614598678583,
  "4": -0.19875219407602107,
  "5": 0.0,
  "6": 0.0,
  "7": 0.23809678102283235,
  "8": 0.07637048806543416,
  "9": -0.0012376389520345618,
  "10": 0.0015837347679095628,
  "11": -0.12802396881987355,
  "12": 0.0014000285048517106,
  "13": 0.1404142349801964,
  "14": -0.18688607980783684,
  "15": 0.0
}