epoch,beta,coefficient,loss,expected_cut,best_measured_cut,success_probability_ancilla_1,max_postselected_probability,grad
0,0.48041908489344637,0.4676566222283353,-7.997740753490579,7.997740753490579,5.0,0.1410917200655982,0.031179398546596026,0.10447735966774438
1,0.47048713447219553,0.4592933337527809,-7.9985539053241625,7.9985539053241625,5.0,0.13862855638899302,0.031204809541395935,0.08975235504090512
2,0.46070269956207693,0.45098270216403125,-7.999192728943345,7.999192728943345,5.0,0.1362200218693099,0.031224772779495626,0.07375751545641052
3,0.45118711915015175,0.44283296253296794,-7.999645964700131,7.999645964700131,5.0,0.1338962392885193,0.031238936396895386,0.05657987834095551
4,0.442120680758053,0.4350066246558396,-7.999910858424563,7.999910858424563,5.0,0.13170042894871478,0.031247214325784194,0.03843916625968951
5,0.4337566389401046,0.4277341219950394,-7.999999652286423,7.999999652286423,5.0,0.12969159675054723,0.03124998913396756,0.019761972921929945
6,0.42641517563048514,0.4213096413771695,-7.999946065478081,7.999946065478081,5.0,0.12794245977197635,0.031248314546207155,0.001262082880147449
7,0.4204334979814298,0.4160469458008061,-7.999806138771471,7.999806138771471,5.0,0.1265275046621114,0.031243941836625787,-0.01602807705001831
