{
  "0": 0.0,
  "1": -0.24005587596209557,
  "2": 0.23963857122026974,
  "3": -0.001914201688379286,
  "4": -0.16841708996224514,
  "5": 0.0,
  "6": 0.0010875299601134116,
  "7": 0.20179038505840502,
  "8": 0.0709213889035735,
  "9": 0.0019198924163593037,
  "10": 0.0,
  "11": -0.11430475621581764,
  "12": 0.0,
  "13": 0.12336019853049957,
  "14": -0.16242491355885116,
  "15": 0.0
}