epoch,beta,coefficient,loss,expected_cut,best_measured_cut,success_probability_ancilla_1,max_postselected_probability,grad
0,0.3991933052937533,0.29786893838550343,-1.373936529113871,1.373936529113871,1.0,0.09624737594168652,0.29137914366426776,-0.02982094039255626
1,0.4089235480263338,0.3043875728619867,-1.3740914550967163,1.3740914550967163,1.0,0.09698535089626868,0.29125200024602443,-0.020361507754841735
2,0.41803427200529625,0.3104467831702028,-1.3741603773395883,1.3741603773395883,1.0,0.09768667227119028,0.29109094288285986,-0.01154655692198325
3,0.42601894143590613,0.31572135964246534,-1.3741626859261364,1.3741626859261364,1.0,0.09830920266488163,0.2909178783744355,-0.0036389247441203053
4,0.4323149194047942,0.3198566251225022,-1.37412763648401,1.37412763648401,1.0,0.09880508240159945,0.29076124216955507,0.003018368135001793
