epoch,beta,coefficient,loss,expected_cut,best_measured_cut,success_probability_ancilla_1,max_postselected_probability,grad
0,0.2928751152249135,0.22366483796834216,-3.9973363952171277,3.9973363952171277,2.0,0.061780713903337545,0.05989483668590664,0.005084677390783456
1,0.2828655429062729,0.21642049007979391,-3.9973912867791954,3.9973912867791954,2.0,0.06107008775159138,0.0598055818161515,0.005349251991294855
2,0.27283952239006787,0.20912406798723748,-3.9974490036694243,3.9974490036694243,2.0,0.06037763769088737,0.059694187882037404,0.00561940237497085
3,0.26279099118004035,0.20177207328894614,-3.997509641624254,3.997509641624254,2.0,0.05970358621112894,0.059559503292856635,0.00589476183164728
4,0.25271415600171776,0.19436115477188548,-3.9975732952680874,3.9975732952680874,2.0,0.05904821811707543,0.05940033188228549,0.00617489324477223
