epoch,beta,coefficient,loss,expected_cut,best_measured_cut,success_probability_ancilla_1,max_postselected_probability,grad
0,0.36046505447850813,0.2714521414677345,-4.314978437097988,4.314978437097988,4.0,0.11054294874811191,0.03754852525830004,-0.06255446102972209
1,0.37040482157385257,0.27830250522471023,-4.315480442188548,4.315480442188548,4.0,0.11135178458688032,0.03770111090940986,-0.05442588836868692
2,0.38023383405201966,0.2850292574303095,-4.315902045507566,4.315902045507566,4.0,0.11216377312495743,0.03784428423378368,-0.04663096308461734
3,0.38989291332460757,0.29159313125271474,-4.316246551862473,4.316246551862473,4.0,0.11297301781176229,0.03797769657124136,-0.039203019893915884
4,0.39931412275400885,0.2979501758065545,-4.316518405812699,4.316518405812699,4.0,0.11377265827438633,0.03810104354066506,-0.03217496076950939
5,0.40842130263552656,0.3040522938692543,-4.316723238448098,4.316723238448098,4.0,0.11455491429191449,0.03821407999379681,-0.02557856055363019
6,0.4171315473978042,0.3098483460299878,-4.3168678470705375,4.3168678470705375,4.0,0.1153112254701579,0.038316636970777536,-0.019443552748577647
