epoch,beta,coefficient,loss,expected_cut,best_measured_cut,success_probability_ancilla_1,max_postselected_probability,grad
0,0.3427272531438636,0.2591107039767253,-4.767393699528017,4.767393699528017,4.0,0.18056265876355915,0.05567250109848172,-0.04131304283596507
1,0.35253369066802764,0.2659520236069284,-4.7676399554902,4.7676399554902,4.0,0.18113308404061138,0.05577957270740293,-0.030361148054191905
2,0.36191339073373213,0.2724532769613055,-4.767780897165805,4.767780897165805,4.0,0.18168898495978655,0.05587589862934243,-0.019910351318906262
3,0.37052745981971397,0.2783867274085633,-4.767831047285177,4.767831047285177,4.0,0.18220807807949765,0.0559592184794284,-0.010186890792276191
4,0.37795169750490004,0.28347164872293723,-4.767814917942445,4.767814917942445,4.0,0.18266184011301992,0.056027149854048885,-0.0014950730907844195
