{
  "0": 0.0,
  "1": -0.13912862662659886,
  "2": 0.14635208424641744,
  "3": -0.16328254498111638,
  "4": 0.13805829620848237,
  "5": -0.16368140072600493,
  "6": 0.14040786335692773,
  "7": -0.1704636538948224,
  "8": -0.2866576993687032,
  "9": 0.2338556035566881,
  "10": -0.16683456796211774,
  "11": 0.17754163700890976,
  "12": 0.032676397741710814,
  "13": 0.1296831684649161,
  "14": -0.12976482224425787,
  "15": 0.13981731790356988,
  "16": -0.12906897982668428,
  "17": 0.15309441212677186,
  "18": -0.006392055100311666,
  "19": 0.13143609388119765,
  "20": 0.0,
  "21": 0.1228428580239087,
  "22": -0.10291577015915813,
  "23": 0.12508289331088254,
  "24": 0.008918083377712594,
  "25": -0.19776350464101963,
  "26": 0.22688603571417276,
  "27": -0.20344483694278623,
  "28": 0.20149529380442646,
  "29": -0.1869611087619043,
  "30": 0.025555530871699338,
  "31": -0.14832686796639816,
  "32": 0.05421661034138254,
  "33": 0.006968349147163761,
  "34": -0.018847788732580476,
  "35": -0.017632217769953114,
  "36": -0.08843804358847558,
  "37": 0.003825649296352299,
  "38": -0.0034494433879303384,
  "39": 0.0,
  "40": 0.0890612420362088,
  "41": 0.066969027790297,
  "42": -0.04158048481538125,
  "43": 0.040106926752567135,
  "44": -0.03585090540146992,
  "45": -0.034133023015066113,
  "46": 0.037359373386788367,
  "47": 0.01661468282962559,
  "48": 0.11478050165215252,
  "49": 0.018510255679712078,
  "50": -0.0396740239536193,
  "51": -0.013203152119524613,
  "52": -0.02684327538148135,
  "53": -0.0178831518988688,
  "54": 0.06658097766013099,
  "55": 0.002934908033797347,
  "56": 0.09604468123680682,
  "57": 0.0,
  "58": -0.056662493018499654,
  "59": -0.0654912990251065,
  "60": -0.12963863674758586,
  "61": -0.03622214458427875,
  "62": 0.016412414014671885,
  "63": 0.027846539265300594
}