{
  "config": {
    "N_VERTICES": 4,
    "PROB_ARESTA": 0.55,
    "COM_PESO": false,
    "PESO_MIN": 1,
    "PESO_MAX": 1,
    "GRAPH_SEED": 104577,
    "GRAPH_EDGES": [
      [
        0,
        2,
        1.0
      ],
      [
        2,
        3,
        1.0
      ]
    ],
    "REVERSE_BITS": false,
    "ER": 0.75,
    "MAX_TERMS": null,
    "A_MAX": 0.6283185307179586,
    "INIT_BETA": 0.25,
    "MAX_EPOCHS": 200,
    "LR": 0.01,
    "FD_EPS": 0.01,
    "LOSS_TOL_LAST5": 0.002,
    "PATIENCE_LAST5": 7,
    "TRAIN_SEED": 8,
    "INIT_BETA_JITTER": 0.03,
    "OPTIMIZER": "adam",
    "ADAM_BETA1": 0.9,
    "ADAM_BETA2": 0.999,
    "ADAM_EPS": 1e-08,
    "COEF_ZERO_TOL": 0.002,
    "IMPROVEMENT_TOL": 0.002,
    "SATURATION_PATIENCE": 60,
    "INDEX_STRATEGY": "ascending",
    "INDEX_RANDOM_SEED": 42,
    "ENABLE_BACKWARD_PRUNING": false,
    "BACKWARD_PASSES": 1,
    "PRUNE_IMPROVEMENT_TOL": 1e-06,
    "OUTDIR": "benchmark_results_walsh_article/unweighted/coarse_loader/n4/graph04_trainseed08",
    "SHOW_PLOTS": false,
    "name": "coarse_loader"
  },
  "n_qubits_register": 4,
  "graph_edges": [
    [
      0,
      2,
      1.0
    ],
    [
      2,
      3,
      1.0
    ]
  ],
  "graph_signature": "ab3e1e60a1be6f27a830f37b39d70bd64af7163327db0f23a1fcb2724d77253c",
  "graph_num_edges": 2,
  "graph_density": 0.3333333333333333,
  "best_cut_bruteforce": 2.0,
  "best_bitstring_bruteforce": "0010",
  "best_index_bruteforce": 2,
  "candidate_order": [
    1,
    2,
    3,
    4,
    5,
    6,
    7,
    8,
    9,
    10,
    11,
    12,
    13,
    14,
    15
  ],
  "total_possible_parameters": 15,
  "visited_parameters": 15,
  "trained_coefficients": {
    "0": 0.0,
    "1": -0.1710426010729964,
    "2": 0.1708164082330852,
    "3": -0.15222672925935757,
    "4": 0.2706542366201336,
    "5": -0.00484234424389251,
    "6": 0.19146099956719886,
    "7": -0.18142863903016868,
    "8": -0.18281265845342912,
    "9": -0.011526336173165537,
    "10": -0.11850508718704654,
    "11": 0.10590005007656546,
    "12": 0.021405839903915952,
    "13": 0.1814436244491537,
    "14": -0.1330486225670761,
    "15": 0.12611378822498565
  },
  "final_coefficient_vector": [
    0.0,
    -0.1710426010729964,
    0.1708164082330852,
    -0.15222672925935757,
    0.2706542366201336,
    -0.00484234424389251,
    0.19146099956719886,
    -0.18142863903016868,
    -0.18281265845342912,
    -0.011526336173165537,
    -0.11850508718704654,
    0.10590005007656546,
    0.021405839903915952,
    0.1814436244491537,
    -0.1330486225670761,
    0.12611378822498565
  ],
  "active_indices": [
    1,
    2,
    3,
    4,
    5,
    6,
    7,
    8,
    9,
    10,
    11,
    12,
    13,
    14,
    15
  ],
  "active_parameter_count": 15,
  "compression_ratio_active_over_total": 1.0,
  "final_loss": -1.9445324503451467,
  "final_expected_cut": 1.9445324503451467,
  "best_expected_cut_over_evolution": 1.9445324503451467,
  "final_best_measured_index": 9,
  "final_best_measured_bitstring": "1001",
  "final_best_measured_cut": 2.0,
  "best_measured_cut_over_evolution": 2.0,
  "final_success_probability_ancilla_1": 0.04321555812740544,
  "final_max_postselected_probability": 0.6489323877231624,
  "gap_expected_to_bruteforce": 0.05546754965485334,
  "gap_measured_to_bruteforce": 0.0,
  "approx_ratio_measured": 1.0,
  "n_steps": 15,
  "elapsed_seconds": 13.03624963760376,
  "steps": [
    {
      "visit_idx": 1,
      "j": 1,
      "kept": true,
      "beta": -0.27926291494846806,
      "coefficient": -0.1710426010729964,
      "loss": -1.0,
      "expected_cut": 1.0,
      "best_measured_cut": 0.0,
      "success_probability_ancilla_1": 0.004108425976590794,
      "epochs_run": 7,
      "stop_reason": "loss_plateau_last5",
      "history_path": "benchmark_results_walsh_article/unweighted/coarse_loader/n4/graph04_trainseed08/histories/history_visit001_j001.json",
      "improvement_vs_previous": 1.0
    },
    {
      "visit_idx": 2,
      "j": 2,
      "kept": true,
      "beta": 0.27887414614281414,
      "coefficient": 0.1708164082330852,
      "loss": -1.0,
      "expected_cut": 1.0,
      "best_measured_cut": 0.0,
      "success_probability_ancilla_1": 0.008172338513570035,
      "epochs_run": 7,
      "stop_reason": "loss_plateau_last5",
      "history_path": "benchmark_results_walsh_article/unweighted/coarse_loader/n4/graph04_trainseed08/histories/history_visit002_j002.json",
      "improvement_vs_previous": 0.0
    },
    {
      "visit_idx": 3,
      "j": 3,
      "kept": true,
      "beta": -0.24719101543533148,
      "coefficient": -0.15222672925935757,
      "loss": -1.0000000000000002,
      "expected_cut": 1.0000000000000002,
      "best_measured_cut": 1.0,
      "success_probability_ancilla_1": 0.01137429568044867,
      "epochs_run": 7,
      "stop_reason": "loss_plateau_last5",
      "history_path": "benchmark_results_walsh_article/unweighted/coarse_loader/n4/graph04_trainseed08/histories/history_visit003_j003.json",
      "improvement_vs_previous": 2.220446049250313e-16
    },
    {
      "visit_idx": 4,
      "j": 4,
      "kept": true,
      "beta": 0.4608289606823469,
      "coefficient": 0.2706542366201336,
      "loss": -1.2967852294085187,
      "expected_cut": 1.2967852294085187,
      "best_measured_cut": 1.0,
      "success_probability_ancilla_1": 0.021406739141696725,
      "epochs_run": 24,
      "stop_reason": "loss_plateau_last5",
      "history_path": "benchmark_results_walsh_article/unweighted/coarse_loader/n4/graph04_trainseed08/histories/history_visit004_j004.json",
      "improvement_vs_previous": 0.2967852294085185
    },
    {
      "visit_idx": 5,
      "j": 5,
      "kept": true,
      "beta": -0.007706982814108719,
      "coefficient": -0.00484234424389251,
      "loss": -1.2967354199168295,
      "expected_cut": 1.2967354199168295,
      "best_measured_cut": 1.0,
      "success_probability_ancilla_1": 0.02140461089666089,
      "epochs_run": 26,
      "stop_reason": "loss_plateau_last5",
      "history_path": "benchmark_results_walsh_article/unweighted/coarse_loader/n4/graph04_trainseed08/histories/history_visit005_j005.json",
      "improvement_vs_previous": -4.9809491689201124e-05
    },
    {
      "visit_idx": 6,
      "j": 6,
      "kept": true,
      "beta": 0.3147141561669872,
      "coefficient": 0.19146099956719886,
      "loss": -1.390903718102978,
      "expected_cut": 1.390903718102978,
      "best_measured_cut": 1.0,
      "success_probability_ancilla_1": 0.02611775794648722,
      "epochs_run": 10,
      "stop_reason": "loss_plateau_last5",
      "history_path": "benchmark_results_walsh_article/unweighted/coarse_loader/n4/graph04_trainseed08/histories/history_visit006_j006.json",
      "improvement_vs_previous": 0.09416829818614847
    },
    {
      "visit_idx": 7,
      "j": 7,
      "kept": true,
      "beta": -0.2972049129394072,
      "coefficient": -0.18142863903016868,
      "loss": -1.4729579799711159,
      "expected_cut": 1.4729579799711159,
      "best_measured_cut": 1.0,
      "success_probability_ancilla_1": 0.030130684515749687,
      "epochs_run": 7,
      "stop_reason": "loss_plateau_last5",
      "history_path": "benchmark_results_walsh_article/unweighted/coarse_loader/n4/graph04_trainseed08/histories/history_visit007_j007.json",
      "improvement_vs_previous": 0.08205426186813791
    },
    {
      "visit_idx": 8,
      "j": 8,
      "kept": true,
      "beta": -0.2996096875766086,
      "coefficient": -0.18281265845342912,
      "loss": -1.5956609429530222,
      "expected_cut": 1.5956609429530222,
      "best_measured_cut": 2.0,
      "success_probability_ancilla_1": 0.03454030972321123,
      "epochs_run": 71,
      "stop_reason": "loss_plateau_last5",
      "history_path": "benchmark_results_walsh_article/unweighted/coarse_loader/n4/graph04_trainseed08/histories/history_visit008_j008.json",
      "improvement_vs_previous": 0.1227029629819063
    },
    {
      "visit_idx": 9,
      "j": 9,
      "kept": true,