epoch,beta,coefficient,loss,expected_cut,best_measured_cut,success_probability_ancilla_1,max_postselected_probability,grad
0,0.33615790295590964,0.2545027971490984,-5.99844096935664,5.99844096935664,3.0,0.0343129564660393,0.0078003200731101355,-0.15371637841101182
1,0.3459362275375105,0.2613543301696109,-5.999319306202642,5.999319306202642,3.0,0.03515391364488094,0.007807182079719278,-0.10981185221557378
2,0.35525074965351916,0.2678395657081078,-5.999812226253143,5.999812226253143,3.0,0.03597001480548963,0.007811033017613543,-0.07040182092610137
3,0.36378263269463074,0.2737438690537139,-5.999992879424719,5.999992879424719,3.0,0.03672998465202111,0.007812444370516252,-0.03592029500337465
4,0.3711716477897329,0.2788290051556709,-5.999955746351205,5.999955746351205,3.0,0.03739746111284212,0.007812154268379222,-0.006810577596890095
5,0.3770968969274034,0.2828875667813477,-5.999804794543358,5.999804794543358,3.0,0.037938773581673316,0.007810974957380269,0.01658875572308837
