epoch,beta,coefficient,loss,expected_cut,best_measured_cut,success_probability_ancilla_1,max_postselected_probability,grad
0,0.3144258490889641,0.23912082105606308,-6.8595154657080855,6.8595154657080855,5.0,0.07251827803688149,0.027969761972200753,0.4394998962177115
1,0.3044590773640088,0.2319971598110585,-6.863325590311609,6.863325590311609,5.0,0.07194500341842079,0.027999360670625428,0.40191726415833895
2,0.2945564607552869,0.22487768843564282,-6.866709356061111,6.866709356061111,5.0,0.07139376903468284,0.028020852810829198,0.36228662588028254
3,0.2847575769766577,0.21779294006696664,-6.869642658824817,6.869642658824817,5.0,0.07086678902487403,0.02803400467293455,0.3207663120320848
4,0.2751125906703764,0.21078175553004866,-6.872106971972748,6.872106971972748,5.0,0.0703664861304954,0.028038738210047518,0.27759014301007995
5,0.2656842947393768,0.20389290870936,-6.87409199724751,6.87409199724751,5.0,0.06989548258922318,0.028035188580467343,0.23308432109770905
6,0.2565499311731886,0.1971865757259141,-6.875598815920315,6.875598815920315,5.0,0.06945656473681362,0.028023769396868705,0.18768515397356916
7,0.2478022163947497,0.1907352036465096,-6.876643293763655,6.876643293763655,5.0,0.0690526067299411,0.02800523845978144,0.14195517642160532
8,0.23954870327103808,0.18462310303543797,-6.8772591797609195,6.8772591797609195,5.0,0.06868643822147366,0.027980749736126114,0.09659330115142693
9,0.23190842758642508,0.17894393751888427,-6.877499951875508,6.877499951875508,5.0,0.06836064736219845,0.027951869572760246,0.0524323906592157
10,0.2250049786986007,0.17379542108084547,-6.8774381820671895,6.8774381820671895,5.0,0.06807732858885064,0.0279205310781387,0.010416156372073274
11,0.2189559788612842,0.16927117949228712,-6.877161339053273,6.877161339053273,5.0,0.06783781377796014,0.027888907337037243,-0.028451456849706777
