epoch,beta,coefficient,loss,expected_cut,best_measured_cut,success_probability_ancilla_1,max_postselected_probability,grad
0,0.35618506868141275,0.26848783099427925,-6.15737767554684,6.15737767554684,5.0,0.053327768460415835,0.011599199356444474,0.31130236676204126
1,0.34620413863888405,0.2615414301407036,-6.1602175645033155,6.1602175645033155,5.0,0.052484885693194705,0.011597353021847114,0.29393883335922644
2,0.33626018544309116,0.2545746920215188,-6.162847966781609,6.162847966781609,5.0,0.05166122377509212,0.011591833959427488,0.27481923111843654
3,0.3263762615071299,0.24760536185559678,-6.165247009990363,6.165247009990363,5.0,0.050859027787398786,0.01158246708593018,0.2539101123795737
4,0.3165818022652106,0.24065613428718519,-6.167393416118745,6.167393416118745,5.0,0.050080866741143815,0.011569126167611226,0.2312081030627919
5,0.3069141014143137,0.23375581155704747,-6.169267559135014,6.169267559135014,5.0,0.04932968036050077,0.01155175713460994,0.20675054611499102
6,0.2974199760429103,0.22694061593040046,-6.1708528908515525,6.1708528908515525,5.0,0.04860882386963357,0.011530407338268423,0.18062845266909774
7,0.2881574998819099,0.22025556520535897,-6.172137777955106,6.172137777955106,5.0,0.047922101765443106,0.011505260564820343,0.15300168019864693
8,0.2791975434303508,0.21375571258535103,-6.173117731903137,6.173117731903137,5.0,0.047273775327882996,0.011476675998219494,0.12411570309794356
9,0.27062465877012293,0.20750689608180345,-6.17379788959383,6.17379788959383,5.0,0.04666852105873206,0.011445226531413324,0.09431837050033288
10,0.2625366144453767,0.20158545997269858,-6.1741954004776325,6.1741954004776325,5.0,0.04611131086045629,0.011411727827146858,0.06407357109808395
11,0.2550417241956883,0.19607627964712246,-6.174341115386085,6.174341115386085,5.0,0.04560718514453972,0.011377245184380132,0.03396687713608855
12,0.24825321696693137,0.19106849163681747,-6.17427975215511,6.17427975215511,5.0,0.04516090534694561,0.011343062983220619,0.004696645944728055
13,0.24228048535419053,0.18664877653414147,-6.174067727247412,6.174067727247412,5.0,0.04477650841660882,0.011310605075745073,-0.022955948455896207
