epoch,beta,coefficient,loss,expected_cut,best_measured_cut,success_probability_ancilla_1,max_postselected_probability,grad
0,-0.36588055805709935,-0.2751903505955951,-5.49999999999708,5.49999999999708,0.0,0.018813254464287783,0.0039062499999979253,1.4547939664724397e-11
1,-0.3658812084813239,-0.27519079872222396,-5.499999999997078,5.499999999997078,0.0,0.018813315349089713,0.0039062499999979253,1.4549025994959883e-11
2,-0.3658820047628201,-0.27519134734072287,-5.499999999997077,5.499999999997077,0.0,0.01881338988736851,0.0039062499999979244,1.4542992623214985e-11
3,-0.36588292381259785,-0.27519198054318805,-5.499999999997076,5.499999999997076,0.0,0.018813475917862827,0.0039062499999979244,1.4536908394417429e-11
4,-0.3658839510779113,-0.27519268830298627,-5.499999999997076,5.499999999997076,0.0,0.018813572078369537,0.0039062499999979235,1.4543944081193935e-11
