{
  "0": 0.0,
  "1": -0.16387022819973554,
  "2": 0.16350354116300275,
  "3": 0.0,
  "4": 0.0,
  "5": 0.0,
  "6": 0.0,
  "7": 0.0,
  "8": 0.0,
  "9": 0.0,
  "10": 0.0,
  "11": 0.0,
  "12": 0.0,
  "13": 0.11933022751953422,
  "14": -0.14257994689132905,
  "15": 0.0,
  "16": 0.0,
  "17": 0.0,
  "18": 0.0,
  "19": 0.0,
  "20": 0.0,
  "21": 0.02326086565433095,
  "22": -0.023089447364970837,
  "23": 0.0,
  "24": 0.0,
  "25": 0.010264219523523563,
  "26": -0.004534843187500033,
  "27": 0.0,
  "28": 0.00832399914265661,
  "29": 0.0,
  "30": 0.0,
  "31": 0.003960584676150944,
  "32": 0.0,
  "33": 0.0,
  "34": 0.0,
  "35": 0.0,
  "36": 0.0,
  "37": 0.01133494927014869,
  "38": -0.005600654698234933,
  "39": 0.0,
  "40": 0.0,
  "41": 0.010415104659232868,
  "42": -0.011125267919634363,
  "43": 0.0,
  "44": 0.00529278212884906,
  "45": 0.0,
  "46": 0.0,
  "47": 0.003020196291383073,
  "48": 0.0,
  "49": 0.04993789255421873,
  "50": -0.07426747695362722,
  "51": 0.0,
  "52": 0.0026839034418748415,
  "53": 0.0,
  "54": 0.0,
  "55": 0.004275485941768262,
  "56": 0.0023282440802245862,
  "57": 0.0,
  "58": 0.0,
  "59": 0.0024594711382865332,
  "60": 0.0,
  "61": -0.10426868336669887,
  "62": 0.11831107748405686,
  "63": 0.0
}