{
  "0": 0.0,
  "1": -0.2347144363507515,
  "2": 0.2600096040084819,
  "3": -0.25178463872343837,
  "4": 0.40309416656530445,
  "5": 0.0,
  "6": 0.3157213620328141,
  "7": -0.2756182351389694,
  "8": 0.14238121933054426,
  "9": 0.0,
  "10": 0.15402865447207764,
  "11": -0.15334846261216226,
  "12": 0.0,
  "13": -0.31564886163601574,
  "14": 0.22628718597003333,
  "15": -0.24236579745599213
}