{
  "config": {
    "N_VERTICES": 4,
    "PROB_ARESTA": 0.7,
    "COM_PESO": false,
    "PESO_MIN": 1,
    "PESO_MAX": 1,
    "GRAPH_SEED": 104986,
    "GRAPH_EDGES": [
      [
        0,
        2,
        1.0
      ],
      [
        0,
        3,
        1.0
      ]
    ],
    "REVERSE_BITS": false,
    "ER": 1.0,
    "MAX_TERMS": null,
    "A_MAX": 0.7853981633974483,
    "INIT_BETA": 0.35,
    "MAX_EPOCHS": 200,
    "LR": 0.01,
    "FD_EPS": 0.01,
    "LOSS_TOL_LAST5": 0.001,
    "PATIENCE_LAST5": 5,
    "TRAIN_SEED": 5,
    "INIT_BETA_JITTER": 0.05,
    "OPTIMIZER": "adam",
    "ADAM_BETA1": 0.9,
    "ADAM_BETA2": 0.999,
    "ADAM_EPS": 1e-08,
    "COEF_ZERO_TOL": 0.001,
    "IMPROVEMENT_TOL": 0.001,
    "SATURATION_PATIENCE": 100,
    "INDEX_STRATEGY": "ascending",
    "INDEX_RANDOM_SEED": 42,
    "ENABLE_BACKWARD_PRUNING": false,
    "BACKWARD_PASSES": 1,
    "PRUNE_IMPROVEMENT_TOL": 1e-06,
    "OUTDIR": "benchmark_results_walsh_article/unweighted/baseline/n4/graph08_trainseed05",
    "SHOW_PLOTS": false,
    "name": "baseline"
  },
  "n_qubits_register": 4,
  "graph_edges": [
    [
      0,
      2,
      1.0
    ],
    [
      0,
      3,
      1.0
    ]
  ],
  "graph_signature": "2cf81b7f6c28153cc1763d3712042bf1e2dce228b62300b14a9509084e53b32c",
  "graph_num_edges": 2,
  "graph_density": 0.3333333333333333,
  "best_cut_bruteforce": 2.0,
  "best_bitstring_bruteforce": "0011",
  "best_index_bruteforce": 3,
  "candidate_order": [
    1,
    2,
    3,
    4,
    5,
    6,
    7,
    8,
    9,
    10,
    11,
    12,
    13,
    14,
    15
  ],
  "total_possible_parameters": 15,
  "visited_parameters": 15,
  "trained_coefficients": {
    "0": 0.0,
    "1": -0.2836351880911374,
    "2": 0.2715324389254846,
    "3": -0.26909310671016823,
    "4": 0.418958486032702,
    "5": -0.016597878205421218,
    "6": 0.3120165210521345,
    "7": -0.2775310899441432,
    "8": 0.16430902191228214,
    "9": 0.06389751002118411,
    "10": 0.14863112519623328,
    "11": -0.1504861133824436,
    "12": -0.09499258456220606,
    "13": -0.32300066927142573,
    "14": 0.21938730377482393,
    "15": -0.2353378963047709
  },
  "final_coefficient_vector": [
    0.0,
    -0.2836351880911374,
    0.2715324389254846,
    -0.26909310671016823,
    0.418958486032702,
    -0.016597878205421218,
    0.3120165210521345,
    -0.2775310899441432,
    0.16430902191228214,
    0.06389751002118411,
    0.14863112519623328,
    -0.1504861133824436,
    -0.09499258456220606,
    -0.32300066927142573,
    0.21938730377482393,
    -0.2353378963047709
  ],
  "active_indices": [
    1,
    2,
    3,
    4,
    5,
    6,
    7,
    8,
    9,
    10,
    11,
    12,
    13,
    14,
    15
  ],
  "active_parameter_count": 15,
  "compression_ratio_active_over_total": 1.0,
  "final_loss": -1.8777511479206952,
  "final_expected_cut": 1.8777511479206952,
  "best_expected_cut_over_evolution": 1.8777511479206952,
  "final_best_measured_index": 8,
  "final_best_measured_bitstring": "1000",
  "final_best_measured_cut": 2.0,
  "best_measured_cut_over_evolution": 2.0,
  "final_success_probability_ancilla_1": 0.13594211588058602,
  "final_max_postselected_probability": 0.45470594411454385,
  "gap_expected_to_bruteforce": 0.1222488520793048,
  "gap_measured_to_bruteforce": 0.0,
  "approx_ratio_measured": 1.0,
  "n_steps": 15,
  "elapsed_seconds": 5.669082164764404,
  "steps": [
    {
      "visit_idx": 1,
      "j": 1,
      "kept": true,
      "beta": -0.3781911309336309,
      "coefficient": -0.2836351880911374,
      "loss": -1.0,
      "expected_cut": 1.0,
      "best_measured_cut": 0.0,
      "success_probability_ancilla_1": 0.019977757105108115,
      "epochs_run": 5,
      "stop_reason": "loss_plateau_last5",
      "history_path": "benchmark_results_walsh_article/unweighted/baseline/n4/graph08_trainseed05/histories/history_visit001_j001.json",
      "improvement_vs_previous": 1.0
    },
    {
      "visit_idx": 2,
      "j": 2,
      "kept": true,
      "beta": 0.36058116675004837,
      "coefficient": 0.2715324389254846,
      "loss": -0.9999999999999999,
      "expected_cut": 0.9999999999999999,
      "best_measured_cut": 0.0,
      "success_probability_ancilla_1": 0.037565284744602204,
      "epochs_run": 5,
      "stop_reason": "loss_plateau_last5",
      "history_path": "benchmark_results_walsh_article/unweighted/baseline/n4/graph08_trainseed05/histories/history_visit002_j002.json",
      "improvement_vs_previous": -1.1102230246251565e-16
    },
    {
      "visit_idx": 3,
      "j": 3,
      "kept": true,
      "beta": -0.3570579676282695,
      "coefficient": -0.26909310671016823,
      "loss": -1.0000000000000002,
      "expected_cut": 1.0000000000000002,
      "best_measured_cut": 2.0,
      "success_probability_ancilla_1": 0.054207201712101485,
      "epochs_run": 5,
      "stop_reason": "loss_plateau_last5",
      "history_path": "benchmark_results_walsh_article/unweighted/baseline/n4/graph08_trainseed05/histories/history_visit003_j003.json",
      "improvement_vs_previous": 3.3306690738754696e-16
    },
    {
      "visit_idx": 4,
      "j": 4,
      "kept": true,
      "beta": 0.5949334428865379,
      "coefficient": 0.418958486032702,
      "loss": -1.2849388963810815,
      "expected_cut": 1.2849388963810815,
      "best_measured_cut": 2.0,
      "success_probability_ancilla_1": 0.09276242407556608,
      "epochs_run": 37,
      "stop_reason": "loss_plateau_last5",
      "history_path": "benchmark_results_walsh_article/unweighted/baseline/n4/graph08_trainseed05/histories/history_visit004_j004.json",
      "improvement_vs_previous": 0.2849388963810813
    },
    {
      "visit_idx": 5,
      "j": 5,
      "kept": true,
      "beta": -0.021136221791839455,
      "coefficient": -0.016597878205421218,
      "loss": -1.2846212516748605,
      "expected_cut": 1.2846212516748605,
      "best_measured_cut": 2.0,
      "success_probability_ancilla_1": 0.09258741485790817,
      "epochs_run": 33,
      "stop_reason": "loss_plateau_last5",
      "history_path": "benchmark_results_walsh_article/unweighted/baseline/n4/graph08_trainseed05/histories/history_visit005_j005.json",
      "improvement_vs_previous": -0.0003176447062209764
    },
    {
      "visit_idx": 6,
      "j": 6,
      "kept": true,
      "beta": 0.4204052438254378,
      "coefficient": 0.3120165210521345,
      "loss": -1.3920170655348123,
      "expected_cut": 1.3920170655348123,
      "best_measured_cut": 2.0,
      "success_probability_ancilla_1": 0.10761560589833134,
      "epochs_run": 11,
      "stop_reason": "loss_plateau_last5",
      "history_path": "benchmark_results_walsh_article/unweighted/baseline/n4/graph08_trainseed05/histories/history_visit006_j006.json",
      "improvement_vs_previous": 0.10739581385995178
    },
    {
      "visit_idx": 7,
      "j": 7,
      "kept": true,
      "beta": -0.3692820377244779,
      "coefficient": -0.2775310899441432,
      "loss": -1.477955058527957,
      "expected_cut": 1.477955058527957,
      "best_measured_cut": 2.0,
      "success_probability_ancilla_1": 0.1157688470455952,
      "epochs_run": 6,
      "stop_reason": "loss_plateau_last5",
      "history_path": "benchmark_results_walsh_article/unweighted/baseline/n4/graph08_trainseed05/histories/history_visit007_j007.json",
      "improvement_vs_previous": 0.08593799299314475
    },
    {
      "visit_idx": 8,
      "j": 8,
      "kept": true,
      "beta": 0.21233954719844203,
      "coefficient": 0.16430902191228214,
      "loss": -1.5058264447441045,
      "expected_cut": 1.5058264447441045,
      "best_measured_cut": 2.0,
      "success_probability_ancilla_1": 0.1209438202901926,
      "epochs_run": 13,
      "stop_reason": "loss_plateau_last5",
      "history_path": "benchmark_results_walsh_article/unweighted/baseline/n4/graph08_trainseed05/histories/history_visit008_j008.json",
      "improvement_vs_previous": 0.027871386216147487
    },
    {
      "visit_idx": 9,
      "j": 9,
      "kept": true,