epoch,beta,coefficient,loss,expected_cut,best_measured_cut,success_probability_ancilla_1,max_postselected_probability,grad
0,0.38881620707367776,0.2908637601853552,-10.99993603338698,10.99993603338698,7.0,0.04176125682101486,0.007812000260854531,0.008353192066888417
1,0.3929147889721667,0.29363706172425597,-10.999989853727786,10.999989853727786,7.0,0.04214344746837159,0.007812420732266836,-0.01889658144644858
2,0.39805984135370875,0.29710643709647305,-10.999992305632386,10.999992305632386,7.0,0.04262652236317277,0.007812439887771346,-0.007435159211131751
3,0.40048464656570354,0.2987368479472468,-10.999969186806133,10.999969186806133,7.0,0.042855442159794824,0.007812259271941111,0.006376663149543784
4,0.3996301112093408,0.2981626106085467,-10.999979073394663,10.999979073394663,7.0,0.042774677016436384,0.007812336510914052,0.01266908950588808
