epoch,beta,coefficient,loss,expected_cut,best_measured_cut,success_probability_ancilla_1,max_postselected_probability,grad
0,0.3621920217911721,0.27264576025500425,-3.9941121094563807,3.9941121094563807,2.0,0.05900728660894585,0.0603547731376206,0.0056016574122279734
1,0.3521797929971438,0.2657059144503438,-3.994174961271499,3.994174961271499,2.0,0.058162192580365306,0.06045140174149657,0.006046767111720183
2,0.3421467633154944,0.2587043326878557,-3.994242705508398,3.994242705508398,2.0,0.057331145085587336,0.06053265981866197,0.00651140443124076
3,0.332085131824889,0.25163616363483954,-3.9943156210027637,3.9943156210027637,2.0,0.05651420522913471,0.06059732695502967,0.006995998491722472
4,0.321987384383889,0.24449666151604074,-3.9943940009544026,3.9943940009544026,2.0,0.05571151337665178,0.060644075127960245,0.007500915466448548
