epoch,beta,coefficient,loss,expected_cut,best_measured_cut,success_probability_ancilla_1,max_postselected_probability,grad
0,0.3605812280746623,0.271532481332827,-5.499999999998534,5.499999999998534,2.0,0.03756539069703651,0.031234767003344863,-3.4624029021933505e-12
1,0.3605813830893056,0.2715325885289122,-5.499999999998536,5.499999999998536,2.0,0.03756540449808685,0.031234767278763446,-3.4714288939776187e-12
2,0.36058157301839033,0.2715327198690972,-5.499999999998535,5.499999999998535,2.0,0.03756542140759689,0.03123476761621185,-3.473282887793299e-12
3,0.36058179228414505,0.27153287149622046,-5.4999999999985345,5.4999999999985345,2.0,0.03756544092897694,0.03123476800577804,-3.469959281108246e-12
4,0.3605820374001601,0.27153304099934356,-5.4999999999985345,5.4999999999985345,2.0,0.03756546275183241,0.03123476844126579,-3.471390624858951e-12
