{
  "0": 0.0,
  "1": -0.427642011070439,
  "2": 0.45555285894344993,
  "3": -0.5182984788158492,
  "4": -0.43749437355372645,
  "5": 0.7162200545279025,
  "6": 0.16074830194478257,
  "7": 0.34545235329664387,
  "8": -0.031131731208111937,
  "9": -0.006876379043610136,
  "10": 0.22082314615486906,
  "11": 0.03310017271343102,
  "12": -0.42275922294206,
  "13": 0.0957119451480653,
  "14": -0.13091953511007695,
  "15": -0.00424156339964009,
  "16": 0.16013266867591514,
  "17": -0.14690526966114154,
  "18": 0.001248774888940312,
  "19": -0.20775396678004548,
  "20": 0.09923757651592433,
  "21": 0.15833956761156842,
  "22": -0.11957637709965892,
  "23": 0.11887699812658502,
  "24": 0.09538019564886516,
  "25": 0.08558429115075299,
  "26": -0.06382335005581427,
  "27": -0.0815879956334979,
  "28": 0.10905843931898708,
  "29": -0.054494450790529676,
  "30": -0.10110532515197891,
  "31": -0.11736981550585995,
  "32": 0.05385612305823156,
  "33": -0.01735674621520788,
  "34": 0.1368513249359857,
  "35": -0.08644576961311545,
  "36": -0.1626275731029349,
  "37": 0.08534816008084824,
  "38": -0.026244708084519945,
  "39": -0.053330095607192186,
  "40": 0.1481845722037279,
  "41": -0.08150736468341377,
  "42": 0.07939840402202465,
  "43": -0.037370130541983654,
  "44": -0.02822489485881163,
  "45": -0.050893310732929346,
  "46": -0.14273207581579003,
  "47": 0.07475882649751493,
  "48": -0.04676888395427786,
  "49": 0.06348644575482988,
  "50": -0.06774096250330484,
  "51": 0.13845875354304532,
  "52": 0.020721102563122873,
  "53": -0.048474460325571365,
  "54": 0.026752414708953457,
  "55": -0.06142883742339461,
  "56": -0.04180409952412636,
  "57": 0.09220607887745731,
  "58": -0.03915909396469285,
  "59": 0.05600982692947577,
  "60": 0.01217708865030074,
  "61": -0.03242146670453719,
  "62": 0.020483175667768902,
  "63": -0.044795763701645806
}