epoch,beta,coefficient,loss,expected_cut,best_measured_cut,success_probability_ancilla_1,max_postselected_probability,grad
0,-0.3658803071610728,-0.27519017773421955,-2.4999999999986713,2.4999999999986713,0.0,0.018813230978472952,0.06249999999996678,6.613379728882611e-12
1,-0.36588060279311546,-0.2751903814176396,-2.499999999998672,2.499999999998672,0.0,0.018813258651927095,0.062499999999966804,6.611484376658639e-12
2,-0.3658809647329086,-0.2751906307854591,-2.4999999999986713,2.4999999999986713,0.0,0.018813292532320804,0.06249999999996679,6.6103465723378065e-12
3,-0.36588138254454267,-0.2751909186475558,-2.4999999999986713,2.4999999999986713,0.0,0.01881333164278206,0.06249999999996679,6.610888541912911e-12
4,-0.3658818495497937,-0.27519124040276327,-2.4999999999986713,2.4999999999986713,0.0,0.018813375358187133,0.06249999999996679,6.611222583563493e-12
