epoch,beta,coefficient,loss,expected_cut,best_measured_cut,success_probability_ancilla_1,max_postselected_probability,grad
0,-0.34604994012966517,-0.26143374723993507,-3.4774389115767192,3.4774389115767192,3.0,0.05919803599456658,0.24659057604866202,-0.16195412732860273
1,-0.33618487495626725,-0.25452175636593616,-3.4785124128722162,3.4785124128722162,3.0,0.05844457422909892,0.2466490598718795,-0.12701081456698604
2,-0.32663495970434886,-0.24778833395920571,-3.4791954270559087,3.4791954270559087,3.0,0.05773086259808857,0.2466342113594261,-0.09024194288179936
3,-0.3176954517417971,-0.24144840118817745,-3.4794984526100925,3.4794984526100925,3.0,0.057077186975203614,0.24655304856472282,-0.05243281120324445
4,-0.3098003036411916,-0.23582005147031976,-3.479481382419507,3.479481382419507,3.0,0.05651179592476409,0.24642459353824833,-0.015037118275295785
5,-0.30346239118899887,-0.231282456214805,-3.479265903282352,3.479265903282352,3.0,0.05606620364612591,0.24628133371215186,0.019616569531727725
