epoch,beta,coefficient,loss,expected_cut,best_measured_cut,success_probability_ancilla_1,max_postselected_probability,grad
0,0.2697109569720093,0.16547136693827064,-3.5247598737607406,3.5247598737607406,1.0,0.01314681959038216,0.061857502908778145,-0.04046807691602777
1,0.27967606276143586,0.171282925597702,-3.525110334612706,3.525110334612706,1.0,0.01341615539809216,0.06174818579895403,-0.03688479671868062
2,0.28958087929774623,0.17702812298855827,-3.5254258866596953,3.5254258866596953,1.0,0.013691502092728396,0.06161296256306127,-0.03348074339476662
3,0.2993986202592955,0.18269126023294882,-3.525708029125129,3.525708029125129,1.0,0.013971752519867054,0.0614550668320959,-0.030263879980864595
4,0.3091015385139979,0.18825649188379084,-3.525958473753308,3.525958473753308,1.0,0.014255699820368799,0.06127779147936985,-0.02723932241125698
5,0.31866133331914975,0.1937080837681252,-3.526179106890872,3.526179106890872,1.0,0.014542054080185858,0.061084431824861035,-0.024409461255665788
6,0.3280495944077511,0.19903067872300662,-3.5263719485441536,3.5263719485441536,1.0,0.014829462405421528,0.060878230533173996,-0.02177414938513293
