epoch,beta,coefficient,loss,expected_cut,best_measured_cut,success_probability_ancilla_1,max_postselected_probability,grad
0,-0.23227769135381274,-0.14337510276676832,-3.499999999996267,3.499999999996267,1.0,0.009373428424553876,0.04666875454486733,9.428033090442558e-12
1,-0.23227811280542446,-0.14337535378415525,-3.499999999996266,3.499999999996266,1.0,0.00937343839535289,0.046668756671281675,9.425497735373665e-12
2,-0.23227862882155959,-0.14337566112428762,-3.499999999996265,3.499999999996265,1.0,0.009373450603402177,0.04666875927473026,9.425676546474038e-12
3,-0.23227922452029426,-0.1433760159234287,-3.499999999996266,3.499999999996266,1.0,0.009373464696632795,0.046668762280081696,9.426773326979588e-12
4,-0.2322798902999776,-0.14337641246278332,-3.499999999996266,3.499999999996266,1.0,0.009373480447897424,0.04666876563884712,9.422937193060377e-12
5,-0.2322806193330596,-0.14337684667581665,-3.4999999999962657,3.4999999999962657,1.0,0.009373497695678896,0.04666876931653499,9.419223947883096e-12
6,-0.2322814065989553,-0.1433773155722258,-3.4999999999962657,3.4999999999962657,1.0,0.00937351632120956,0.046668773287770915,9.425575945061974e-12
