epoch,beta,coefficient,loss,expected_cut,best_measured_cut,success_probability_ancilla_1,max_postselected_probability,grad
0,0.2631971801108152,0.16165600558168908,-3.8123833587082734,3.8123833587082734,3.0,0.02682021532167187,0.04666686542219349,-0.1306323196942272
1,0.2731502628497389,0.16748064113884945,-3.8134721199633375,3.8134721199633375,3.0,0.027077662307440256,0.04690975941221167,-0.11632368153426247
2,0.2830187625085769,0.17322534912688847,-3.8144183496553725,3.8144183496553725,3.0,0.02734041666711785,0.04713406762564256,-0.1025311064385152
3,0.2927599908777824,0.178865399714103,-3.81522669191967,3.81522669191967,3.0,0.02760692004060574,0.047339761579770406,-0.08931372964629149
4,0.3023263565415266,0.18437385354012248,-3.81590336425892,3.81590336425892,3.0,0.027875364337699653,0.047526975513922286,-0.07672632737951574
5,0.31166574838390176,0.18972186834588867,-3.816456151255719,3.816456151255719,3.0,0.02814369954268733,0.047696014928313886,-0.06481819954336135
6,0.32072227153533067,0.19487918564205564,-3.816894334019366,3.816894334019366,3.0,0.028409656707881054,0.04784736024076252,-0.05363206087531584
7,0.3294373795712193,0.1998148098110172,-3.817228543967006,3.817228543967006,3.0,0.028670788646436372,0.04798166408752843,-0.043202998522496726
8,0.33775140850702495,0.20449787061567185,-3.8174705346573155,3.8174705346573155,3.0,0.028924529329378747,0.048099741019942736,-0.03355756792870915
9,0.34560546428289446,0.2088986323031636,-3.8176328735811755,3.8176328735811755,3.0,0.029168270733161118,0.04820254888362634,-0.02471310969503609
10,0.35294355376042985,0.21298958302924703,-3.8177285663233618,3.8177285663233618,3.0,0.029399453153381338,0.048291162015662754,-0.016677371199011384
