{
  "0": 0.0,
  "1": -0.2975790618601815,
  "2": 0.29920089187742793,
  "3": 0.0,
  "4": 0.0,
  "5": 0.0,
  "6": 0.0,
  "7": 0.0,
  "8": 0.0,
  "9": 0.0,
  "10": 0.0,
  "11": 0.0,
  "12": 0.0,
  "13": 0.19814703768503503,
  "14": -0.23766848592929352,
  "15": 0.0
}