{
  "0": 0.0,
  "1": -0.16996375605992597,
  "2": 0.1710584889247764,
  "3": -0.1462238391479327,
  "4": 0.12577303953500757,
  "5": 0.2511303303704306,
  "6": 0.2125961925830418,
  "7": -0.01661121662043917,
  "8": 0.06804861030565496,
  "9": -0.24425086061039616,
  "10": -0.044879233008674274,
  "11": -0.14384992345436987,
  "12": 0.03441887014780499,
  "13": 0.07635542482641527,
  "14": -0.05736054970556854,
  "15": 0.13725534259419125,
  "16": -0.018190176976455915,
  "17": -0.020754040883249093,
  "18": -0.020931870099442945,
  "19": -0.014085045341144374,
  "20": -0.13762643183775944,
  "21": -0.00391800513814904,
  "22": -0.026982220036452707,
  "23": -0.10537223880592574,
  "24": 0.2113125142660704,
  "25": 0.015269716890403967,
  "26": 0.03878021100885242,
  "27": 0.0777873722988579,
  "28": -0.12999041295438474,
  "29": -0.08209666921375311,
  "30": -0.17851504287911188,
  "31": 0.08547458626794242,
  "32": -0.12346436458695773,
  "33": 0.048716743512849735,
  "34": -0.04559811295845558,
  "35": 0.11767581826783291,
  "36": -0.046376357363051485,
  "37": 0.050040806285751645,
  "38": -0.080147182067401,
  "39": -0.04873456857694937,
  "40": -0.06029890185405625,
  "41": 0.08957148763464352,
  "42": -0.07557349868558758,
  "43": 0.07910057036842376,
  "44": 0.015507891166189848,
  "45": -0.02038047102212781,
  "46": 0.014100178117978212,
  "47": -0.012816436819129643,
  "48": 0.01897259079571636,
  "49": 0.04121701123598775,
  "50": -0.028535859111867776,
  "51": 0.056775974964844794,
  "52": 0.024850186363269737,
  "53": -0.025585295261040045,
  "54": 0.03413910418653762,
  "55": -0.020576637064297628,
  "56": 0.012455817245148727,
  "57": 0.08274334909155663,
  "58": -0.017208923081718015,
  "59": 0.008740546627933084,
  "60": 0.03372417388781579,
  "61": -0.1307272643370959,
  "62": 0.11167877051011338,
  "63": -0.06180552262383002
}