{
  "config": {
    "N_VERTICES": 4,
    "PROB_ARESTA": 0.85,
    "COM_PESO": false,
    "PESO_MIN": 1,
    "PESO_MAX": 1,
    "GRAPH_SEED": 104781,
    "GRAPH_EDGES": [
      [
        0,
        2,
        1.0
      ],
      [
        0,
        3,
        1.0
      ],
      [
        1,
        2,
        1.0
      ],
      [
        1,
        3,
        1.0
      ],
      [
        2,
        3,
        1.0
      ]
    ],
    "REVERSE_BITS": false,
    "ER": 0.75,
    "MAX_TERMS": null,
    "A_MAX": 0.6283185307179586,
    "INIT_BETA": 0.25,
    "MAX_EPOCHS": 200,
    "LR": 0.01,
    "FD_EPS": 0.01,
    "LOSS_TOL_LAST5": 0.002,
    "PATIENCE_LAST5": 7,
    "TRAIN_SEED": 6,
    "INIT_BETA_JITTER": 0.03,
    "OPTIMIZER": "adam",
    "ADAM_BETA1": 0.9,
    "ADAM_BETA2": 0.999,
    "ADAM_EPS": 1e-08,
    "COEF_ZERO_TOL": 0.002,
    "IMPROVEMENT_TOL": 0.002,
    "SATURATION_PATIENCE": 60,
    "INDEX_STRATEGY": "ascending",
    "INDEX_RANDOM_SEED": 42,
    "ENABLE_BACKWARD_PRUNING": false,
    "BACKWARD_PASSES": 1,
    "PRUNE_IMPROVEMENT_TOL": 1e-06,
    "OUTDIR": "benchmark_results_walsh_article/unweighted/coarse_loader/n4/graph06_trainseed06",
    "SHOW_PLOTS": false,
    "name": "coarse_loader"
  },
  "n_qubits_register": 4,
  "graph_edges": [
    [
      0,
      2,
      1.0
    ],
    [
      0,
      3,
      1.0
    ],
    [
      1,
      2,
      1.0
    ],
    [
      1,
      3,
      1.0
    ],
    [
      2,
      3,
      1.0
    ]
  ],
  "graph_signature": "d0a2f764541f34d9979e15c4cf98ceeae9b64c9a96b6d443de24544368e1cb36",
  "graph_num_edges": 5,
  "graph_density": 0.8333333333333334,
  "best_cut_bruteforce": 4.0,
  "best_bitstring_bruteforce": "0011",
  "best_index_bruteforce": 3,
  "candidate_order": [
    1,
    2,
    3,
    4,
    5,
    6,
    7,
    8,
    9,
    10,
    11,
    12,
    13,
    14,
    15
  ],
  "total_possible_parameters": 15,
  "visited_parameters": 15,
  "trained_coefficients": {
    "0": 0.0,
    "1": -0.1412986201574392,
    "2": 0.13767893582386423,
    "3": -0.15997972736087412,
    "4": 0.1957720689671164,
    "5": 0.25649703687313613,
    "6": 0.2153931981824976,
    "7": -0.01119669370929119,
    "8": -0.18036985575971545,
    "9": -0.10545156917526445,
    "10": -0.04623366767517357,
    "11": 0.0056579844954277045,
    "12": -0.21143918391946703,
    "13": 0.0847609059609962,
    "14": -0.09442618636493119,
    "15": -0.10593283663550297
  },
  "final_coefficient_vector": [
    0.0,
    -0.1412986201574392,
    0.13767893582386423,
    -0.15997972736087412,
    0.1957720689671164,
    0.25649703687313613,
    0.2153931981824976,
    -0.01119669370929119,
    -0.18036985575971545,
    -0.10545156917526445,
    -0.04623366767517357,
    0.0056579844954277045,
    -0.21143918391946703,
    0.0847609059609962,
    -0.09442618636493119,
    -0.10593283663550297
  ],
  "active_indices": [
    1,
    2,
    3,
    4,
    5,
    6,
    7,
    8,
    9,
    10,
    11,
    12,
    13,
    14,
    15
  ],
  "active_parameter_count": 15,
  "compression_ratio_active_over_total": 1.0,
  "final_loss": -3.201423097486802,
  "final_expected_cut": 3.201423097486802,
  "best_expected_cut_over_evolution": 3.201423097486802,
  "final_best_measured_index": 1,
  "final_best_measured_bitstring": "0001",
  "final_best_measured_cut": 3.0,
  "best_measured_cut_over_evolution": 3.0,
  "final_success_probability_ancilla_1": 0.045067460639303156,
  "final_max_postselected_probability": 0.24085732407905466,
  "gap_expected_to_bruteforce": 0.7985769025131981,
  "gap_measured_to_bruteforce": 1.0,
  "approx_ratio_measured": 0.75,
  "n_steps": 15,
  "elapsed_seconds": 10.007699728012085,
  "steps": [
    {
      "visit_idx": 1,
      "j": 1,
      "kept": true,
      "beta": -0.22879408909474258,
      "coefficient": -0.1412986201574392,
      "loss": -2.5,
      "expected_cut": 2.5,
      "best_measured_cut": 0.0,
      "success_probability_ancilla_1": 0.0028049937268582307,
      "epochs_run": 7,
      "stop_reason": "loss_plateau_last5",
      "history_path": "benchmark_results_walsh_article/unweighted/coarse_loader/n4/graph06_trainseed06/histories/history_visit001_j001.json",
      "improvement_vs_previous": 2.5
    },
    {
      "visit_idx": 2,
      "j": 2,
      "kept": true,
      "beta": 0.22273451334970118,
      "coefficient": 0.13767893582386423,
      "loss": -2.5,
      "expected_cut": 2.5,
      "best_measured_cut": 2.0,
      "success_probability_ancilla_1": 0.0054533009707137614,
      "epochs_run": 7,
      "stop_reason": "loss_plateau_last5",
      "history_path": "benchmark_results_walsh_article/unweighted/coarse_loader/n4/graph06_trainseed06/histories/history_visit002_j002.json",
      "improvement_vs_previous": 0.0
    },
    {
      "visit_idx": 3,
      "j": 3,
      "kept": true,
      "beta": -0.2603422727736412,
      "coefficient": -0.15997972736087412,
      "loss": -2.5,
      "expected_cut": 2.5,
      "best_measured_cut": 2.0,
      "success_probability_ancilla_1": 0.009008866272452946,
      "epochs_run": 7,
      "stop_reason": "loss_plateau_last5",
      "history_path": "benchmark_results_walsh_article/unweighted/coarse_loader/n4/graph06_trainseed06/histories/history_visit003_j003.json",
      "improvement_vs_previous": 0.0
    },
    {
      "visit_idx": 4,
      "j": 4,
      "kept": true,
      "beta": 0.32229536416186727,
      "coefficient": 0.1957720689671164,
      "loss": -2.5068975803929456,
      "expected_cut": 2.5068975803929456,
      "best_measured_cut": 2.0,
      "success_probability_ancilla_1": 0.0142919472062062,
      "epochs_run": 7,
      "stop_reason": "loss_plateau_last5",
      "history_path": "benchmark_results_walsh_article/unweighted/coarse_loader/n4/graph06_trainseed06/histories/history_visit004_j004.json",
      "improvement_vs_previous": 0.006897580392945635
    },
    {
      "visit_idx": 5,
      "j": 5,
      "kept": true,
      "beta": 0.43348267061896906,
      "coefficient": 0.25649703687313613,
      "loss": -2.745754296445022,
      "expected_cut": 2.745754296445022,
      "best_measured_cut": 3.0,
      "success_probability_ancilla_1": 0.02342321811507954,
      "epochs_run": 86,
      "stop_reason": "loss_plateau_last5",
      "history_path": "benchmark_results_walsh_article/unweighted/coarse_loader/n4/graph06_trainseed06/histories/history_visit005_j005.json",
      "improvement_vs_previous": 0.23885671605207648
    },
    {
      "visit_idx": 6,
      "j": 6,
      "kept": true,
      "beta": 0.3572720495470687,
      "coefficient": 0.2153931981824976,
      "loss": -2.8491649998512067,
      "expected_cut": 2.8491649998512067,
      "best_measured_cut": 3.0,
      "success_probability_ancilla_1": 0.029647462328933255,
      "epochs_run": 14,
      "stop_reason": "loss_plateau_last5",
      "history_path": "benchmark_results_walsh_article/unweighted/coarse_loader/n4/graph06_trainseed06/histories/history_visit006_j006.json",
      "improvement_vs_previous": 0.10341070340618463
    },
    {
      "visit_idx": 7,
      "j": 7,
      "kept": true,
      "beta": -0.017821978150991635,
      "coefficient": -0.01119669370929119,
      "loss": -2.8490460657035737,
      "expected_cut": 2.8490460657035737,
      "best_measured_cut": 3.0,
      "success_probability_ancilla_1": 0.02967797977549995,
      "epochs_run": 23,
      "stop_reason": "loss_plateau_last5",
      "history_path": "benchmark_results_walsh_article/unweighted/coarse_loader/n4/graph06_trainseed06/histories/history_visit007_j007.json",
      "improvement_vs_previous": -0.0001189341476330874
    },
    {
      "visit_idx": 8,
      "j": 8,
      "kept": true,
      "beta": -0.2953674991210535,
      "coefficient": -0.18036985575971545,
      "loss": -2.94386184388149,
      "expected_cut": 2.94386184388149,
      "best_measured_cut": 3.0,
      "success_probability_ancilla_1": 0.03397486111511142,
      "epochs_run": 66,
      "stop_reason": "loss_plateau_last5",