epoch,beta,coefficient,loss,expected_cut,best_measured_cut,success_probability_ancilla_1,max_postselected_probability,grad
0,-0.2551860832688018,-0.15694607093332796,-5.4999999999841025,5.4999999999841025,0.0,0.0034598870762148136,0.015624999999954838,1.192119699467113e-10
1,-0.2551914105126494,-0.15694920929040887,-5.499999999984104,5.499999999984104,0.0,0.003460025288388096,0.015624999999954842,1.1921600437082504e-10
2,-0.2551979324496097,-0.1569530514472623,-5.499999999984106,5.499999999984106,0.0,0.0034601944994083183,0.015624999999954845,1.192058285035289e-10
3,-0.2552054603025174,-0.15695748618655941,-5.499999999984109,5.499999999984109,0.0,0.0034603898132605586,0.015624999999954856,1.1918975109784598e-10
4,-0.25521387301793935,-0.15696244218816732,-5.499999999984107,5.499999999984107,0.0,0.0034606080909369515,0.015624999999954849,1.1915661107344906e-10
5,-0.25522308500861196,-0.1569678690256726,-5.499999999984106,5.499999999984106,0.0,0.0034608471135548612,0.015624999999954849,1.191544228411582e-10
6,-0.2552330313814157,-0.15697372846393587,-5.499999999984109,5.499999999984109,0.0,0.0034611051991139817,0.015624999999954856,1.1915373822796283e-10
