epoch,beta,coefficient,loss,expected_cut,best_measured_cut,success_probability_ancilla_1,max_postselected_probability,grad
0,-0.21455763587820093,-0.13277926738138554,-6.605480168634915,6.605480168634915,7.0,0.041507397478828686,0.12788398083238373,-0.1739524677410079
1,-0.2046254940453048,-0.12680506717781428,-6.6068406950347125,6.6068406950347125,7.0,0.041309516354205655,0.12769451523594164,-0.1494788900374623
2,-0.19483068004681683,-0.1208899630853128,-6.607934180566131,6.607934180566131,7.0,0.04112266520563286,0.12747821699985679,-0.1243517599887836
3,-0.1852683305387893,-0.1150936898626367,-6.608756866794114,6.608756866794114,7.0,0.040948328590691044,0.1272383190897872,-0.0988019074622723
4,-0.17606552334345557,-0.10949613619001065,-6.609314064129594,6.609314064129594,7.0,0.040788203099372256,0.12698020400735965,-0.07315243031939149
5,-0.1673852426991424,-0.10419991119161968,-6.609623768264916,6.609623768264916,7.0,0.040644149078283565,0.12671192704212678,-0.0478408228992429
6,-0.1594235358130997,-0.09932867615105578,-6.6097197802723064,6.6097197802723064,7.0,0.04051805318270162,0.12644443703265704,-0.02343363634959943
7,-0.15239434107421307,-0.09501775954942998,-6.6096523809781065,6.6096523809781065,7.0,0.04041157687629328,0.12619108821095376,-0.0006186846802545157
8,-0.14649962861888174,-0.09139551719676421,-6.6094842826838525,6.6094842826838525,7.0,0.04032582461461966,0.12596611769596325,0.019844029791361437
