epoch,beta,coefficient,loss,expected_cut,best_measured_cut,success_probability_ancilla_1,max_postselected_probability,grad
0,0.2279411615065849,0.1407897148829557,-6.114300937035956,6.114300937035956,7.0,0.027537857277218546,0.08748749992692381,0.12704261717109552
1,0.21801927242263974,0.13485561860694753,-6.115266914450202,6.115266914450202,7.0,0.027311809721733867,0.08913304695061905,0.10745689872727884
2,0.20826092584139266,0.12899462459948638,-6.116015756308636,6.116015756308636,7.0,0.0270977373332384,0.09075834862454243,0.08710905153224095
3,0.19878890983036465,0.12328309067031146,-6.116543860460737,6.116543860460737,7.0,0.026897915050990706,0.0923406126747456,0.06622607207015425
4,0.18977376461616877,0.11782727703155121,-6.116857812131993,6.116857812131993,7.0,0.026715146212221826,0.09384907676712745,0.04515237101320887
5,0.1814386560639401,0.11276655259896436,-6.116978945183531,6.116978945183531,7.0,0.026552697081596882,0.0952444473660266,0.024384034983213763
6,0.1740481635681951,0.10826665580128186,-6.1169465677414205,6.1169465677414205,7.0,0.026413979084386197,0.09648109449398139,0.004588657945121094
7,0.16787058490516749,0.10449644987456813,-6.116816333215374,6.116816333215374,7.0,0.026301908199781968,0.09751361110342378,-0.013420580233426828
