epoch,beta,coefficient,loss,expected_cut,best_measured_cut,success_probability_ancilla_1,max_postselected_probability,grad
0,-0.5730436711296023,-0.5420200875309721,-2.4999999999997735,2.4999999999997735,0.0,0.11043673512475435,0.06249999999999434,6.143443046700082e-13
1,-0.573043698644191,-0.5420201086251085,-2.4999999999997726,2.4999999999997726,0.0,0.11043674338926163,0.062499999999994324,6.16351018831981e-13
2,-0.5730437323330528,-0.5420201344527674,-2.4999999999997735,2.4999999999997735,0.0,0.11043675350832416,0.06249999999999434,6.153487613396904e-13
3,-0.5730437712257733,-0.5420201642699781,-2.4999999999997726,2.4999999999997726,0.0,0.11043676519046043,0.062499999999994324,6.154856988637369e-13
4,-0.5730438147155867,-0.5420201976115612,-2.4999999999997744,2.4999999999997744,0.0,0.1104367782534173,0.06249999999999438,6.164156043381174e-13
