epoch,beta,coefficient,loss,expected_cut,best_measured_cut,success_probability_ancilla_1,max_postselected_probability,grad
0,-0.3766126800270618,-0.28255654358327,-5.499999999998842,5.499999999998842,3.0,0.047454096070247156,0.046073726497434075,2.1876321644312778e-12
1,-0.3766127779255719,-0.2825566105208853,-5.499999999998841,5.499999999998841,3.0,0.047454104864851826,0.046073725604704435,2.191458727930207e-12
2,-0.3766128978720618,-0.2825566925336899,-5.499999999998842,5.499999999998842,3.0,0.04745411564011435,0.046073724510919394,2.1934098464571393e-12
3,-0.37661303637793997,-0.28255678723637334,-5.499999999998844,5.499999999998844,3.0,0.04745412808264196,0.04607372324789044,2.193128764854156e-12
4,-0.3766131911374872,-0.28255689305240844,-5.49999999999884,5.49999999999884,3.0,0.04745414198530391,0.04607372183664248,2.1884100323577578e-12
