epoch,beta,coefficient,loss,expected_cut,best_measured_cut,success_probability_ancilla_1,max_postselected_probability,grad
0,-0.25518334278030924,-0.1569444564683167,-1.4999999999956648,1.4999999999956648,0.0,0.0034598159767990646,0.06249999999981937,3.2508532378671935e-11
1,-0.2551847961694038,-0.1569453126830396,-1.4999999999956648,1.4999999999956648,0.0,0.003459853683543872,0.06249999999981937,3.251440086132323e-11
2,-0.25518657570544667,-0.15694636103529097,-1.4999999999956648,1.4999999999956648,0.0,0.003459899852090728,0.06249999999981937,3.2512029095570155e-11
3,-0.2551886298482865,-0.1569475711615018,-1.4999999999956648,1.4999999999956648,0.0,0.0034599531454076694,0.06249999999981937,3.2505329621162755e-11
4,-0.2551909257884427,-0.1569489237326515,-1.4999999999956652,1.4999999999956652,0.0,0.0034600127124082866,0.06249999999981938,3.25080491646686e-11
5,-0.2551934401644812,-0.15695040498572058,-1.4999999999956644,1.4999999999956644,0.0,0.0034600779471246866,0.06249999999981935,3.250841548997103e-11
6,-0.25519615516643657,-0.15695200442815238,-1.4999999999956648,1.4999999999956648,0.0,0.00346014838761517,0.06249999999981937,3.2502880545136645e-11
