epoch,beta,coefficient,loss,expected_cut,best_measured_cut,success_probability_ancilla_1,max_postselected_probability,grad
0,-0.22146884763733934,-0.1369216683502079,-1.49999999999832,1.49999999999832,0.0,0.008926883248945557,0.18651241249778922,4.275906097278857e-12
1,-0.22146903879985172,-0.13692178275731348,-1.4999999999983198,1.4999999999983198,0.0,0.008926887591291625,0.18651241850922562,4.275466045967859e-12
2,-0.22146927287265306,-0.13692192284539287,-1.4999999999983198,1.4999999999983198,0.0,0.00892689290836945,0.18651242586997208,4.276022400249047e-12
3,-0.22146954312620587,-0.13692208458693989,-1.4999999999983193,1.4999999999983193,0.0,0.008926899047316757,0.18651243436836562,4.277876049552053e-12
4,-0.22146984518631463,-0.1369222653640756,-1.49999999999832,1.49999999999832,0.0,0.0089269059087739,0.18651244386681237,4.275473614037633e-12
5,-0.22147017598339025,-0.1369224633397031,-1.4999999999983198,1.4999999999983198,0.0,0.00892691342301596,0.18651245426874402,4.275598673653781e-12
6,-0.22147053319509089,-0.13692267712393882,-1.49999999999832,1.49999999999832,0.0,0.008926921537292055,0.1865124655010917,4.276068668752715e-12
