{
  "0": 0.0,
  "1": -0.2954856192539237,
  "2": 0.2976151689310079,
  "3": -0.24906477885599485,
  "4": 0.2564368941119261,
  "5": 0.40778768040554125,
  "6": 0.3343675027916551,
  "7": -0.08538428732260396,
  "8": -0.2789237265650736,
  "9": 0.17669729986733174,
  "10": -0.01869277151713389,
  "11": 0.2288818418039199,
  "12": -0.29140411976232194,
  "13": 0.09139356978300692,
  "14": -0.13191543574691197,
  "15": -0.2976865053997052,
  "16": 0.05136489728022677,
  "17": -0.23837838982518275,
  "18": -0.03583987678798608,
  "19": -0.07581489019739823,
  "20": 0.19430798020573412,
  "21": 0.037706098311173525,
  "22": -0.06858423438390113,
  "23": 0.19922970858885738,
  "24": -0.005717266147652331,
  "25": 0.07990470281050377,
  "26": -0.11725687193066804,
  "27": 0.18546520265018634,
  "28": 0.06345653047091207,
  "29": -0.21951346200302754,
  "30": -0.13039898235569963,
  "31": -0.040287593636278526,
  "32": 0.0,
  "33": 0.01606151514591995,
  "34": 0.01855283183520416,
  "35": 0.01564435134685812,
  "36": -0.0130924626290682,
  "37": -0.014534194970130669,
  "38": -0.04071020186664991,
  "39": -0.06305309810655235,
  "40": 0.026180772934906282,
  "41": 0.019126917026598148,
  "42": 0.021829816584193428,
  "43": 0.029929028261965227,
  "44": -0.03038086196957119,
  "45": -0.04684122022443567,
  "46": -0.01738137852442207,
  "47": -0.02414388001734917,
  "48": 0.024446261812034686,
  "49": -0.011795765806413774,
  "50": 0.04893327312165839,
  "51": 0.01776448187552801,
  "52": 0.02419659486661677,
  "53": 0.0,
  "54": -0.018507743912846864,
  "55": -0.02800391175135549,
  "56": 0.022434434878319132,
  "57": 0.01740684855692388,
  "58": 0.024443925579628118,
  "59": 0.0,
  "60": -0.022344223285456342,
  "61": -0.006165696476448504,
  "62": 0.0,
  "63": 0.0
}