epoch,beta,coefficient,loss,expected_cut,best_measured_cut,success_probability_ancilla_1,max_postselected_probability,grad
0,0.5269297128506005,0.5058285156913169,-7.999771738559872,7.999771738559872,5.0,0.17899722041425917,0.031242866830008303,-0.041129381092745707
1,0.5365531540368622,0.5135188724425508,-7.999950568358229,7.999950568358229,5.0,0.1812727270733615,0.0312484552612066,-0.025641401182690513
2,0.5452820049876101,0.5204318690042539,-7.999999979232319,7.999999979232319,5.0,0.18334336368211063,0.031249999351021927,-0.011673802604231539
3,0.552404693040228,0.5260285978238288,-7.999965267103308,7.999965267103308,5.0,0.18503706878508838,0.031248914596990262,0.00023454937904737828
4,0.5573032810954577,0.5298545645624444,-7.999904090239472,7.999904090239472,5.0,0.18620377446887873,0.03124700281999518,0.009436763896938998
