{
  "0": 0.0,
  "1": -0.29548630494689393,
  "2": 0.29761514189505867,
  "3": -0.24906489663747006,
  "4": 0.25643689530940067,
  "5": 0.4077875258831732,
  "6": 0.3343674933119079,
  "7": -0.08538411701554201,
  "8": -0.2472365743509915,
  "9": -0.22797959581016014,
  "10": -0.05483570735415606,
  "11": 0.053016274886273904,
  "12": -0.31354413802114484,
  "13": 0.2053600950534202,
  "14": -0.19273983366068195,
  "15": -0.13276009889135093,
  "16": 0.03782412590082862,
  "17": 0.05598569337653673,
  "18": 0.03254785276693804,
  "19": 0.01662241208817742,
  "20": -0.21594988175940835,
  "21": -0.04223718909317911,
  "22": -0.1183560429136017,
  "23": -0.188464965368226,
  "24": 0.34854309453859167,
  "25": 0.05784445710315848,
  "26": 0.05700652660486519,
  "27": 0.2363239040479411,
  "28": 0.010631599964467373,
  "29": -0.01601853648663567,
  "30": 0.0,
  "31": 0.0,
  "32": 0.041068830862004864,
  "33": 0.11857275007488026,
  "34": 0.047767315788368694,
  "35": -0.06427482588487009,
  "36": -0.10611308206228554,
  "37": -0.030997712801594225,
  "38": 0.09416210075402674,
  "39": -0.15938002169103727,
  "40": 0.0,
  "41": 0.07882189661408263,
  "42": -0.13598907865455118,
  "43": 0.07385663039991269,
  "44": -0.05425164512917846,
  "45": 0.06570368832557284,
  "46": 0.1409966901062735,
  "47": 0.08044765362486755,
  "48": -0.11756580641341244,
  "49": -0.018106135624863108,
  "50": 0.03655769377711287,
  "51": -0.10416320169149092,
  "52": -0.02981676722001297,
  "53": 0.10584598766365647,
  "54": 0.11151377905816824,
  "55": -0.06426089920429104,
  "56": 0.046028734520816746,
  "57": -0.15687102038222933,
  "58": -0.09853861334022891,
  "59": 0.024544398016324062,
  "60": 0.042413935391503337,
  "61": -0.031125691577996474,
  "62": 0.03231449169759132,
  "63": -0.015566857683627467
}