epoch,beta,coefficient,loss,expected_cut,best_measured_cut,success_probability_ancilla_1,max_postselected_probability,grad
0,-0.30825452286743765,-0.23471493698998092,-5.999999999995623,5.999999999995623,0.0,0.013709661629824262,0.015624999999988603,2.6561741755922082e-11
1,-0.30825571023335135,-0.23471578625789194,-5.999999999995622,5.999999999995622,0.0,0.013709760385313206,0.0156249999999886,2.6558627559944037e-11
2,-0.30825716411975945,-0.23471682615476264,-5.999999999995622,5.999999999995622,0.0,0.013709881308202497,0.0156249999999886,2.656348849094245e-11
3,-0.30825884240738805,-0.23471802655419532,-5.999999999995625,5.999999999995625,0.0,0.013710020895551735,0.015624999999988606,2.6558167857527586e-11
4,-0.30826071817398715,-0.23471936819953157,-5.999999999995623,5.999999999995623,0.0,0.013710176908380833,0.015624999999988603,2.6554045916692796e-11
