epoch,beta,coefficient,loss,expected_cut,best_measured_cut,success_probability_ancilla_1,max_postselected_probability,grad
0,-0.2611607002847173,-0.16046052294730992,-4.499999999987556,4.499999999987556,0.0,0.003616385514074068,0.015624999999956792,9.09809230305942e-11
1,-0.26116476624052803,-0.16046291104325647,-4.499999999987556,4.499999999987556,0.0,0.003616493028539502,0.015624999999956792,9.097397239710501e-11
2,-0.2611697444096139,-0.16046583491122487,-4.499999999987557,4.499999999987557,0.0,0.0036166246661649606,0.015624999999956795,9.098270149684134e-11
3,-0.26117549100013593,-0.16046921009307272,-4.49999999998756,4.49999999998756,0.0,0.0036167766256949858,0.015624999999956805,9.098877637527863e-11
4,-0.26118191325153484,-0.16047298210343158,-4.499999999987557,4.499999999987557,0.0,0.003616946455248028,0.015624999999956795,9.094768278113631e-11
5,-0.2611889462134661,-0.16047711279101237,-4.499999999987558,4.499999999987558,0.0,0.003617132438304541,0.015624999999956802,9.096914220223365e-11
6,-0.26119653988114294,-0.16048157278267625,-4.499999999987561,4.499999999987561,0.0,0.003617333253534556,0.015624999999956809,9.094297186666872e-11
