epoch,beta,coefficient,loss,expected_cut,best_measured_cut,success_probability_ancilla_1,max_postselected_probability,grad
0,0.2689015410341389,0.16499796770662178,-5.561839517584309,5.561839517584309,5.0,0.05454088836710885,0.10086616371798207,0.09448044161354412
1,0.2590048131907036,0.15919358867706335,-5.562515420918061,5.562515420918061,5.0,0.05430483226947811,0.10070677288545427,0.07712192405464115
2,0.24932943848791286,0.15349081620385488,-5.563003834839904,5.563003834839904,5.0,0.05408113424993461,0.10053432291423468,0.05937661313113128
3,0.2400496051705371,0.1479957823300583,-5.563307490269497,5.563307490269497,5.0,0.05387330202297448,0.10035318594613947,0.04149732805625663
4,0.23140855604988592,0.14285734151027174,-5.563441347746667,5.563441347746667,5.0,0.053685812507125515,0.10017042975609425,0.02386987553776688
5,0.2237140440559452,0.13826471613179292,-5.563436900173076,5.563436900173076,5.0,0.05352384830788363,0.09999609256081302,0.007047372289419455
6,0.21729587640414097,0.13442196618796676,-5.5633423676881915,5.5633423676881915,5.0,0.05339239964530431,0.099842215951038,-0.008252815572838162
