epoch,beta,coefficient,loss,expected_cut,best_measured_cut,success_probability_ancilla_1,max_postselected_probability,grad
0,-0.21907299618863088,-0.1354870507791905,-5.239990209943764,5.239990209943764,5.0,0.042174769368179654,0.06239488754406017,-0.0465116884465079
1,-0.20942937862953961,-0.12969767230526674,-5.240193295938594,5.240193295938594,5.0,0.04197778212413794,0.06208401431453271,-0.02947582676894798
2,-0.20073963653175544,-0.12446112887913943,-5.2402348516822945,5.2402348516822945,5.0,0.041807043030759876,0.06179133051217264,-0.01256522501021769
3,-0.19394685996321054,-0.12035510896170795,-5.240171860203976,5.240171860203976,5.0,0.0416781082916885,0.061554208812322125,0.0030607948762177797
4,-0.18985665687661252,-0.11787752741400567,-5.240092853868011,5.240092853868011,5.0,0.04160241129545369,0.06140789277926339,0.015520850369297817
5,-0.1884965878917479,-0.11705283854365924,-5.240059675189552,5.240059675189552,5.0,0.04157756585305575,0.0613586504575311,0.02312341720137281
6,-0.1893101570760853,-0.11754620323553734,-5.240079937902481,5.240079937902481,5.0,0.04159240840056197,0.06138814171444276,0.025667615718759525
