epoch,beta,coefficient,loss,expected_cut,best_measured_cut,success_probability_ancilla_1,max_postselected_probability,grad
0,-0.225738236673512,-0.13947442556383488,-4.499999999995488,4.499999999995488,2.0,0.009971182709843459,0.04656255338522778,1.0433921574005798e-11
1,-0.22573870306924582,-0.1394747041689989,-4.499999999995489,4.499999999995489,2.0,0.009971193460041163,0.04656255878241897,1.0430309363906524e-11
2,-0.22573927405139937,-0.1394750452496058,-4.499999999995487,4.499999999995487,2.0,0.009971206620931717,0.046562565389788,1.0427819494316185e-11
3,-0.2257399332367222,-0.13947543901895068,-4.499999999995486,4.499999999995486,2.0,0.009971221814902726,0.04656257301768845,1.0432784751687678e-11
4,-0.22574067001291517,-0.13947587913765314,-4.499999999995485,4.499999999995485,2.0,0.009971238797359115,0.04656258154325756,1.0429664517096282e-11
5,-0.22574147693233992,-0.13947636115676817,-4.499999999995488,4.499999999995488,2.0,0.009971257396649514,0.04656259088025516,1.0432530742565075e-11
6,-0.22574234828523765,-0.1394768816654872,-4.499999999995488,4.499999999995488,2.0,0.00997127748117974,0.04656260096255252,1.0431383839064343e-11
