epoch,beta,coefficient,loss,expected_cut,best_measured_cut,success_probability_ancilla_1,max_postselected_probability,grad
0,-0.23949595645259694,-0.14766717157451875,-4.906676847795228,4.906676847795228,4.0,0.029016625293895485,0.06115164814694534,-0.06943140633272762
1,-0.22959488771499223,-0.14177624466772668,-4.907178118485961,4.907178118485961,4.0,0.028789616753000964,0.060875083320248595,-0.05700890277018724
2,-0.21990757339299677,-0.13598695829650553,-4.907542848746888,4.907542848746888,4.0,0.02857548647150708,0.060584036524976924,-0.04415614515316537
3,-0.2106055955720738,-0.13040504918587714,-4.907771432950053,4.907771432950053,4.0,0.02837744222960897,0.060285197799169174,-0.031059617548998147
4,-0.2019319583687064,-0.1251807209710679,-4.907873426075295,4.907873426075295,4.0,0.02819957321265801,0.05998920114266966,-0.018011945018775212
5,-0.19419883587051737,-0.12050761363809936,-4.907871146157092,4.907871146157092,4.0,0.0280466084648564,0.059711023646428434,-0.005442326493173318
6,-0.18774591218135703,-0.11659748102618725,-4.907800280614978,4.907800280614978,4.0,0.027923072938709225,0.05946850751658507,0.0060806960242001905
