epoch,beta,coefficient,loss,expected_cut,best_measured_cut,success_probability_ancilla_1,max_postselected_probability,grad
0,-0.21572601388262178,-0.1334804233344717,-5.764698951300723,5.764698951300723,6.0,0.060846678023231314,0.10694399318836834,-0.051502206410179156
1,-0.20614596258845333,-0.12772121305200734,-5.7649004126284,5.7649004126284,6.0,0.06067089718370498,0.10670565750286887,-0.03102603808881114
2,-0.1977141746087997,-0.12263367524316485,-5.76491714746728,5.76491714746728,6.0,0.06052243532467239,0.1064823115327146,-0.01096115752940824
3,-0.19151917922435702,-0.11888503956186199,-5.764832008137016,5.764832008137016,6.0,0.060417138660214656,0.10631004792530308,0.007044166698717487
4,-0.18827663998754404,-0.11691943200804611,-5.764754151186191,5.764754151186191,6.0,0.0603633146458308,0.10621710992348142,0.02046935707427007
5,-0.1877517183313183,-0.11660100350592648,-5.764739382052222,5.764739382052222,6.0,0.060354685079618955,0.10620188486147573,0.027560022889683178
6,-0.18924221418518847,-0.11750500704042963,-5.764779740564364,5.764779740564364,6.0,0.06037924946613044,0.10624498501393691,0.0287119271828608
