epoch,beta,coefficient,loss,expected_cut,best_measured_cut,success_probability_ancilla_1,max_postselected_probability,grad
0,0.2602790362961434,0.15994256994504455,-4.837977519529218,4.837977519529218,4.0,0.022580411251593033,0.03789422377147179,-0.11833846204999755
1,0.27020460592697954,0.16575998601673142,-4.838892279490085,4.838892279490085,4.0,0.022839756630573194,0.03814593048802026,-0.1006544249994969
2,0.27999057798785865,0.17146584011275243,-4.83963357480772,4.83963357480772,4.0,0.023102952248695432,0.038378213124955186,-0.08378415145588694
3,0.28955870591908334,0.17701529691638154,-4.840210609175731,4.840210609175731,4.0,0.02336731141958893,0.038590475811889804,-0.06783090209828314
4,0.2988176351055263,0.18235702183140418,-4.840635874361186,4.840635874361186,4.0,0.023629573813308477,0.03878228812684011,-0.05289465824526619
5,0.3076643866967002,0.18743421226482412,-4.840925217697326,4.840925217697326,4.0,0.023885935767785523,0.03895343105393956,-0.03906906712169117
6,0.31598792873605847,0.1921867380458127,-4.8410976091074,4.8410976091074,4.0,0.02413216013586443,0.03910394316520756,-0.026437476158981666
7,0.3236750828410674,0.19655447369068302,-4.841174509529569,4.841174509529569,4.0,0.02436378033575343,0.03923415774321656,-0.01506822196209173
8,0.33061841379067836,0.2004815769584233,-4.841178810423868,4.841178810423868,4.0,0.02457639155581507,0.03934471908252618,-0.005009699345873491
