{
  "0": 0.0,
  "1": -0.2836351836748096,
  "2": 0.2846070122855778,
  "3": 0.0,
  "4": 0.20109524127235398,
  "5": 0.0,
  "6": 0.0,
  "7": -0.24548410728987966,
  "8": 0.043177276133284696,
  "9": 0.0,
  "10": 0.0,
  "11": -0.04246565191652398,
  "12": 0.0,
  "13": 0.01798254059318876,
  "14": -0.007298580746046621,
  "15": 0.0
}