epoch,beta,coefficient,loss,expected_cut,best_measured_cut,success_probability_ancilla_1,max_postselected_probability,grad
0,-0.36357653800827355,-0.2736016561736146,-2.9999999999996882,2.9999999999996882,1.0,0.09637254260007067,0.1041722470120004,1.7855984041811675e-13
1,-0.363576545984902,-0.2736016616781755,-2.999999999999688,2.999999999999688,1.0,0.0963725430403507,0.10417224696380681,1.782705533947284e-13
2,-0.3635765557532589,-0.27360166841918343,-2.999999999999689,2.999999999999689,1.0,0.09637254357952743,0.10417224690478794,1.784801595923452e-13
3,-0.36357656701993124,-0.273601676194158,-2.9999999999996887,2.9999999999996887,1.0,0.09637254420140559,0.10417224683671637,1.7788837119677143e-13
4,-0.36357657961462764,-0.27360168488558356,-2.9999999999996887,2.9999999999996887,1.0,0.09637254489658573,0.10417224676062105,1.7835232074881876e-13
