epoch,beta,coefficient,loss,expected_cut,best_measured_cut,success_probability_ancilla_1,max_postselected_probability,grad
0,-0.29958482618137433,-0.22849794982552327,-4.292764597955083,4.292764597955083,6.0,0.14910734079620674,0.10411247971447936,-0.25907533203589306
1,-0.2896128863977698,-0.22130829630197646,-4.295053602167602,4.295053602167602,6.0,0.14875644507751518,0.10429618849812093,-0.2395529536936242
2,-0.27969308785398844,-0.21411603473330604,-4.2971283511191185,4.2971283511191185,6.0,0.14842358804772685,0.10446536154696606,-0.21942794009990577
3,-0.26985443859900976,-0.2069440791389704,-4.298980718221167,4.298980718221167,6.0,0.14810978030047559,0.10461934509267408,-0.19877245458532844
4,-0.26013162227186515,-0.19981993201087203,-4.300604547481466,4.300604547481466,6.0,0.14781598387054462,0.10475760137227426,-0.17767711750041393
5,-0.25056575460367886,-0.19277629838756585,-4.301996272601834,4.301996272601834,6.0,0.1475430803414542,0.10487974877095065,-0.15625348520889767
6,-0.2412050493535765,-0.18585163057267962,-4.303155608178431,4.303155608178431,6.0,0.14729183181377403,0.10498560725022399,-0.13463642170898546
7,-0.2321052593670145,-0.17909049736910143,-4.304086276823152,4.304086276823152,6.0,0.1470628349913943,0.10507524700569165,-0.11298607545098474
8,-0.22332970516330797,-0.17254362912447993,-4.304796705357609,4.304796705357609,6.0,0.1468564700317327,0.10514903635535837,-0.09148903272578054
9,-0.2149486583004903,-0.16626745337176577,-4.305300585579135,4.305300585579135,6.0,0.14667284789641305,0.10520768240842097,-0.07035806711322594
10,-0.2070378347630735,-0.16032292516326388,-4.305617158351284,4.305617158351284,6.0,0.14651176258206267,0.10525225556860962,-0.04982978448913391
11,-0.19967580865587128,-0.15477349827608436,-4.305771059554495,4.305771059554495,6.0,0.1463726572147486,0.1052841873542622,-0.030159450650770976
12,-0.19294030840548723,-0.14968220235074764,-4.3057915844364425,4.3057915844364425,6.0,0.14625461441197388,0.10530523176867398,-0.011612482693108208
