{
  "0": 0.0,
  "1": -0.2836356117630328,
  "2": 0.2715325388566655,
  "3": -0.2690932239150827,
  "4": 0.2702981704421442,
  "5": 0.4001225030423652,
  "6": 0.3299886821653819,
  "7": -0.0627473247291039,
  "8": -0.23956505807181122,
  "9": -0.19927224262467344,
  "10": -0.036384133353367314,
  "11": 0.04261223726579963,
  "12": -0.31883339441854636,
  "13": 0.1723702064623755,
  "14": -0.1870307902232656,
  "15": -0.13249197683451186,
  "16": -0.0863225500261072,
  "17": -0.225052014586722,
  "18": -0.09497218580056516,
  "19": 0.009425032475292316,
  "20": 0.1895134598968164,
  "21": 0.12618139271554893,
  "22": -0.059495075592867215,
  "23": 0.20884890385101523,
  "24": 0.1365591088786651,
  "25": -0.13065251797141733,
  "26": 0.13166357815709537,
  "27": 0.017837450844509457,
  "28": 0.13429461377329885,
  "29": -0.016186594557746257,
  "30": -0.11247064784834279,
  "31": -0.06837947046283448,
  "32": 0.01210647412876823,
  "33": 0.037818611318638645,
  "34": 0.06074615794393756,
  "35": -0.017775075256692526,
  "36": -0.1899157757051579,
  "37": -0.042215623897655034,
  "38": -0.014905919301428835,
  "39": -0.20669304945919775,
  "40": 0.19910407370427896,
  "41": 0.05493007303081472,
  "42": 0.07353691709893895,
  "43": 0.14694874848581727,
  "44": -0.0093166101992765,
  "45": 0.08965291885445115,
  "46": 0.10154264092133768,
  "47": -0.02360875680859907,
  "48": 0.06567950821340847,
  "49": -0.017638133369301166,
  "50": 0.013142670641189421,
  "51": 0.026662238953859257,
  "52": -0.005597585116499135,
  "53": -0.11962794841787086,
  "54": -0.07849771989967805,
  "55": -0.030243106482619388,
  "56": 0.022847499441934423,
  "57": 0.00559238942578138,
  "58": 0.013866095239773809,
  "59": 0.001681695432953122,
  "60": -0.01975408952385887,
  "61": -0.01300118491713757,
  "62": 0.0011171324135825916,
  "63": -0.010778906126432447
}