{
  "0": 0.0,
  "1": -0.23491391426111277,
  "2": 0.24931538747873863,
  "3": -0.2825565320157515,
  "4": 0.39827860206284416,
  "5": -0.020582980171569974,
  "6": 0.32868369397527997,
  "7": -0.2638039807495511,
  "8": -0.221786679654795,
  "9": -0.06314476559779084,
  "10": -0.15814211795927866,
  "11": 0.1144926061462596,
  "12": 0.11948605326119259,
  "13": 0.21218098085448725,
  "14": -0.16202002871549995,
  "15": 0.1984618001968478
}