epoch,beta,coefficient,loss,expected_cut,best_measured_cut,success_probability_ancilla_1,max_postselected_probability,grad
0,-0.27499056272474987,-0.16855425204392036,-3.7713578325546244,3.7713578325546244,6.0,0.05361395484745187,0.2539386817236504,0.01978580748837225
1,-0.2835125972370971,-0.17351201119585297,-3.7713573550074075,3.7713573550074075,6.0,0.05375520346278044,0.2536325586582216,0.0057925407605785234
2,-0.2880997865629594,-0.1761710411471946,-3.7713162904723347,3.7713162904723347,6.0,0.053833502368274055,0.2534564508028638,-0.0058622401250580025
3,-0.2885283376174067,-0.17641910931244423,-3.7713110127187384,3.7713110127187384,6.0,0.053840897585896226,0.25343959938747257,-0.01202915939262476
4,-0.2863588166519465,-0.17516266271112665,-3.771335204835187,3.771335204835187,6.0,0.05380360035280922,0.25352421044978474,-0.012601417237589918
5,-0.28286259451138346,-0.17313468019515188,-3.7713608795774456,3.7713608795774456,6.0,0.053744236203776594,0.25365687735196174,-0.009697549728815038
6,-0.27900148048523493,-0.17089049896368413,-3.7713699831725127,3.7713699831725127,6.0,0.05367974670284891,0.25379804778696535,-0.004982294721201459
