epoch,beta,coefficient,loss,expected_cut,best_measured_cut,success_probability_ancilla_1,max_postselected_probability,grad
0,-0.27413000317577835,-0.1680523425127957,-2.999999999998142,2.999999999998142,1.0,0.016154693493615237,0.07709895970592842,3.0479967229489557e-12
1,-0.274130139446672,-0.1680524220092319,-2.999999999998142,2.999999999998142,1.0,0.016154697105866818,0.07709895808538968,3.0478384356710713e-12
2,-0.2741303063085738,-0.16805251935155563,-2.9999999999981433,2.9999999999981433,1.0,0.01615470152902295,0.07709895610105347,3.0482627383480234e-12
3,-0.2741304989361318,-0.16805263172479426,-2.9999999999981424,2.9999999999981424,1.0,0.01615470663517486,0.07709895381029873,3.048079604490992e-12
4,-0.2741307142279352,-0.16805275731967187,-2.9999999999981437,2.9999999999981437,1.0,0.01615471234211175,0.07709895125000359,3.0470070662118444e-12
5,-0.2741309500035352,-0.16805289486417457,-2.999999999998143,2.999999999998143,1.0,0.016154718592035544,0.07709894844609384,3.0474740788490807e-12
6,-0.27413120459441864,-0.16805304338493698,-2.9999999999981424,2.9999999999981424,1.0,0.01615472534071851,0.07709894541840753,3.0469935741789786e-12
