epoch,beta,coefficient,loss,expected_cut,best_measured_cut,success_probability_ancilla_1,max_postselected_probability,grad
0,0.23279886537032646,0.14368547809898485,-2.9999999999984057,2.9999999999984057,1.0,0.018810224830412614,0.09243810133882549,-1.9168040894314647e-12
1,0.23279895109507387,0.1436855291446566,-2.9999999999984066,2.9999999999984066,1.0,0.018810226769214664,0.09243810181200965,-1.9178592885457712e-12
2,0.23279905606813187,0.14368559165192762,-2.999999999998405,2.999999999998405,1.0,0.01881022914334886,0.09243810239143647,-1.9177832986432483e-12
3,0.23279917724709548,0.14368566380916564,-2.9999999999984053,2.9999999999984053,1.0,0.018810231884006785,0.09243810306031039,-1.9173531607394405e-12
4,0.23279931269292437,0.14368574446174803,-2.999999999998405,2.999999999998405,1.0,0.018810234947334407,0.09243810380792603,-1.9173340490581872e-12
5,0.23279946104894425,0.14368583280182787,-2.999999999998406,2.999999999998406,1.0,0.01881023830264877,0.09243810462679272,-1.918635720694204e-12
6,0.23279962125134895,0.14368592819594955,-2.999999999998406,2.999999999998406,1.0,0.018810241925890654,0.09243810551103632,-1.917679997441485e-12
