epoch,beta,coefficient,loss,expected_cut,best_measured_cut,success_probability_ancilla_1,max_postselected_probability,grad
0,0.25400410173528476,0.15624954211725653,-2.9999999999975757,2.9999999999975757,1.0,0.012376782495323611,0.06185888228909819,-4.969960429340331e-12
1,0.2540043239499235,0.1562496731044616,-2.999999999997576,2.999999999997576,1.0,0.01237678813493447,0.06185888087487856,-4.970460278205164e-12
2,0.25400459602222164,0.15624983348086943,-2.999999999997575,2.999999999997575,1.0,0.012376795039894167,0.061858879143331935,-4.9695033200643305e-12
3,0.2540049101662358,0.15625001865694774,-2.9999999999975766,2.9999999999975766,1.0,0.012376803012605238,0.06185887714399789,-4.973322426958642e-12
4,0.25400526132241863,0.15625022565027286,-2.999999999997577,2.999999999997577,1.0,0.012376811924663715,0.06185887490906483,-4.972186642581899e-12
5,0.2540056458517832,0.15625045231578838,-2.9999999999975753,2.9999999999975753,1.0,0.012376821683718115,0.06185887246168067,-4.968481957706078e-12
6,0.25400606109807844,0.15625069708772402,-2.9999999999975757,2.9999999999975757,1.0,0.012376832222357907,0.061858869818739136,-4.9714112265244596e-12
