epoch,beta,coefficient,loss,expected_cut,best_measured_cut,success_probability_ancilla_1,max_postselected_probability,grad
0,-0.24219172088398805,-0.14926639760364735,-4.267894609040057,4.267894609040057,6.0,0.0519351341121627,0.3008337740425867,-0.10246605007418419
1,-0.23234074891261805,-0.1434126594326902,-4.26855776572671,4.26855776572671,6.0,0.051905890831315034,0.301013185525675,-0.07904025906362672
2,-0.22282309792781319,-0.13773192165463202,-4.268976653997576,4.268976653997576,6.0,0.05188576958436414,0.30113677856932825,-0.05552855885002105
3,-0.2139203340424892,-0.1323966697541133,-4.269168124815056,4.269168124815056,6.0,0.0518742793332156,0.3012074361926133,-0.032436101420087425
4,-0.2060183123123652,-0.1276443201412238,-4.2691737750189676,4.2691737750189676,6.0,0.051870086547933,0.3012332761820645,-0.010531143174684973
5,-0.19955053468158315,-0.12374314150350224,-4.269062255668469,4.269062255668469,6.0,0.05187089957048007,0.3012283499235551,0.009134087003537126
6,-0.19486086801156122,-0.1209082284795059,-4.268915525753107,4.268915525753107,6.0,0.051873897197465824,0.3012099852533652,0.025370458755481915
