{
  "0": 0.0,
  "1": -0.2701873877904497,
  "2": 0.2695990476100895,
  "3": -0.0010318374972879776,
  "4": 0.19298443914228777,
  "5": 0.0010738563588682931,
  "6": 0.0,
  "7": -0.23627498863677984,
  "8": -0.07576520121252332,
  "9": 0.0,
  "10": 0.0,
  "11": 0.12305910644500419,
  "12": -0.0011044786548292048,
  "13": 0.14333713129515013,
  "14": -0.1676972803815002,
  "15": 0.0
}