epoch,beta,coefficient,loss,expected_cut,best_measured_cut,success_probability_ancilla_1,max_postselected_probability,grad
0,-0.3453177600515824,-0.2609222862034194,-2.999999999999486,2.999999999999486,1.0,0.058395620874979716,0.0460586890000336,7.261137260572521e-13
1,-0.34531779250612304,-0.26092230887990836,-2.9999999999994857,2.9999999999994857,1.0,0.058395623548821184,0.046058689181583894,7.256875843153123e-13
2,-0.34531783219680007,-0.2609223366123969,-2.9999999999994866,2.9999999999994866,1.0,0.05839562681882849,0.046058689403612844,7.235187781639971e-13
3,-0.3453178780229413,-0.260922368631828,-2.9999999999994857,2.9999999999994857,1.0,0.058395630594320395,0.04605868965996315,7.253835210070197e-13
4,-0.3453179292445747,-0.26092240442117154,-2.9999999999994857,2.9999999999994857,1.0,0.05839563481433269,0.04605868994649536,7.250802706075718e-13
