epoch,beta,coefficient,loss,expected_cut,best_measured_cut,success_probability_ancilla_1,max_postselected_probability,grad
0,-0.3146241527919236,-0.23926212292798826,-3.9999999999971916,3.9999999999971916,0.0,0.014243447137231776,0.01562499999998903,1.6640751441630476e-11
1,-0.31462489708832564,-0.23926265324637067,-3.9999999999971942,3.9999999999971942,0.0,0.014243509976272085,0.01562499999998904,1.665523603666988e-11
2,-0.31462580845641447,-0.2392633026046176,-3.9999999999971907,3.9999999999971907,0.0,0.01424358692089456,0.015624999999989026,1.6650256100488962e-11
3,-0.3146268606693473,-0.2392640523156785,-3.999999999997193,3.999999999997193,0.0,0.014243675756911107,0.015624999999989037,1.6656337789385043e-11
4,-0.31462803651414767,-0.23926489011497454,-3.9999999999971916,3.9999999999971916,0.0,0.01424377503114913,0.01562499999998903,1.6636312319455767e-11
