epoch,beta,coefficient,loss,expected_cut,best_measured_cut,success_probability_ancilla_1,max_postselected_probability,grad
0,-0.367233628356353,-0.27612214133890284,-3.9999999999991163,3.9999999999991163,2.0,0.045172057511616404,0.04610400044727143,1.7381605749636843e-12
1,-0.3672337060475687,-0.2761221948154747,-3.9999999999991154,3.9999999999991154,2.0,0.04517206440369156,0.04610399970003661,1.7372405789507724e-12
2,-0.3672338011198651,-0.27612226025582254,-3.9999999999991163,3.9999999999991163,2.0,0.04517207283766321,0.046103998785629444,1.734920581971052e-12
3,-0.36723391084519535,-0.2761223357821697,-3.9999999999991145,3.9999999999991145,2.0,0.045172082571523914,0.046103997730287824,1.7351846996454757e-12
4,-0.36723403350207473,-0.27612242020957833,-3.999999999999115,3.999999999999115,2.0,0.04517209345255943,0.046103996550568536,1.7368710480515276e-12
