epoch,beta,coefficient,loss,expected_cut,best_measured_cut,success_probability_ancilla_1,max_postselected_probability,grad
0,0.4621390662385589,0.45220713423971026,-1.3240212180786723,1.3240212180786723,1.0,0.3031910236710613,0.20409452501644823,-0.03972086386272304
1,0.47205527497714955,0.46061868346693513,-1.324320694694476,1.324320694694476,1.0,0.30314196817917033,0.20390706941017245,-0.03331823767491454
2,0.4818086150350213,0.4688208142092163,-1.3245558358808285,1.3245558358808285,1.0,0.3031150910949606,0.20369940280338933,-0.027106368263662257
3,0.4912981152258203,0.47673262489680823,-1.324729354892319,1.324729354892319,1.0,0.3031087752726754,0.20347586555152575,-0.021134335257458274
4,0.5003989341506322,0.484256443531586,-1.3248457630217967,1.3248457630217967,1.0,0.3031206330558739,0.2032421956611039,-0.015458896539213026
5,0.5089635671798445,0.4912793977105479,-1.3249116452452796,1.3249116452452796,1.0,0.30314741502551545,0.20300558128553195,-0.010144168676708728
6,0.5168285735517955,0.49767916072283075,-1.32493570868958,1.32493570868958,1.0,0.3031850314454198,0.20277445789521062,-0.005259644371708857
