epoch,beta,coefficient,loss,expected_cut,best_measured_cut,success_probability_ancilla_1,max_postselected_probability,grad
0,-0.4514083096358635,-0.4430231541492866,-1.4683432939334422,1.4683432939334422,1.0,0.26003031508788577,0.20302291348395285,0.07763916911477763
1,-0.4613397863236646,-0.4515259745384335,-1.4689518467846965,1.4689518467846965,1.0,0.25989654883712177,0.2021969384550258,0.06664754942162975
2,-0.47114087969825375,-0.45984608334152477,-1.4694491760604995,1.4694491760604995,1.0,0.25979191209151353,0.2013585698838487,0.055938116863493675
3,-0.48073497524862036,-0.46792141212641114,-1.4698387286928838,1.4698387286928838,1.0,0.2597151997306514,0.20051664606550598,0.04558250087453254
4,-0.4900293828032543,-0.4756787571366919,-1.470126317749145,1.470126317749145,1.0,0.2596645638036821,0.1996819769720682,0.03566041615894553
5,-0.49891542937210953,-0.4830342922505054,-1.4703204666187775,1.4703204666187775,1.0,0.25963742272291684,0.19886736028322055,0.02625911813005429
6,-0.5072710148263325,-0.4898959590383765,-1.4704325737342245,1.4704325737342245,1.0,0.25963042276223164,0.1980873225733552,0.017471545589594014
7,-0.5149665402156045,-0.49616831931448196,-1.470476746001979,1.470476746001979,1.0,0.2596394941904753,0.19735747689947847,0.009392623581243926
8,-0.521874447739871,-0.5017599105400431,-1.4704691673936594,1.4704691673936594,1.0,0.25966003815446403,0.19669345928930668,0.0021134531155411205
