epoch,beta,coefficient,loss,expected_cut,best_measured_cut,success_probability_ancilla_1,max_postselected_probability,grad
0,0.3145511987658391,0.23921014131211463,-2.999999988033254,2.999999988033254,3.0,0.02807514317932433,0.12499999850424587,-0.04801394075628138
1,0.3213025877692062,0.24401084160399394,-2.9999015491837566,2.9999015491837566,3.0,0.028633105698944877,0.12498769364805691,-0.000328964441128286
2,0.3224467727608979,0.24482245249198678,-2.9998654701012155,2.9998654701012155,3.0,0.028728509259899445,0.12498318376273883,0.02913520818144358
3,0.3202417602566325,0.24325784341102238,-2.999930079888553,2.999930079888553,3.0,0.028544869635056726,0.12499125998615676,0.03392002189546822
4,0.3165768366979009,0.24065260049601991,-2.999991440751569,2.999991440751569,3.0,0.028241650888462377,0.12499893009403465,0.024645744303792898
