epoch,beta,coefficient,loss,expected_cut,best_measured_cut,success_probability_ancilla_1,max_postselected_probability,grad
0,-0.3024478844054233,-0.23055454284598498,-2.4999999999994404,2.4999999999994404,2.0,0.04470826635092191,0.046180939120497914,9.602870093629141e-13
1,-0.30244792734514747,-0.2305545736646237,-2.4999999999994396,2.4999999999994396,2.0,0.04470826964450674,0.04618093936584604,9.605124771205954e-13
2,-0.3024479799089639,-0.2305546113906514,-2.4999999999994413,2.4999999999994413,2.0,0.04470827367628409,0.04618093966618367,9.597525901040618e-13
3,-0.3024480405635018,-0.2305546549235388,-2.4999999999994404,2.4999999999994404,2.0,0.04470827832864089,0.046180940012749076,9.587656717089794e-13
4,-0.302448108362347,-0.23055470358402627,-2.499999999999442,2.499999999999442,2.0,0.044708283528984955,0.04618094040013453,9.598741560600366e-13
