epoch,beta,coefficient,loss,expected_cut,best_measured_cut,success_probability_ancilla_1,max_postselected_probability,grad
0,0.35544555432991837,0.2679747625591393,-2.896773244947124,2.896773244947124,2.0,0.09130764113191445,0.07299675958712874,0.0014886035825612562
1,0.3616862797574721,0.27229635712778605,-2.896808485262389,2.896808485262389,2.0,0.09174325335771363,0.07301429454043312,-0.008943996682841723
2,0.3679742325025708,0.2766317826788456,-2.8968031133348813,2.8968031133348813,2.0,0.09218792103015724,0.07302587651702541,-0.002378967927289382
3,0.3703899094162082,0.27829226375643723,-2.896790376130218,2.896790376130218,2.0,0.09236026065498247,0.0730287359259194,0.004057840866127463
4,0.36918729101635944,0.27746596562374226,-2.89679744955603,2.89679744955603,2.0,0.09227435950142074,0.07302742154349903,0.006483221157395963
