epoch,beta,coefficient,loss,expected_cut,best_measured_cut,success_probability_ancilla_1,max_postselected_probability,grad
0,0.22772063489709454,0.14065810444222082,-4.404011442628401,4.404011442628401,6.0,0.057265963362097744,0.27247629686474056,0.15676882397636765
1,0.2177915013296483,0.13471909173807245,-4.405228168164282,4.405228168164282,6.0,0.05707070257818515,0.2734522704251551,0.13407696805694916
2,0.20800571894954983,0.12884102392033028,-4.406199155035227,4.406199155035227,6.0,0.05688609859209377,0.2743804071189335,0.11089959544755433
3,0.19846245217823422,0.12308585550339753,-4.406922382763236,4.406922382763236,6.0,0.0567136981431275,0.2752519028513802,0.08745071850545172
4,0.18929386665381032,0.11753632586762536,-4.407404378792728,4.407404378792728,6.0,0.05655527924807183,0.2760566750074744,0.06402832872741497
5,0.1806687287448737,0.11229831064800244,-4.407663504828127,4.407663504828127,6.0,0.056412800179231164,0.2767836411014755,0.041034293995173825
6,0.17278844143535305,0.10749848359619382,-4.407732642761298,4.407732642761298,6.0,0.05628825106392164,0.2774215179379415,0.018986516770947866
7,0.1658698997836412,0.10327374691238242,-4.407659406998899,4.407659406998899,6.0,0.05618338266449149,0.2779602775929288,-0.001491004568424541
8,0.16011349115725335,0.09975130767520343,-4.407501848184205,4.407501848184205,6.0,0.05609935327719842,0.27839304432934336,-0.019717364022388505
