epoch,beta,coefficient,loss,expected_cut,best_measured_cut,success_probability_ancilla_1,max_postselected_probability,grad
0,-0.2634064668123624,-0.1617787931485741,-2.999999999998075,2.999999999998075,1.0,0.015583258592226347,0.07722418701409532,3.1731059993255817e-12
1,-0.263406608661589,-0.16177887636639127,-2.9999999999980744,2.9999999999980744,1.0,0.015583262235822131,0.07722418564315575,3.172303051384892e-12
2,-0.2634067823413969,-0.16177897825805226,-2.9999999999980753,2.9999999999980753,1.0,0.015583266697033128,0.07722418396457163,3.1724199634134848e-12
3,-0.2634069828374532,-0.1617790958818249,-2.9999999999980744,2.9999999999980744,1.0,0.015583271847060334,0.07722418202680027,3.1725074350918566e-12
4,-0.26340720698023057,-0.16177922737825776,-2.9999999999980744,2.9999999999980744,1.0,0.015583277604491132,0.07722417986046962,3.174761670590235e-12
5,-0.26340745246171016,-0.16177937139331536,-2.9999999999980735,2.9999999999980735,1.0,0.015583283910041948,0.07722417748788138,3.173538848870608e-12
6,-0.26340771755639614,-0.16177952691470748,-2.9999999999980744,2.9999999999980744,1.0,0.015583290719392105,0.07722417492570735,3.17388969530243e-12
