epoch,beta,coefficient,loss,expected_cut,best_measured_cut,success_probability_ancilla_1,max_postselected_probability,grad
0,0.23392910675367137,0.14435831763284757,-2.9999999999947673,2.9999999999947673,1.0,0.00573224154619145,0.03124729913075945,-2.1893705067808193e-11
1,0.23393008548215102,0.14435890012465136,-2.999999999994766,2.999999999994766,1.0,0.005732265016506531,0.031247297956332333,-2.189170069104554e-11
2,0.2339312838790873,0.1443596133521281,-2.999999999994767,2.999999999994767,1.0,0.005732293754676446,0.0312472965179733,-2.1894147168020465e-11
3,0.23393266721805847,0.14436043664760626,-2.999999999994767,2.999999999994767,1.0,0.005732326928006889,0.03124729485717429,-2.188889486547827e-11
4,0.23393421353030605,0.1443613569361623,-2.9999999999947677,2.9999999999947677,1.0,0.005732364009736139,0.03124729300012307,-2.1897978145572106e-11
5,0.23393590689008362,0.14436236473938382,-2.999999999994766,2.999999999994766,1.0,0.0057324046180155155,0.031247290965758776,-2.188783287907889e-11
6,0.23393773549751487,0.14436345303437775,-2.999999999994766,2.999999999994766,1.0,0.005732448469936008,0.03124728876807092,-2.1895445548690143e-11
