epoch,beta,coefficient,loss,expected_cut,best_measured_cut,success_probability_ancilla_1,max_postselected_probability,grad
0,-0.2738599524389959,-0.16789479146454525,-4.177137290499864,4.177137290499864,6.0,0.054402166160910176,0.28649106445574735,0.002616096587792356
1,-0.26744954206529925,-0.16414823991376917,-4.177211255544611,4.177211255544611,6.0,0.05435882864466964,0.2866784664345078,-0.01816089768761256
2,-0.26101641038491996,-0.1603757725973115,-4.177199398873026,4.177199398873026,6.0,0.05431874655496828,0.28684754987374494,-0.0048872743677607685
3,-0.2586166696476747,-0.15896534384294086,-4.177172677235577,4.177172677235577,6.0,0.05430467717899941,0.28690569471950833,0.008600688898564152
4,-0.259915941452023,-0.15972919421016182,-4.177188656034229,4.177188656034229,6.0,0.05431223486659928,0.28687454815885627,0.013673418172215401
5,-0.26303939442626584,-0.1615634246863305,-4.17721248723514,4.17721248723514,6.0,0.05433098045453309,0.2867964465634765,0.010924197877301527
6,-0.2665319102034793,-0.16361089762420347,-4.17721486240665,4.17721486240665,6.0,0.05435290154742218,0.2867037543143292,0.004341624069450385
