epoch,beta,coefficient,loss,expected_cut,best_measured_cut,success_probability_ancilla_1,max_postselected_probability,grad
0,-0.24421370168870618,-0.15046456808809455,-3.974123629972548,3.974123629972548,6.0,0.05539341355868724,0.27074333630121444,0.10066463550877443
1,-0.25411392620003126,-0.15631427776036658,-3.974853328048378,3.974853328048378,6.0,0.05547378794186789,0.27059245429752776,0.08255790967975372
2,-0.263813719674088,-0.16201768863616234,-3.9754000576416746,3.9754000576416746,6.0,0.05556039023497547,0.27040326571463813,0.06489896064685413
3,-0.27317877743682356,-0.16749728429085017,-3.9757726226176393,3.9757726226176393,6.0,0.05565125377108746,0.2701826300608239,0.04787966017819873
4,-0.2820376794355059,-0.1726556167626972,-3.975987114517862,3.975987114517862,6.0,0.05574364785819087,0.26994037416185973,0.03173372933565031
5,-0.2901860231635082,-0.1773781033172392,-3.9760681384551706,3.9760681384551706,6.0,0.05583406555375906,0.26968942525395156,0.016736336107939623
6,-0.2974035180653287,-0.18154301522506217,-3.976048513754093,3.976048513754093,6.0,0.055918431849231405,0.26944514703943323,0.0031917732367784542
