epoch,beta,coefficient,loss,expected_cut,best_measured_cut,success_probability_ancilla_1,max_postselected_probability,grad
0,0.21453895563336736,0.1327680543523579,-4.305282531909093,4.305282531909093,6.0,0.05456860574875949,0.28563537374881637,0.22324702184674267
1,0.204578450064406,0.1267767122230708,-4.3071804295649425,4.3071804295649425,6.0,0.0543834227677419,0.2866703780954448,0.20160029576142094
2,0.19469313043726086,0.12080673525160952,-4.308841993563422,4.308841993563422,6.0,0.05420784977163828,0.2876583447154234,0.17937599874671695
3,0.18492765345147555,0.11488680557527534,-4.31026029813233,4.31026029813233,6.0,0.05404257371484649,0.2885943835207381,0.1566895599893248
4,0.17533729686877175,0.10905241758901019,-4.3114319113163555,4.3114319113163555,6.0,0.053888287420563605,0.28947351636657925,0.13368818421704773
5,0.16598951782320254,0.103346873234676,-4.3123580555939665,4.3123580555939665,6.0,0.05374566934618966,0.2902908074386292,0.11055597486847002
6,0.15696502493702907,0.09782197047552876,-4.313045869786681,4.313045869786681,6.0,0.05361535409943791,0.29104155228070155,0.08751852615612314
7,0.14835778679424652,0.0925380191260491,-4.313509608069497,4.313509608069497,6.0,0.0534978924547152,0.2917215334200061,0.06484580764896304
8,0.14027323253808233,0.08756271176333123,-4.313771491586229,4.313771491586229,6.0,0.053393701801500576,0.2923273372221392,0.04285157230373072
9,0.13282391418678915,0.08296838477290207,-4.313861818963151,4.313861818963151,6.0,0.053303011916309484,0.29285670229343164,0.021887056069394714
10,0.12612228185135285,0.0788274444674106,-4.3138179254072915,4.3138179254072915,6.0,0.05322581608422687,0.29330883798560675,0.002326839469751698
11,0.12027106499374547,0.075206265277898,-4.3136817543386945,4.3136817543386945,6.0,0.053161841585281824,0.29368462640521936,-0.015454042751981638
