epoch,beta,coefficient,loss,expected_cut,best_measured_cut,success_probability_ancilla_1,max_postselected_probability,grad
0,-0.26823590406227144,-0.16460850893849743,-4.241245011829681,4.241245011829681,6.0,0.051219004052212254,0.30486588488060085,-0.1338930394017719
1,-0.2583240009039609,-0.1587932125826436,-4.242239714252229,4.242239714252229,6.0,0.05117470687497061,0.305162129459065,-0.11160818913767048
2,-0.2485942483731903,-0.15305637137130815,-4.242996140354584,4.242996140354584,6.0,0.051139373054940054,0.3054020674493445,-0.08902023741592677
3,-0.2391788126717265,-0.14747889660676866,-4.243516634069693,4.243516634069693,6.0,0.05111298731687315,0.305585311080585,-0.06639495197089171
4,-0.23025630764302377,-0.14217060870204667,-4.243814671847076,4.243814671847076,6.0,0.05109517031906552,0.3057137475763044,-0.044104507231523156
5,-0.22205274821367954,-0.13727107718690515,-4.243918667793111,4.243918667793111,6.0,0.0510850397111135,0.305792420879468,-0.022650016394980335
6,-0.21482548658149722,-0.1329400380680937,-4.243873718971288,4.243873718971288,6.0,0.05108113205981803,0.30583004956976056,-0.0026642905472325563
7,-0.20882342857890698,-0.12933311973819453,-4.2437382388755225,4.2437382388755225,6.0,0.05108149271466418,0.3058385148357323,0.015130889566010343
