epoch,beta,coefficient,loss,expected_cut,best_measured_cut,success_probability_ancilla_1,max_postselected_probability,grad
0,-0.24759211939969616,-0.1524639341584424,-2.9999999999986233,2.9999999999986233,1.0,0.021795320557067992,0.10823741357656039,1.4563106004971988e-12
1,-0.24759218454305998,-0.1524639726791827,-2.9999999999986224,2.9999999999986224,1.0,0.021795322059877748,0.10823741352883247,1.45766546652651e-12
2,-0.24759226432252068,-0.1524640198545756,-2.999999999998622,2.999999999998622,1.0,0.021795323900332033,0.10823741347037888,1.4577920636948173e-12
3,-0.2475923564185001,-0.15246407431300127,-2.999999999998623,2.999999999998623,1.0,0.02179532602492013,0.10823741340289789,1.457183813654662e-12
4,-0.2475924593419023,-0.15246413517392288,-2.9999999999986238,2.9999999999986238,1.0,0.021795328399289913,0.10823741332747919,1.4562748215170999e-12
5,-0.24759257204555682,-0.15246420181812406,-2.999999999998624,2.999999999998624,1.0,0.021795330999284178,0.10823741324488878,1.4561193732739795e-12
6,-0.24759269373175394,-0.15246427377390026,-2.9999999999986224,2.9999999999986224,1.0,0.021795333806500602,0.10823741315570988,1.4557635780670168e-12
