{
  "config": {
    "N_VERTICES": 4,
    "PROB_ARESTA": 0.85,
    "COM_PESO": false,
    "PESO_MIN": 1,
    "PESO_MAX": 1,
    "GRAPH_SEED": 104375,
    "GRAPH_EDGES": [
      [
        0,
        1,
        1.0
      ],
      [
        0,
        3,
        1.0
      ],
      [
        1,
        2,
        1.0
      ],
      [
        1,
        3,
        1.0
      ],
      [
        2,
        3,
        1.0
      ]
    ],
    "REVERSE_BITS": false,
    "ER": 1.0,
    "MAX_TERMS": null,
    "A_MAX": 0.7853981633974483,
    "INIT_BETA": 0.35,
    "MAX_EPOCHS": 200,
    "LR": 0.01,
    "FD_EPS": 0.01,
    "LOSS_TOL_LAST5": 0.001,
    "PATIENCE_LAST5": 5,
    "TRAIN_SEED": 2,
    "INIT_BETA_JITTER": 0.05,
    "OPTIMIZER": "adam",
    "ADAM_BETA1": 0.9,
    "ADAM_BETA2": 0.999,
    "ADAM_EPS": 1e-08,
    "COEF_ZERO_TOL": 0.001,
    "IMPROVEMENT_TOL": 0.001,
    "SATURATION_PATIENCE": 100,
    "INDEX_STRATEGY": "ascending",
    "INDEX_RANDOM_SEED": 42,
    "ENABLE_BACKWARD_PRUNING": true,
    "BACKWARD_PASSES": 2,
    "PRUNE_IMPROVEMENT_TOL": 0.0001,
    "OUTDIR": "benchmark_results_walsh_article/unweighted/with_pruning/n4/graph02_trainseed02",
    "SHOW_PLOTS": false,
    "name": "with_pruning"
  },
  "n_qubits_register": 4,
  "graph_edges": [
    [
      0,
      1,
      1.0
    ],
    [
      0,
      3,
      1.0
    ],
    [
      1,
      2,
      1.0
    ],
    [
      1,
      3,
      1.0
    ],
    [
      2,
      3,
      1.0
    ]
  ],
  "graph_signature": "088078414915f783002f6e924a47ca164ddb929b0c303d60c8d30a073f7782ae",
  "graph_num_edges": 5,
  "graph_density": 0.8333333333333334,
  "best_cut_bruteforce": 4.0,
  "best_bitstring_bruteforce": "0101",
  "best_index_bruteforce": 5,
  "candidate_order": [
    1,
    2,
    3,
    4,
    5,
    6,
    7,
    8,
    9,
    10,
    11,
    12,
    13,
    14,
    15
  ],
  "total_possible_parameters": 15,
  "visited_parameters": 15,
  "trained_coefficients": {
    "0": 0.0,
    "1": -0.23471494021805103,
    "2": 0.2332631160082653,
    "3": 0.0,
    "4": -0.16527941519892456,
    "5": 0.0,
    "6": 0.0,
    "7": 0.19906547917330908,
    "8": 0.06994768821961231,
    "9": 0.0,
    "10": 0.0,
    "11": -0.11265325832070312,
    "12": 0.0,
    "13": 0.12200840957803083,
    "14": -0.15843390232618892,
    "15": 0.0
  },
  "final_coefficient_vector": [
    0.0,
    -0.23471494021805103,
    0.2332631160082653,
    0.0,
    -0.16527941519892456,
    0.0,
    0.0,
    0.19906547917330908,
    0.06994768821961231,
    0.0,
    0.0,
    -0.11265325832070312,
    0.0,
    0.12200840957803083,
    -0.15843390232618892,
    0.0
  ],
  "active_indices": [
    1,
    2,
    4,
    7,
    8,
    11,
    13,
    14
  ],
  "active_parameter_count": 8,
  "compression_ratio_active_over_total": 0.5333333333333333,
  "final_loss": -3.87819506035396,
  "final_expected_cut": 3.87819506035396,
  "best_expected_cut_over_evolution": 3.8781735602500595,
  "final_best_measured_index": 5,
  "final_best_measured_bitstring": "0101",
  "final_best_measured_cut": 4.0,
  "best_measured_cut_over_evolution": 4.0,
  "final_success_probability_ancilla_1": 0.05151733444623477,
  "final_max_postselected_probability": 0.44162267166866886,
  "gap_expected_to_bruteforce": 0.12180493964604011,
  "gap_measured_to_bruteforce": 0.0,
  "approx_ratio_measured": 1.0,
  "n_steps": 15,
  "elapsed_seconds": 10.56440806388855,
  "steps": [
    {
      "visit_idx": 1,
      "j": 1,
      "kept": true,
      "beta": -0.30825452738061776,
      "coefficient": -0.23471494021805103,
      "loss": -2.5,
      "expected_cut": 2.5,
      "best_measured_cut": 0.0,
      "success_probability_ancilla_1": 0.013709662005193544,
      "epochs_run": 5,
      "stop_reason": "loss_plateau_last5",
      "history_path": "benchmark_results_walsh_article/unweighted/with_pruning/n4/graph02_trainseed02/histories/history_visit001_j001.json",
      "improvement_vs_previous": 2.5
    },
    {
      "visit_idx": 2,
      "j": 2,
      "kept": true,
      "beta": 0.3062259528202709,
      "coefficient": 0.2332631160082653,
      "loss": -2.9999901980321915,
      "expected_cut": 2.9999901980321915,
      "best_measured_cut": 3.0,
      "success_probability_ancilla_1": 0.02687971954991181,
      "epochs_run": 6,
      "stop_reason": "loss_plateau_last5",
      "history_path": "benchmark_results_walsh_article/unweighted/with_pruning/n4/graph02_trainseed02/histories/history_visit002_j002.json",
      "improvement_vs_previous": 0.49999019803219147
    },
    {
      "visit_idx": 3,
      "j": 3,
      "kept": true,
      "beta": -0.001343956527542444,
      "coefficient": -0.0010555403529055251,
      "loss": -2.9999850169301125,
      "expected_cut": 2.9999850169301125,
      "best_measured_cut": 2.0,
      "success_probability_ancilla_1": 0.02687998311701926,
      "epochs_run": 38,
      "stop_reason": "loss_plateau_last5",
      "history_path": "benchmark_results_walsh_article/unweighted/with_pruning/n4/graph02_trainseed02/histories/history_visit003_j003.json",
      "improvement_vs_previous": -5.18110207892164e-06
    },
    {
      "visit_idx": 4,
      "j": 4,
      "kept": true,
      "beta": -0.21363199096747043,
      "coefficient": -0.16527941519892456,
      "loss": -3.175225094163879,
      "expected_cut": 3.175225094163879,
      "best_measured_cut": 4.0,
      "success_probability_ancilla_1": 0.033327462935504246,
      "epochs_run": 63,
      "stop_reason": "loss_plateau_last5",
      "history_path": "benchmark_results_walsh_article/unweighted/with_pruning/n4/graph02_trainseed02/histories/history_visit004_j004.json",
      "improvement_vs_previous": 0.17524007723376656
    },
    {
      "visit_idx": 5,
      "j": 5,
      "kept": false,
      "beta": -0.0012570652933864192,
      "coefficient": 0.0,
      "loss": -3.175225094163879,
      "expected_cut": 3.175225094163879,
      "best_measured_cut": 4.0,
      "success_probability_ancilla_1": 0.033327462935504246,
      "epochs_run": 39,
      "stop_reason": "loss_plateau_last5_and_discarded_near_zero",
      "history_path": "benchmark_results_walsh_article/unweighted/with_pruning/n4/graph02_trainseed02/histories/history_visit005_j005.json",
      "improvement_vs_previous": 0.0
    },
    {
      "visit_idx": 6,
      "j": 6,
      "kept": true,
      "beta": -0.0018163593712944423,
      "coefficient": -0.0014265637454634124,
      "loss": -3.175214337557372,
      "expected_cut": 3.175214337557372,
      "best_measured_cut": 4.0,
      "success_probability_ancilla_1": 0.03332790976603268,
      "epochs_run": 44,
      "stop_reason": "loss_plateau_last5",
      "history_path": "benchmark_results_walsh_article/unweighted/with_pruning/n4/graph02_trainseed02/histories/history_visit006_j006.json",
      "improvement_vs_previous": -1.075660650728949e-05
    },
    {
      "visit_idx": 7,
      "j": 7,
      "kept": true,
      "beta": 0.2591048092758857,
      "coefficient": 0.19906547917330908,
      "loss": -3.478888491010141,
      "expected_cut": 3.478888491010141,
      "best_measured_cut": 4.0,
      "success_probability_ancilla_1": 0.04166926687381819,
      "epochs_run": 70,
      "stop_reason": "loss_plateau_last5",
      "history_path": "benchmark_results_walsh_article/unweighted/with_pruning/n4/graph02_trainseed02/histories/history_visit007_j007.json",
      "improvement_vs_previous": 0.30367415345276916
    },
    {
      "visit_idx": 8,
      "j": 8,
      "kept": true,
      "beta": 0.08929675622155797,
      "coefficient": 0.06994768821961231,
      "loss": -3.509543868459631,
      "expected_cut": 3.509543868459631,
      "best_measured_cut": 4.0,
      "success_probability_ancilla_1": 0.04279004239227133,
      "epochs_run": 31,
      "stop_reason": "loss_plateau_last5",
      "history_path": "benchmark_results_walsh_article/unweighted/with_pruning/n4/graph02_trainseed02/histories/history_visit008_j008.json",