{
  "0": 0.0,
  "1": -0.23471503686994175,
  "2": 0.2600100941704168,
  "3": -0.2517847839313458,
  "4": -0.35560311866609084,
  "5": 0.2535109511066392,
  "6": 0.019647017926216592,
  "7": 0.20679624619641832,
  "8": 0.24102392300901376,
  "9": -0.14755683394506952,
  "10": -0.03993039615134247,
  "11": -0.11588012244329474,
  "12": 0.0769994708258107,
  "13": 0.1772285017075773,
  "14": -0.23879190100538394,
  "15": 0.18228383797683245,
  "16": -0.04286774653213798,
  "17": 0.053246371451522265,
  "18": 0.04892698686665126,
  "19": 0.05184287218461587,
  "20": -0.06564186293491425,
  "21": -0.07408220225501728,
  "22": 0.12025368264652156,
  "23": -0.08613101425357259,
  "24": 0.08935237278491458,
  "25": 0.024784304543196772,
  "26": -0.08377851049285959,
  "27": 0.04001575021542522,
  "28": 0.09637695745678884,
  "29": -0.06872721387013517,
  "30": -0.10896887754839193,
  "31": -0.06809017945090523,
  "32": -0.053976088129091236,
  "33": 0.04479524484260347,
  "34": 0.011691975669425238,
  "35": 0.04038238167807398,
  "36": -0.005792814708438585,
  "37": -0.04759976171685726,
  "38": 0.08910804949079765,
  "39": -0.06364189042261897,
  "40": 0.009615504021697596,
  "41": 0.021543703191778635,
  "42": -0.05867467197227553,
  "43": 0.03293260568483288,
  "44": 0.07342630788652568,
  "45": -0.05421456579545969,
  "46": -0.007412056042202909,
  "47": -0.04631143516887782,
  "48": -0.0077914979532327875,
  "49": 0.039035067850938125,
  "50": -0.050001352897248,
  "51": 0.043898111036946456,
  "52": 0.06994278557658902,
  "53": -0.05145774738002566,
  "54": 0.01438570295714578,
  "55": -0.04266832739364521,
  "56": -0.0467129796634582,
  "57": 0.03047935630353313,
  "58": -0.011717345922578181,
  "59": 0.029568793419884064,
  "60": 0.01578547872495748,
  "61": -0.04081051527211422,
  "62": 0.057223504490156986,
  "63": -0.0456500071887559,
  "64": 0.056017318892988985,
  "65": -0.009484569735713188,
  "66": 0.01542599167646523,
  "67": -0.0588523691653155,
  "68": -0.02661246692607805,
  "69": 0.09629377047354074,
  "70": -0.06305208182032329,
  "71": 0.003716623869408219,
  "72": -0.05017205304917457,
  "73": -0.020007144155689993,
  "74": 0.009259491194686104,
  "75": 0.06002900153155048,
  "76": 0.0,
  "77": -0.09354995061462112,
  "78": 0.050418083666294876,
  "79": 0.015050682117281448,
  "80": 0.0031533680436120768,
  "81": 0.042333415494505984,
  "82": -0.037831291752166915,
  "83": 0.0331605456744817,
  "84": 0.06474709109711134,
  "85": -0.02135609295210067,
  "86": 0.026494419527237703,
  "87": -0.07086691181035147,
  "88": -0.04686363004276767,
  "89": -0.021541773694485573,
  "90": 0.04215572280263968,
  "91": 0.03264120575870701,
  "92": -0.04843885542004593,
  "93": -0.035336437580494436,
  "94": 0.03919952654420485,
  "95": 0.04279695276049207,
  "96": 0.006021202620927738,
  "97": 0.033777429420204425,
  "98": -0.017529405378709357,
  "99": 0.015457055171073333,
  "100": 0.03480363583792053,
  "101": -0.01727466090801938,
  "102": -0.012534074008016455,
  "103": -0.042239015423434986,
  "104": -0.0046761520402201166,
  "105": -0.0059737270631625514,
  "106": 0.023448091685288757,
  "107": 0.004947307974315872,
  "108": -0.026842697189187067,
  "109": -0.019873900409155997,
  "110": -0.0046306376414709674,
  "111": 0.010908118293337214,
  "112": -0.027229022199053838,
  "113": -0.020920558127762195,
  "114": -0.022039925782245385,
  "115": 0.0029084318074614787,
  "116": 0.03452895740876753,
  "117": -0.0036619694837525313,
  "118": -0.009290822710635745,
  "119": 0.038848990189648124,
  "120": -0.033488216971273514,
  "121": 0.008680412213806698,
  "122": 0.014084049340839644,
  "123": -0.03607538373928412,
  "124": -0.01563902800853618,
  "125": 0.055491421039896245,
  "126": 0.05527339321896767,
  "127": 0.01376956739327709,
  "128": 0.003546716787041446,
  "129": -0.004774941844536203,
  "130": 0.014699666077338447,
  "131": 0.0,
  "132": -0.030304700159278344,
  "133": 0.0,
  "134": 0.0330753920956365,
  "135": -0.0034486810347125066,
  "136": 0.0056873039204207885,
  "137": 0.004543167497496762,
  "138": -0.01649892044850313,
  "139": 0.010378834597406409,
  "140": 0.0386588594409813,
  "141": -0.03082769577126534,
  "142": -0.015454459834610492,
  "143": -0.029232136499468386,
  "144": 0.010439967758752632,
  "145": 0.031156470269644094,
  "146": -0.029409858661362698,
  "147": 0.02824887900469686,
  "148": 0.012716544063921342,
  "149": -0.015006319655536858,
  "150": 0.007266856746323014,
  "151": -0.011770917061605057,
  "152": -0.029359030325483256,
  "153": 0.011155319654994902,
  "154": 0.01969200716917487,
  "155": 0.010638057371145579,
  "156": -0.015222455579735858,
  "157": -0.005744885635310661,
  "158": 0.011793968318861323,
  "159": -0.0013393889922786591,
  "160": -0.02791621362826855,
  "161": -0.003211759755031182,
  "162": -0.001061839905713718,
  "163": 0.0010810957076004561,
  "164": -0.026894452977321993,
  "165": 0.009472005956535306,
  "166": 0.0328206915878402,
  "167": 0.0015017666104154962,
  "168": 0.009194646712408607,
  "169": 0.005682271941388612,
  "170": -0.03728649534876532,
  "171": 0.01069783071940756,
  "172": 0.0484163013603156,
  "173": 0.0017224038637763304,
  "174": -0.01805086072642169,
  "175": 0.010731208074177314,
  "176": -0.0022971920028917094,
  "177": 0.005691520058017852,
  "178": -0.024067603740801028,
  "179": -0.004030134991266278,
  "180": 0.027487245204817216,
  "181": 0.0,
  "182": -0.009176554217466434,
  "183": -0.004579708562595348,
  "184": -0.023564596092852542,
  "185": 0.0,
  "186": 0.009033665450239209,
  "187": 0.007030187575139372,
  "188": -0.013863199220232814,
  "189": 0.0027082412578085845,
  "190": 0.02831351887892118,
  "191": 0.008925470143792946,
  "192": 0.022117731006450404,
  "193": -0.02507206991736632,
  "194": 0.008235133731927788,
  "195": -0.024484575385678973,
  "196": -0.016307333326515797,
  "197": 0.04206983951143434,
  "198": -0.023466417121840263,
  "199": 0.009780612936636833,
  "200": 0.004915487665588808,
  "201": 0.005532386745609981,
  "202": 0.0010801794757461715,
  "203": -0.0038908952986185606,
  "204": 0.01320517944959185,
  "205": -0.00926822806935671,
  "206": 0.0023433723232639436,
  "207": 0.0,
  "208": -0.007769585347181933,
  "209": 0.0033359955423880082,
  "210": -0.025347133582024676,
  "211": 0.012426413287763652,
  "212": 0.021309338715620425,
  "213": -0.012281564831600863,
  "214": 0.004731447587676885,
  "215": -0.036882385597341215,
  "216": 0.009689918784644723,
  "217": -0.0018675987657651495,
  "218": 0.0010321507030551743,
  "219": -0.02685223291897988,
  "220": 0.0019382695481892196,
  "221": 0.02567418997741923,
  "222": -0.02193900361422676,
  "223": 0.01348895368616056,
  "224": 0.01968532802680313,
  "225": 0.0015331716802698583,
  "226": 0.013580905745732282,
  "227": 0.0,
  "228": -0.010758679302634846,
  "229": 0.014400232073971134,
  "230": -0.006799944061745778,
  "231": -0.01428139717359815,
  "232": 0.007305265037631851,
  "233": -0.00984376852253039,
  "234": 0.008731608119517575,
  "235": 0.0057195196493119065,
  "236": -0.012952932986744922,
  "237": -0.023402877729268374,
  "238": -0.016974507849511156,
  "239": 0.010543741270792387,
  "240": -0.0022057344657677893,
  "241": -0.0063886314850194635,
  "242": 0.015839464488214473,
  "243": -0.002898832770360469,
  "244": 0.013809531509494096,
  "245": -0.019503258010991474,
  "246": -0.01033980378860584,
  "247": -0.004926099103283442,
  "248": 0.01808481521402375,
  "249": -0.002510950713499398,
  "250": -0.004852301776634072,
  "251": -0.011254962275304904,
  "252": -0.0035161793662204393,
  "253": -0.0024426833439486675,
  "254": -0.008767571338212531,
  "255": -0.019236696121563184
}