epoch,beta,coefficient,loss,expected_cut,best_measured_cut,success_probability_ancilla_1,max_postselected_probability,grad
0,0.5147096288390136,0.495959653594752,-4.727501792202772,4.727501792202772,4.0,0.4125182425301841,0.03596809246844598,0.022569792751860798
1,0.5047582332834273,0.4878380480074624,-4.7276882733296395,4.7276882733296395,4.0,0.4117683829860439,0.03594843880916299,0.02003915093733171
2,0.4949018682043061,0.47971942817179647,-4.727846831940305,4.727846831940305,4.0,0.41102788744877083,0.03592617456347213,0.017422911407131474
3,0.4852015731595606,0.4716574547513555,-4.727976550685752,4.727976550685752,4.0,0.41030162568951206,0.035901465405970105,0.014734839702822104
4,0.47573640847594095,0.4637226940118567,-4.728077072375743,4.728077072375743,4.0,0.40959571828974967,0.03587460662198375,0.011994826202426716
5,0.46660677945026474,0.45600592658175915,-4.728148848878255,4.728148848878255,4.0,0.4089177341897857,0.0358460610060702,0.00923058235835727
