epoch,beta,coefficient,loss,expected_cut,best_measured_cut,success_probability_ancilla_1,max_postselected_probability,grad
0,-0.37214827325589117,-0.2794991374697811,-3.477206650193925,3.477206650193925,4.0,0.06821431168503457,0.24531269888910012,-0.12530850468650764
1,-0.3623088073942526,-0.27272642675608305,-3.4779932285624264,3.4779932285624264,4.0,0.06744879087921185,0.2453230647334627,-0.09540825207537476
2,-0.3528538222790048,-0.26617460020848865,-3.478451233655995,3.478451233655995,4.0,0.06672711709767953,0.24527351869725542,-0.06417081284673076
3,-0.344156581569724,-0.26011064011331314,-3.478600734808981,3.478600734808981,4.0,0.06607575337640183,0.2451738060139432,-0.032425965173317105
4,-0.3367518372451105,-0.25492020998900344,-3.478512951952151,3.478512951952151,4.0,0.06553089330698103,0.2450461896822233,-0.001709620787623623
5,-0.3312040423311283,-0.2510150180116518,-3.4783125287485124,3.4783125287485124,4.0,0.06512866519131832,0.24492388743034244,0.025597232395221287
