epoch,beta,coefficient,loss,expected_cut,best_measured_cut,success_probability_ancilla_1,max_postselected_probability,grad
0,-0.43320591088050575,-0.4272535108678242,-0.9999999999998563,0.9999999999998563,0.0,0.06962800340851798,0.06249999999999102,5.726696584929305e-13
1,-0.4332059364930965,-0.4272535332245263,-0.9999999999998563,0.9999999999998563,0.0,0.06962801052127626,0.06249999999999102,5.730306233199731e-13
2,-0.43320596784319,-0.4272535605893755,-0.9999999999998566,0.9999999999998566,0.0,0.06962801922737102,0.062499999999991035,5.723182890677979e-13
3,-0.4332060040477919,-0.427253592191624,-0.9999999999998563,0.9999999999998563,0.0,0.06962802928159006,0.06249999999999102,5.734052631241874e-13
4,-0.4332060445318403,-0.42725362752931184,-0.9999999999998561,0.9999999999998561,0.0,0.06962804052423568,0.06249999999999101,5.738161065116833e-13
