epoch,beta,coefficient,loss,expected_cut,best_measured_cut,success_probability_ancilla_1,max_postselected_probability,grad
0,0.4904190584705709,0.4760025691289573,-0.9999999999999308,0.9999999999999308,0.0,0.14358886486229722,0.12459606035980132,-1.2157762991864156e-13
1,0.49041906389729145,0.47600257363764537,-0.9999999999999302,0.9999999999999302,0.0,0.1435888662218268,0.12459606028892999,-1.211937241623801e-13
2,0.49041907054349904,0.47600257915952104,-0.9999999999999308,0.9999999999999308,0.0,0.14358886788686845,0.12459606020213267,-1.2145090454988842e-13
3,0.4904190782122373,0.4760025855309471,-0.9999999999999306,0.9999999999999306,0.0,0.14358886980807964,0.12459606010198132,-1.2120082107582478e-13
4,0.4904190867866336,0.47600259265482187,-0.9999999999999307,0.9999999999999307,0.0,0.14358887195618092,0.1245960599900024,-1.2149692270577196e-13
