epoch,beta,coefficient,loss,expected_cut,best_measured_cut,success_probability_ancilla_1,max_postselected_probability,grad
0,0.5527095602221714,0.5262672609002395,-1.3101097760614815,1.3101097760614815,1.0,0.29111384519859196,0.214030927062275,0.030976145704921097
1,0.5427847111982094,0.5184601713050466,-1.3103473167413058,1.3103473167413058,1.0,0.2906491170414646,0.21448438109245566,0.026320509364458847
2,0.5330148666944992,0.5106997060411913,-1.3105337100476246,1.3105337100476246,1.0,0.29020692338826437,0.21491182104052875,0.02151697924313726
3,0.5235128852458889,0.5030807336592803,-1.3106681988778317,1.3106681988778317,1.0,0.2897919968185091,0.2153086363470359,0.016610459721042994
4,0.514433562702099,0.4957353736017531,-1.3107521246774643,1.3107521246774643,1.0,0.28941002188286447,0.21566958450890725,0.011669315660382306
5,0.5059786702175085,0.4888381611558611,-1.3107898767298523,1.3107898767298523,1.0,0.28906751272444586,0.21598902828344568,0.006792698121009197
