{
  "0": 0.0,
  "1": -0.16997276786521978,
  "2": 0.16923126009685246,
  "3": 0.0,
  "4": 0.0,
  "5": 0.0,
  "6": 0.0,
  "7": 0.0,
  "8": 0.0,
  "9": 0.0,
  "10": 0.0,
  "11": 0.002126083864900933,
  "12": 0.0,
  "13": 0.12335726719241555,
  "14": -0.1473019063616318,
  "15": 0.0,
  "16": 0.0,
  "17": 0.0,
  "18": 0.0,
  "19": 0.0,
  "20": 0.0,
  "21": 0.024633257067571312,
  "22": -0.024252226662776228,
  "23": 0.0,
  "24": 0.0,
  "25": 0.008507897205155922,
  "26": -0.004632561235180389,
  "27": 0.0,
  "28": 0.008836332709184469,
  "29": 0.0,
  "30": 0.0,
  "31": 0.0041047306729538255,
  "32": 0.0,
  "33": 0.0,
  "34": 0.0,
  "35": 0.0,
  "36": 0.0,
  "37": 0.012924388704409599,
  "38": -0.004144107075359309,
  "39": 0.0,
  "40": 0.0,
  "41": 0.012522928045151574,
  "42": -0.013855560815757,
  "43": 0.0,
  "44": 0.00554653637175602,
  "45": 0.0,
  "46": 0.0,
  "47": 0.0,
  "48": 0.0,
  "49": 0.05268010651220294,
  "50": -0.07733568700783475,
  "51": 0.0,
  "52": 0.0,
  "53": 0.0,
  "54": 0.0,
  "55": 0.004290486360712783,
  "56": 0.0020520502409456082,
  "57": 0.0,
  "58": 0.0,
  "59": 0.004953028285615289,
  "60": 0.0,
  "61": -0.10360577223294513,
  "62": 0.12239950927526629,
  "63": 0.0
}