epoch,beta,coefficient,loss,expected_cut,best_measured_cut,success_probability_ancilla_1,max_postselected_probability,grad
0,0.23727796576603571,0.146349857064196,-2.499999999995625,2.499999999995625,2.0,0.005711825929278028,0.031229895909609704,-1.8603593473694903e-11
1,0.23727879733474258,0.1463503512074044,-2.499999999995624,2.499999999995624,2.0,0.005711846117479268,0.03122989323219932,-1.859797940905531e-11
2,0.23727981550566046,0.14635095623501443,-2.4999999999956226,2.4999999999956226,2.0,0.005711870835950799,0.031229889953755564,-1.8599896820011028e-11
3,0.2372809908246322,0.1463516546443411,-2.499999999995624,2.499999999995624,2.0,0.005711899369669494,0.03122988616899286,-1.8597578381067e-11
4,0.23728230460195834,0.1463524353292682,-2.499999999995623,2.499999999995623,2.0,0.005711931264942594,0.03122988193797006,-1.8604039113973476e-11
5,0.237283743394913,0.14635329030159147,-2.499999999995624,2.499999999995624,2.0,0.0057119661954588225,0.031229877303854105,-1.860062478358284e-11
6,0.23728529700679418,0.1463542135019931,-2.499999999995622,2.499999999995622,2.0,0.00571200391371105,0.031229872299361645,-1.8597144141291336e-11
