epoch,beta,coefficient,loss,expected_cut,best_measured_cut,success_probability_ancilla_1,max_postselected_probability,grad
0,-0.26596780317255,-0.16328044311332193,-2.4999999999973435,2.4999999999973435,2.0,0.009413500890164687,0.04656276719490517,7.484131825861626e-12
1,-0.26596813784841733,-0.16328063919555222,-2.4999999999973435,2.4999999999973435,2.0,0.009413509769682565,0.046562763579902085,7.487115197598167e-12
2,-0.2659685476355296,-0.1632808792844358,-2.4999999999973452,2.4999999999973452,2.0,0.009413520642041396,0.04656275915354628,7.485707322015238e-12
3,-0.2659690206399091,-0.1632811564114219,-2.4999999999973443,2.4999999999973443,2.0,0.009413533191680257,0.04656275404429052,7.482669706228747e-12
4,-0.26596954936892636,-0.16328146618665276,-2.4999999999973435,2.4999999999973435,2.0,0.009413547219813294,0.04656274833304703,7.48651157514219e-12
5,-0.2659701284243933,-0.16328180544737703,-2.4999999999973443,2.4999999999973443,2.0,0.009413562583223622,0.04656274207810513,7.485808653723635e-12
6,-0.26597075371962803,-0.1632821717992378,-2.4999999999973443,2.4999999999973443,2.0,0.009413579173490817,0.04656273532358804,7.485543614377833e-12
