epoch,beta,coefficient,loss,expected_cut,best_measured_cut,success_probability_ancilla_1,max_postselected_probability,grad
0,-0.22512162325927684,-0.13910603627039245,-2.499999999990805,2.499999999990805,0.0,0.0027186952150517313,0.015624999999942532,7.893357087872678e-11
1,-0.22512515093572055,-0.13910814413045655,-2.499999999990804,2.499999999990804,0.0,0.002718777533166896,0.015624999999942525,7.892453400899151e-11
2,-0.2251294700633162,-0.13911072489456563,-2.499999999990805,2.499999999990805,0.0,0.0027188783212637813,0.015624999999942532,7.893109387620291e-11
3,-0.22513445536030433,-0.13911370370191764,-2.4999999999908065,2.4999999999908065,0.0,0.0027189946566934867,0.015624999999942539,7.890662185866111e-11
4,-0.2251400270814463,-0.13911703290078914,-2.4999999999908065,2.4999999999908065,0.0,0.0027191246793786543,0.015624999999942539,7.890611002660916e-11
5,-0.22514612849967527,-0.13912067859332566,-2.499999999990807,2.499999999990807,0.0,0.0027192670663585762,0.015624999999942542,7.890381415498521e-11
6,-0.22515271649835422,-0.13912461501420864,-2.4999999999908065,2.4999999999908065,0.0,0.0027194208122638948,0.015624999999942539,7.889570222424597e-11
