epoch,beta,coefficient,loss,expected_cut,best_measured_cut,success_probability_ancilla_1,max_postselected_probability,grad
0,0.443471981057818,0.4361768626582194,-4.225730690464751,4.225730690464751,4.0,0.4708947177668179,0.03161935638882037,-0.010533065955742273
1,0.45326045658338665,0.4446143332770096,-4.225791383316009,4.225791383316009,4.0,0.47155133091121393,0.03164851306355396,-0.007602194981185251
2,0.46257563522976236,0.4525789871698067,-4.225824117766091,4.225824117766091,4.0,0.4721740536538838,0.03167422962137582,-0.004811641151089119
3,0.4710330134892868,0.4597549029920255,-4.225833263187326,4.225833263187326,4.0,0.4727374719089461,0.031695900585421176,-0.0022283233636622877
4,0.4781596001769426,0.46576046899113194,-4.22582614290217,4.22582614290217,4.0,0.4732106879013315,0.03171294730769386,5.58999493260017e-05
