{
  "0": 0.0,
  "1": -0.2751903814176396,
  "2": 0.27374387240914594,
  "3": 0.0,
  "4": 0.19607628329085697,
  "5": 0.0,
  "6": 0.0,
  "7": -0.24144840118817745,
  "8": -0.07406513741644921,
  "9": 0.0,
  "10": 0.0,
  "11": 0.12335898024433785,
  "12": 0.0,
  "13": 0.14416950450585905,
  "14": -0.16852602316474855,
  "15": 0.0
}