epoch,beta,coefficient,loss,expected_cut,best_measured_cut,success_probability_ancilla_1,max_postselected_probability,grad
0,-0.36588018167073955,-0.27519009127436306,-0.9999999999994689,0.9999999999994689,0.0,0.018813219231607902,0.062499999999966804,2.644910772755899e-12
1,-0.36588029989947113,-0.27519017273114893,-0.9999999999994689,0.9999999999994689,0.0,0.018813230298730835,0.062499999999966804,2.6438780573539135e-12
2,-0.36588044464111197,-0.27519027245468985,-0.9999999999994684,0.9999999999994684,0.0,0.018813243847670094,0.06249999999996678,2.643287600530999e-12
3,-0.3658806117363647,-0.27519038757932407,-0.9999999999994684,0.9999999999994684,0.0,0.01881325948908488,0.06249999999996678,2.644194691929447e-12
4,-0.3658807985201843,-0.2751905162688942,-0.9999999999994686,0.9999999999994686,0.0,0.01881327697350797,0.06249999999996679,2.644770907740103e-12
