{
  "0": 0.0,
  "1": 0.0,
  "2": 0.0,
  "3": -0.2761222015536749,
  "4": 0.302609102894562,
  "5": 0.3955028250745382,
  "6": 0.33021667997606197,
  "7": 0.0,
  "8": -0.26079433153476456,
  "9": 0.0,
  "10": 0.0,
  "11": 0.0,
  "12": -0.3165437578021113,
  "13": 0.0,
  "14": 0.0,
  "15": -0.13337570720202518
}