{
  "0": 0.0,
  "1": -0.23926466313185724,
  "2": 0.23921014132929702,
  "3": 0.0,
  "4": 0.0,
  "5": 0.0,
  "6": 0.0,
  "7": 0.0,
  "8": 0.0,
  "9": 0.0,
  "10": 0.0,
  "11": 0.0,
  "12": 0.0,
  "13": 0.1686846563171616,
  "14": -0.20121295362832484,
  "15": 0.0,
  "16": 0.0,
  "17": 0.0,
  "18": 0.0,
  "19": 0.0,
  "20": 0.0,
  "21": 0.03498356167733201,
  "22": -0.03773126359933892,
  "23": 0.0,
  "24": 0.0,
  "25": 0.019196921078466187,
  "26": -0.008948999522549671,
  "27": 0.0,
  "28": 0.012360356285850756,
  "29": 0.0,
  "30": 0.0,
  "31": 0.007821068825174346,
  "32": 0.0,
  "33": 0.0,
  "34": 0.0,
  "35": 0.0,
  "36": 0.0,
  "37": 0.02071669112093112,
  "38": -0.011600121351967753,
  "39": 0.0,
  "40": 0.0,
  "41": 0.012552377033924842,
  "42": -0.014089697574208315,
  "43": 0.0,
  "44": 0.006569289596622441,
  "45": 0.0,
  "46": 0.0,
  "47": 0.0,
  "48": 0.0,
  "49": 0.06223571673088289,
  "50": -0.09484006614961518,
  "51": 0.0,
  "52": 0.0,
  "53": 0.0,
  "54": 0.0,
  "55": 0.00968074282323307,
  "56": 0.0,
  "57": 0.0,
  "58": 0.0,
  "59": 0.0,
  "60": 0.0,
  "61": -0.1402796250336806,
  "62": 0.1653243694698749,
  "63": 0.0
}