{
  "0": 0.0,
  "1": -0.27705978333147263,
  "2": 0.27742705458266675,
  "3": 0.0,
  "4": -0.18631588356565051,
  "5": 0.0,
  "6": 0.0,
  "7": 0.2245246119834903,
  "8": -0.11195042012085815,
  "9": 0.0,
  "10": 0.0,
  "11": 0.14833076649076074,
  "12": 0.0,
  "13": -0.13784775695636214,
  "14": 0.1542106926789646,
  "15": 0.0
}