epoch,beta,coefficient,loss,expected_cut,best_measured_cut,success_probability_ancilla_1,max_postselected_probability,grad
0,-0.30853208893296785,-0.2349134507551647,-1.4999999999989075,1.4999999999989075,0.0,0.013732754962631162,0.06249999999995448,6.61858996311311e-12
1,-0.30853238493749324,-0.23491366243842898,-1.499999999998907,1.499999999998907,0.0,0.013732779598214853,0.06249999999995447,6.622625089222518e-12
2,-0.3085327474235064,-0.23491392166489622,-1.4999999999989075,1.4999999999989075,0.0,0.013732809766880441,0.06249999999995448,6.623140750750152e-12
3,-0.3085331658550133,-0.23491422089987918,-1.4999999999989075,1.4999999999989075,0.0,0.013732844591760645,0.06249999999995448,6.620285441472535e-12
4,-0.3085336335299777,-0.2349145553504897,-1.499999999998908,1.499999999998908,0.0,0.013732883515076849,0.062499999999954495,6.619689913403273e-12
