epoch,beta,coefficient,loss,expected_cut,best_measured_cut,success_probability_ancilla_1,max_postselected_probability,grad
0,-0.44339785321478165,-0.43611270140283254,-2.999999999999586,2.999999999999586,0.0,0.07247287538116683,0.06249999999999138,1.6022148119117274e-12
1,-0.44339792487305085,-0.4361127634284647,-2.999999999999586,2.999999999999586,0.0,0.07247289548284405,0.06249999999999138,1.6032123434887017e-12
2,-0.4433980126829404,-0.43611283943453616,-2.999999999999586,2.999999999999586,0.0,0.07247292011539812,0.06249999999999138,1.6061492493116861e-12
3,-0.4433981140772446,-0.4361129271989348,-2.999999999999586,2.999999999999586,0.0,0.07247294855867387,0.06249999999999137,1.605394165131013e-12
4,-0.44339822738950374,-0.436113025279211,-2.999999999999586,2.999999999999586,0.0,0.07247298034519477,0.06249999999999137,1.6031543805155767e-12
