{
  "0": 0.0,
  "1": -0.15695054315080484,
  "2": 0.14332816846464738,
  "3": -0.1369224816934267,
  "4": 0.18439032354442972,
  "5": 0.2399627083690925,
  "6": 0.20660679246442454,
  "7": 0.0032537283301961894,
  "8": -0.17550489861927618,
  "9": -0.1213399833245179,
  "10": -0.0622094133627074,
  "11": 0.004638018457912798,
  "12": -0.1927880019794125,
  "13": 0.09914988699036277,
  "14": -0.10900678799003179,
  "15": -0.09319844716127645,
  "16": -0.10211810019853697,
  "17": -0.154828449880461,
  "18": -0.10168793375022987,
  "19": -0.004065926482133017,
  "20": 0.15111107867289802,
  "21": 0.1218900009437946,
  "22": -0.015145147543316662,
  "23": 0.16670360648147345,
  "24": 0.12698856527711877,
  "25": -0.06511247304907893,
  "26": 0.09981236135498511,
  "27": 0.056672556149718875,
  "28": 0.0698379563070445,
  "29": -0.0865241691421825,
  "30": -0.11380521334474483,
  "31": -0.05721926718778863,
  "32": 0.0,
  "33": 0.03245979797654439,
  "34": 0.03857794609494777,
  "35": -0.006859525503740336,
  "36": -0.15093526537059396,
  "37": -0.05444475918575286,
  "38": -0.04349265873165193,
  "39": -0.16220955082984212,
  "40": 0.11678570048230201,
  "41": 0.07748651379837508,
  "42": 0.08281207990991656,
  "43": 0.09744352378789843,
  "44": -0.016989370092026602,
  "45": 0.08785007715299506,
  "46": 0.09439876473503545,
  "47": -0.018862568591184733,
  "48": 0.0970497368931453,
  "49": 0.02818092314383077,
  "50": 0.031616632105461985,
  "51": 0.08543288084079273,
  "52": -0.03731829699350759,
  "53": -0.1410247478224216,
  "54": -0.11642273475829533,
  "55": -0.04081372307496611,
  "56": 0.0,
  "57": -0.057908731311526004,
  "58": -0.05766389578776023,
  "59": 0.0,
  "60": 0.08164598103663602,
  "61": -0.016124683746052273,
  "62": -0.013939285917837343,
  "63": 0.0750803148187834
}