epoch,beta,coefficient,loss,expected_cut,best_measured_cut,success_probability_ancilla_1,max_postselected_probability,grad
0,-0.378190723860786,-0.2836349100736071,-2.999999999998499,2.999999999998499,0.0,0.019977718203880675,0.015624999999992183,7.180822443288298e-12
1,-0.378191044910016,-0.28363512933980956,-2.9999999999984985,2.9999999999984985,0.0,0.019977748884404824,0.01562499999999218,7.180979222444881e-12
2,-0.378191438118428,-0.28363539788832165,-2.9999999999984985,2.9999999999984985,0.0,0.019977786460720327,0.01562499999999218,7.186159701182951e-12
3,-0.3781918919935435,-0.2836357078701175,-2.999999999998497,2.999999999998497,0.0,0.0199778298345794,0.015624999999992173,7.180307558808969e-12
4,-0.37819239946028516,-0.2836360544531133,-2.999999999998498,2.999999999998498,0.0,0.01997787832987541,0.015624999999992176,7.19071375034956e-12
