epoch,beta,coefficient,loss,expected_cut,best_measured_cut,success_probability_ancilla_1,max_postselected_probability,grad
0,0.3361579029559893,0.2545027971491544,-7.998440952660134,7.998440952660134,5.0,0.0343129716331832,0.03120127977069286,-0.15371697395402886
1,0.34593622900593934,0.26135433119520296,-7.999319295249016,7.999319295249016,5.0,0.03515392891214393,0.031228727976593904,-0.10981243561592581
2,0.35525075618459806,0.2678395702410585,-7.9998122206729345,7.9998122206729345,5.0,0.03597003049590787,0.03124413189608996,-0.07040238507514997
3,0.3637826508944118,0.2737438816113273,-7.999992878415357,7.999992878415357,5.0,0.03673000137396865,0.031249777450539508,-0.035920827427997674
4,0.3711716872344831,0.27882903223091676,-7.999955748519906,7.999955748519906,5.0,0.03739747976528488,0.03124861714130558,-0.006811059621653092
5,0.3770969683678916,0.2828876156113981,-7.999804798027904,7.999804798027904,5.0,0.037938795189253464,0.03124389993842962,0.016588347197099527
