epoch,beta,coefficient,loss,expected_cut,best_measured_cut,success_probability_ancilla_1,max_postselected_probability,grad
0,-0.5297542518325058,-0.508093148723634,-5.499999999999437,5.499999999999437,0.0,0.09749868807206319,0.0156249999999984,1.7198129363138852e-12
1,-0.5297543287705441,-0.5080932103259341,-5.499999999999437,5.499999999999437,0.0,0.09749871091386038,0.0156249999999984,1.7217459900930548e-12
2,-0.5297544229715815,-0.5080932857502654,-5.499999999999435,5.499999999999435,0.0,0.09749873888079463,0.015624999999998397,1.7205971086276767e-12
3,-0.5297545317750947,-0.5080933728664124,-5.499999999999439,5.499999999999439,0.0,0.0974987711829954,0.015624999999998404,1.7238390167114696e-12
4,-0.5297546532387226,-0.5080934701191736,-5.499999999999435,5.499999999999435,0.0,0.0974988072438041,0.015624999999998394,1.7128414766147889e-12
