epoch,beta,coefficient,loss,expected_cut,best_measured_cut,success_probability_ancilla_1,max_postselected_probability,grad
0,-0.4353010908956663,-0.42908078562130547,-5.499999999999751,5.499999999999751,2.0,0.2229469354861918,0.043469583862984586,1.9825786463885282e-13
1,-0.4353010997804661,-0.42908079336338806,-5.499999999999753,5.499999999999753,2.0,0.22294693708011798,0.04346958388137394,1.991359713677343e-13
2,-0.4353011106641127,-0.4290808028472359,-5.499999999999753,5.499999999999753,2.0,0.2229469390326357,0.043469583903900384,1.9895546151741838e-13
3,-0.43530112323197545,-0.4290808137986845,-5.499999999999754,5.499999999999754,2.0,0.22294694128730058,0.04346958392991274,1.9900571045200408e-13
4,-0.435301137269323,-0.42908082603062025,-5.499999999999755,5.499999999999755,2.0,0.22294694380559005,0.043469583958966544,1.982596883290068e-13
