{
  "0": 0.0,
  "1": -0.27706056280042074,
  "2": 0.2774291139044898,
  "3": 0.0,
  "4": 0.19655385800509426,
  "5": 0.0,
  "6": 0.0,
  "7": -0.23954408416669762,
  "8": -0.07498618339749914,
  "9": 0.0,
  "10": 0.0,
  "11": 0.12180802701399118,
  "12": 0.0,
  "13": 0.143951577393013,
  "14": -0.16866825193718332,
  "15": 0.0
}