epoch,beta,coefficient,loss,expected_cut,best_measured_cut,success_probability_ancilla_1,max_postselected_probability,grad
0,0.2692897852878114,0.16522506341775348,-2.999799122127552,2.999799122127552,3.0,0.007859778974786888,0.12497489026626209,0.010973043607534478
1,0.2751319439236082,0.16863668854245384,-2.9999845575701336,2.9999845575701336,3.0,0.008018238058782502,0.12499806969657846,-0.05027402070179842
2,0.28113303793045913,0.1721300030613354,-2.9999596812899503,2.9999596812899503,3.0,0.008183828980607223,0.12499496016154919,-0.013622562908658811
3,0.2835126247998636,0.17351202719335634,-2.9998926982949454,2.9998926982949454,3.0,0.008250272078799113,0.1249865872871712,0.02149600990132782
4,0.28240587694780633,0.17286947166267994,-2.9999277706019685,2.9999277706019685,3.0,0.008219314438133578,0.12499097132555036,0.034738662056658313
5,0.2794772884930646,0.1711673070700439,-2.9999874836394107,2.9999874836394107,3.0,0.008137858003371983,0.1249984354552336,0.028626749621382085
6,0.2761270450640367,0.16921673463453102,-2.99999512355644,2.99999512355644,3.0,0.008045499749841301,0.1249993904448658,0.012055601714048219
