{
  "0": 0.0,
  "1": -0.2975791268913321,
  "2": 0.2971484772219056,
  "3": -0.2609222941749228,
  "4": 0.31685194986434606,
  "5": 0.42145816871474706,
  "6": 0.3447927009217012,
  "7": -0.106347432954131,
  "8": -0.2907941719441506,
  "9": -0.24650656741724414,
  "10": -0.04264101771009368,
  "11": 0.06550655047336858,
  "12": -0.3167786553818622,
  "13": 0.19779799885089078,
  "14": -0.1948187941852516,
  "15": -0.13466872586391904,
  "16": 0.11969611635202607,
  "17": 0.12428613623076613,
  "18": 0.009463942853268865,
  "19": -0.04985707979980989,
  "20": 0.09839799258839059,
  "21": -0.14419396082232308,
  "22": 0.05721504299497467,
  "23": -0.04421854046079088,
  "24": -0.096238807358099,
  "25": 0.1632237519357058,
  "26": -0.16347364804194095,
  "27": 0.06334312437018746,
  "28": -0.12678472151305803,
  "29": -0.2784382202383345,
  "30": -0.12417859258191596,
  "31": 0.08781695635817213,
  "32": 0.03487741585970675,
  "33": -0.09807024756027784,
  "34": -0.061771768303338526,
  "35": -0.01053334577054586,
  "36": 0.18816309562494543,
  "37": 0.01701963468716047,
  "38": 0.01718056338861515,
  "39": 0.18416838507109173,
  "40": 0.08749477216069407,
  "41": 0.0011908860473657948,
  "42": -0.039643664709960245,
  "43": 0.054359177521219576,
  "44": -0.032332525749153,
  "45": -0.1108853453252806,
  "46": -0.1897095488148405,
  "47": -0.013646707374781252,
  "48": 0.04498545792775165,
  "49": 0.021298282418256216,
  "50": 0.0034365987823428224,
  "51": 0.07940013121698365,
  "52": -0.014451141508675937,
  "53": -0.09312694596448311,
  "54": -0.016176787509558692,
  "55": -0.0033246138617328692,
  "56": 0.052521245122121786,
  "57": 0.12183392547082715,
  "58": 0.00375611021908803,
  "59": -0.018247365642010595,
  "60": 0.022400704251041223,
  "61": -0.07496358574304476,
  "62": 0.0518032582147931,
  "63": -0.053366360917655904
}