epoch,beta,coefficient,loss,expected_cut,best_measured_cut,success_probability_ancilla_1,max_postselected_probability,grad
0,0.34694914006341443,0.262061538179034,-3.4912039189365567,3.4912039189365567,6.0,0.13893389758046917,0.11021964951645143,0.04244778782014449
1,0.3370547292415491,0.2551330184139742,-3.4915057888642655,3.4915057888642655,6.0,0.1382930571181837,0.11061963259068293,0.0345436787371366
2,0.3273887632785213,0.24832131391842227,-3.4917217416555864,3.4917217416555864,6.0,0.13767994789529764,0.11100030935003134,0.026425447922870476
3,0.3181350498195527,0.24176098863528556,-3.491852871756488,3.491852871756488,6.0,0.13710535671474045,0.11135485772935598,0.018211231765785166
4,0.30955299368613937,0.23564331265535576,-3.4919063104123267,3.4919063104123267,6.0,0.13658360781204915,0.1116745474592582,0.010087804859943887
