epoch,beta,coefficient,loss,expected_cut,best_measured_cut,success_probability_ancilla_1,max_postselected_probability,grad
0,-0.2391389048965799,-0.14745520304731102,-2.9745705534809272,2.9745705534809272,2.0,0.023560892966015816,0.08851464831634732,-0.00981006963227942
1,-0.23974450203239545,-0.14781470305240982,-2.9745762191781537,2.9745762191781537,2.0,0.02357468445339051,0.08852364916714509,0.009966933894217371
2,-0.2435299499166872,-0.15005952487891056,-2.97459495760123,2.97459495760123,2.0,0.023661585807083496,0.08857708099465852,0.00874469825731769
3,-0.24703662432190662,-0.1521354131359934,-2.9745869509752447,2.9745869509752447,2.0,0.02374314904417074,0.08862226580177184,0.001176070352843821
4,-0.24804998659882024,-0.15273465126829847,-2.9745801485577714,2.9745801485577714,2.0,0.023766908299862978,0.0886345589448448,-0.005724810028183112
5,-0.24674321054736978,-0.15196185189513317,-2.9745885466208115,2.9745885466208115,2.0,0.023736285462154977,0.08861864265866318,-0.00769913956330173
6,-0.2443214296061068,-0.15052837223407942,-2.9745952680019228,2.9745952680019228,2.0,0.0236799062444895,0.08858763983802924,-0.0051514840795239035
