epoch,beta,coefficient,loss,expected_cut,best_measured_cut,success_probability_ancilla_1,max_postselected_probability,grad
0,0.23219860918306198,0.14332800042002372,-2.4999999999960485,2.4999999999960485,2.0,0.006326363941209801,0.031185507293263446,-1.4863248529162688e-11
1,0.2321992737318772,0.14332839624083163,-2.4999999999960485,2.4999999999960485,2.0,0.006326379756241293,0.0311855112010662,-1.4865564382154016e-11
2,0.2322000873872355,0.14332888087281848,-2.4999999999960485,2.4999999999960485,2.0,0.006326399119785189,0.03118551598549699,-1.4862893398915182e-11
3,0.23220102678451746,0.14332944039938528,-2.499999999996049,2.499999999996049,2.0,0.006326421475834392,0.031185521509070804,-1.4870180139989656e-11
4,0.2322020768198447,0.14333006582422553,-2.4999999999960485,2.4999999999960485,2.0,0.006326446464971477,0.031185527682881287,-1.4867532836751496e-11
5,0.23220322680279104,0.1433307507797893,-2.4999999999960485,2.4999999999960485,2.0,0.006326473832810611,0.031185534443976183,-1.4867721668592414e-11
6,0.23220446858626273,0.14333149041339568,-2.4999999999960485,2.4999999999960485,2.0,0.00632650338549233,0.031185541744359793,-1.486534653098712e-11
