epoch,beta,coefficient,loss,expected_cut,best_measured_cut,success_probability_ancilla_1,max_postselected_probability,grad
0,0.2692659512532971,0.1652111235112094,-2.9021731034200418,2.9021731034200418,2.0,0.020649347758582265,0.0735921996912357,-0.0295480414483352
1,0.27800089370572867,0.1703081596512608,-2.9021890280121996,2.9021890280121996,2.0,0.020876890797361387,0.07364006122187974,-0.010012395059964548
2,0.28336771689517193,0.17342791889350406,-2.902129628379854,2.902129628379854,2.0,0.021019618331439914,0.07365889046742223,0.006239673268818502
3,0.28470763367869306,0.1742053843950223,-2.902106813577478,2.902106813577478,2.0,0.02105559522244727,0.07366236863080128,0.015848406894586855
4,0.2832257378574733,0.173345504058003,-2.9021318607403987,2.9021318607403987,2.0,0.02101581416588182,0.07365849354898545,0.018202675873822155
5,0.2801338408942208,0.17154914797827014,-2.902171601786197,2.902171601786197,2.0,0.02093335129755801,0.0736484907248985,0.015597899670849166
6,0.2763431923071579,0.16934268616022452,-2.902196867284019,2.902196867284019,2.0,0.020833252290058852,0.07363263743845763,0.01009282194979483
