epoch,beta,coefficient,loss,expected_cut,best_measured_cut,success_probability_ancilla_1,max_postselected_probability,grad
0,-0.43365105252721703,-0.4276419952513619,-2.499999999999642,2.499999999999642,0.0,0.06975164999038513,0.06249999999999106,1.4263380643718256e-12
1,-0.43365111627155833,-0.4276420508722653,-2.499999999999641,2.499999999999641,0.0,0.06975166770063852,0.06249999999999102,1.4251872408585812e-12
2,-0.43365119436441846,-0.42764211901314014,-2.499999999999641,2.499999999999641,0.0,0.06975168939737914,0.062499999999991035,1.427808204160481e-12
3,-0.43365128453594887,-0.4276421976934001,-2.499999999999641,2.499999999999641,0.0,0.06975171444996997,0.06249999999999102,1.4276035842112936e-12
4,-0.4336513853620663,-0.4276422856704422,-2.499999999999642,2.499999999999642,0.0,0.06975174246275524,0.06249999999999105,1.4289405403623633e-12
