{
  "0": 0.0,
  "1": -0.24005620388638568,
  "2": 0.24536659972806574,
  "3": -0.23735731910540867,
  "4": 0.38932175935972424,
  "5": 0.0,
  "6": 0.2925547861807897,
  "7": -0.2568679091810786,
  "8": -0.1335251793975483,
  "9": 0.11908299963678488,
  "10": 0.07795775555185713,
  "11": 0.11370854985006174,
  "12": -0.21848706386586472,
  "13": 0.19172776274695788,
  "14": -0.23912498942689578,
  "15": -0.05908846529595651,
  "16": 0.0,
  "17": 0.0,
  "18": 0.0,
  "19": 0.0,
  "20": 0.0,
  "21": 0.0,
  "22": 0.0,
  "23": 0.0,
  "24": 0.0,
  "25": 0.0,
  "26": 0.0,
  "27": 0.0,
  "28": 0.0,
  "29": 0.0,
  "30": 0.0,
  "31": 0.0,
  "32": 0.004041840741108125,
  "33": 0.0970253022201305,
  "34": 0.026433118990948735,
  "35": -0.007519314530769741,
  "36": -0.11235539907756965,
  "37": -0.09638718203524016,
  "38": 0.003981266205084269,
  "39": -0.06425729241450459,
  "40": -0.033292759984328575,
  "41": 0.05825991202636419,
  "42": -0.028581640748426045,
  "43": -0.07802999051126666,
  "44": -0.11798013777639453,
  "45": 0.10923895161861588,
  "46": 0.11654011593122461,
  "47": 0.11456765341144244,
  "48": 0.0,
  "49": 0.0,
  "50": 0.0,
  "51": 0.0,
  "52": 0.0,
  "53": 0.0,
  "54": 0.0,
  "55": 0.0,
  "56": 0.0,
  "57": 0.0,
  "58": 0.0,
  "59": 0.0,
  "60": 0.0,
  "61": 0.0,
  "62": 0.0,
  "63": 0.0
}