epoch,beta,coefficient,loss,expected_cut,best_measured_cut,success_probability_ancilla_1,max_postselected_probability,grad
0,-0.31389358926653355,-0.23874147345320265,-2.967525243061612,2.967525243061612,2.0,0.10432124680131633,0.08603920063183326,0.017441487232704243
1,-0.32259323681353064,-0.24492630287422804,-2.967532428110655,2.967532428110655,2.0,0.10479755609187563,0.08610386406340441,0.005771419479037892
2,-0.3277752937519026,-0.24859451341552624,-2.967496458464022,2.967496458464022,2.0,0.10508719729892109,0.0861358764291834,-0.004070936136603479
3,-0.3288535973929643,-0.2493563042506288,-2.9674852623082257,2.9674852623082257,2.0,0.10514801465100868,0.08614193664783701,-0.009793927169008192
4,-0.32715378519349386,-0.24815519891125015,-2.9675023339809634,2.9675023339809634,2.0,0.10505222894007367,0.08613228985436651,-0.010971549440084922
