epoch,beta,coefficient,loss,expected_cut,best_measured_cut,success_probability_ancilla_1,max_postselected_probability,grad
0,-0.3781907238805733,-0.2836349100871212,-2.999999999998497,2.999999999998497,0.0,0.01997771820577162,0.06249999999996869,7.181448200340705e-12
1,-0.3781910450937105,-0.283635129465267,-2.999999999998499,2.999999999998499,0.0,0.019977748901959292,0.06249999999996872,7.187381867265589e-12
2,-0.37819143838287994,-0.28363539806893373,-2.999999999998499,2.999999999998499,0.0,0.019977786485992258,0.06249999999996872,7.1838884665251674e-12
3,-0.37819189234586975,-0.2836357081107447,-2.999999999998499,2.999999999998499,0.0,0.019977829868248906,0.06249999999996872,7.181491580242568e-12
4,-0.37819239968193824,-0.28363605460449504,-2.999999999998499,2.999999999998499,0.0,0.01997787835105737,0.06249999999996872,7.178833807894608e-12
