epoch,beta,coefficient,loss,expected_cut,best_measured_cut,success_probability_ancilla_1,max_postselected_probability,grad
0,0.2233686141192316,0.13805817041235238,-2.9999999999975095,2.9999999999975095,1.0,0.012041499534281064,0.06182900361896564,-4.705509481525807e-12
1,0.22336882448646522,0.13805829620848237,-2.99999999999751,2.99999999999751,1.0,0.012041504318278797,0.06182900513388723,-4.704978008392921e-12
2,0.22336908206054853,0.1380584502335127,-2.999999999997508,2.999999999997508,1.0,0.012041510175821005,0.06182900698873533,-4.704908861101652e-12
3,0.22336937942279123,0.13805862805118085,-2.9999999999975078,2.9999999999975078,1.0,0.012041516938200731,0.061829009130072436,-4.7060273481227136e-12
4,0.22336971179819257,0.13805882680610715,-2.9999999999975078,2.9999999999975078,1.0,0.012041524496831579,0.061829011523499476,-4.705293928304592e-12
5,0.2233700758286122,0.1380590444901712,-2.9999999999975095,2.9999999999975095,1.0,0.012041532775348161,0.0618290141448208,-4.706782873759553e-12
6,0.22337046892531665,0.13805927955534528,-2.9999999999975073,2.9999999999975073,1.0,0.012041541714882297,0.06182901697538148,-4.7055543492936015e-12
