epoch,beta,coefficient,loss,expected_cut,best_measured_cut,success_probability_ancilla_1,max_postselected_probability,grad
0,0.2372780834283063,0.14634992698267785,-2.9999999999947473,2.9999999999947473,1.0,0.005712137350696665,0.031229940796818147,-2.2324882760352708e-11
1,0.23727908145073898,0.14635052003765542,-2.999999999994748,2.999999999994748,1.0,0.005712161579938876,0.031229937587034205,-2.2323717088218784e-11
2,0.2372803033667842,0.14635124613658304,-2.999999999994748,2.999999999994748,1.0,0.005712191244820585,0.03122993365684726,-2.232061161688417e-11
3,0.23728171378132046,0.14635208424641744,-2.999999999994749,2.999999999994749,1.0,0.005712225486107114,0.031229929119921184,-2.2314575291762625e-11
4,0.23728329027560222,0.14635302104507358,-2.9999999999947486,2.9999999999947486,1.0,0.005712263759593023,0.031229924048190152,-2.2321835560154464e-11
5,0.237285016735509,0.14635404695686724,-2.999999999994748,2.999999999994748,1.0,0.005712305674130953,0.031229918493314242,-2.2318055738726905e-11
6,0.23728688103627088,0.14635515477670788,-2.9999999999947478,2.9999999999947478,1.0,0.005712350935423536,0.031229912494124584,-2.2320387012674275e-11
