epoch,beta,coefficient,loss,expected_cut,best_measured_cut,success_probability_ancilla_1,max_postselected_probability,grad
0,-0.30825403288228204,-0.23471458652608995,-2.4999999999981775,2.4999999999981775,0.0,0.013709620876905616,0.01562499999998861,1.1065206930684332e-11
1,-0.308254527367244,-0.23471494020848538,-2.499999999998177,2.499999999998177,0.0,0.013709662004081219,0.015624999999988606,1.1055944769722319e-11
2,-0.3082551329813488,-0.23471537337631324,-2.4999999999981757,2.4999999999981757,0.0,0.013709712374127513,0.0156249999999886,1.1067971262034356e-11
3,-0.30825583222225406,-0.2347158735108767,-2.4999999999981766,2.4999999999981766,0.0,0.013709770531378932,0.015624999999988603,1.1069643646900457e-11
4,-0.30825661361878226,-0.23471643240729667,-2.499999999998177,2.499999999998177,0.0,0.013709835521791457,0.015624999999988606,1.1054790209816998e-11
