epoch,beta,coefficient,loss,expected_cut,best_measured_cut,success_probability_ancilla_1,max_postselected_probability,grad
0,0.3300869374648389,0.2502269845756962,-4.324850962257795,4.324850962257795,4.0,0.12127916804541901,0.041186022134553205,-0.11021551465573891
1,0.34005740226512593,0.2572403924799448,-4.325821847466921,4.325821847466921,4.0,0.12200185008912835,0.04136150720246177,-0.10158575480558908
2,0.34997618015599075,0.2641721433281521,-4.326705898175685,4.326705898175685,4.0,0.12273438749021583,0.04152782525726539,-0.09320404053074136
3,0.35981926716101753,0.2710054295892542,-4.327504779426123,4.327504779426123,4.0,0.12347426227584679,0.041684892621891984,-0.08509197206512159
4,0.3695609315556621,0.277722762809116,-4.3282207242857265,4.3282207242857265,4.0,0.12421871880529667,0.04183267579664226,-0.0772694795642257
5,0.3791738692036654,0.28430612797551896,-4.328856525464889,4.328856525464889,4.0,0.12496478065742077,0.04197119320804113,-0.06975456009469569
6,0.38862942226708647,0.29073717112131453,-4.329415514357365,4.329415514357365,4.0,0.12570927527379303,0.04210051605018271,-0.06256303688702386
7,0.3978978640136728,0.2969974186206989,-4.329901526798636,4.329901526798636,4.0,0.12644886663163912,0.042220768099619166,-0.05570835087568506
8,0.40694874938009434,0.3030685247197014,-4.330318855391024,4.330318855391024,4.0,0.12718009583351214,0.042332124418312585,-0.049201393153211405
9,0.41575132704610623,0.30893254166391215,-4.330672188892291,4.330672188892291,4.0,0.1278994290291816,0.04243480890124483,-0.043050386024325045
10,0.4242750043953862,0.31457220461649466,-4.330966539882398,4.330966539882398,4.0,0.12860331156964583,0.04252909067680793,-0.03726081893644188
11,0.4324898522911376,0.31997122165574565,-4.331207162657684,4.331207162657684,4.0,0.12928822678209184,0.042615279426598256,-0.0318354435823911
12,0.4403671325670181,0.32511455776703413,-4.331399463983229,4.331399463983229,4.0,0.1299507573051293,0.04269371975237198,-0.026774329964019454
13,0.4478798280434563,0.32998870113278067,-4.3315489098863935,4.3315489098863935,4.0,0.13058764659428285,0.04276478477605329,-0.022074982308281418
