epoch,beta,coefficient,loss,expected_cut,best_measured_cut,success_probability_ancilla_1,max_postselected_probability,grad
0,0.37577430046394367,0.28198313292466703,-4.7841819328304425,4.7841819328304425,4.0,0.1974346672493608,0.05768912900360988,-5.41779188919921e-05
1,0.3683727189821272,0.27690588827584517,-4.784224760851705,4.784224760851705,4.0,0.19701836179022297,0.05763181007544745,0.009208118568447856
2,0.361254193381767,0.27199774356718404,-4.784217465038434,4.784217465038434,4.0,0.19662334597098607,0.057573553911018045,0.002338891975313456
3,0.358416135781095,0.27003415241306383,-4.784201073094372,4.784201073094372,4.0,0.19646735906299534,0.057549461794645596,-0.004412218515130317
4,0.35951088234384554,0.27079203961872905,-4.784208314553137,4.784208314553137,4.0,0.19652742667483514,0.057558813905237115,-0.007143016188866466
