{
  "0": 0.0,
  "1": -0.4272537048878865,
  "2": 0.476002583456132,
  "3": -0.46029602210838794,
  "4": -0.6242893412744563,
  "5": 0.4355211602360415,
  "6": 0.08099752965413788,
  "7": 0.3948111009251585,
  "8": 0.15428981708751777,
  "9": 0.010486894378871478,
  "10": -0.06269807211535264,
  "11": 0.017141619902538947,
  "12": -0.00469343316648318,
  "13": 0.0011849857649427317,
  "14": 0.0031778022235694117,
  "15": 0.0021387919588175255,
  "16": -0.02211730678743261,
  "17": 0.2381049406597261,
  "18": 0.26834717569031463,
  "19": 0.0030263868926646465,
  "20": -0.3558057128228647,
  "21": 0.08351486310791838,
  "22": 0.01981288833760098,
  "23": -0.2525360852642911,
  "24": 0.13223251129197874,
  "25": -0.06668970707557416,
  "26": -0.015424728103230501,
  "27": -0.06709528613778819,
  "28": 0.02596266899104492,
  "29": 0.14161616520796264,
  "30": -0.16009143948734927,
  "31": -0.056397596715418795,
  "32": 0.0627549042195334,
  "33": -0.012590645688359438,
  "34": -0.03819901821122109,
  "35": -0.04115198307925904,
  "36": 0.0804835136289279,
  "37": 0.08912530660313984,
  "38": -0.016806580664342208,
  "39": -0.016951228677065854,
  "40": 0.08085052542363078,
  "41": -0.050559497124457835,
  "42": -0.034921764484950366,
  "43": -0.05903793869276799,
  "44": -0.06716847742096192,
  "45": 0.09387545673699442,
  "46": -0.14759687416659667,
  "47": 0.03187951090690174,
  "48": 0.09820755002713552,
  "49": -0.07848791193075781,
  "50": 0.042746896111743427,
  "51": -0.06621526537516749,
  "52": -0.021435785859244536,
  "53": 0.08394176354327393,
  "54": -0.08046106447700849,
  "55": 0.0925366240359681,
  "56": -0.06764803205138141,
  "57": -0.07020055661371087,
  "58": -0.005151294009518795,
  "59": 0.06435442550354344,
  "60": 0.0612983398138401,
  "61": -0.032449890111057825,
  "62": 0.11118564882008715,
  "63": 0.03247987618658624
}