epoch,beta,coefficient,loss,expected_cut,best_measured_cut,success_probability_ancilla_1,max_postselected_probability,grad
0,-0.42391657091196144,-0.4191144243436425,-2.999999999999849,2.999999999999849,1.0,0.20032199195228034,0.04394418395721093,1.4072910616348926e-13
1,-0.42391657727215515,-0.419114429937163,-2.999999999999851,2.999999999999851,1.0,0.2003219931628354,0.04394418396213594,1.436262388731384e-13
2,-0.4239165850615132,-0.4191144367875728,-2.9999999999998517,2.9999999999998517,1.0,0.20032199464540762,0.04394418396816757,1.4233766499240001e-13
3,-0.42391659404889265,-0.4191144446915916,-2.9999999999998517,2.9999999999998517,1.0,0.20032199635600312,0.04394418397512688,1.4202648804474901e-13
4,-0.42391660409581594,-0.4191144535274341,-2.99999999999985,2.99999999999985,1.0,0.20032199826826488,0.043944183982906594,1.4228157239373668e-13
