epoch,beta,coefficient,loss,expected_cut,best_measured_cut,success_probability_ancilla_1,max_postselected_probability,grad
0,0.45252838029800435,0.44398570523949876,-2.9999999999998055,2.9999999999998055,1.0,0.15390281909245562,0.031145867919068156,-2.8871932342408913e-13
1,0.45252839327565186,0.4439857163867615,-2.9999999999998046,2.9999999999998046,1.0,0.15390282208234288,0.03114586796637405,-2.9165035446811314e-13
2,0.4525284091914855,0.4439857300578044,-2.9999999999998046,2.9999999999998046,1.0,0.1539028257491515,0.031145868024390146,-2.915245066766747e-13
3,0.45252842760519596,0.4439857458744199,-2.9999999999998064,2.9999999999998064,1.0,0.15390282999143964,0.031145868091511472,-2.9292011203679556e-13
4,0.45252844816916754,0.4439857635380205,-2.999999999999806,2.999999999999806,1.0,0.1539028347291212,0.03114586816647082,-2.9031990530724237e-13
