epoch,beta,coefficient,loss,expected_cut,best_measured_cut,success_probability_ancilla_1,max_postselected_probability,grad
0,0.4320180281242725,0.4262161302233154,-2.9999999999998748,2.9999999999998748,1.0,0.24185636161974158,0.052104582258544765,-8.509395076739223e-14
1,0.4320180319273163,0.42621613354612936,-2.9999999999998765,2.9999999999998765,1.0,0.2418563622519605,0.05210458222834229,-8.502933950687668e-14
2,0.4320180365850776,0.426216137615731,-2.9999999999998757,2.9999999999998757,1.0,0.2418563630262679,0.05210458219135187,-8.511774768751957e-14
3,0.43201804195597615,0.4262161423084185,-2.9999999999998765,2.9999999999998765,1.0,0.2418563639191273,0.052104582148697995,-8.47506278877031e-14
4,0.43201804796195986,0.42621614755599563,-2.9999999999998757,2.9999999999998757,1.0,0.2418563649175636,0.05210458210100045,-8.513803520253608e-14
