epoch,beta,coefficient,loss,expected_cut,best_measured_cut,success_probability_ancilla_1,max_postselected_probability,grad
0,0.5247094895704978,0.5040440611868016,-2.9999999999998734,2.9999999999998734,1.0,0.23519388230276558,0.06462187459175697,-2.658161327337454e-14
1,0.5247094907612164,0.5040440621448391,-2.999999999999873,2.999999999999873,1.0,0.23519388236084604,0.06462187456283763,-2.6677233854427457e-14
2,0.5247094922184419,0.5040440633173049,-2.999999999999872,2.999999999999872,1.0,0.23519388243192613,0.0646218745274456,-2.6595485370444664e-14
3,0.5247094938998629,0.5040440646701556,-2.9999999999998725,2.9999999999998725,1.0,0.2351938825139419,0.06462187448660849,-2.6574005997943088e-14
4,0.5247094957769954,0.5040440661804734,-2.999999999999874,2.999999999999874,1.0,0.23519388260550395,0.06462187444101809,-2.6473178763648774e-14
