epoch,beta,coefficient,loss,expected_cut,best_measured_cut,success_probability_ancilla_1,max_postselected_probability,grad
0,0.5269297128502051,0.5058285156909993,-1.999771742256398,1.999771742256398,3.0,0.17899718421865146,0.12497146778205673,-0.04112916950254421
1,0.5365531503789216,0.5135188695330942,-1.9999505700366664,1.9999505700366664,3.0,0.18127269026796133,0.12499382125459024,-0.025641193815634934
2,0.545281987393832,0.5204318551305834,-1.999999979201486,1.999999979201486,3.0,0.18334332379732432,0.12499999740019262,-0.011673604597906985
3,0.5524046431992656,0.5260285588002132,-1.999965266131447,1.999965266131447,3.0,0.18503702140728676,0.12499565826643762,0.00023472529200829664
4,0.5573031799637839,0.5298544857702473,-1.9999040894112114,1.9999040894112114,3.0,0.1862037149847531,0.12498801117640818,0.009436897011609578
