{
  "0": 0.0,
  "1": -0.1390409945226873,
  "2": 0.1517680505854156,
  "3": -0.1475974588845351,
  "4": -0.1662776069498852,
  "5": 0.24069651847630713,
  "6": 0.19970670642776017,
  "7": -0.01809970690502627,
  "8": 0.18222472993439906,
  "9": -0.10490348594482614,
  "10": -0.044633121159273266,
  "11": 0.0,
  "12": -0.20349716288556877,
  "13": 0.09569902982079068,
  "14": -0.09879556164691304,
  "15": -0.09623254635836238,
  "16": -0.09751772347238684,
  "17": 0.054493587462771484,
  "18": 0.03282738675378029,
  "19": 0.0,
  "20": 0.07019712299173428,
  "21": 0.0,
  "22": 0.12003380555463167,
  "23": 0.0,
  "24": -0.08218569796381495,
  "25": 0.11497407268490471,
  "26": -0.0885642687185135,
  "27": 0.026794877272416726,
  "28": 0.06236590145303667,
  "29": -0.1579211023872741,
  "30": -0.10508320299348896,
  "31": -0.061261739109316725,
  "32": 0.02189429042034976,
  "33": -0.07163509175891526,
  "34": -0.07413033175842886,
  "35": 0.007798074627411971,
  "36": 0.13262808699575104,
  "37": -0.009670011373411159,
  "38": -0.0713627873782579,
  "39": 0.1341292338178752,
  "40": 0.10285888054346916,
  "41": -0.02730323011232682,
  "42": 0.029089753005584376,
  "43": 0.0694830999651272,
  "44": 0.0020007113897551575,
  "45": -0.13224302716348327,
  "46": -0.12027674431059335,
  "47": 0.04715377736678898,
  "48": -0.015644950579529217,
  "49": 0.013362746259118553,
  "50": -0.05703393869975322,
  "51": 0.01615045569816358,
  "52": 0.06681010094194344,
  "53": 0.00389435784714874,
  "54": -0.0027219532480171654,
  "55": 0.01266238420626582,
  "56": -0.0578324535808871,
  "57": 0.07212712092496336,
  "58": 0.05973856893562141,
  "59": 0.016082952615036037,
  "60": -0.005662826998192135,
  "61": -0.07450587581953273,
  "62": 0.06147976306966696,
  "63": -0.06606009470956269
}