{
  "config": {
    "N_VERTICES": 4,
    "PROB_ARESTA": 0.85,
    "COM_PESO": false,
    "PESO_MIN": 1,
    "PESO_MAX": 1,
    "GRAPH_SEED": 104781,
    "GRAPH_EDGES": [
      [
        0,
        2,
        1.0
      ],
      [
        0,
        3,
        1.0
      ],
      [
        1,
        2,
        1.0
      ],
      [
        1,
        3,
        1.0
      ],
      [
        2,
        3,
        1.0
      ]
    ],
    "REVERSE_BITS": false,
    "ER": 1.0,
    "MAX_TERMS": null,
    "A_MAX": 0.7853981633974483,
    "INIT_BETA": 0.35,
    "MAX_EPOCHS": 200,
    "LR": 0.01,
    "FD_EPS": 0.01,
    "LOSS_TOL_LAST5": 0.001,
    "PATIENCE_LAST5": 5,
    "TRAIN_SEED": 2,
    "INIT_BETA_JITTER": 0.05,
    "OPTIMIZER": "adam",
    "ADAM_BETA1": 0.9,
    "ADAM_BETA2": 0.999,
    "ADAM_EPS": 1e-08,
    "COEF_ZERO_TOL": 0.005,
    "IMPROVEMENT_TOL": 0.003,
    "SATURATION_PATIENCE": 40,
    "INDEX_STRATEGY": "ascending",
    "INDEX_RANDOM_SEED": 42,
    "ENABLE_BACKWARD_PRUNING": false,
    "BACKWARD_PASSES": 1,
    "PRUNE_IMPROVEMENT_TOL": 1e-06,
    "OUTDIR": "benchmark_results_walsh_article/unweighted/sparse_threshold/n4/graph06_trainseed02",
    "SHOW_PLOTS": false,
    "name": "sparse_threshold"
  },
  "n_qubits_register": 4,
  "graph_edges": [
    [
      0,
      2,
      1.0
    ],
    [
      0,
      3,
      1.0
    ],
    [
      1,
      2,
      1.0
    ],
    [
      1,
      3,
      1.0
    ],
    [
      2,
      3,
      1.0
    ]
  ],
  "graph_signature": "d0a2f764541f34d9979e15c4cf98ceeae9b64c9a96b6d443de24544368e1cb36",
  "graph_num_edges": 5,
  "graph_density": 0.8333333333333334,
  "best_cut_bruteforce": 4.0,
  "best_bitstring_bruteforce": "0011",
  "best_index_bruteforce": 3,
  "candidate_order": [
    1,
    2,
    3,
    4,
    5,
    6,
    7,
    8,
    9,
    10,
    11,
    12,
    13,
    14,
    15
  ],
  "total_possible_parameters": 15,
  "visited_parameters": 15,
  "trained_coefficients": {
    "0": 0.0,
    "1": -0.23471494022219078,
    "2": 0.26000952604047667,
    "3": -0.2517847242052623,
    "4": -0.27124163794393136,
    "5": 0.38304802903130725,
    "6": 0.2897498905668844,
    "7": 0.0,
    "8": 0.2807179803749432,
    "9": -0.1657044023951913,
    "10": -0.028098006197748757,
    "11": -0.04867620736384198,
    "12": -0.31299106754840444,
    "13": 0.1762649794801138,
    "14": -0.15839985388105562,
    "15": -0.1189837663432765
  },
  "final_coefficient_vector": [
    0.0,
    -0.23471494022219078,
    0.26000952604047667,
    -0.2517847242052623,
    -0.27124163794393136,
    0.38304802903130725,
    0.2897498905668844,
    0.0,
    0.2807179803749432,
    -0.1657044023951913,
    -0.028098006197748757,
    -0.04867620736384198,
    -0.31299106754840444,
    0.1762649794801138,
    -0.15839985388105562,
    -0.1189837663432765
  ],
  "active_indices": [
    1,
    2,
    3,
    4,
    5,
    6,
    8,
    9,
    10,
    11,
    12,
    13,
    14,
    15
  ],
  "active_parameter_count": 14,
  "compression_ratio_active_over_total": 0.9333333333333333,
  "final_loss": -3.2044413756733814,
  "final_expected_cut": 3.2044413756733814,
  "best_expected_cut_over_evolution": 3.2044413756733814,
  "final_best_measured_index": 10,
  "final_best_measured_bitstring": "1010",
  "final_best_measured_cut": 3.0,
  "best_measured_cut_over_evolution": 4.0,
  "final_success_probability_ancilla_1": 0.15522843569759193,
  "final_max_postselected_probability": 0.3041156874708157,
  "gap_expected_to_bruteforce": 0.7955586243266186,
  "gap_measured_to_bruteforce": 1.0,
  "approx_ratio_measured": 0.75,
  "n_steps": 15,
  "elapsed_seconds": 32.45275926589966,
  "steps": [
    {
      "visit_idx": 1,
      "j": 1,
      "kept": true,
      "beta": -0.3082545273864056,
      "coefficient": -0.23471494022219078,
      "loss": -2.5,
      "expected_cut": 2.5,
      "best_measured_cut": 0.0,
      "success_probability_ancilla_1": 0.013709662005674925,
      "epochs_run": 5,
      "stop_reason": "loss_plateau_last5",
      "history_path": "benchmark_results_walsh_article/unweighted/sparse_threshold/n4/graph06_trainseed02/histories/history_visit001_j001.json",
      "improvement_vs_previous": 2.5
    },
    {
      "visit_idx": 2,
      "j": 2,
      "kept": true,
      "beta": 0.3440119856923103,
      "coefficient": 0.26000952604047667,
      "loss": -2.5,
      "expected_cut": 2.5,
      "best_measured_cut": 2.0,
      "success_probability_ancilla_1": 0.030055081825423054,
      "epochs_run": 5,
      "stop_reason": "loss_plateau_last5",
      "history_path": "benchmark_results_walsh_article/unweighted/sparse_threshold/n4/graph06_trainseed02/histories/history_visit002_j002.json",
      "improvement_vs_previous": 0.0
    },
    {
      "visit_idx": 3,
      "j": 3,
      "kept": true,
      "beta": -0.33229593735207463,
      "coefficient": -0.2517847242052623,
      "loss": -2.5,
      "expected_cut": 2.5,
      "best_measured_cut": 2.0,
      "success_probability_ancilla_1": 0.044872759487977094,
      "epochs_run": 5,
      "stop_reason": "loss_plateau_last5",
      "history_path": "benchmark_results_walsh_article/unweighted/sparse_threshold/n4/graph06_trainseed02/histories/history_visit003_j003.json",
      "improvement_vs_previous": 0.0
    },
    {
      "visit_idx": 4,
      "j": 4,
      "kept": true,
      "beta": -0.36016070497811853,
      "coefficient": -0.27124163794393136,
      "loss": -2.526672296241377,
      "expected_cut": 2.526672296241377,
      "best_measured_cut": 3.0,
      "success_probability_ancilla_1": 0.061512680331151995,
      "epochs_run": 70,
      "stop_reason": "loss_plateau_last5",
      "history_path": "benchmark_results_walsh_article/unweighted/sparse_threshold/n4/graph06_trainseed02/histories/history_visit004_j004.json",
      "improvement_vs_previous": 0.02667229624137679
    },
    {
      "visit_idx": 5,
      "j": 5,
      "kept": true,
      "beta": 0.5330537069798149,
      "coefficient": 0.38304802903130725,
      "loss": -2.7655158944000107,
      "expected_cut": 2.7655158944000107,
      "best_measured_cut": 3.0,
      "success_probability_ancilla_1": 0.09017100814853161,
      "epochs_run": 107,
      "stop_reason": "loss_plateau_last5",
      "history_path": "benchmark_results_walsh_article/unweighted/sparse_threshold/n4/graph06_trainseed02/histories/history_visit005_j005.json",
      "improvement_vs_previous": 0.23884359815863387
    },
    {
      "visit_idx": 6,
      "j": 6,
      "kept": true,
      "beta": 0.38717355393956077,
      "coefficient": 0.2897498905668844,
      "loss": -2.8445482493630143,
      "expected_cut": 2.8445482493630143,
      "best_measured_cut": 4.0,
      "success_probability_ancilla_1": 0.11222103807340358,
      "epochs_run": 5,
      "stop_reason": "loss_plateau_last5",
      "history_path": "benchmark_results_walsh_article/unweighted/sparse_threshold/n4/graph06_trainseed02/histories/history_visit006_j006.json",
      "improvement_vs_previous": 0.07903235496300365
    },
    {
      "visit_idx": 7,
      "j": 7,
      "kept": false,
      "beta": -0.0014099110742927723,
      "coefficient": 0.0,
      "loss": -2.8445482493630143,
      "expected_cut": 2.8445482493630143,
      "best_measured_cut": 4.0,
      "success_probability_ancilla_1": 0.11222103807340358,
      "epochs_run": 42,
      "stop_reason": "loss_plateau_last5_and_discarded_near_zero",
      "history_path": "benchmark_results_walsh_article/unweighted/sparse_threshold/n4/graph06_trainseed02/histories/history_visit007_j007.json",
      "improvement_vs_previous": 0.0
    },
    {
      "visit_idx": 8,
      "j": 8,
      "kept": true,
      "beta": 0.3739263119814744,
      "coefficient": 0.2807179803749432,
      "loss": -2.917228368956757,
      "expected_cut": 2.917228368956757,
      "best_measured_cut": 3.0,
      "success_probability_ancilla_1": 0.12739995812782867,
      "epochs_run": 5,
      "stop_reason": "loss_plateau_last5",