{
  "0": 0.0,
  "1": -0.23471494022219078,
  "2": 0.26000952604047667,
  "3": -0.2517847242052623,
  "4": -0.27124163794393136,
  "5": 0.38304802903130725,
  "6": 0.2897498905668844,
  "7": 0.0,
  "8": 0.2807179803749432,
  "9": -0.1657044023951913,
  "10": -0.028098006197748757,
  "11": -0.04867620736384198,
  "12": -0.31299106754840444,
  "13": 0.1762649794801138,
  "14": -0.15839985388105562,
  "15": -0.1189837663432765
}