{
  "0": 0.0,
  "1": -0.24005991580385466,
  "2": 0.23964903553306038,
  "3": 0.0,
  "4": 0.0,
  "5": 0.0,
  "6": 0.0,
  "7": 0.0,
  "8": 0.0,
  "9": 0.0,
  "10": 0.0,
  "11": 0.0,
  "12": 0.0,
  "13": 0.1677341955553315,
  "14": -0.20130869225949383,
  "15": 0.0,
  "16": 0.0,
  "17": 0.0,
  "18": 0.0,
  "19": 0.0,
  "20": 0.0,
  "21": 0.03607242626654093,
  "22": -0.03683702832013328,
  "23": 0.0,
  "24": 0.0,
  "25": 0.01854430338686444,
  "26": -0.009447942194727093,
  "27": 0.0,
  "28": 0.01360998653025177,
  "29": 0.0,
  "30": 0.0,
  "31": 0.00628393857751579,
  "32": 0.0,
  "33": 0.0,
  "34": 0.0,
  "35": 0.0,
  "36": 0.0,
  "37": 0.021092177720254127,
  "38": -0.01306439933691881,
  "39": 0.0,
  "40": 0.0,
  "41": 0.01594486780379267,
  "42": -0.013947619727788452,
  "43": 0.0,
  "44": 0.005929813891563278,
  "45": 0.0,
  "46": 0.0,
  "47": 0.0050887143541876,
  "48": 0.0,
  "49": 0.06087660034477744,
  "50": -0.09446932226035226,
  "51": 0.0,
  "52": 0.0,
  "53": 0.0,
  "54": 0.0,
  "55": 0.0073199550685730105,
  "56": 0.0,
  "57": 0.0,
  "58": 0.0,
  "59": 0.0,
  "60": 0.0,
  "61": -0.13861211867216047,
  "62": 0.16707051101044057,
  "63": 0.0
}