epoch,beta,coefficient,loss,expected_cut,best_measured_cut,success_probability_ancilla_1,max_postselected_probability,grad
0,-0.4433978447631466,-0.4361126940873053,-2.4999999999996545,2.4999999999996545,0.0,0.0724728730103025,0.062499999999991354,1.3349481621001002e-12
1,-0.4433979044446542,-0.4361127457461482,-2.4999999999996545,2.4999999999996545,0.0,0.07247288975224171,0.06249999999999137,1.3347821792225074e-12
2,-0.44339797753908516,-0.43611280901488386,-2.4999999999996545,2.4999999999996545,0.0,0.07247291025679406,0.06249999999999137,1.3357608334013617e-12
3,-0.4433980619214987,-0.4361128820542137,-2.4999999999996545,2.4999999999996545,0.0,0.07247293392786881,0.06249999999999137,1.3352705235258825e-12
4,-0.44339815624292783,-0.43611296369650354,-2.4999999999996545,2.4999999999996545,0.0,0.07247296038705273,0.06249999999999137,1.3353716140295641e-12
