epoch,beta,coefficient,loss,expected_cut,best_measured_cut,success_probability_ancilla_1,max_postselected_probability,grad
0,-0.39565248052065954,-0.2954847940397639,-2.999999999998616,2.999999999998616,0.0,0.021669459528130583,0.06249999999997119,6.267969796970834e-12
1,-0.3956527608405511,-0.29548498303982723,-2.999999999998616,2.999999999998616,0.0,0.021669487046894968,0.06249999999997116,6.271611929150543e-12
2,-0.3956531041325288,-0.2954852144975021,-2.999999999998616,2.999999999998616,0.0,0.021669520747590643,0.06249999999997116,6.272837939023127e-12
3,-0.39565350053634557,-0.29548548176468614,-2.999999999998616,2.999999999998616,0.0,0.021669559662253635,0.06249999999997116,6.276720603697348e-12
4,-0.3956539435684596,-0.2954857804699538,-2.999999999998616,2.999999999998616,0.0,0.021669603154408006,0.06249999999997116,6.269863301674702e-12
