{
  "0": 0.0,
  "1": -0.16996838834727498,
  "2": 0.17106019406014647,
  "3": -0.14622368707013014,
  "4": 0.1257730501942794,
  "5": 0.25113038824076095,
  "6": 0.21259634077759282,
  "7": -0.016610178158439844,
  "8": -0.1369612801986462,
  "9": -0.131372670339182,
  "10": -0.06366270954811211,
  "11": 0.007946640125468652,
  "12": -0.20087628477193056,
  "13": 0.13163179968572258,
  "14": -0.10267448560750368,
  "15": -0.09003996167586426,
  "16": 0.09192965837873002,
  "17": 0.07651525331532438,
  "18": 0.04347709930999421,
  "19": -0.013425637446382695,
  "20": 0.05064330068905626,
  "21": -0.1347719995491614,
  "22": 0.020464590640416454,
  "23": -0.02648572177092343,
  "24": -0.08901791663839566,
  "25": 0.11676440691952514,
  "26": -0.12882757311359624,
  "27": 0.02191523650096769,
  "28": -0.040829159833728354,
  "29": -0.1512345480513247,
  "30": -0.09243052024795666,
  "31": 0.06472180853626522,
  "32": -0.02420279482661842,
  "33": -0.0914683173354276,
  "34": -0.06840948296777837,
  "35": 0.0,
  "36": 0.1482448369201391,
  "37": 0.06878125754065892,
  "38": -0.013840300327085981,
  "39": 0.147882468731935,
  "40": 0.10632569433260383,
  "41": -0.04353858479094465,
  "42": 0.03697058696370074,
  "43": 0.06963219906348653,
  "44": 0.006302802898296658,
  "45": -0.12441667335329415,
  "46": -0.14061176749932805,
  "47": -0.04088430302130622,
  "48": -0.009779351203131602,
  "49": 0.060878878231832675,
  "50": -0.033082253767443955,
  "51": 0.025942567271813363,
  "52": -0.05039039813759166,
  "53": -0.02180559373844834,
  "54": 0.0,
  "55": 0.0,
  "56": 0.05116973465640804,
  "57": 0.08615501628176948,
  "58": 0.05020746185686933,
  "59": -0.024302260357563294,
  "60": 0.0,
  "61": -0.08291894065537792,
  "62": 0.08544279447858956,
  "63": -0.061826046158203515
}