epoch,beta,coefficient,loss,expected_cut,best_measured_cut,success_probability_ancilla_1,max_postselected_probability,grad
0,-0.2773929695368489,-0.169954194758666,-2.9999999999926033,2.9999999999926033,0.0,0.004056376106211198,0.015624999999961475,5.06092355438051e-11
1,-0.2773952321519137,-0.16995551238616582,-2.999999999992605,2.999999999992605,0.0,0.004056438918131906,0.015624999999961486,5.062534995446789e-11
2,-0.2773980022177754,-0.16995712552400966,-2.999999999992605,2.999999999992605,0.0,0.004056515817828713,0.015624999999961486,5.0606478764585125e-11
3,-0.2774011997013497,-0.16995898756400807,-2.999999999992605,2.999999999992605,0.0,0.0040566045838122695,0.015624999999961486,5.0603948240269404e-11
4,-0.2774047733361046,-0.16996106865012195,-2.999999999992606,2.999999999992606,0.0,0.00405670379316718,0.01562499999996149,5.059727862563299e-11
5,-0.2774086868621859,-0.1699633476654237,-2.999999999992605,2.999999999992605,0.0,0.0040568124395710175,0.015624999999961486,5.0602422222676324e-11
6,-0.2774129128113064,-0.16996580861273944,-2.999999999992606,2.999999999992606,0.0,0.004056929760759582,0.01562499999996149,5.060926763912593e-11
