epoch,beta,coefficient,loss,expected_cut,best_measured_cut,success_probability_ancilla_1,max_postselected_probability,grad
0,-0.3685965778909888,-0.27705983959549835,-2.499999999998689,2.499999999998689,0.0,0.019068093432027467,0.06249999999996722,6.4665560418883426e-12
1,-0.36859686699229927,-0.2770600383993341,-2.499999999998689,2.499999999998689,0.0,0.019068120621324385,0.062499999999967235,6.466080011585757e-12
2,-0.36859722093739605,-0.27706028179368875,-2.499999999998688,2.499999999998688,0.0,0.0190681539090449,0.06249999999996721,6.46435306787795e-12
3,-0.3685976295786804,-0.27706056280042074,-2.49999999999869,2.49999999999869,0.0,0.019068192340840895,0.06249999999996725,6.468038175351321e-12
4,-0.36859808628168683,-0.27706087685723557,-2.49999999999869,2.49999999999869,0.0,0.01906823529276584,0.06249999999996725,6.463082722414942e-12
