epoch,beta,coefficient,loss,expected_cut,best_measured_cut,success_probability_ancilla_1,max_postselected_probability,grad
0,0.29233071283001616,0.22327188017110358,-4.414029710589857,4.414029710589857,6.0,0.17371417084308344,0.08337289001824341,0.08396306744840842
1,0.28240640285495905,0.21608722135855402,-4.414673086771379,4.414673086771379,6.0,0.1732006650460927,0.08345038370564654,0.07127984424286112
2,0.27263672416776746,0.20897607494377818,-4.415178988596898,4.415178988596898,6.0,0.1727090243473916,0.08351755013063412,0.0583147142095479
3,0.2631313040875222,0.20202169209784102,-4.415546553892275,4.415546553892275,6.0,0.1722442288368537,0.08357396168570497,0.04519233627740489
4,0.25403798965691365,0.1953368970129078,-4.4157802524438,4.4157802524438,6.0,0.17181239245554142,0.08361945492215095,0.032091722271643225
5,0.2455465980095369,0.18906721528000378,-4.415892016346336,4.415892016346336,6.0,0.17142069967945706,0.08365427408609785,0.019260459455851343
6,0.237882240882279,0.18338610632244834,-4.415902853571754,4.415902853571754,6.0,0.17107693125953233,0.08367921071482852,0.007023177833689168
