{
  "0": 0.0,
  "1": -0.5202922663684675,
  "2": 0.4977612151701848,
  "3": -0.4931795386432946,
  "4": 0.7186477445044536,
  "5": 0.009142221165997284,
  "6": 0.4976791556469901,
  "7": -0.49616831856972005,
  "8": 0.006962568861121967,
  "9": -0.012110730037979925,
  "10": 0.32435643720589713,
  "11": -0.05660743035320402,
  "12": 0.022255710248973458,
  "13": -0.021295412647437235,
  "14": -0.055941266891116725,
  "15": -0.48467398731124967,
  "16": 0.005892159148219206,
  "17": -0.0072286165544801365,
  "18": 0.008501205165901967,
  "19": -0.0070861118016944885,
  "20": 0.011563348476276403,
  "21": -0.011619176754666274,
  "22": 0.012528220772544243,
  "23": -0.013476418050967852,
  "24": 0.006902858653956225,
  "25": -0.0062296644845463555,
  "26": 0.006981407719568434,
  "27": -0.0073499163628042265,
  "28": 0.009603221902084779,
  "29": -0.010327502556683887,
  "30": 0.011841543806587368,
  "31": -0.007602491927054966,
  "32": 0.019937834460544267,
  "33": 0.046603932411232764,
  "34": 0.16691047226001457,
  "35": -0.03209588447718143,
  "36": -0.06922959418353325,
  "37": -0.1263807456226472,
  "38": 0.011494996459459412,
  "39": -0.16014148084611407,
  "40": 0.029302535832552636,
  "41": 0.038825006068390525,
  "42": 0.08106956821195417,
  "43": -0.04467440110105392,
  "44": -0.07443903362629473,
  "45": 0.02803567780432531,
  "46": 0.14921997343543186,
  "47": 0.0020402427151579375,
  "48": 0.0,
  "49": 0.0,
  "50": 0.0014308556521117114,
  "51": 0.0,
  "52": -0.0010902981995172284,
  "53": 0.005530546149436528,
  "54": -0.0024226588523467187,
  "55": -0.0008904867639527961,
  "56": 0.0007895274287762643,
  "57": -0.0025157084232921554,
  "58": 0.0,
  "59": 0.0,
  "60": 0.0,
  "61": 0.0017618993616031224,
  "62": -0.000714847145151619,
  "63": 0.0008377089977706076
}