{
  "config": {
    "N_VERTICES": 4,
    "PROB_ARESTA": 0.85,
    "COM_PESO": false,
    "PESO_MIN": 1,
    "PESO_MAX": 1,
    "GRAPH_SEED": 104271,
    "GRAPH_EDGES": [
      [
        0,
        1,
        1.0
      ],
      [
        0,
        2,
        1.0
      ],
      [
        0,
        3,
        1.0
      ],
      [
        1,
        3,
        1.0
      ],
      [
        2,
        3,
        1.0
      ]
    ],
    "REVERSE_BITS": false,
    "ER": 1.25,
    "MAX_TERMS": null,
    "A_MAX": 1.0471975511965976,
    "INIT_BETA": 0.5,
    "MAX_EPOCHS": 200,
    "LR": 0.01,
    "FD_EPS": 0.01,
    "LOSS_TOL_LAST5": 0.0005,
    "PATIENCE_LAST5": 5,
    "TRAIN_SEED": 4,
    "INIT_BETA_JITTER": 0.08,
    "OPTIMIZER": "adam",
    "ADAM_BETA1": 0.9,
    "ADAM_BETA2": 0.999,
    "ADAM_EPS": 1e-08,
    "COEF_ZERO_TOL": 0.0005,
    "IMPROVEMENT_TOL": 0.0005,
    "SATURATION_PATIENCE": 150,
    "INDEX_STRATEGY": "ascending",
    "INDEX_RANDOM_SEED": 42,
    "ENABLE_BACKWARD_PRUNING": false,
    "BACKWARD_PASSES": 1,
    "PRUNE_IMPROVEMENT_TOL": 1e-06,
    "OUTDIR": "benchmark_results_walsh_article/unweighted/aggressive_loader/n4/graph01_trainseed04",
    "SHOW_PLOTS": false,
    "name": "aggressive_loader"
  },
  "n_qubits_register": 4,
  "graph_edges": [
    [
      0,
      1,
      1.0
    ],
    [
      0,
      2,
      1.0
    ],
    [
      0,
      3,
      1.0
    ],
    [
      1,
      3,
      1.0
    ],
    [
      2,
      3,
      1.0
    ]
  ],
  "graph_signature": "36d4961c72903175cef8219a78618293792cc3cd1b729b430a90aa47da048173",
  "graph_num_edges": 5,
  "graph_density": 0.8333333333333334,
  "best_cut_bruteforce": 4.0,
  "best_bitstring_bruteforce": "0110",
  "best_index_bruteforce": 6,
  "candidate_order": [
    1,
    2,
    3,
    4,
    5,
    6,
    7,
    8,
    9,
    10,
    11,
    12,
    13,
    14,
    15
  ],
  "total_possible_parameters": 15,
  "visited_parameters": 15,
  "trained_coefficients": {
    "0": 0.0,
    "1": -0.5046060602725813,
    "2": 0.5047724543506326,
    "3": -0.0016348086934276482,
    "4": 0.3091430494981632,
    "5": -0.004250456004246438,
    "6": 0.007974406533283218,
    "7": -0.4135065423700185,
    "8": -0.02036357522548654,
    "9": -0.002506208963997239,
    "10": 0.0021372137169445317,
    "11": 0.08310663603604021,
    "12": 0.003510996174252085,
    "13": 0.16925396409799426,
    "14": -0.1769367964642721,
    "15": -0.006128412175162009
  },
  "final_coefficient_vector": [
    0.0,
    -0.5046060602725813,
    0.5047724543506326,
    -0.0016348086934276482,
    0.3091430494981632,
    -0.004250456004246438,
    0.007974406533283218,
    -0.4135065423700185,
    -0.02036357522548654,
    -0.002506208963997239,
    0.0021372137169445317,
    0.08310663603604021,
    0.003510996174252085,
    0.16925396409799426,
    -0.1769367964642721,
    -0.006128412175162009
  ],
  "active_indices": [
    1,
    2,
    3,
    4,
    5,
    6,
    7,
    8,
    9,
    10,
    11,
    12,
    13,
    14,
    15
  ],
  "active_parameter_count": 15,
  "compression_ratio_active_over_total": 1.0,
  "final_loss": -3.587613688411593,
  "final_expected_cut": 3.587613688411593,
  "best_expected_cut_over_evolution": 3.587613688411593,
  "final_best_measured_index": 6,
  "final_best_measured_bitstring": "0110",
  "final_best_measured_cut": 4.0,
  "best_measured_cut_over_evolution": 4.0,
  "final_success_probability_ancilla_1": 0.20041900970883586,
  "final_max_postselected_probability": 0.29867710349316823,
  "gap_expected_to_bruteforce": 0.4123863115884072,
  "gap_measured_to_bruteforce": 0.0,
  "approx_ratio_measured": 1.0,
  "n_steps": 15,
  "elapsed_seconds": 25.48187494277954,
  "steps": [
    {
      "visit_idx": 1,
      "j": 1,
      "kept": true,
      "beta": -0.5254082178373671,
      "coefficient": -0.5046060602725813,
      "loss": -2.5,
      "expected_cut": 2.5,
      "best_measured_cut": 0.0,
      "success_probability_ancilla_1": 0.09620952252880711,
      "epochs_run": 5,
      "stop_reason": "loss_plateau_last5",
      "history_path": "benchmark_results_walsh_article/unweighted/aggressive_loader/n4/graph01_trainseed04/histories/history_visit001_j001.json",
      "improvement_vs_previous": 2.5
    },
    {
      "visit_idx": 2,
      "j": 2,
      "kept": true,
      "beta": 0.5256151843408682,
      "coefficient": 0.5047724543506326,
      "loss": -2.9999999689138988,
      "expected_cut": 2.9999999689138988,
      "best_measured_cut": 2.0,
      "success_probability_ancilla_1": 0.17395603863314274,
      "epochs_run": 8,
      "stop_reason": "loss_plateau_last5",
      "history_path": "benchmark_results_walsh_article/unweighted/aggressive_loader/n4/graph01_trainseed04/histories/history_visit002_j002.json",
      "improvement_vs_previous": 0.49999996891389875
    },
    {
      "visit_idx": 3,
      "j": 3,
      "kept": true,
      "beta": -0.0015611285756309315,
      "coefficient": -0.0016348086934276482,
      "loss": -2.999996968214239,
      "expected_cut": 2.999996968214239,
      "best_measured_cut": 3.0,
      "success_probability_ancilla_1": 0.17395671940237178,
      "epochs_run": 54,
      "stop_reason": "loss_plateau_last5",
      "history_path": "benchmark_results_walsh_article/unweighted/aggressive_loader/n4/graph01_trainseed04/histories/history_visit003_j003.json",
      "improvement_vs_previous": -3.000699659860828e-06
    },
    {
      "visit_idx": 4,
      "j": 4,
      "kept": true,
      "beta": 0.304263972499818,
      "coefficient": 0.3091430494981632,
      "loss": -3.1335004077333863,
      "expected_cut": 3.1335004077333863,
      "best_measured_cut": 3.0,
      "success_probability_ancilla_1": 0.1979988628637347,
      "epochs_run": 26,
      "stop_reason": "loss_plateau_last5",
      "history_path": "benchmark_results_walsh_article/unweighted/aggressive_loader/n4/graph01_trainseed04/histories/history_visit004_j004.json",
      "improvement_vs_previous": 0.13350343951914745
    },
    {
      "visit_idx": 5,
      "j": 5,
      "kept": true,
      "beta": -0.0040589087904989,
      "coefficient": -0.004250456004246438,
      "loss": -3.1334740692096035,
      "expected_cut": 3.1334740692096035,
      "best_measured_cut": 3.0,
      "success_probability_ancilla_1": 0.19800215068668303,
      "epochs_run": 58,
      "stop_reason": "loss_plateau_last5",
      "history_path": "benchmark_results_walsh_article/unweighted/aggressive_loader/n4/graph01_trainseed04/histories/history_visit005_j005.json",
      "improvement_vs_previous": -2.6338523782865053e-05
    },
    {
      "visit_idx": 6,
      "j": 6,
      "kept": true,
      "beta": 0.007615144506387823,
      "coefficient": 0.007974406533283218,
      "loss": -3.133467044594064,
      "expected_cut": 3.133467044594064,
      "best_measured_cut": 3.0,
      "success_probability_ancilla_1": 0.19800679285035383,
      "epochs_run": 60,
      "stop_reason": "loss_plateau_last5",
      "history_path": "benchmark_results_walsh_article/unweighted/aggressive_loader/n4/graph01_trainseed04/histories/history_visit006_j006.json",
      "improvement_vs_previous": -7.0246155394748655e-06
    },
    {
      "visit_idx": 7,
      "j": 7,
      "kept": true,
      "beta": -0.4175561932342066,
      "coefficient": -0.4135065423700185,
      "loss": -3.445673114126815,
      "expected_cut": 3.445673114126815,
      "best_measured_cut": 3.0,
      "success_probability_ancilla_1": 0.20505509682730083,
      "epochs_run": 12,
      "stop_reason": "loss_plateau_last5",
      "history_path": "benchmark_results_walsh_article/unweighted/aggressive_loader/n4/graph01_trainseed04/histories/history_visit007_j007.json",
      "improvement_vs_previous": 0.3122060695327509
    },
    {
      "visit_idx": 8,
      "j": 8,
      "kept": true,
      "beta": -0.019448233559065185,
      "coefficient": -0.02036357522548654,
      "loss": -3.4466195398357886,
      "expected_cut": 3.4466195398357886,
      "best_measured_cut": 4.0,