epoch,beta,coefficient,loss,expected_cut,best_measured_cut,success_probability_ancilla_1,max_postselected_probability,grad
0,0.37756635399049104,0.2832083895532815,-3.491540211240965,3.491540211240965,6.0,0.13103102031573965,0.11865526190287051,0.1020908363666167
1,0.3675904499352481,0.27636771866580695,-3.4924549049062286,3.4924549049062286,6.0,0.13031423980607465,0.1192489104883172,0.09524793637941767
2,0.35765959759384475,0.26951007149766165,-3.493292672709104,3.493292672709104,6.0,0.1296130442574533,0.1198317674464234,0.0880747388325127
3,0.3477993684261268,0.2626547924405952,-3.4940492281161006,3.4940492281161006,6.0,0.12892950006285095,0.12040168611324445,0.08058778943006503
4,0.33804073888122144,0.2558254872559218,-3.4947208406237316,3.4947208406237316,6.0,0.12826588505177788,0.12095632321393199,0.07281115121521274
5,0.3284209666560122,0.24905072551125904,-3.495304585349946,3.495304585349946,6.0,0.12762470028114115,0.12149313963656441,0.06477787431353724
6,0.31898446160884464,0.24236474489607113,-3.4957986401426053,3.4957986401426053,6.0,0.1270086744133443,0.12200941100731201,0.05653158384921455
7,0.3097835401882574,0.2358080723820756,-3.496202623753568,3.496202623753568,6.0,0.1264207553673437,0.12250225271513424,0.048128096531205374
8,0.3008788884927629,0.22942792730828432,-3.496517956497085,3.496517956497085,6.0,0.12586408217593054,0.12296866498949677,0.03963690266670837
9,0.29233948822787054,0.2232782153497415,-3.496748207087833,3.496748207087833,6.0,0.1253419286955673,0.1234056038620317,0.031142252904964713
10,0.28424170308613805,0.21741887615187336,-3.4968993673868094,3.4968993673868094,6.0,0.12485761099208229,0.12381008250076912,0.02274347731707826
11,0.2766672190226299,0.21191434103218554,-3.496979975803601,3.496979975803601,6.0,0.1244143532473313,0.12417930351012087,0.01455406832172563
