{
  "0": 0.0,
  "1": -0.2954856192539237,
  "2": 0.2976151689310079,
  "3": -0.24906477885599485,
  "4": 0.2564368941119261,
  "5": 0.40778768040554125,
  "6": 0.3343675027916551,
  "7": -0.08538428732260396,
  "8": -0.2789237265650736,
  "9": 0.17669729986733174,
  "10": -0.01869277151713389,
  "11": 0.2288818418039199,
  "12": -0.29140411976232194,
  "13": 0.09139356978300692,
  "14": -0.13191543574691197,
  "15": -0.2976865053997052,
  "16": 0.05136489728022677,
  "17": -0.23837838982518275,
  "18": -0.03583987678798608,
  "19": -0.07581489019739823,
  "20": 0.19430798020573412,
  "21": 0.037706098311173525,
  "22": -0.06858423438390113,
  "23": 0.19922970858885738,
  "24": -0.005717266147652331,
  "25": 0.07990470281050377,
  "26": -0.11725687193066804,
  "27": 0.18546520265018634,
  "28": 0.06345653047091207,
  "29": -0.21951346200302754,
  "30": -0.13039898235569963,
  "31": -0.040287593636278526,
  "32": 0.0018185627275988736,
  "33": 0.016087194280912025,
  "34": 0.01859071679730215,
  "35": 0.015553465268541195,
  "36": -0.013048373681550162,
  "37": -0.014728238474902011,
  "38": -0.04078077587089881,
  "39": -0.06307170773362834,
  "40": 0.026143078937658753,
  "41": 0.019269839357215664,
  "42": 0.01834483700920984,
  "43": 0.029880707685468022,
  "44": -0.03044562093865021,
  "45": -0.04681607899567778,
  "46": -0.017548211733361553,
  "47": -0.023760862031921386,
  "48": 0.024466756269890668,
  "49": -0.012023966339169412,
  "50": 0.05304184673363326,
  "51": 0.01777260541502037,
  "52": 0.024164837463154412,
  "53": -0.003981848621736431,
  "54": -0.018050036558459718,
  "55": -0.028244605783740388,
  "56": 0.021648283062003434,
  "57": 0.017916511711936076,
  "58": 0.024449962671111686,
  "59": 0.0,
  "60": -0.022941566672646685,
  "61": -0.006461682674788678,
  "62": -0.0016939703672372937,
  "63": -0.0025801310310643965
}