{
  "0": 0.0,
  "1": -0.27519023534435005,
  "2": 0.24745105303754314,
  "3": -0.24341456045984125,
  "4": 0.3153812962939728,
  "5": 0.3809096228205286,
  "6": 0.32479194268635875,
  "7": -0.05046109397578885,
  "8": -0.251052638784458,
  "9": 0.17831626552545848,
  "10": -0.01894826112087871,
  "11": 0.20755560894556646,
  "12": -0.2905538994878509,
  "13": 0.0821325354910891,
  "14": -0.16078260124294583,
  "15": -0.28634795030527044,
  "16": 0.029799602925382047,
  "17": -0.22846986448331666,
  "18": -0.033214295083804114,
  "19": -0.05914397162929933,
  "20": 0.17952452126007556,
  "21": 0.013106282304349189,
  "22": -0.06431923145797316,
  "23": 0.20078759002804958,
  "24": 0.0,
  "25": 0.048548139105567024,
  "26": -0.09649222580409997,
  "27": 0.18278318632338092,
  "28": 0.05777232976716704,
  "29": -0.224448234657158,
  "30": -0.11850902754047209,
  "31": -0.01863789106753053,
  "32": 0.014151319142024917,
  "33": 0.012830728402896122,
  "34": 0.015835615443805275,
  "35": 0.013696439909248782,
  "36": 0.0,
  "37": -0.030306499302197653,
  "38": -0.05230495574284927,
  "39": -0.059611190908934575,
  "40": 0.02355095142995165,
  "41": 0.029543895790966793,
  "42": 0.023302071774042882,
  "43": 0.02996757562257693,
  "44": -0.04524212677420731,
  "45": -0.0398400912239068,
  "46": -0.016935381177608157,
  "47": -0.025935321281451106,
  "48": 0.02020800728604051,
  "49": -0.008214051366484454,
  "50": 0.05077692169466136,
  "51": 0.016929309081646405,
  "52": 0.020893086383282692,
  "53": 0.0,
  "54": -0.01715285317399693,
  "55": -0.02089688269183307,
  "56": 0.023578299910634832,
  "57": 0.009798736155437958,
  "58": 0.015057482243623039,
  "59": 0.0055262216825859665,
  "60": -0.0252453616160866,
  "61": -0.008167094545895924,
  "62": 0.0,
  "63": 0.0
}