epoch,beta,coefficient,loss,expected_cut,best_measured_cut,success_probability_ancilla_1,max_postselected_probability,grad
0,0.33033021152623837,0.2503986439640999,-14.498523714643719,14.498523714643719,7.0,0.03316742827753798,0.00780096652068582,-0.15460629367767104
1,0.34009492695212884,0.25726670238701,-14.499385891612652,14.499385891612652,7.0,0.03399847949526906,0.007807702278254854,-0.10900191653064831
2,0.3493629086065827,0.2637448854303259,-14.499850766147581,14.499850766147581,7.0,0.03480250059402003,0.007811334110558274,-0.0681820460885811
3,0.3577886134955106,0.26959946466337453,-14.499998770322028,14.499998770322028,7.0,0.03554592014308153,0.007812490393170556,-0.03264082186418855
4,0.36498690613546814,0.27457445311358275,-14.499933627082015,14.499933627082015,7.0,0.03619016116433568,0.0078119814616074085,-0.0028846312221021755
5,0.3706297361319615,0.27845696037409945,-14.499767277556543,14.499767277556543,7.0,0.03670090610999824,0.007810681855939219,0.020711417842354557
