{
  "config": {
    "N_VERTICES": 4,
    "PROB_ARESTA": 0.85,
    "COM_PESO": false,
    "PESO_MIN": 1,
    "PESO_MAX": 1,
    "GRAPH_SEED": 104375,
    "GRAPH_EDGES": [
      [
        0,
        1,
        1.0
      ],
      [
        0,
        3,
        1.0
      ],
      [
        1,
        2,
        1.0
      ],
      [
        1,
        3,
        1.0
      ],
      [
        2,
        3,
        1.0
      ]
    ],
    "REVERSE_BITS": false,
    "ER": 1.0,
    "MAX_TERMS": null,
    "A_MAX": 0.7853981633974483,
    "INIT_BETA": 0.35,
    "MAX_EPOCHS": 200,
    "LR": 0.01,
    "FD_EPS": 0.01,
    "LOSS_TOL_LAST5": 0.001,
    "PATIENCE_LAST5": 5,
    "TRAIN_SEED": 8,
    "INIT_BETA_JITTER": 0.05,
    "OPTIMIZER": "adam",
    "ADAM_BETA1": 0.9,
    "ADAM_BETA2": 0.999,
    "ADAM_EPS": 1e-08,
    "COEF_ZERO_TOL": 0.005,
    "IMPROVEMENT_TOL": 0.003,
    "SATURATION_PATIENCE": 40,
    "INDEX_STRATEGY": "ascending",
    "INDEX_RANDOM_SEED": 42,
    "ENABLE_BACKWARD_PRUNING": false,
    "BACKWARD_PASSES": 1,
    "PRUNE_IMPROVEMENT_TOL": 1e-06,
    "OUTDIR": "benchmark_results_walsh_article/unweighted/sparse_threshold/n4/graph02_trainseed08",
    "SHOW_PLOTS": false,
    "name": "sparse_threshold"
  },
  "n_qubits_register": 4,
  "graph_edges": [
    [
      0,
      1,
      1.0
    ],
    [
      0,
      3,
      1.0
    ],
    [
      1,
      2,
      1.0
    ],
    [
      1,
      3,
      1.0
    ],
    [
      2,
      3,
      1.0
    ]
  ],
  "graph_signature": "088078414915f783002f6e924a47ca164ddb929b0c303d60c8d30a073f7782ae",
  "graph_num_edges": 5,
  "graph_density": 0.8333333333333334,
  "best_cut_bruteforce": 4.0,
  "best_bitstring_bruteforce": "0101",
  "best_index_bruteforce": 5,
  "candidate_order": [
    1,
    2,
    3,
    4,
    5,
    6,
    7,
    8,
    9,
    10,
    11,
    12,
    13,
    14,
    15
  ],
  "total_possible_parameters": 15,
  "visited_parameters": 15,
  "trained_coefficients": {
    "0": 0.0,
    "1": -0.29757904016934716,
    "2": 0.2992008732829152,
    "3": 0.0,
    "4": -0.1987507059781906,
    "5": 0.0,
    "6": 0.0,
    "7": 0.23809501467138725,
    "8": 0.07636982380443963,
    "9": 0.0,
    "10": 0.0,
    "11": -0.12802281271465488,
    "12": 0.0,
    "13": 0.14041333870652686,
    "14": -0.18688413402177037,
    "15": 0.0
  },
  "final_coefficient_vector": [
    0.0,
    -0.29757904016934716,
    0.2992008732829152,
    0.0,
    -0.1987507059781906,
    0.0,
    0.0,
    0.23809501467138725,
    0.07636982380443963,
    0.0,
    0.0,
    -0.12802281271465488,
    0.0,
    0.14041333870652686,
    -0.18688413402177037,
    0.0
  ],
  "active_indices": [
    1,
    2,
    4,
    7,
    8,
    11,
    13,
    14
  ],
  "active_parameter_count": 8,
  "compression_ratio_active_over_total": 0.5333333333333333,
  "final_loss": -3.8437176107234303,
  "final_expected_cut": 3.8437176107234303,
  "best_expected_cut_over_evolution": 3.8437176107234303,
  "final_best_measured_index": 5,
  "final_best_measured_bitstring": "0101",
  "final_best_measured_cut": 4.0,
  "best_measured_cut_over_evolution": 4.0,
  "final_success_probability_ancilla_1": 0.07318906963726145,
  "final_max_postselected_probability": 0.42463625755519313,
  "gap_expected_to_bruteforce": 0.15628238927656968,
  "gap_measured_to_bruteforce": 0.0,
  "approx_ratio_measured": 1.0,
  "n_steps": 15,
  "elapsed_seconds": 8.633601665496826,
  "steps": [
    {
      "visit_idx": 1,
      "j": 1,
      "kept": true,
      "beta": -0.39876225470913595,
      "coefficient": -0.29757904016934716,
      "loss": -2.5,
      "expected_cut": 2.5,
      "best_measured_cut": 0.0,
      "success_probability_ancilla_1": 0.02197543432911022,
      "epochs_run": 5,
      "stop_reason": "loss_plateau_last5",
      "history_path": "benchmark_results_walsh_article/unweighted/sparse_threshold/n4/graph02_trainseed08/histories/history_visit001_j001.json",
      "improvement_vs_previous": 2.5
    },
    {
      "visit_idx": 2,
      "j": 2,
      "kept": true,
      "beta": 0.4011755789813977,
      "coefficient": 0.2992008732829152,
      "loss": -2.9999923913366695,
      "expected_cut": 2.9999923913366695,
      "best_measured_cut": 3.0,
      "success_probability_ancilla_1": 0.043212946175459746,
      "epochs_run": 5,
      "stop_reason": "loss_plateau_last5",
      "history_path": "benchmark_results_walsh_article/unweighted/sparse_threshold/n4/graph02_trainseed08/histories/history_visit002_j002.json",
      "improvement_vs_previous": 0.4999923913366695
    },
    {
      "visit_idx": 3,
      "j": 3,
      "kept": false,
      "beta": -0.0025368861643405615,
      "coefficient": 0.0,
      "loss": -2.9999923913366695,
      "expected_cut": 2.9999923913366695,
      "best_measured_cut": 3.0,
      "success_probability_ancilla_1": 0.043212946175459746,
      "epochs_run": 39,
      "stop_reason": "loss_plateau_last5_and_discarded_near_zero",
      "history_path": "benchmark_results_walsh_article/unweighted/sparse_threshold/n4/graph02_trainseed08/histories/history_visit003_j003.json",
      "improvement_vs_previous": 0.0
    },
    {
      "visit_idx": 4,
      "j": 4,
      "kept": true,
      "beta": -0.25867655991614985,
      "coefficient": -0.1987507059781906,
      "loss": -3.172171512904751,
      "expected_cut": 3.172171512904751,
      "best_measured_cut": 3.0,
      "success_probability_ancilla_1": 0.05220525183618632,
      "epochs_run": 74,
      "stop_reason": "loss_plateau_last5",
      "history_path": "benchmark_results_walsh_article/unweighted/sparse_threshold/n4/graph02_trainseed08/histories/history_visit004_j004.json",
      "improvement_vs_previous": 0.17217912156808168
    },
    {
      "visit_idx": 5,
      "j": 5,
      "kept": false,
      "beta": -0.000938804013640414,
      "coefficient": 0.0,
      "loss": -3.172171512904751,
      "expected_cut": 3.172171512904751,
      "best_measured_cut": 3.0,
      "success_probability_ancilla_1": 0.05220525183618632,
      "epochs_run": 38,
      "stop_reason": "loss_plateau_last5_and_discarded_near_zero",
      "history_path": "benchmark_results_walsh_article/unweighted/sparse_threshold/n4/graph02_trainseed08/histories/history_visit005_j005.json",
      "improvement_vs_previous": 0.0
    },
    {
      "visit_idx": 6,
      "j": 6,
      "kept": false,
      "beta": 0.000562440220922081,
      "coefficient": 0.0,
      "loss": -3.172171512904751,
      "expected_cut": 3.172171512904751,
      "best_measured_cut": 3.0,
      "success_probability_ancilla_1": 0.05220525183618632,
      "epochs_run": 36,
      "stop_reason": "loss_plateau_last5_and_discarded_near_zero",
      "history_path": "benchmark_results_walsh_article/unweighted/sparse_threshold/n4/graph02_trainseed08/histories/history_visit006_j006.json",
      "improvement_vs_previous": 0.0
    },
    {
      "visit_idx": 7,
      "j": 7,
      "kept": true,
      "beta": 0.3129869442248311,
      "coefficient": 0.23809501467138725,
      "loss": -3.469853821484933,
      "expected_cut": 3.469853821484933,
      "best_measured_cut": 3.0,
      "success_probability_ancilla_1": 0.06282567776333053,
      "epochs_run": 84,
      "stop_reason": "loss_plateau_last5",
      "history_path": "benchmark_results_walsh_article/unweighted/sparse_threshold/n4/graph02_trainseed08/histories/history_visit007_j007.json",
      "improvement_vs_previous": 0.29768230858018185
    },
    {
      "visit_idx": 8,
      "j": 8,
      "kept": true,
      "beta": 0.0975452905528873,
      "coefficient": 0.07636982380443963,
      "loss": -3.4935356716530617,
      "expected_cut": 3.4935356716530617,
      "best_measured_cut": 4.0,
      "success_probability_ancilla_1": 0.06409993508296871,
      "epochs_run": 29,
      "stop_reason": "loss_plateau_last5",
      "history_path": "benchmark_results_walsh_article/unweighted/sparse_threshold/n4/graph02_trainseed08/histories/history_visit008_j008.json",