epoch,beta,coefficient,loss,expected_cut,best_measured_cut,success_probability_ancilla_1,max_postselected_probability,grad
0,0.45607305513203905,0.44702585275269846,-1.9994572024921382,1.9994572024921382,3.0,0.13519186959780063,0.12493215031152653,0.06525994478814694
1,0.4462869950476038,0.43861045919544106,-1.9998230812249607,1.9998230812249607,3.0,0.13281268016686248,0.12497788515312949,0.046978549563949694
2,0.43705996068963043,0.43061233329348253,-1.9999868043991826,1.9999868043991826,3.0,0.13058911469283394,0.12499835054990736,0.02753293695388708
3,0.4290072618249183,0.4235823293905635,-1.9999749820093102,1.9999749820093102,3.0,0.1286651802275765,0.12499687275117356,0.00770680770319824
4,0.4229439440541524,0.41825870745913146,-1.9998648374368786,1.9998648374368786,3.0,0.12722731043665558,0.12498310467961966,-0.01084132196717233
5,0.41942877670607104,0.41516052461021735,-1.9997592793227899,1.9997592793227899,3.0,0.12639810955575972,0.12496990991535864,-0.02560695254569289
