epoch,beta,coefficient,loss,expected_cut,best_measured_cut,success_probability_ancilla_1,max_postselected_probability,grad
0,-0.3385643240652943,-0.25619301739615113,-3.4778968751207966,3.4778968751207966,4.0,0.057318146034889356,0.24560248228181458,-0.1596786764319531
1,-0.32871478234237517,-0.24925826458365677,-3.478920100449723,3.478920100449723,4.0,0.05657351089515761,0.24564209189875408,-0.12296961040821444
2,-0.3192236148375626,-0.24253467636292275,-3.4795356028639093,3.4795356028639093,4.0,0.055871910227014765,0.2456062350412071,-0.08439814370450732
3,-0.3104370645639254,-0.23627498863677984,-3.479762203495499,3.479762203495499,4.0,0.055236763891141336,0.24550469224120802,-0.04492129939047566
4,-0.3028584900039611,-0.23084920659178848,-3.4796789153896515,3.4796789153896515,4.0,0.05470032944117892,0.24536176174351235,-0.006327848863785948
5,-0.29704386808619915,-0.2266698550873219,-3.4794325702052946,3.4794325702052946,4.0,0.05429606373039717,0.2452159588803394,0.02855468573512706
