{
  "0": 0.0,
  "1": -0.13915267203797005,
  "2": 0.14635653059059006,
  "3": -0.1632806371551278,
  "4": -0.13897857666673197,
  "5": 0.24281413992243256,
  "6": 0.20134874500040564,
  "7": -0.01039160643027137,
  "8": 0.14793899631454932,
  "9": -0.09102957657228067,
  "10": -0.03529734906945714,
  "11": 0.0,
  "12": -0.20963793321930438,
  "13": 0.0914459156170734,
  "14": -0.09239385563269008,
  "15": -0.09948087199816727,
  "16": -0.01029383816739895,
  "17": 0.01105684111515365,
  "18": 0.00683036177602452,
  "19": -0.005161189954158669,
  "20": -0.1289905157970068,
  "21": 0.10465583574055418,
  "22": 0.05246892289611004,
  "23": -0.10328994424691944,
  "24": 0.2133359283022117,
  "25": -0.08962691573795364,
  "26": -0.08738558389554903,
  "27": 0.16550911057065235,
  "28": 0.010968197982235929,
  "29": 0.0,
  "30": -0.00445618190476504,
  "31": 0.012216440378074555,
  "32": -0.0442531448913596,
  "33": 0.07888611216970147,
  "34": 0.06819886277101977,
  "35": 0.0028270509035547477,
  "36": -0.10840637971025634,
  "37": 0.013279503277776513,
  "38": 0.07861736792955255,
  "39": -0.14666236307967395,
  "40": 0.011715041456839131,
  "41": 0.02324270941278415,
  "42": -0.08429799967028241,
  "43": 0.07072641888903128,
  "44": 0.04418878202796587,
  "45": 0.05226362275778354,
  "46": 0.08074766738972344,
  "47": -0.020474713219795798,
  "48": -0.07354887688278242,
  "49": 0.019843714620196396,
  "50": 0.03431822918551605,
  "51": -0.06997063041881449,
  "52": -0.06732616534397136,
  "53": 0.11701517502259243,
  "54": 0.12022474582407633,
  "55": -0.0630625832930121,
  "56": 0.051508107661214074,
  "57": -0.14122128680842497,
  "58": -0.12206563367980655,
  "59": 0.04432728427702915,
  "60": 0.030952931467046023,
  "61": -0.02654039158473252,
  "62": -0.002969247439646838,
  "63": 0.013767369667947754
}