{
  "0": 0.0,
  "1": -0.234716795640056,
  "2": 0.0,
  "3": -0.25178493551188447,
  "4": -0.2712416476077473,
  "5": 0.3830489579712394,
  "6": 0.2897528877948113,
  "7": 0.0,
  "8": 0.2807293398985017,
  "9": 0.0,
  "10": 0.0,
  "11": 0.0,
  "12": -0.3129729577263555,
  "13": 0.17647914042881843,
  "14": 0.0,
  "15": -0.1189996703453707,
  "16": 0.0,
  "17": -0.11602451672494425,
  "18": -0.10016522485179939,
  "19": 0.0,
  "20": 0.26334352060913474,
  "21": 0.0,
  "22": 0.0,
  "23": 0.2121638379628092,
  "24": 0.033887910061749765,
  "25": 0.03760087400875331,
  "26": 0.0,
  "27": 0.06254982407251503,
  "28": 0.0,
  "29": -0.23083853615209082,
  "30": -0.1845713349216801,
  "31": 0.0,
  "32": -0.07103266144486105,
  "33": 0.03836360091081081,
  "34": 0.0,
  "35": 0.05051698592335782,
  "36": -0.07269274768253337,
  "37": 0.0,
  "38": 0.07478483750732359,
  "39": -0.08122899347386495,
  "40": 0.09890618270194103,
  "41": 0.0,
  "42": -0.0975571192547416,
  "43": 0.0894172323507312,
  "44": 0.10299483860249213,
  "45": -0.031776052233692155,
  "46": 0.055215770669066716,
  "47": -0.07450737232768467,
  "48": -0.0021877911333588085,
  "49": 0.0,
  "50": 0.0,
  "51": 0.0,
  "52": 0.0,
  "53": -0.04465107200514016,
  "54": -0.056942602928488434,
  "55": 0.0,
  "56": 0.0,
  "57": 0.03425762898716566,
  "58": 0.0,
  "59": 0.0,
  "60": 0.036039782240850124,
  "61": 0.0,
  "62": 0.0,
  "63": 0.030326816058653384
}