epoch,beta,coefficient,loss,expected_cut,best_measured_cut,success_probability_ancilla_1,max_postselected_probability,grad
0,0.363041814468861,0.27323258214079327,-2.999950373174953,2.999950373174953,2.0,0.036909016098679664,0.12499379664693679,0.013754083242200392
1,0.36489393384282043,0.2745103552629089,-2.9999780731065293,2.9999780731065293,2.0,0.0370752200281104,0.1249972591383836,-0.01801997479213573
2,0.3691336797684482,0.2774291139044898,-2.9999995467216003,2.9999995467216003,2.0,0.03745770672130976,0.1249999433402668,-0.011909081230199738
3,0.3722160355960079,0.27954561677316064,-2.999979544598041,2.999979544598041,2.0,0.037737527242076414,0.1249974430748214,0.0016897602011831548
4,0.37241012875260704,0.2796787360522378,-2.999977305019499,2.999977305019499,2.0,0.03775519602536379,0.1249971631275036,0.01124245169948323
