{
  "0": 0.0,
  "1": -0.2701874185524818,
  "2": 0.24332088152337703,
  "3": -0.23055474000455148,
  "4": 0.2341832394977467,
  "5": -0.2675029212659933,
  "6": 0.27488914065119324,
  "7": -0.2631882494736224,
  "8": -0.41224867958925143,
  "9": 0.347511042608095,
  "10": -0.2860622866838867,
  "11": 0.2506330333074522,
  "12": 0.1435649004349118,
  "13": 0.23448665539862648,
  "14": -0.19962311044034417,
  "15": 0.19271904376369328,
  "16": 0.04632683253131,
  "17": -0.022067838004744066,
  "18": 0.21644230022560088,
  "19": 0.0,
  "20": 0.19491398736938775,
  "21": 0.0,
  "22": 0.03622854597644754,
  "23": -0.019033215264387074,
  "24": -0.32555324783315603,
  "25": 0.0190336768860314,
  "26": 0.0,
  "27": 0.0,
  "28": 0.0,
  "29": 0.0,
  "30": -0.28001358352648975,
  "31": 0.034260689567088255,
  "32": 0.12025933996914209,
  "33": 0.0,
  "34": 0.0,
  "35": 0.0,
  "36": -0.1370417458406505,
  "37": -0.037950832049866365,
  "38": 0.008743688674212944,
  "39": -0.06267639720044196,
  "40": 0.16581996423230022,
  "41": 0.10838424627319361,
  "42": -0.0397551485197903,
  "43": 0.09922883264485721,
  "44": -0.07691524908097713,
  "45": -0.0697947875679754,
  "46": 0.0,
  "47": 0.03826489250971371,
  "48": 0.1335856235820972,
  "49": 0.04750067810680627,
  "50": -0.09313319065509147,
  "51": 0.026216063262319532,
  "52": -0.06995788430753276,
  "53": 0.061644534973990965,
  "54": 0.0,
  "55": 0.056645080558538556,
  "56": 0.13819797630106434,
  "57": -0.06081904960256091,
  "58": 0.03134214866208942,
  "59": -0.14490019058671136,
  "60": -0.14043911844375145,
  "61": -0.10862049753902828,
  "62": 0.06838420421699017,
  "63": 0.0
}