{
  "config": {
    "N_VERTICES": 4,
    "PROB_ARESTA": 0.55,
    "COM_PESO": false,
    "PESO_MIN": 1,
    "PESO_MAX": 1,
    "GRAPH_SEED": 105087,
    "GRAPH_EDGES": [
      [
        0,
        1,
        1.0
      ],
      [
        1,
        2,
        1.0
      ],
      [
        1,
        3,
        1.0
      ]
    ],
    "REVERSE_BITS": false,
    "ER": 1.25,
    "MAX_TERMS": null,
    "A_MAX": 1.0471975511965976,
    "INIT_BETA": 0.5,
    "MAX_EPOCHS": 200,
    "LR": 0.01,
    "FD_EPS": 0.01,
    "LOSS_TOL_LAST5": 0.0005,
    "PATIENCE_LAST5": 5,
    "TRAIN_SEED": 4,
    "INIT_BETA_JITTER": 0.08,
    "OPTIMIZER": "adam",
    "ADAM_BETA1": 0.9,
    "ADAM_BETA2": 0.999,
    "ADAM_EPS": 1e-08,
    "COEF_ZERO_TOL": 0.0005,
    "IMPROVEMENT_TOL": 0.0005,
    "SATURATION_PATIENCE": 150,
    "INDEX_STRATEGY": "ascending",
    "INDEX_RANDOM_SEED": 42,
    "ENABLE_BACKWARD_PRUNING": false,
    "BACKWARD_PASSES": 1,
    "PRUNE_IMPROVEMENT_TOL": 1e-06,
    "OUTDIR": "benchmark_results_walsh_article/unweighted/aggressive_loader/n4/graph09_trainseed04",
    "SHOW_PLOTS": false,
    "name": "aggressive_loader"
  },
  "n_qubits_register": 4,
  "graph_edges": [
    [
      0,
      1,
      1.0
    ],
    [
      1,
      2,
      1.0
    ],
    [
      1,
      3,
      1.0
    ]
  ],
  "graph_signature": "e05b7736fa85fadb9e519d205bc71874029e7ff2544024339aba6060afa201c5",
  "graph_num_edges": 3,
  "graph_density": 0.5,
  "best_cut_bruteforce": 3.0,
  "best_bitstring_bruteforce": "0100",
  "best_index_bruteforce": 4,
  "candidate_order": [
    1,
    2,
    3,
    4,
    5,
    6,
    7,
    8,
    9,
    10,
    11,
    12,
    13,
    14,
    15
  ],
  "total_possible_parameters": 15,
  "visited_parameters": 15,
  "trained_coefficients": {
    "0": 0.0,
    "1": -0.5046060407120186,
    "2": 0.5047724510509174,
    "3": -0.0016348075357056477,
    "4": -0.2885175894894413,
    "5": -0.0034117536609752147,
    "6": 0.006779743711248417,
    "7": 0.38779616508472275,
    "8": -0.1245122729134038,
    "9": 0.0017692861071034356,
    "10": 0.0,
    "11": 0.18000307094893547,
    "12": -0.0018608869192434665,
    "13": -0.1464077963212637,
    "14": 0.1439614994818454,
    "15": 0.0
  },
  "final_coefficient_vector": [
    0.0,
    -0.5046060407120186,
    0.5047724510509174,
    -0.0016348075357056477,
    -0.2885175894894413,
    -0.0034117536609752147,
    0.006779743711248417,
    0.38779616508472275,
    -0.1245122729134038,
    0.0017692861071034356,
    0.0,
    0.18000307094893547,
    -0.0018608869192434665,
    -0.1464077963212637,
    0.1439614994818454,
    0.0
  ],
  "active_indices": [
    1,
    2,
    3,
    4,
    5,
    6,
    7,
    8,
    9,
    11,
    12,
    13,
    14
  ],
  "active_parameter_count": 13,
  "compression_ratio_active_over_total": 0.8666666666666667,
  "final_loss": -2.62088907167334,
  "final_expected_cut": 2.62088907167334,
  "best_expected_cut_over_evolution": 2.62088907167334,
  "final_best_measured_index": 4,
  "final_best_measured_bitstring": "0100",
  "final_best_measured_cut": 3.0,
  "best_measured_cut_over_evolution": 3.0,
  "final_success_probability_ancilla_1": 0.18524237427080398,
  "final_max_postselected_probability": 0.33082308651466724,
  "gap_expected_to_bruteforce": 0.3791109283266598,
  "gap_measured_to_bruteforce": 0.0,
  "approx_ratio_measured": 1.0,
  "n_steps": 15,
  "elapsed_seconds": 38.0290412902832,
  "steps": [
    {
      "visit_idx": 1,
      "j": 1,
      "kept": true,
      "beta": -0.5254081935097139,
      "coefficient": -0.5046060407120186,
      "loss": -1.5,
      "expected_cut": 1.5,
      "best_measured_cut": 0.0,
      "success_probability_ancilla_1": 0.0962095153188238,
      "epochs_run": 5,
      "stop_reason": "loss_plateau_last5",
      "history_path": "benchmark_results_walsh_article/unweighted/aggressive_loader/n4/graph09_trainseed04/histories/history_visit001_j001.json",
      "improvement_vs_previous": 1.5
    },
    {
      "visit_idx": 2,
      "j": 2,
      "kept": true,
      "beta": 0.525615180236163,
      "coefficient": 0.5047724510509174,
      "loss": -1.999999968907821,
      "expected_cut": 1.999999968907821,
      "best_measured_cut": 3.0,
      "success_probability_ancilla_1": 0.17395603182886718,
      "epochs_run": 8,
      "stop_reason": "loss_plateau_last5",
      "history_path": "benchmark_results_walsh_article/unweighted/aggressive_loader/n4/graph09_trainseed04/histories/history_visit002_j002.json",
      "improvement_vs_previous": 0.49999996890782095
    },
    {
      "visit_idx": 3,
      "j": 3,
      "kept": true,
      "beta": -0.0015611274700851625,
      "coefficient": -0.0016348075357056477,
      "loss": -1.9999969682122942,
      "expected_cut": 1.9999969682122942,
      "best_measured_cut": 1.0,
      "success_probability_ancilla_1": 0.17395671259714623,
      "epochs_run": 54,
      "stop_reason": "loss_plateau_last5",
      "history_path": "benchmark_results_walsh_article/unweighted/aggressive_loader/n4/graph09_trainseed04/histories/history_visit003_j003.json",
      "improvement_vs_previous": -3.000695526722552e-06
    },
    {
      "visit_idx": 4,
      "j": 4,
      "kept": true,
      "beta": -0.28282104133494146,
      "coefficient": -0.2885175894894413,
      "loss": -2.1331012176161672,
      "expected_cut": 2.1331012176161672,
      "best_measured_cut": 2.0,
      "success_probability_ancilla_1": 0.1949314975411022,
      "epochs_run": 96,
      "stop_reason": "loss_plateau_last5",
      "history_path": "benchmark_results_walsh_article/unweighted/aggressive_loader/n4/graph09_trainseed04/histories/history_visit004_j004.json",
      "improvement_vs_previous": 0.133104249403873
    },
    {
      "visit_idx": 5,
      "j": 5,
      "kept": true,
      "beta": -0.003257996285864593,
      "coefficient": -0.0034117536609752147,
      "loss": -2.133079130089845,
      "expected_cut": 2.133079130089845,
      "best_measured_cut": 3.0,
      "success_probability_ancilla_1": 0.19493500432658467,
      "epochs_run": 58,
      "stop_reason": "loss_plateau_last5",
      "history_path": "benchmark_results_walsh_article/unweighted/aggressive_loader/n4/graph09_trainseed04/histories/history_visit005_j005.json",
      "improvement_vs_previous": -2.2087526322156492e-05
    },
    {
      "visit_idx": 6,
      "j": 6,
      "kept": true,
      "beta": 0.006474268804553209,
      "coefficient": 0.006779743711248417,
      "loss": -2.1330666531814892,
      "expected_cut": 2.1330666531814892,
      "best_measured_cut": 3.0,
      "success_probability_ancilla_1": 0.19494153168898215,
      "epochs_run": 60,
      "stop_reason": "loss_plateau_last5",
      "history_path": "benchmark_results_walsh_article/unweighted/aggressive_loader/n4/graph09_trainseed04/histories/history_visit006_j006.json",
      "improvement_vs_previous": -1.2476908355818495e-05
    },
    {
      "visit_idx": 7,
      "j": 7,
      "kept": true,
      "beta": 0.3887916582850943,
      "coefficient": 0.38779616508472275,
      "loss": -2.4325988666959075,
      "expected_cut": 2.4325988666959075,
      "best_measured_cut": 3.0,
      "success_probability_ancilla_1": 0.20148368373097378,
      "epochs_run": 107,
      "stop_reason": "loss_plateau_last5",
      "history_path": "benchmark_results_walsh_article/unweighted/aggressive_loader/n4/graph09_trainseed04/histories/history_visit007_j007.json",
      "improvement_vs_previous": 0.2995322135144183
    },
    {
      "visit_idx": 8,
      "j": 8,
      "kept": true,
      "beta": -0.1194655748579336,
      "coefficient": -0.1245122729134038,
      "loss": -2.4648416765639842,
      "expected_cut": 2.4648416765639842,
      "best_measured_cut": 3.0,
      "success_probability_ancilla_1": 0.2050920079753371,
      "epochs_run": 76,
      "stop_reason": "loss_plateau_last5",
      "history_path": "benchmark_results_walsh_article/unweighted/aggressive_loader/n4/graph09_trainseed04/histories/history_visit008_j008.json",