{
  "0": 0.0,
  "1": -0.5046060407120186,
  "2": 0.5047724510509174,
  "3": -0.0016348075357056477,
  "4": -0.2885175894894413,
  "5": -0.0034117536609752147,
  "6": 0.006779743711248417,
  "7": 0.38779616508472275,
  "8": -0.1245122729134038,
  "9": 0.0017692861071034356,
  "10": 0.0,
  "11": 0.18000307094893547,
  "12": -0.0018608869192434665,
  "13": -0.1464077963212637,
  "14": 0.1439614994818454,
  "15": 0.0
}