epoch,beta,coefficient,loss,expected_cut,best_measured_cut,success_probability_ancilla_1,max_postselected_probability,grad
0,0.33992293019593717,0.257146103966937,-4.439335579349365,4.439335579349365,5.0,0.12264153067038541,0.055539916609552126,0.053603181582591315
1,0.32999469443546964,0.2501618889594421,-4.439750207896121,4.439750207896121,5.0,0.12195767390172162,0.05540783602630792,0.04578234834633277
2,0.3202141501398872,0.2432382385417969,-4.440078519560743,4.440078519560743,5.0,0.1212979485770345,0.0552675550109392,0.03768815386263483
3,0.31068817203544746,0.23645434578583463,-4.440318855768425,4.440318855768425,5.0,0.12066914774261009,0.055121000547557676,0.02939482160339494
4,0.30156307848580316,0.22991933635145453,-4.440472932905767,4.440472932905767,5.0,0.1200799238965184,0.05497123359635953,0.021014766834740448
5,0.29302993486335255,0.22377656685953384,-4.440547391269978,4.440547391269978,5.0,0.11954085900144554,0.054822718851434804,0.012710321005650161
