{
  "config": {
    "N_VERTICES": 4,
    "PROB_ARESTA": 0.85,
    "COM_PESO": false,
    "PESO_MIN": 1,
    "PESO_MAX": 1,
    "GRAPH_SEED": 104882,
    "GRAPH_EDGES": [
      [
        0,
        1,
        1.0
      ],
      [
        0,
        2,
        1.0
      ],
      [
        0,
        3,
        1.0
      ],
      [
        2,
        3,
        1.0
      ]
    ],
    "REVERSE_BITS": false,
    "ER": 1.0,
    "MAX_TERMS": null,
    "A_MAX": 0.7853981633974483,
    "INIT_BETA": 0.35,
    "MAX_EPOCHS": 200,
    "LR": 0.01,
    "FD_EPS": 0.01,
    "LOSS_TOL_LAST5": 0.001,
    "PATIENCE_LAST5": 5,
    "TRAIN_SEED": 0,
    "INIT_BETA_JITTER": 0.05,
    "OPTIMIZER": "adam",
    "ADAM_BETA1": 0.9,
    "ADAM_BETA2": 0.999,
    "ADAM_EPS": 1e-08,
    "COEF_ZERO_TOL": 0.001,
    "IMPROVEMENT_TOL": 0.001,
    "SATURATION_PATIENCE": 100,
    "INDEX_STRATEGY": "ascending",
    "INDEX_RANDOM_SEED": 42,
    "ENABLE_BACKWARD_PRUNING": false,
    "BACKWARD_PASSES": 1,
    "PRUNE_IMPROVEMENT_TOL": 1e-06,
    "OUTDIR": "benchmark_results_walsh_article/unweighted/baseline/n4/graph07_trainseed00",
    "SHOW_PLOTS": false,
    "name": "baseline"
  },
  "n_qubits_register": 4,
  "graph_edges": [
    [
      0,
      1,
      1.0
    ],
    [
      0,
      2,
      1.0
    ],
    [
      0,
      3,
      1.0
    ],
    [
      2,
      3,
      1.0
    ]
  ],
  "graph_signature": "0c4184843706290033a85b58881df740fdc53f7edeeaffa6a9dd8c38dfc1a494",
  "graph_num_edges": 4,
  "graph_density": 0.6666666666666666,
  "best_cut_bruteforce": 3.0,
  "best_bitstring_bruteforce": "0101",
  "best_index_bruteforce": 5,
  "candidate_order": [
    1,
    2,
    3,
    4,
    5,
    6,
    7,
    8,
    9,
    10,
    11,
    12,
    13,
    14,
    15
  ],
  "total_possible_parameters": 15,
  "visited_parameters": 15,
  "trained_coefficients": {
    "0": 0.0,
    "1": -0.2954850297412449,
    "2": 0.2971029049513834,
    "3": 0.0,
    "4": 0.2072178474723208,
    "5": 0.0010210534288961782,
    "6": 0.0,
    "7": -0.25876297774991674,
    "8": 0.04331868563382846,
    "9": 0.0,
    "10": 0.0,
    "11": -0.04062251293045427,
    "12": 0.0,
    "13": 0.019760383601816357,
    "14": -0.009714915226749889,
    "15": 0.0
  },
  "final_coefficient_vector": [
    0.0,
    -0.2954850297412449,
    0.2971029049513834,
    0.0,
    0.2072178474723208,
    0.0010210534288961782,
    0.0,
    -0.25876297774991674,
    0.04331868563382846,
    0.0,
    0.0,
    -0.04062251293045427,
    0.0,
    0.019760383601816357,
    -0.009714915226749889,
    0.0
  ],
  "active_indices": [
    1,
    2,
    4,
    5,
    7,
    8,
    11,
    13,
    14
  ],
  "active_parameter_count": 9,
  "compression_ratio_active_over_total": 0.6,
  "final_loss": -2.99327838676947,
  "final_expected_cut": 2.99327838676947,
  "best_expected_cut_over_evolution": 2.99327838676947,
  "final_best_measured_index": 7,
  "final_best_measured_bitstring": "0111",
  "final_best_measured_cut": 3.0,
  "best_measured_cut_over_evolution": 3.0,
  "final_success_probability_ancilla_1": 0.06596909511380261,
  "final_max_postselected_probability": 0.26479010089921384,
  "gap_expected_to_bruteforce": 0.00672161323053011,
  "gap_measured_to_bruteforce": 0.0,
  "approx_ratio_measured": 1.0,
  "n_steps": 15,
  "elapsed_seconds": 27.28436040878296,
  "steps": [
    {
      "visit_idx": 1,
      "j": 1,
      "kept": true,
      "beta": -0.39565283010686686,
      "coefficient": -0.2954850297412449,
      "loss": -2.0,
      "expected_cut": 2.0,
      "best_measured_cut": 0.0,
      "success_probability_ancilla_1": 0.021669493846711765,
      "epochs_run": 5,
      "stop_reason": "loss_plateau_last5",
      "history_path": "benchmark_results_walsh_article/unweighted/baseline/n4/graph07_trainseed00/histories/history_visit001_j001.json",
      "improvement_vs_previous": 2.0
    },
    {
      "visit_idx": 2,
      "j": 2,
      "kept": true,
      "beta": 0.3980545930562992,
      "coefficient": 0.2971029049513834,
      "loss": -2.499992324135082,
      "expected_cut": 2.499992324135082,
      "best_measured_cut": 1.0,
      "success_probability_ancilla_1": 0.04262580915431724,
      "epochs_run": 5,
      "stop_reason": "loss_plateau_last5",
      "history_path": "benchmark_results_walsh_article/unweighted/baseline/n4/graph07_trainseed00/histories/history_visit002_j002.json",
      "improvement_vs_previous": 0.4999923241350821
    },
    {
      "visit_idx": 3,
      "j": 3,
      "kept": false,
      "beta": 0.0012549751606321519,
      "coefficient": 0.0,
      "loss": -2.499992324135082,
      "expected_cut": 2.499992324135082,
      "best_measured_cut": 1.0,
      "success_probability_ancilla_1": 0.04262580915431724,
      "epochs_run": 38,
      "stop_reason": "loss_plateau_last5_and_discarded_near_zero",
      "history_path": "benchmark_results_walsh_article/unweighted/baseline/n4/graph07_trainseed00/histories/history_visit003_j003.json",
      "improvement_vs_previous": 0.0
    },
    {
      "visit_idx": 4,
      "j": 4,
      "kept": true,
      "beta": 0.2702290539835144,
      "coefficient": 0.2072178474723208,
      "loss": -2.6712100354854043,
      "expected_cut": 2.6712100354854043,
      "best_measured_cut": 3.0,
      "success_probability_ancilla_1": 0.05241037128655761,
      "epochs_run": 14,
      "stop_reason": "loss_plateau_last5",
      "history_path": "benchmark_results_walsh_article/unweighted/baseline/n4/graph07_trainseed00/histories/history_visit004_j004.json",
      "improvement_vs_previous": 0.17121771135032215
    },
    {
      "visit_idx": 5,
      "j": 5,
      "kept": true,
      "beta": 0.0013000463353691942,
      "coefficient": 0.0010210534288961782,
      "loss": -2.671206697563446,
      "expected_cut": 2.671206697563446,
      "best_measured_cut": 3.0,
      "success_probability_ancilla_1": 0.05241060460384447,
      "epochs_run": 40,
      "stop_reason": "loss_plateau_last5",
      "history_path": "benchmark_results_walsh_article/unweighted/baseline/n4/graph07_trainseed00/histories/history_visit005_j005.json",
      "improvement_vs_previous": -3.337921958390666e-06
    },
    {
      "visit_idx": 6,
      "j": 6,
      "kept": false,
      "beta": -0.0002831176985883333,
      "coefficient": 0.0,
      "loss": -2.671206697563446,
      "expected_cut": 2.671206697563446,
      "best_measured_cut": 3.0,
      "success_probability_ancilla_1": 0.05241060460384447,
      "epochs_run": 43,
      "stop_reason": "loss_plateau_last5_and_discarded_near_zero",
      "history_path": "benchmark_results_walsh_article/unweighted/baseline/n4/graph07_trainseed00/histories/history_visit006_j006.json",
      "improvement_vs_previous": 0.0
    },
    {
      "visit_idx": 7,
      "j": 7,
      "kept": true,
      "beta": -0.34223052240525137,
      "coefficient": -0.25876297774991674,
      "loss": -2.977118018512006,
      "expected_cut": 2.977118018512006,
      "best_measured_cut": 3.0,
      "success_probability_ancilla_1": 0.06506807364292977,
      "epochs_run": 5,
      "stop_reason": "loss_plateau_last5",
      "history_path": "benchmark_results_walsh_article/unweighted/baseline/n4/graph07_trainseed00/histories/history_visit007_j007.json",
      "improvement_vs_previous": 0.3059113209485602
    },
    {
      "visit_idx": 8,
      "j": 8,
      "kept": true,
      "beta": 0.055211094605463626,
      "coefficient": 0.04331868563382846,
      "loss": -2.9846832617331067,
      "expected_cut": 2.9846832617331067,
      "best_measured_cut": 3.0,
      "success_probability_ancilla_1": 0.06547608656744311,
      "epochs_run": 37,
      "stop_reason": "loss_plateau_last5",
      "history_path": "benchmark_results_walsh_article/unweighted/baseline/n4/graph07_trainseed00/histories/history_visit008_j008.json",
      "improvement_vs_previous": 0.007565243221100637
    },
    {
      "visit_idx": 9,
      "j": 9,
      "kept": false,
      "beta": 0.00046069417486777064,
      "coefficient": 0.0,