{
  "0": 0.0,
  "1": -0.2954850297412449,
  "2": 0.2971029049513834,
  "3": 0.0,
  "4": 0.2072178474723208,
  "5": 0.0010210534288961782,
  "6": 0.0,
  "7": -0.25876297774991674,
  "8": 0.04331868563382846,
  "9": 0.0,
  "10": 0.0,
  "11": -0.04062251293045427,
  "12": 0.0,
  "13": 0.019760383601816357,
  "14": -0.009714915226749889,
  "15": 0.0
}