epoch,beta,coefficient,loss,expected_cut,best_measured_cut,success_probability_ancilla_1,max_postselected_probability,grad
0,0.37544337036412473,0.28175669782732266,-6.300835600048669,6.300835600048669,4.0,0.1154541511047942,0.04443667826214354,-0.052623559159436874
1,0.3853787401785335,0.2885312978619108,-6.301252888727388,6.301252888727388,4.0,0.11623492860403585,0.04456637963170598,-0.04545675856203188
2,0.3951943351309522,0.29517584543883374,-6.301599311472949,6.301599311472949,4.0,0.11701782667159336,0.04468637815976023,-0.038585349819435615
3,0.4048247600614073,0.301647580662011,-6.301877917791295,6.301877917791295,4.0,0.11779661798778436,0.04479647084402536,-0.032041389537023124
4,0.41419415220894273,0.30789813004483324,-6.302092875712081,6.302092875712081,4.0,0.11856398934515994,0.04489652295862328,-0.02585719986128682
5,0.42321681676652373,0.31387413597614655,-6.3022495325601815,6.3022495325601815,4.0,0.11931159074678152,0.04498648447568021,-0.02006468955490648
