epoch,beta,coefficient,loss,expected_cut,best_measured_cut,success_probability_ancilla_1,max_postselected_probability,grad
0,-0.33915991045043004,-0.2566109361073638,-2.897754626683637,2.897754626683637,3.0,0.13627567328173312,0.21636044139919128,-0.05365398809851802
1,-0.32921147731448724,-0.24960902104571578,-2.898193887922478,2.898193887922478,3.0,0.1356090244264172,0.21581343552015697,-0.047381219035665445
2,-0.31936491517422944,-0.2426350661967929,-2.8985637596904628,2.8985637596904628,3.0,0.13496279559736746,0.21523563429677314,-0.04088377678543114
3,-0.3096870786215587,-0.23573913903621518,-2.898862004483844,2.898862004483844,3.0,0.13434125399710456,0.21463172065931596,-0.034201841429420975
4,-0.30026543682857026,-0.22898715793320554,-2.899087971259622,2.899087971259622,3.0,0.1337495340403258,0.2140088453890531,-0.027393095632281702
5,-0.29121178470392645,-0.22246383933661582,-2.89924329758969,2.89924329758969,3.0,0.13319371138444797,0.213377252727089,-0.02053739781517374
6,-0.28266389434208833,-0.21627413300593865,-2.899332672301327,2.899332672301327,3.0,0.13268074588734055,0.21275076234387932,-0.01374128684951903
