{
  "0": 0.0,
  "1": -0.1390650780650259,
  "2": 0.14016692635800707,
  "3": 0.0,
  "4": 0.0,
  "5": 0.0,
  "6": 0.0,
  "7": 0.0,
  "8": 0.0,
  "9": 0.0,
  "10": 0.0,
  "11": 0.0,
  "12": 0.0,
  "13": 0.10267603160601754,
  "14": -0.12417313248282903,
  "15": 0.0,
  "16": 0.0,
  "17": 0.0,
  "18": 0.0,
  "19": 0.0,
  "20": 0.0,
  "21": 0.01680467795002825,
  "22": -0.014976115527604292,
  "23": 0.0,
  "24": 0.0,
  "25": 0.009493075611391807,
  "26": -0.00512007050017326,
  "27": 0.0,
  "28": 0.007774098991789823,
  "29": 0.0,
  "30": 0.0,
  "31": 0.004548157389380544,
  "32": 0.0,
  "33": 0.0,
  "34": 0.0,
  "35": 0.0,
  "36": 0.0,
  "37": 0.01117064874204656,
  "38": -0.004777537257989294,
  "39": 0.0,
  "40": 0.0,
  "41": 0.006256811380396587,
  "42": -0.007463298424593524,
  "43": 0.0,
  "44": 0.003387697646170909,
  "45": 0.0,
  "46": 0.0,
  "47": 0.004459577455297688,
  "48": 0.0,
  "49": 0.04554818012210487,
  "50": -0.06909914129789571,
  "51": 0.0,
  "52": 0.0023163629370133534,
  "53": 0.0,
  "54": 0.0,
  "55": 0.0,
  "56": 0.004017812678220869,
  "57": 0.0,
  "58": 0.0,
  "59": 0.0036079243307794583,
  "60": 0.0,
  "61": -0.08872976716666114,
  "62": 0.10072717787534392,
  "63": 0.0
}