epoch,beta,coefficient,loss,expected_cut,best_measured_cut,success_probability_ancilla_1,max_postselected_probability,grad
0,-0.36610279734856943,-0.2753434562262397,-4.928627355981858,4.928627355981858,7.0,0.195339529581108,0.06482042221451463,-0.06654858321058497
1,-0.3561832463322281,-0.2684865669833408,-4.929130997257107,4.929130997257107,7.0,0.19488654299590846,0.06475499726449523,-0.05609454505349761
2,-0.3464297000014673,-0.2616989286166149,-4.929521195289096,4.929521195289096,7.0,0.19445226011316338,0.06468408763565141,-0.045396540082659906
3,-0.3369626793663009,-0.255068349660647,-4.929797475451471,4.929797475451471,7.0,0.19404161829536248,0.06460889360841479,-0.03456348391275185
4,-0.32794646352765905,-0.24871547475580805,-4.92996426392953,4.92996426392953,7.0,0.19366079290310034,0.06453133872276144,-0.023755726549330013
5,-0.31959267618527165,-0.24279686540830386,-4.930032885961488,4.930032885961488,7.0,0.19331712409917345,0.06445422086238696,-0.013199349327024695
