epoch,beta,coefficient,loss,expected_cut,best_measured_cut,success_probability_ancilla_1,max_postselected_probability,grad
0,-0.3685967007684024,-0.27705992409356767,-3.9999999999979035,3.9999999999979035,0.0,0.019068104988356965,0.015624999999991812,1.0352487711492836e-11
1,-0.3685971632988866,-0.27706024215791897,-3.999999999997902,3.999999999997902,0.0,0.01906814848827456,0.015624999999991805,1.0339327277421415e-11
2,-0.3685977295934212,-0.2770606315766592,-3.999999999997902,3.999999999997902,0.0,0.019068201747006963,0.015624999999991805,1.0343590250645323e-11
3,-0.36859838340610346,-0.27706108117803435,-3.9999999999979003,3.9999999999979003,0.0,0.019068263236689358,0.015624999999991798,1.0349254959879651e-11
4,-0.3685991143274725,-0.2770615838037878,-3.9999999999979035,3.9999999999979035,0.0,0.019068331978360074,0.015624999999991812,1.0353359423582692e-11
