epoch,beta,coefficient,loss,expected_cut,best_measured_cut,success_probability_ancilla_1,max_postselected_probability,grad
0,-0.4239165716610288,-0.4191144250024155,-3.4999999999998264,3.4999999999998264,1.0,0.20032202272842206,0.043944182541364354,1.6441672000576089e-13
1,-0.42391657901715857,-0.41911443147181937,-3.4999999999998264,3.4999999999998264,1.0,0.20032202412853656,0.04394418254706055,1.6463066089231145e-13
2,-0.423916588051605,-0.4191144394172316,-3.499999999999825,3.499999999999825,1.0,0.2003220258480903,0.04394418255405633,1.6588162573727846e-13
3,-0.4239165984991904,-0.4191144486054395,-3.4999999999998255,3.4999999999998255,1.0,0.200322027836611,0.04394418256214639,1.6601403255454947e-13
4,-0.42391661018028787,-0.4191144588784688,-3.4999999999998272,3.4999999999998272,1.0,0.20032203005990978,0.043944182571191606,1.6550408175101963e-13
