epoch,beta,coefficient,loss,expected_cut,best_measured_cut,success_probability_ancilla_1,max_postselected_probability,grad
0,-0.5138195443465993,-0.4952363262962699,-3.4999999999996225,3.4999999999996225,0.0,0.0927836313260837,0.015624999999998314,1.2020118522128116e-12
1,-0.5138195980217456,-0.49523636993375697,-3.4999999999996225,3.4999999999996225,0.0,0.09278364715170918,0.015624999999998314,1.199176133497492e-12
2,-0.5138196637398784,-0.4952364233620979,-3.4999999999996216,3.4999999999996216,0.0,0.09278366652809959,0.01562499999999831,1.2003355030125144e-12
3,-0.5138197396182653,-0.4952364850506436,-3.4999999999996225,3.4999999999996225,0.0,0.09278368890014875,0.015624999999998314,1.2011408606466889e-12
4,-0.51381982445132,-0.4952365540192602,-3.499999999999623,3.499999999999623,0.0,0.0927837139124008,0.01562499999999832,1.2017949259819707e-12
