epoch,beta,coefficient,loss,expected_cut,best_measured_cut,success_probability_ancilla_1,max_postselected_probability,grad
0,0.5147096288389396,0.4959596535946919,-3.7275018198564984,3.7275018198564984,3.0,0.4125182254769539,0.03596809453905396,0.02256980467200652
1,0.5047582332549573,0.4878380479841187,-3.727688301097804,3.727688301097804,3.0,0.41176836603060696,0.035948440886113674,0.02003916254828114
2,0.49490186808634945,0.4797194280741944,-3.7278468598193197,3.7278468598193197,3.0,0.41102787058826806,0.0359261766462654,0.01742292268676931
3,0.4852015728427049,0.471657454486856,-3.7279765786713854,3.7279765786713854,3.0,0.4103016089168259,0.035901467493884655,0.014734850620906362
4,0.4757364077822236,0.46372269342785016,-3.728077100462693,3.728077100462693,3.0,0.40959570159180153,0.03587460871395888,0.011994836715724329
5,0.4666067781094465,0.45600592544390295,-3.7281488770594775,3.7281488770594775,3.0,0.40891771754555784,0.03584606310055211,0.009230592403991331
