epoch,beta,coefficient,loss,expected_cut,best_measured_cut,success_probability_ancilla_1,max_postselected_probability,grad
0,-0.22944435211470512,-0.1416864730880086,-1.4999999999946823,1.4999999999946823,0.0,0.002820399295794392,0.06249999999977843,4.472664655032441e-11
1,-0.22944635145518125,-0.14168766543032346,-1.499999999994682,1.499999999994682,0.0,0.0028204467206516376,0.06249999999977841,4.4726815346033186e-11
2,-0.22944879943998853,-0.14168912532821457,-1.4999999999946823,1.4999999999946823,0.0,0.0028205047879480702,0.06249999999977843,4.472796387264336e-11
3,-0.229451625329352,-0.1416908105939905,-1.4999999999946823,1.4999999999946823,0.0,0.0028205718199713434,0.06249999999977843,4.472791451915283e-11
4,-0.2294547838144391,-0.14169269420617528,-1.4999999999946823,1.4999999999946823,0.0,0.00282064674223094,0.06249999999977843,4.4723884568129844e-11
5,-0.22945824269570853,-0.14169475696126274,-1.4999999999946825,1.4999999999946825,0.0,0.0028207287911885164,0.06249999999977844,4.472064484337271e-11
6,-0.22946197760255607,-0.1416969843246795,-1.499999999994683,1.499999999994683,0.0,0.002820817389007919,0.062499999999778455,4.472057008081968e-11
