epoch,beta,coefficient,loss,expected_cut,best_measured_cut,success_probability_ancilla_1,max_postselected_probability,grad
0,0.2339287606902831,0.14435811167261156,-1.4999999999973839,1.4999999999973839,2.0,0.005731960623561099,0.12498914148250578,-1.094908325600833e-11
1,0.23392925016481061,0.14435840298423042,-1.499999999997383,1.499999999997383,2.0,0.005731972361344572,0.12498913912726953,-1.0947512099647776e-11
2,0.2339298495024971,0.14435875968101078,-1.4999999999973839,1.4999999999973839,2.0,0.0057319867337164996,0.12498913624305726,-1.0948885939591827e-11
3,0.23393054137393318,0.1443591714492777,-1.4999999999973834,1.4999999999973834,2.0,0.005732003325126052,0.12498913291307552,-1.0948231106910928e-11
4,0.2339313146813843,0.1443596316841496,-1.4999999999973834,1.4999999999973834,2.0,0.005732021869459937,0.1249891291905506,-1.0946748683316037e-11
5,0.23393216157851981,0.14436013571582418,-1.499999999997383,1.499999999997383,2.0,0.005732042178574535,0.12498912511306581,-1.0947956449175537e-11
6,0.23393307605848296,0.14436067996926577,-1.499999999997383,1.499999999997383,2.0,0.0057320641084373765,0.12498912070935525,-1.0945574083098636e-11
