epoch,beta,coefficient,loss,expected_cut,best_measured_cut,success_probability_ancilla_1,max_postselected_probability,grad
0,-0.31608628776153297,-0.2403034438969025,-1.8943649040409012,1.8943649040409012,2.0,0.12708804511682043,0.4805919175820514,-0.06390123451839393
1,-0.3062835016577344,-0.23330432712317534,-1.8947394260326986,1.8947394260326986,2.0,0.12683913848081424,0.4810149161426973,-0.04678394092169817
2,-0.2969497786713992,-0.2266021107412332,-1.8949371664952475,1.8949371664952475,2.0,0.12661792371563693,0.4813455940181064,-0.029554742981319524
3,-0.28852194154944805,-0.220519259208034,-1.8949795906783624,1.8949795906783624,2.0,0.12643167043277945,0.481582271851284,-0.012753431118295954
4,-0.2815768640041811,-0.21548488368468277,-1.8949156350924632,1.8949156350924632,2.0,0.12628797453486001,0.4817322345225303,0.0027348262992040887
