epoch,beta,coefficient,loss,expected_cut,best_measured_cut,success_probability_ancilla_1,max_postselected_probability,grad
0,0.31442588151158873,0.2391208441602921,-1.808845961582998,1.808845961582998,2.0,0.1300948831976198,0.44911847505799196,0.07981931753469422
1,0.3045313241145929,0.23204895016128016,-1.8094142935434263,1.8094142935434263,2.0,0.12978940476126444,0.44932986556694937,0.06496666238600284
2,0.29486244772845716,0.22509828891357292,-1.809823128583464,1.809823128583464,2.0,0.12950720443264394,0.449465794157496,0.04984100821020264
3,0.2855960435330249,0.21840068990452247,-1.810075534597358,1.810075534597358,2.0,0.12925221181995653,0.4495289003988575,0.03466181752065986
4,0.2769777741542925,0.2121404745093544,-1.8101850116500608,1.8101850116500608,2.0,0.12902890840265868,0.4495272744638415,0.019759107702325186
5,0.26931626253950314,0.20655068633545157,-1.8101789448950973,1.8101789448950973,2.0,0.1288418053758239,0.4494760743811725,0.005599777145242746
