epoch,beta,coefficient,loss,expected_cut,best_measured_cut,success_probability_ancilla_1,max_postselected_probability,grad
0,0.2631971554175314,0.1616559910934701,-1.4022014029059304,1.4022014029059304,2.0,0.021466676950067834,0.2933908709493748,-0.06466702219192094
1,0.2729432106346019,0.16735978307344568,-1.4025471778458798,1.4025471778458798,2.0,0.021715327709183573,0.2937482015148162,-0.0447980654210583
2,0.2821147231848832,0.17270036856477777,-1.4027116443697207,1.4027116443697207,2.0,0.02195607925349068,0.293987959737092,-0.02630283078889256
3,0.29025173232392415,0.17741609851544815,-1.4027327476089324,1.4027327476089324,2.0,0.022175038667027126,0.2941256603814135,-0.009690323814508456
4,0.2968321680205471,0.1812139407528873,-1.4026675289780572,1.4026675289780572,2.0,0.02235572431338773,0.29418746648697636,0.0044019652405396315
5,0.3014651567177355,0.18387921407433966,-1.4025790086993486,1.4025790086993486,2.0,0.0224848411884638,0.2942052827394414,0.015353804626780435
6,0.30405589796704396,0.18536647887330335,-1.40251455567939,1.40251455567939,2.0,0.022557719919916758,0.29420621464193436,0.02282650890648366
