epoch,beta,coefficient,loss,expected_cut,best_measured_cut,success_probability_ancilla_1,max_postselected_probability,grad
0,-0.5730436826879286,-0.5420200963921954,-3.9999999999996367,3.9999999999996367,0.0,0.11043673859650792,0.015624999999998581,9.79852516324653e-13
1,-0.5730437266639333,-0.5420201301065215,-3.999999999999637,3.999999999999637,0.0,0.11043675180550094,0.015624999999998584,9.869415955544476e-13
2,-0.5730437805526097,-0.5420201714204226,-3.999999999999637,3.999999999999637,0.0,0.1104367679919454,0.015624999999998584,9.85702708032908e-13
3,-0.5730438427653,-0.542020219115949,-3.9999999999996385,3.9999999999996385,0.0,0.1104367866786591,0.015624999999998588,9.8452943544923e-13
4,-0.5730439122850458,-0.5420202724134455,-3.999999999999641,3.999999999999641,0.0,0.11043680756018005,0.015624999999998598,9.833278025123953e-13
