epoch,beta,coefficient,loss,expected_cut,best_measured_cut,success_probability_ancilla_1,max_postselected_probability,grad
0,-0.47725298985436715,-0.4649985712546735,-4.5748863393193435,4.5748863393193435,5.0,0.48898250813999855,0.030636761377720853,-0.02590864555832419
1,-0.4674198105007182,-0.4566956432694212,-4.575047869245907,4.575047869245907,5.0,0.4898617628574969,0.030515168234619267,-0.019591325163991768
2,-0.457968907420356,-0.4486480926350618,-4.575143646601956,4.575143646601956,5.0,0.4907150170010406,0.030396171328218834,-0.013239930503953452
3,-0.4492378532034978,-0.44115534006575285,-4.575179298887367,4.575179298887367,2.0,0.49151029423070697,0.030289584966787193,-0.007007855075216172
4,-0.4416875814065401,-0.43463127851916455,-4.575168505112627,4.575168505112627,2.0,0.49220336402391235,0.03030135104868788,-0.0011417130078074159
