epoch,beta,coefficient,loss,expected_cut,best_measured_cut,success_probability_ancilla_1,max_postselected_probability,grad
0,0.5525347745395688,0.5261304401309798,-3.9979126678388104,3.9979126678388104,2.0,0.2984050940546496,0.04842917532735887,0.0015141900615718812
1,0.5425275157152725,0.518256829416332,-3.9979287979972997,3.9979287979972997,2.0,0.2968824291032928,0.048539960665229066,0.0015787951559998036
2,0.5325056140149617,0.5102931510156075,-3.9979456262106767,3.9979456262106767,2.0,0.29536236042798814,0.04864767737472947,0.001645183435567904
3,0.5224636694496986,0.5022351495409965,-3.997963182324569,3.997963182324569,2.0,0.2938449283055489,0.048752129094832286,0.001713390450579567
4,0.5123963690667778,0.4940785170802023,-3.9979814976049717,3.9979814976049717,2.0,0.2923302241726931,0.04885310151209264,0.0017834516572053205
