epoch,beta,coefficient,loss,expected_cut,best_measured_cut,success_probability_ancilla_1,max_postselected_probability,grad
0,-0.38711300762252454,-0.2897088087710502,-6.449202069910702,6.449202069910702,5.0,0.05213443450061592,0.015099767235124845,-0.49811308958616257
1,-0.377126692584773,-0.28290793209395204,-6.453848841209462,6.453848841209462,5.0,0.05126958218120753,0.015147152536488826,-0.47693246343621093
2,-0.3671668078908788,-0.27607614626171845,-6.4582348224455615,6.4582348224455615,5.0,0.05042169554318897,0.015191179276043187,-0.453264392164419
3,-0.3572496078301968,-0.2692259432595281,-6.462328603416976,6.462328603416976,5.0,0.04959259134893474,0.01523148570450774,-0.42701268757588906
4,-0.3473956341597509,-0.2623731253493533,-6.466098309871361,6.466098309871361,5.0,0.048784318183138574,0.015267710935217556,-0.3981079195034907
5,-0.3376306504192771,-0.25553753846876986,-6.469512544643944,6.469512544643944,5.0,0.047999186999266155,0.015299507700205816,-0.3665182529849019
6,-0.32798672608974505,-0.24874392538276333,-6.472541691385314,6.472541691385314,5.0,0.04723980246367889,0.015326559674136512,-0.3322628255216536
7,-0.31850344366811345,-0.24202287935545588,-6.475159652113403,6.475159652113403,5.0,0.04650909191878933,0.01534860417789027,-0.2954278601068782
8,-0.30922915321108196,-0.23541184203029134,-6.477346068372238,6.477346068372238,5.0,0.04581032634194899,0.015365460747719238,-0.25618542948165873
9,-0.3002221210160631,-0.2289560292509901,-6.479089019015068,6.479089019015068,5.0,0.045147124279824154,0.015377065266437721,-0.21481425267136836
10,-0.2915513081235045,-0.22270908248131813,-6.480388075921274,6.480388075921274,5.0,0.0445234256418134,0.015383507860071574,-0.17172100417129402
11,-0.28329638081626396,-0.21673313889327378,-6.481257416337716,6.481257416337716,5.0,0.043943418492325956,0.015385070390223106,-0.12745926861738927
12,-0.2755464394585994,-0.21109792047978654,-6.481728443297139,6.481728443297139,5.0,0.0434114009261375,0.015382256249703003,-0.08274154029304
13,-0.26839693662160663,-0.20587842530603082,-6.4818511121612525,6.4818511121612525,5.0,0.04293156541283866,0.015375802110258144,-0.038437934577296294
14,-0.26194445470979494,-0.20115095130780875,-6.481693037562232,6.481693037562232,5.0,0.0425077083259508,0.01536666005971905,0.004445548425078744
15,-0.25627950864213334,-0.19698756061236591,-6.481335652206447,6.481335652206447,5.0,0.04214289294353016,0.01535594160625464,0.04481490535124205
