epoch,beta,coefficient,loss,expected_cut,best_measured_cut,success_probability_ancilla_1,max_postselected_probability,grad
0,0.31879566606156606,0.2422305776020602,-5.999760516658496,5.999760516658496,3.0,0.027929399698343096,0.007810629036408514,0.08572313439553926
1,0.3093776700200907,0.23551800258983296,-5.99999832954248,5.99999832954248,3.0,0.027157084734402273,0.007812486949564989,0.04582307663066665
2,0.30184337433503344,0.23012059776605043,-5.999891758744964,5.999891758744964,3.0,0.02655153802147251,0.007811654365209735,0.0039589696102256796
3,0.29785080673102143,0.22725069946034265,-5.999720079760569,5.999720079760569,3.0,0.026235173297192733,0.007810313123144311,-0.03273945239113494
4,0.2973793897469246,0.2269114006090196,-5.99969431628603,5.99969431628603,3.0,0.026198028398121312,0.007810111845999497,-0.05340357980036779
