{
  "config": {
    "N_VERTICES": 4,
    "PROB_ARESTA": 0.55,
    "COM_PESO": false,
    "PESO_MIN": 1,
    "PESO_MAX": 1,
    "GRAPH_SEED": 104577,
    "GRAPH_EDGES": [
      [
        0,
        2,
        1.0
      ],
      [
        2,
        3,
        1.0
      ]
    ],
    "REVERSE_BITS": false,
    "ER": 1.0,
    "MAX_TERMS": null,
    "A_MAX": 0.7853981633974483,
    "INIT_BETA": 0.35,
    "MAX_EPOCHS": 200,
    "LR": 0.01,
    "FD_EPS": 0.01,
    "LOSS_TOL_LAST5": 0.001,
    "PATIENCE_LAST5": 5,
    "TRAIN_SEED": 5,
    "INIT_BETA_JITTER": 0.05,
    "OPTIMIZER": "adam",
    "ADAM_BETA1": 0.9,
    "ADAM_BETA2": 0.999,
    "ADAM_EPS": 1e-08,
    "COEF_ZERO_TOL": 0.005,
    "IMPROVEMENT_TOL": 0.003,
    "SATURATION_PATIENCE": 40,
    "INDEX_STRATEGY": "ascending",
    "INDEX_RANDOM_SEED": 42,
    "ENABLE_BACKWARD_PRUNING": false,
    "BACKWARD_PASSES": 1,
    "PRUNE_IMPROVEMENT_TOL": 1e-06,
    "OUTDIR": "benchmark_results_walsh_article/unweighted/sparse_threshold/n4/graph04_trainseed05",
    "SHOW_PLOTS": false,
    "name": "sparse_threshold"
  },
  "n_qubits_register": 4,
  "graph_edges": [
    [
      0,
      2,
      1.0
    ],
    [
      2,
      3,
      1.0
    ]
  ],
  "graph_signature": "ab3e1e60a1be6f27a830f37b39d70bd64af7163327db0f23a1fcb2724d77253c",
  "graph_num_edges": 2,
  "graph_density": 0.3333333333333333,
  "best_cut_bruteforce": 2.0,
  "best_bitstring_bruteforce": "0010",
  "best_index_bruteforce": 2,
  "candidate_order": [
    1,
    2,
    3,
    4,
    5,
    6,
    7,
    8,
    9,
    10,
    11,
    12,
    13,
    14,
    15
  ],
  "total_possible_parameters": 15,
  "visited_parameters": 15,
  "trained_coefficients": {
    "0": 0.0,
    "1": -0.28363487982899055,
    "2": 0.2715324193973909,
    "3": -0.2690930829710399,
    "4": 0.41895844506504515,
    "5": -0.016597879089175933,
    "6": 0.31201652806884395,
    "7": -0.27753109169892987,
    "8": -0.22330751643773336,
    "9": -0.07983619041188557,
    "10": -0.13852035637335944,
    "11": 0.11511604972319316,
    "12": 0.13480578159122475,
    "13": 0.22930412753272172,
    "14": -0.16569687431267155,
    "15": 0.17766156848406733
  },
  "final_coefficient_vector": [
    0.0,
    -0.28363487982899055,
    0.2715324193973909,
    -0.2690930829710399,
    0.41895844506504515,
    -0.016597879089175933,
    0.31201652806884395,
    -0.27753109169892987,
    -0.22330751643773336,
    -0.07983619041188557,
    -0.13852035637335944,
    0.11511604972319316,
    0.13480578159122475,
    0.22930412753272172,
    -0.16569687431267155,
    0.17766156848406733
  ],
  "active_indices": [
    1,
    2,
    3,
    4,
    5,
    6,
    7,
    8,
    9,
    10,
    11,
    12,
    13,
    14,
    15
  ],
  "active_parameter_count": 15,
  "compression_ratio_active_over_total": 1.0,
  "final_loss": -1.8508535152998105,
  "final_expected_cut": 1.8508535152998105,
  "best_expected_cut_over_evolution": 1.8508535152998105,
  "final_best_measured_index": 9,
  "final_best_measured_bitstring": "1001",
  "final_best_measured_cut": 2.0,
  "best_measured_cut_over_evolution": 2.0,
  "final_success_probability_ancilla_1": 0.135384193995721,
  "final_max_postselected_probability": 0.43793513981156684,
  "gap_expected_to_bruteforce": 0.14914648470018954,
  "gap_measured_to_bruteforce": 0.0,
  "approx_ratio_measured": 1.0,
  "n_steps": 15,
  "elapsed_seconds": 13.3522469997406,
  "steps": [
    {
      "visit_idx": 1,
      "j": 1,
      "kept": true,
      "beta": -0.37819067957667163,
      "coefficient": -0.28363487982899055,
      "loss": -1.0,
      "expected_cut": 1.0,
      "best_measured_cut": 0.0,
      "success_probability_ancilla_1": 0.019977713971945803,
      "epochs_run": 5,
      "stop_reason": "loss_plateau_last5",
      "history_path": "benchmark_results_walsh_article/unweighted/sparse_threshold/n4/graph04_trainseed05/histories/history_visit001_j001.json",
      "improvement_vs_previous": 1.0
    },
    {
      "visit_idx": 2,
      "j": 2,
      "kept": true,
      "beta": 0.36058113851076934,
      "coefficient": 0.2715324193973909,
      "loss": -1.0,
      "expected_cut": 1.0,
      "best_measured_cut": 0.0,
      "success_probability_ancilla_1": 0.037565240677634455,
      "epochs_run": 5,
      "stop_reason": "loss_plateau_last5",
      "history_path": "benchmark_results_walsh_article/unweighted/sparse_threshold/n4/graph04_trainseed05/histories/history_visit002_j002.json",
      "improvement_vs_previous": 0.0
    },
    {
      "visit_idx": 3,
      "j": 3,
      "kept": true,
      "beta": -0.35705793338263014,
      "coefficient": -0.2690930829710399,
      "loss": -1.0,
      "expected_cut": 1.0,
      "best_measured_cut": 1.0,
      "success_probability_ancilla_1": 0.054207156312470764,
      "epochs_run": 5,
      "stop_reason": "loss_plateau_last5",
      "history_path": "benchmark_results_walsh_article/unweighted/sparse_threshold/n4/graph04_trainseed05/histories/history_visit003_j003.json",
      "improvement_vs_previous": 0.0
    },
    {
      "visit_idx": 4,
      "j": 4,
      "kept": true,
      "beta": 0.5949333699788405,
      "coefficient": 0.41895844506504515,
      "loss": -1.2849387224677467,
      "expected_cut": 1.2849387224677467,
      "best_measured_cut": 1.0,
      "success_probability_ancilla_1": 0.09276237517281449,
      "epochs_run": 37,
      "stop_reason": "loss_plateau_last5",
      "history_path": "benchmark_results_walsh_article/unweighted/sparse_threshold/n4/graph04_trainseed05/histories/history_visit004_j004.json",
      "improvement_vs_previous": 0.28493872246774665
    },
    {
      "visit_idx": 5,
      "j": 5,
      "kept": true,
      "beta": -0.021136222917573666,
      "coefficient": -0.016597879089175933,
      "loss": -1.2846210781249456,
      "expected_cut": 1.2846210781249456,
      "best_measured_cut": 1.0,
      "success_probability_ancilla_1": 0.09258736599215926,
      "epochs_run": 33,
      "stop_reason": "loss_plateau_last5",
      "history_path": "benchmark_results_walsh_article/unweighted/sparse_threshold/n4/graph04_trainseed05/histories/history_visit005_j005.json",
      "improvement_vs_previous": -0.0003176443428010156
    },
    {
      "visit_idx": 6,
      "j": 6,
      "kept": true,
      "beta": 0.4204052544336256,
      "coefficient": 0.31201652806884395,
      "loss": -1.392016953657379,
      "expected_cut": 1.392016953657379,
      "best_measured_cut": 1.0,
      "success_probability_ancilla_1": 0.1076155658500064,
      "epochs_run": 11,
      "stop_reason": "loss_plateau_last5",
      "history_path": "benchmark_results_walsh_article/unweighted/sparse_threshold/n4/graph04_trainseed05/histories/history_visit006_j006.json",
      "improvement_vs_previous": 0.10739587553243335
    },
    {
      "visit_idx": 7,
      "j": 7,
      "kept": true,
      "beta": -0.3692820402775307,
      "coefficient": -0.27753109169892987,
      "loss": -1.477954971238856,
      "expected_cut": 1.477954971238856,
      "best_measured_cut": 1.0,
      "success_probability_ancilla_1": 0.1157688135390694,
      "epochs_run": 6,
      "stop_reason": "loss_plateau_last5",
      "history_path": "benchmark_results_walsh_article/unweighted/sparse_threshold/n4/graph04_trainseed05/histories/history_visit007_j007.json",
      "improvement_vs_previous": 0.08593801758147701
    },
    {
      "visit_idx": 8,
      "j": 8,
      "kept": true,
      "beta": -0.29238007624091855,
      "coefficient": -0.22330751643773336,
      "loss": -1.5613379246453851,
      "expected_cut": 1.5613379246453851,
      "best_measured_cut": 2.0,
      "success_probability_ancilla_1": 0.1253091530234552,
      "epochs_run": 81,
      "stop_reason": "loss_plateau_last5",
      "history_path": "benchmark_results_walsh_article/unweighted/sparse_threshold/n4/graph04_trainseed05/histories/history_visit008_j008.json",
      "improvement_vs_previous": 0.08338295340652913
    },
    {
      "visit_idx": 9,
      "j": 9,
      "kept": true,