epoch,beta,coefficient,loss,expected_cut,best_measured_cut,success_probability_ancilla_1,max_postselected_probability,grad
0,-0.328440876002527,-0.24906478986010738,-5.499999999999034,5.499999999999034,2.0,0.05680839094464095,0.04595364877049629,1.3552784895935467e-12
1,-0.32844093664876667,-0.24906483270151702,-5.499999999999033,5.499999999999033,2.0,0.05680839577389644,0.04595364925972105,1.3574825477838687e-12
2,-0.32844101089012995,-0.24906488514672276,-5.499999999999034,5.499999999999034,2.0,0.05680840168573151,0.04595364985861498,1.3556396219598465e-12
3,-0.32844109659496395,-0.24906494568989213,-5.499999999999034,5.499999999999034,2.0,0.05680840851040317,0.045953650549981906,1.3561337824291385e-12
4,-0.32844119243263825,-0.24906501339104664,-5.499999999999028,5.499999999999028,2.0,0.05680841614195391,0.04595365132308736,1.3585060929671772e-12
