epoch,beta,coefficient,loss,expected_cut,best_measured_cut,success_probability_ancilla_1,max_postselected_probability,grad
0,-0.32826312593848256,-0.24893921748029796,-6.333835537505186,6.333835537505186,8.0,0.15177864953407078,0.07044734186726118,-0.07858145716691729
1,-0.31834501334237864,-0.2419102587209609,-6.334427808488501,6.334427808488501,8.0,0.151128067892977,0.07041236798450677,-0.06609607190989698
2,-0.3085972755847277,-0.23496006712150844,-6.334883743719956,6.334883743719956,8.0,0.1505017243542991,0.0703686505195556,-0.05326156751658149
3,-0.2991460284734019,-0.2281824488331483,-6.335202434397065,6.335202434397065,8.0,0.14990719161274726,0.07031717703015099,-0.04021415117436527
4,-0.2901648822585345,-0.2217073483134571,-6.3353892721315095,6.3353892721315095,8.0,0.14935421650552277,0.07025976725881777,-0.027158793375425108
5,-0.28187876159969905,-0.2157041267666435,-6.335458618130711,6.335458618130711,8.0,0.14885467289527732,0.07019929124850181,-0.014389360273452164
6,-0.27455122957693884,-0.2103725574172154,-6.335435550229836,6.335435550229836,8.0,0.14842162886560728,0.07013968867949091,-0.002299654550191303
