epoch,beta,coefficient,loss,expected_cut,best_measured_cut,success_probability_ancilla_1,max_postselected_probability,grad
0,-0.49052512585438335,-0.4760906889584561,-4.393332022555338,4.393332022555338,4.0,0.45088532831309175,0.03459298483427549,0.034917375809131755
1,-0.5004537905779216,-0.48430160362197217,-4.393603859475828,4.393603859475828,4.0,0.45113825816594133,0.03458758945200279,0.029843844087219722
2,-0.510247265614906,-0.49232718840788925,-4.393824878974236,4.393824878974236,4.0,0.45139045350655466,0.0345801834361771,0.024935705596946026
3,-0.5198268717967796,-0.5001063439877748,-4.393996996218261,4.393996996218261,4.0,0.4516395743688242,0.03457099714828102,0.020221461902883466
4,-0.529098013008945,-0.5075675479501595,-4.394123170699716,4.394123170699716,4.0,0.4518828095696783,0.03456033360000565,0.01573290822331195
5,-0.5379505411883484,-0.5146295658726918,-4.394207544233483,4.394207544233483,4.0,0.45211688714443576,0.03454857328787468,0.011504895187226036
6,-0.5462616521575392,-0.5212039989940704,-4.394255493785032,4.394255493785032,4.0,0.4523381573589827,0.03453617088175247,0.007574512532544113
