epoch,beta,coefficient,loss,expected_cut,best_measured_cut,success_probability_ancilla_1,max_postselected_probability,grad
0,-0.4877029982533845,-0.4737431980796715,-4.269208163615887,4.269208163615887,3.0,0.4481779677151199,0.033968160165828036,-0.028377394691253686
1,-0.4777449097595159,-0.46541204739146413,-4.2694475228879165,4.2694475228879165,3.0,0.44728367431995,0.03397763637578034,-0.02550999282901624
2,-0.46786754799655744,-0.4570752626047682,-4.269655237359332,4.269655237359332,3.0,0.44639449900416645,0.033984925280785096,-0.022545068929844078
3,-0.4581207753890415,-0.4487779289348112,-4.269830157717454,4.269830157717454,3.0,0.4455153113496568,0.033989986700429506,-0.019495544108590113
4,-0.4485678767666101,-0.4405780923420653,-4.269971634383879,4.269971634383879,3.0,0.4446522121967217,0.03399282581373821,-0.016379754679314105
5,-0.4392880125513183,-0.4325492454435084,-4.270079731645015,4.270079731645015,3.0,0.44381274456445985,0.03399350994106695,-0.0132228434275253
6,-0.43037804179753175,-0.42478227762917325,-4.270155474960939,4.270155474960939,3.0,0.4430060426031649,0.03399218713762256,-0.010058224966928923
7,-0.4219526950082214,-0.4173859224532614,-4.270201098001496,4.270201098001496,3.0,0.4422428262885689,0.03398910348415981,-0.006928858075428761
