epoch,beta,coefficient,loss,expected_cut,best_measured_cut,success_probability_ancilla_1,max_postselected_probability,grad
0,-0.5138195497661519,-0.49523633070232514,-3.9999999999995683,3.9999999999995683,0.0,0.09278363292398921,0.015624999999998314,1.3733945507172222e-12
1,-0.5138196111585869,-0.4952363806139091,-3.9999999999995692,3.9999999999995692,0.0,0.09278365102498666,0.015624999999998317,1.3728887363504315e-12
2,-0.5138196862522784,-0.49523644166450664,-3.9999999999995683,3.9999999999995683,0.0,0.09278367316567503,0.015624999999998314,1.3692929291720966e-12
3,-0.5138197729985562,-0.49523651218856224,-3.9999999999995692,3.9999999999995692,0.0,0.09278369874202275,0.015624999999998317,1.3748325403242092e-12
4,-0.5138198699326034,-0.49523659099518913,-3.9999999999995675,3.9999999999995675,0.0,0.09278372732214259,0.01562499999999831,1.3710604814333575e-12
