epoch,beta,coefficient,loss,expected_cut,best_measured_cut,success_probability_ancilla_1,max_postselected_probability,grad
0,-0.30853264687807463,-0.23491384976133556,-5.4999999999959925,5.4999999999959925,0.0,0.01373280139877147,0.015624999999988617,2.4264086542407022e-11
1,-0.3085337322275686,-0.23491462593255294,-5.499999999995996,5.499999999995996,0.0,0.013732891729414646,0.015624999999988627,2.4290250345842437e-11
2,-0.308535060852257,-0.2349155760776472,-5.499999999995998,5.499999999995998,0.0,0.013733002307499855,0.01562499999998863,2.4263653102316294e-11
3,-0.3085365945426534,-0.23491667287132523,-5.4999999999959925,5.4999999999959925,0.0,0.013733129953123842,0.01562499999998862,2.426944122551868e-11
4,-0.3085383089002654,-0.23491789886502532,-5.499999999995996,5.499999999995996,0.0,0.013733272635830136,0.015624999999988627,2.4277439275066994e-11
