epoch,beta,coefficient,loss,expected_cut,best_measured_cut,success_probability_ancilla_1,max_postselected_probability,grad
0,0.3045514693586427,0.23206339095976164,-5.9999999999978,5.9999999999978,4.0,0.02726517837415043,0.03124256664226518,-6.474313602767636e-12
1,0.30455175862712797,0.23206359831603246,-5.9999999999978,5.9999999999978,4.0,0.027265201539408614,0.031242567076543628,-6.466202876836224e-12
2,0.3045521125976604,0.23206385205261074,-5.999999999997797,5.999999999997797,4.0,0.02726522988617167,0.03124256760794132,-6.459218121212697e-12
3,0.30455252118833376,0.23206414494246036,-5.999999999997798,5.999999999997798,4.0,0.02726526260706999,0.031242568221313004,-6.4641506341396265e-12
4,0.3045529778239859,0.23206447227228455,-5.999999999997796,5.999999999997796,4.0,0.027265299175561388,0.031242568906778255,-6.461656615860598e-12
