{
  "0": 0.0,
  "1": -0.141332731181679,
  "2": 0.1409181923202773,
  "3": 0.0,
  "4": 0.0,
  "5": 0.0,
  "6": 0.0,
  "7": 0.0,
  "8": 0.0,
  "9": 0.0,
  "10": 0.0,
  "11": 0.0,
  "12": 0.0,
  "13": 0.10398330874411481,
  "14": -0.12372137623359976,
  "15": 0.0,
  "16": 0.0,
  "17": 0.0,
  "18": 0.0,
  "19": 0.0,
  "20": 0.0,
  "21": 0.01939183218170319,
  "22": -0.01821828363582406,
  "23": 0.0,
  "24": 0.0,
  "25": 0.009096309412997857,
  "26": -0.004630140691394027,
  "27": 0.0,
  "28": 0.007533252858402743,
  "29": 0.0,
  "30": 0.0,
  "31": 0.00461032807411808,
  "32": 0.0,
  "33": 0.0,
  "34": 0.0,
  "35": 0.0,
  "36": 0.0,
  "37": 0.008072283722734212,
  "38": -0.002510529859414155,
  "39": 0.0,
  "40": 0.0,
  "41": 0.009230534751153822,
  "42": -0.008067757525985965,
  "43": 0.0,
  "44": 0.004232369632629615,
  "45": 0.0,
  "46": 0.0,
  "47": 0.0027839147981599424,
  "48": 0.0,
  "49": 0.04522091433804243,
  "50": -0.06726615988217363,
  "51": 0.0,
  "52": 0.0031736732172769106,
  "53": 0.0,
  "54": 0.0,
  "55": 0.00258528322747499,
  "56": 0.0,
  "57": 0.0,
  "58": 0.0,
  "59": 0.0,
  "60": 0.0,
  "61": -0.08638346826013212,
  "62": 0.1015181222327328,
  "63": 0.0
}