{
  "0": 0.0,
  "1": -0.49523638685685634,
  "2": 0.49690845464122035,
  "3": -0.0036436715174259955,
  "4": -0.28682917291045423,
  "5": -0.0026630972590003816,
  "6": 0.004700833820881715,
  "7": 0.38253249410074736,
  "8": 0.026422833939264916,
  "9": 0.0019464581349843215,
  "10": 0.0007355401359400687,
  "11": -0.09069545292082168,
  "12": -0.0014071205618132892,
  "13": 0.11796180816944134,
  "14": -0.22555590352417548,
  "15": 0.0018860563279619606
}