epoch,beta,coefficient,loss,expected_cut,best_measured_cut,success_probability_ancilla_1,max_postselected_probability,grad
0,0.3203302943388195,0.24332070575524622,-2.4999999999992273,2.4999999999992273,2.0,0.032333579547388365,0.12465120665752019,-1.971973172575313e-12
1,0.3203303824293732,0.2433207683009523,-2.499999999999227,2.499999999999227,2.0,0.03233358680851506,0.1246512083597321,-1.968745971160715e-12
2,0.3203304903177752,0.2433208449034437,-2.4999999999992255,2.4999999999992255,2.0,0.03233359570154044,0.12465121044450007,-1.9716177908922107e-12
3,0.3203306148552717,0.243320933327052,-2.4999999999992264,2.4999999999992264,2.0,0.032333605966920066,0.12465121285097622,-1.9702286127043756e-12
4,0.3203307540777492,0.24332103217722303,-2.4999999999992273,2.4999999999992273,2.0,0.03233361744275704,0.1246512155412038,-1.9717910040020777e-12
