epoch,beta,coefficient,loss,expected_cut,best_measured_cut,success_probability_ancilla_1,max_postselected_probability,grad
0,-0.36859649607163464,-0.27705978333147263,-1.4999999999992135,1.4999999999992135,0.0,0.019068085737112477,0.062499999999967235,3.879116234522164e-12
1,-0.36859666950992775,-0.27705990259831814,-1.4999999999992135,1.4999999999992135,0.0,0.019068102048571293,0.062499999999967235,3.879342509485739e-12
2,-0.3685968818823354,-0.2770600486386373,-1.4999999999992133,1.4999999999992133,0.0,0.019068122021697546,0.06249999999996722,3.879664851685644e-12
3,-0.36859712707815484,-0.27706021725032437,-1.4999999999992133,1.4999999999992133,0.0,0.019068145081797643,0.06249999999996722,3.8811016873024156e-12
4,-0.36859740108943434,-0.27706040567725504,-1.4999999999992133,1.4999999999992133,0.0,0.019068170851936614,0.06249999999996722,3.87660442163661e-12
