epoch,beta,coefficient,loss,expected_cut,best_measured_cut,success_probability_ancilla_1,max_postselected_probability,grad
0,0.3630418144098402,0.2732325821000487,-1.999950393244545,1.999950393244545,3.0,0.03690891344427476,0.12499379915560196,0.013757615072995652
1,0.3648917557012895,0.274508853537716,-1.999978060508436,1.999978060508436,3.0,0.037074921638041894,0.12499725756358825,-0.01801633164905233
2,0.36913068396235277,0.27742705458266675,-1.9999995498600682,1.9999995498600682,3.0,0.03745733294186534,0.12499994373254188,-0.011912583277876965
3,0.3722137572255105,0.2795440540377927,-1.9999795573231391,1.9999795573231391,3.0,0.037737217404969804,0.12499744466542553,0.0016839163941555963
4,0.37240913135653386,0.27967805203266377,-1.9999773032487909,1.9999773032487909,3.0,0.037755002753648396,0.12499716290613194,0.011239034090892679
