{
  "0": 0.0,
  "1": -0.2836354413268684,
  "2": 0.27153248154989834,
  "3": -0.26909310260002123,
  "4": -0.3785580156087025,
  "5": 0.27511088378100096,
  "6": 0.030091840465580316,
  "7": 0.2474977889254502,
  "8": 0.11289054723126074,
  "9": -0.024046509609183343,
  "10": -0.01399411936360665,
  "11": 0.018053867871882068,
  "12": 0.0,
  "13": 0.0,
  "14": 0.00765119298828348,
  "15": 0.0,
  "16": -0.04981908685814235,
  "17": 0.19222823757457658,
  "18": 0.21004404374747146,
  "19": -0.015978215127668102,
  "20": -0.2695848892711019,
  "21": 0.07034143769517034,
  "22": 0.06583785977578784,
  "23": -0.22205186487382392,
  "24": 0.06302897556382366,
  "25": 0.017940665687288065,
  "26": -0.120794427004682,
  "27": 0.07314429140691897,
  "28": 0.17225233025036757,
  "29": -0.08782487003915089,
  "30": 0.032708261135898066,
  "31": -0.1831275817177643,
  "32": 0.11520016009682742,
  "33": -0.060632254133868906,
  "34": -0.013341516778847847,
  "35": -0.06210807775015263,
  "36": 0.04461590431474364,
  "37": 0.10657465249359083,
  "38": -0.10193149509590978,
  "39": 0.0739078413218579,
  "40": -0.017285672052103178,
  "41": 0.026405461169049085,
  "42": -0.08812819951721472,
  "43": 0.048669535182898904,
  "44": 0.05024222593203483,
  "45": -0.0715252768545776,
  "46": 0.0,
  "47": -0.08370823583890866,
  "48": -0.012072818929686898,
  "49": 0.03536227828682376,
  "50": -0.03130857911334656,
  "51": 0.006474430480356637,
  "52": 0.0451513569824657,
  "53": 0.01213145325640736,
  "54": 0.033899244468386505,
  "55": -0.04405761437160195,
  "56": -0.04716481633041726,
  "57": -0.09035592857377821,
  "58": -0.08923963581420766,
  "59": 0.09669320390998762,
  "60": 0.09004905928525707,
  "61": -0.05113098860855415,
  "62": 0.08990429697255091,
  "63": 0.07157175161146943
}