epoch,beta,coefficient,loss,expected_cut,best_measured_cut,success_probability_ancilla_1,max_postselected_probability,grad
0,-0.3794325093458908,-0.28448262875122876,-1.709966743768315,1.709966743768315,2.0,0.12751259022067654,0.41343802225159987,0.06938134049872606
1,-0.3893110592323317,-0.2911990500726154,-1.7104463602890552,1.7104463602890552,2.0,0.12806871812071585,0.4128298194914686,0.05531881566865662
2,-0.39894348577239974,-0.2977009366222181,-1.7107879717587644,1.7107879717587644,2.0,0.12862306509886787,0.4121876057532683,0.04185530450530588
3,-0.4081629297411731,-0.3038797636253088,-1.7110020641142565,1.7110020641142565,2.0,0.12916441757906372,0.41152944799757607,0.02914299602140816
4,-0.41675915899681826,-0.30960135683860757,-1.711105370438984,1.711105370438984,2.0,0.12967833532643297,0.41087913737906423,0.01736427105006549
5,-0.4244907170403818,-0.31471443408283956,-1.7111213203788684,1.7111213203788684,2.0,0.13014785383693755,0.4102653082296798,0.006726607723374499
