{
  "0": 0.0,
  "1": -0.29757910519372016,
  "2": 0.29714879281154805,
  "3": -0.26092232155915174,
  "4": 0.31685193858315536,
  "5": 0.4214583368080143,
  "6": 0.34479273075830996,
  "7": -0.1063475235289145,
  "8": -0.2907942967108519,
  "9": -0.24650657820395988,
  "10": -0.042641021903758056,
  "11": 0.06550646934406265,
  "12": -0.31677871408575853,
  "13": 0.1977980597494972,
  "14": -0.19481882911866938,
  "15": -0.13466874203903254,
  "16": -0.08889886760206438,
  "17": -0.23747018803231054,
  "18": -0.09912984362048953,
  "19": 0.01890321625457525,
  "20": 0.2102573455721089,
  "21": 0.12223481358650903,
  "22": -0.055465906265783675,
  "23": 0.21444633807205307,
  "24": 0.1403625438280229,
  "25": -0.13692505266648225,
  "26": 0.12943636569876882,
  "27": 0.016550131716387126,
  "28": 0.14826386487673843,
  "29": 0.0,
  "30": -0.12599890883893486,
  "31": -0.09020159827855392,
  "32": 0.017799183512282036,
  "33": 0.028516445606576457,
  "34": 0.06366828356033372,
  "35": -0.02087911893815925,
  "36": -0.19150623145202925,
  "37": -0.0417887125377857,
  "38": -0.007038967988554424,
  "39": -0.2107868806223095,
  "40": 0.224110898402812,
  "41": 0.04858558565180314,
  "42": 0.07232001305290005,
  "43": 0.16210696295310834,
  "44": -0.005230827579153381,
  "45": 0.08654295306891065,
  "46": 0.09361969464610133,
  "47": -0.025667823526394608,
  "48": 0.07079058701133348,
  "49": -0.02413057799881811,
  "50": 0.008540442631626856,
  "51": 0.02588259935003946,
  "52": 0.0,
  "53": -0.13173723227796577,
  "54": -0.084779857730369,
  "55": -0.03339142027752384,
  "56": 0.017687253380603733,
  "57": 0.0,
  "58": 0.016692827409302613,
  "59": 0.0,
  "60": -0.01587095169024958,
  "61": 0.0,
  "62": 0.01821677959497536,
  "63": -0.0066750260547761625
}