epoch,beta,coefficient,loss,expected_cut,best_measured_cut,success_probability_ancilla_1,max_postselected_probability,grad
0,-0.48357895801033934,-0.47030196593551965,-1.4535244761050035,1.4535244761050035,2.0,0.24877959806418443,0.23383604952265835,-0.03302580291107092
1,-0.47380554167705063,-0.4620958034567203,-1.4537071760837041,1.4537071760837041,2.0,0.24856516036988835,0.2346867584205122,-0.02348164365454139
2,-0.4645891918612687,-0.45429224172685617,-1.4537920464013288,1.4537920464013288,2.0,0.24838578362746813,0.23546318450465334,-0.013857116065672463
3,-0.45647103803959427,-0.44736661623683943,-1.45379462547769,1.45379462547769,2.0,0.2482466391866746,0.23612538262002744,-0.004518164865682767
4,-0.4501322919738349,-0.44192547541731525,-1.4537485864308735,1.4537485864308735,2.0,0.24815055395415908,0.23662774553986568,0.003914642454782011
