epoch,beta,coefficient,loss,expected_cut,best_measured_cut,success_probability_ancilla_1,max_postselected_probability,grad
0,-0.35705796639250387,-0.26909310585353363,-5.999999999998893,5.999999999998893,4.0,0.05420720632274922,0.04624907235564102,1.7427443944903194e-12
1,-0.3570580442099806,-0.26909315979672294,-5.9999999999988916,5.9999999999988916,4.0,0.054207212954613934,0.04624907240420038,1.7384808042976057e-12
2,-0.3570581395711898,-0.26909322590124934,-5.999999999998893,5.999999999998893,4.0,0.05420722108161527,0.0462490724637062,1.7443936185154437e-12
3,-0.3570582496379132,-0.26909330219965377,-5.9999999999988916,5.9999999999988916,4.0,0.05420723046187152,0.04624907253238675,1.740890488875088e-12
4,-0.35705837267164103,-0.26909338748679684,-5.9999999999988916,5.9999999999988916,4.0,0.05420724094722171,0.046249072609156595,1.7419980755795525e-12
