epoch,beta,coefficient,loss,expected_cut,best_measured_cut,success_probability_ancilla_1,max_postselected_probability,grad
0,-0.3082541028978665,-0.23471463660503,-2.9999999999978115,2.9999999999978115,0.0,0.01370962670022078,0.0624999999999544,1.3279464570851158e-11
1,-0.3082546964321639,-0.2347150611328382,-2.9999999999978124,2.9999999999978124,0.0,0.013709676065516261,0.062499999999954425,1.3272763222878053e-11
2,-0.3082554231419199,-0.23471558091472697,-2.9999999999978106,2.9999999999978106,0.0,0.013709736507345258,0.062499999999954384,1.3274604487509014e-11
3,-0.3082562619707559,-0.23471618088992913,-2.9999999999978124,2.9999999999978124,0.0,0.013709806274461549,0.062499999999954425,1.3270865390824586e-11
4,-0.30825719958717773,-0.2347168515229349,-2.9999999999978115,2.9999999999978115,0.0,0.01370988425810994,0.06249999999995441,1.3275325899995048e-11
