{
  "0": 0.0,
  "1": -0.4276420128737329,
  "2": 0.43061233329348253,
  "3": 0.0007303917142222135,
  "4": -0.2663405969848318,
  "5": 0.0,
  "6": -0.0007116130641343381,
  "7": 0.34510630871189624,
  "8": -0.1265732298374344,
  "9": -0.0016646413183554949,
  "10": -0.0005903152670397444,
  "11": 0.17766080716104563,
  "12": 0.0,
  "13": -0.15725085262802807,
  "14": 0.16843762787403266,
  "15": -0.0010243381765099222
}