{
  "0": 0.0,
  "1": -0.17104440451029432,
  "2": 0.17176651122710904,
  "3": 0.0,
  "4": 0.12461694661529803,
  "5": 0.0,
  "6": 0.0,
  "7": -0.14867552078763938,
  "8": 0.024416512251050633,
  "9": 0.0,
  "10": 0.0,
  "11": -0.02553197230521644,
  "12": 0.0,
  "13": 0.011513973459514359,
  "14": -0.005318767562283577,
  "15": 0.0
}