epoch,beta,coefficient,loss,expected_cut,best_measured_cut,success_probability_ancilla_1,max_postselected_probability,grad
0,0.31530595830192937,0.2397478151003679,-6.115714877204175,6.115714877204175,5.0,0.13421707037840908,0.07334916382607032,0.06807022572488611
1,0.3053833719967787,0.23265957693111536,-6.116233719017178,6.116233719017178,7.0,0.13348417359615256,0.07395591704480928,0.05763785282526467
2,0.29562129610114923,0.2256452115727724,-6.116637946752761,6.116637946752761,7.0,0.13277704280310598,0.07474752115475969,0.046871414741939024
3,0.28613775860530033,0.21879319328176966,-6.116926069704892,6.116926069704892,7.0,0.13210372360924072,0.07551825392682415,0.03587859422022108
4,0.2770951842832708,0.21222595785750079,-6.11710157253747,6.11710157253747,7.0,0.13147459924140065,0.07625423535906502,0.024822634018239562
5,0.2687051477260347,0.20610384215893282,-6.117175125183851,6.117175125183851,7.0,0.13090243018462017,0.07693763451944365,0.013939203566976456
