epoch,beta,coefficient,loss,expected_cut,best_measured_cut,success_probability_ancilla_1,max_postselected_probability,grad
0,-0.2542348182500588,-0.15638553306246575,-0.9999999999990583,0.9999999999990583,1.0,0.010619247003576146,0.18697409107413462,2.2604319674495126e-12
1,-0.25423491932613046,-0.15638559263618598,-0.9999999999990581,0.9999999999990581,1.0,0.010619249580008245,0.18697409183067143,2.260974986494317e-12
2,-0.25423504309374984,-0.15638566558418437,-0.9999999999990584,0.9999999999990584,1.0,0.010619252734849718,0.18697409275703414,2.2610368910403545e-12
3,-0.25423518597208783,-0.1563857497959365,-0.9999999999990581,0.9999999999990581,1.0,0.010619256376825745,0.18697409382641203,2.2608243985160713e-12
4,-0.2542353456598259,-0.1563858439150548,-0.9999999999990581,0.9999999999990581,1.0,0.01061926044727623,0.18697409502157186,2.2599678738228946e-12
5,-0.2542355205382936,-0.15638594698750125,-0.9999999999990581,0.9999999999990581,1.0,0.010619264904941795,0.18697409633038992,2.2602147571857423e-12
6,-0.2542357093724712,-0.1563860582853594,-0.9999999999990579,0.9999999999990579,1.0,0.010619269718342322,0.18697409774361393,2.2599909220605693e-12
