epoch,beta,coefficient,loss,expected_cut,best_measured_cut,success_probability_ancilla_1,max_postselected_probability,grad
0,-0.3693499960605501,-0.2775777985433024,-4.291662586343497,4.291662586343497,4.0,0.20007305563517452,0.06675699852540457,-0.06634250404417637
1,-0.3594084895071688,-0.27072117783030336,-4.292195126823249,4.292195126823249,4.0,0.19949852468488113,0.06675940615503072,-0.057889791841333575
2,-0.34958331331192055,-0.26389845864632167,-4.292635138618703,4.292635138618703,4.0,0.19894085726370797,0.06675581829201889,-0.049197051761696774
3,-0.33995199864968384,-0.2571664867564372,-4.29298055584183,4.29298055584183,4.0,0.1984043428676619,0.06674637964741552,-0.04032480424604964
4,-0.3306165886281214,-0.2506006836600739,-4.293231763736035,4.293231763736035,4.0,0.19789423754380364,0.06673148664680607,-0.031359106261958716
5,-0.3217075598922129,-0.2442981687301932,-4.293392635946047,4.293392635946047,4.0,0.19741683789292855,0.06671187046288315,-0.022418380441956428
6,-0.3133843105747367,-0.23837838982518275,-4.293471584844079,4.293471584844079,4.0,0.196979375595433,0.06668866871507481,-0.013659467394722935
