epoch,beta,coefficient,loss,expected_cut,best_measured_cut,success_probability_ancilla_1,max_postselected_probability,grad
0,-0.30244786617536124,-0.2305545297619301,-0.9999999999997764,0.9999999999997764,2.0,0.044708160268854984,0.18472379243705528,3.8379937852217305e-13
1,-0.3024478833281255,-0.23055454207278828,-0.999999999999776,0.999999999999776,2.0,0.04470816158451535,0.1847237928290774,3.835042542121e-13
2,-0.3024479043268811,-0.2305545571439859,-0.9999999999997762,0.9999999999997762,2.0,0.044708163195173026,0.18472379330899855,3.8345867949163516e-13
3,-0.3024479285764192,-0.23055457454833034,-0.9999999999997765,0.9999999999997765,2.0,0.04470816505517404,0.18472379386321505,3.840290527869138e-13
4,-0.30244795568174604,-0.23055459400232717,-0.9999999999997764,0.9999999999997764,2.0,0.04470816713422144,0.18472379448269918,3.8372500643836496e-13
