epoch,beta,coefficient,loss,expected_cut,best_measured_cut,success_probability_ancilla_1,max_postselected_probability,grad
0,-0.33856445742982216,-0.25619311099527514,-1.4782165856566065,1.4782165856566065,2.0,0.10014109909441857,0.3472850418540571,-0.020645428458369884
1,-0.3294018831849312,-0.2497434526683026,-1.478252371848824,1.478252371848824,2.0,0.0996034966611271,0.3471481558733463,-0.009277331440008887
2,-0.32276580384502684,-0.24504864940865367,-1.4782156156537096,1.4782156156537096,2.0,0.09922264106643668,0.34701006745310536,0.0015274726598330187
3,-0.32002321888149254,-0.24310265651205168,-1.4781847023963384,1.4781847023963384,2.0,0.09906736580322363,0.3469432416530443,0.009582060631239087
4,-0.32051758046523743,-0.24345367419606262,-1.4781909611001112,1.4781909611001112,2.0,0.0990952620972209,0.34695571293422495,0.012966483110079339
