epoch,beta,coefficient,loss,expected_cut,best_measured_cut,success_probability_ancilla_1,max_postselected_probability,grad
0,0.4660730252447863,0.4555528624846698,-4.499999999999673,4.499999999999673,2.0,0.13764379146477745,0.031215459782976983,-5.872092522822486e-13
1,0.4660730514841198,0.4555528847624546,-4.499999999999677,4.499999999999677,2.0,0.13764379792459153,0.03121545972946519,-5.865791359764246e-13
2,0.46607308347158755,0.45555291192053393,-4.499999999999671,4.499999999999671,2.0,0.13764380579952884,0.031215459664230692,-5.798992846632118e-13
3,0.4660731204620481,0.4555529433262658,-4.499999999999674,4.499999999999674,2.0,0.137643814906144,0.031215459588793206,-5.877724319519667e-13
4,0.4660731617391387,0.45555297837144165,-4.499999999999671,4.499999999999671,2.0,0.13764382506807737,0.03121545950461353,-5.813029066562431e-13
