epoch,beta,coefficient,loss,expected_cut,best_measured_cut,success_probability_ancilla_1,max_postselected_probability,grad
0,-0.2271718962724888,-0.14033056045611006,-2.499999999997049,2.499999999997049,2.0,0.008467315189988667,0.04677949040983336,8.104342334376344e-12
1,-0.22717225863310003,-0.14033077677692682,-2.4999999999970464,2.4999999999970464,2.0,0.00846732361428377,0.04677949092768618,8.105496326905883e-12
2,-0.22717270241708645,-0.14033104170554814,-2.4999999999970486,2.4999999999970486,2.0,0.008467333931555732,0.04677949156183449,8.109862717805517e-12
3,-0.22717321470236787,-0.14033134752776902,-2.4999999999970486,2.4999999999970486,2.0,0.008467345841395467,0.0467794922937758,8.105634288688662e-12
4,-0.22717378732527538,-0.14033168937004564,-2.4999999999970473,2.4999999999970473,2.0,0.008467359154018977,0.04677949311180888,8.107428226877531e-12
5,-0.2271744144553228,-0.14033206375168997,-2.499999999997047,2.499999999997047,2.0,0.008467373733884877,0.046779494007567445,8.107478715163505e-12
6,-0.22717509169595393,-0.14033246804803695,-2.499999999997047,2.499999999997047,2.0,0.008467389478788251,0.046779494974734576,8.109057745720677e-12
