{
  "config": {
    "N_VERTICES": 4,
    "PROB_ARESTA": 0.4,
    "COM_PESO": false,
    "PESO_MIN": 1,
    "PESO_MAX": 1,
    "GRAPH_SEED": 104678,
    "GRAPH_EDGES": [
      [
        1,
        2,
        1.0
      ],
      [
        1,
        3,
        1.0
      ],
      [
        2,
        3,
        1.0
      ]
    ],
    "REVERSE_BITS": false,
    "ER": 0.75,
    "MAX_TERMS": null,
    "A_MAX": 0.6283185307179586,
    "INIT_BETA": 0.25,
    "MAX_EPOCHS": 200,
    "LR": 0.01,
    "FD_EPS": 0.01,
    "LOSS_TOL_LAST5": 0.002,
    "PATIENCE_LAST5": 7,
    "TRAIN_SEED": 2,
    "INIT_BETA_JITTER": 0.03,
    "OPTIMIZER": "adam",
    "ADAM_BETA1": 0.9,
    "ADAM_BETA2": 0.999,
    "ADAM_EPS": 1e-08,
    "COEF_ZERO_TOL": 0.002,
    "IMPROVEMENT_TOL": 0.002,
    "SATURATION_PATIENCE": 60,
    "INDEX_STRATEGY": "ascending",
    "INDEX_RANDOM_SEED": 42,
    "ENABLE_BACKWARD_PRUNING": false,
    "BACKWARD_PASSES": 1,
    "PRUNE_IMPROVEMENT_TOL": 1e-06,
    "OUTDIR": "benchmark_results_walsh_article/unweighted/coarse_loader/n4/graph05_trainseed02",
    "SHOW_PLOTS": false,
    "name": "coarse_loader"
  },
  "n_qubits_register": 4,
  "graph_edges": [
    [
      1,
      2,
      1.0
    ],
    [
      1,
      3,
      1.0
    ],
    [
      2,
      3,
      1.0
    ]
  ],
  "graph_signature": "be861fe0b30163c15a2bc45387e42148d677589ca12d320c9ad2ad740a6f1fe8",
  "graph_num_edges": 3,
  "graph_density": 0.5,
  "best_cut_bruteforce": 2.0,
  "best_bitstring_bruteforce": "0001",
  "best_index_bruteforce": 1,
  "candidate_order": [
    1,
    2,
    3,
    4,
    5,
    6,
    7,
    8,
    9,
    10,
    11,
    12,
    13,
    14,
    15
  ],
  "total_possible_parameters": 15,
  "visited_parameters": 15,
  "trained_coefficients": {
    "0": 0.0,
    "1": -0.13901687661719273,
    "2": 0.15176351347006015,
    "3": -0.1475969267693683,
    "4": -0.2217247546245617,
    "5": 0.15931796416345248,
    "6": 0.002895115889416006,
    "7": 0.12963527917912357,
    "8": 0.068628181235345,
    "9": -0.010576526461352119,
    "10": -0.002737680205217683,
    "11": 0.008377275363113097,
    "12": 0.0,
    "13": 0.0,
    "14": 0.0025677959460626548,
    "15": -0.0025769689435537605
  },
  "final_coefficient_vector": [
    0.0,
    -0.13901687661719273,
    0.15176351347006015,
    -0.1475969267693683,
    -0.2217247546245617,
    0.15931796416345248,
    0.002895115889416006,
    0.12963527917912357,
    0.068628181235345,
    -0.010576526461352119,
    -0.002737680205217683,
    0.008377275363113097,
    0.0,
    0.0,
    0.0025677959460626548,
    -0.0025769689435537605
  ],
  "active_indices": [
    1,
    2,
    3,
    4,
    5,
    6,
    7,
    8,
    9,
    10,
    11,
    14,
    15
  ],
  "active_parameter_count": 13,
  "compression_ratio_active_over_total": 0.8666666666666667,
  "final_loss": -1.9999851626174245,
  "final_expected_cut": 1.9999851626174245,
  "best_expected_cut_over_evolution": 1.9999875494662769,
  "final_best_measured_index": 10,
  "final_best_measured_bitstring": "1010",
  "final_best_measured_cut": 2.0,
  "best_measured_cut_over_evolution": 2.0,
  "final_success_probability_ancilla_1": 0.021846001211773297,
  "final_max_postselected_probability": 0.3904933630451003,
  "gap_expected_to_bruteforce": 1.4837382575461078e-05,
  "gap_measured_to_bruteforce": 0.0,
  "approx_ratio_measured": 1.0,
  "n_steps": 15,
  "elapsed_seconds": 8.094351053237915,
  "steps": [
    {
      "visit_idx": 1,
      "j": 1,
      "kept": true,
      "beta": -0.224972412322472,
      "coefficient": -0.13901687661719273,
      "loss": -1.5,
      "expected_cut": 1.5,
      "best_measured_cut": 0.0,
      "success_probability_ancilla_1": 0.002715214407302416,
      "epochs_run": 7,
      "stop_reason": "loss_plateau_last5",
      "history_path": "benchmark_results_walsh_article/unweighted/coarse_loader/n4/graph05_trainseed02/histories/history_visit001_j001.json",
      "improvement_vs_previous": 1.5
    },
    {
      "visit_idx": 2,
      "j": 2,
      "kept": true,
      "beta": 0.24640796070428903,
      "coefficient": 0.15176351347006015,
      "loss": -1.5,
      "expected_cut": 1.5,
      "best_measured_cut": 2.0,
      "success_probability_ancilla_1": 0.0059330475379140045,
      "epochs_run": 7,
      "stop_reason": "loss_plateau_last5",
      "history_path": "benchmark_results_walsh_article/unweighted/coarse_loader/n4/graph05_trainseed02/histories/history_visit002_j002.json",
      "improvement_vs_previous": 0.0
    },
    {
      "visit_idx": 3,
      "j": 3,
      "kept": true,
      "beta": -0.2393776255681633,
      "coefficient": -0.1475969267693683,
      "loss": -1.5,
      "expected_cut": 1.5,
      "best_measured_cut": 0.0,
      "success_probability_ancilla_1": 0.008957100789493083,
      "epochs_run": 7,
      "stop_reason": "loss_plateau_last5",
      "history_path": "benchmark_results_walsh_article/unweighted/coarse_loader/n4/graph05_trainseed02/histories/history_visit003_j003.json",
      "improvement_vs_previous": 0.0
    },
    {
      "visit_idx": 4,
      "j": 4,
      "kept": true,
      "beta": -0.36873633912040726,
      "coefficient": -0.2217247546245617,
      "loss": -1.7953348358889099,
      "expected_cut": 1.7953348358889099,
      "best_measured_cut": 2.0,
      "success_probability_ancilla_1": 0.0157310086681432,
      "epochs_run": 74,
      "stop_reason": "loss_plateau_last5",
      "history_path": "benchmark_results_walsh_article/unweighted/coarse_loader/n4/graph05_trainseed02/histories/history_visit004_j004.json",
      "improvement_vs_previous": 0.29533483588890985
    },
    {
      "visit_idx": 5,
      "j": 5,
      "kept": true,
      "beta": 0.2592163530315363,
      "coefficient": 0.15931796416345248,
      "loss": -1.9103186364911702,
      "expected_cut": 1.9103186364911702,
      "best_measured_cut": 2.0,
      "success_probability_ancilla_1": 0.019060856540036836,
      "epochs_run": 61,
      "stop_reason": "loss_plateau_last5",
      "history_path": "benchmark_results_walsh_article/unweighted/coarse_loader/n4/graph05_trainseed02/histories/history_visit005_j005.json",
      "improvement_vs_previous": 0.11498380060226032
    },
    {
      "visit_idx": 6,
      "j": 6,
      "kept": true,
      "beta": 0.004607752655623686,
      "coefficient": 0.002895115889416006,
      "loss": -1.9103112759311096,
      "expected_cut": 1.9103112759311096,
      "best_measured_cut": 2.0,
      "success_probability_ancilla_1": 0.01906552784078909,
      "epochs_run": 31,
      "stop_reason": "loss_plateau_last5",
      "history_path": "benchmark_results_walsh_article/unweighted/coarse_loader/n4/graph05_trainseed02/histories/history_visit006_j006.json",
      "improvement_vs_previous": -7.360560060565291e-06
    },
    {
      "visit_idx": 7,
      "j": 7,
      "kept": true,
      "beta": 0.20932565961382765,
      "coefficient": 0.12963527917912357,
      "loss": -1.9829810480663994,
      "expected_cut": 1.9829810480663994,
      "best_measured_cut": 2.0,
      "success_probability_ancilla_1": 0.02118130984910421,
      "epochs_run": 57,
      "stop_reason": "loss_plateau_last5",
      "history_path": "benchmark_results_walsh_article/unweighted/coarse_loader/n4/graph05_trainseed02/histories/history_visit007_j007.json",
      "improvement_vs_previous": 0.0726697721352898
    },
    {
      "visit_idx": 8,
      "j": 8,
      "kept": true,
      "beta": 0.10966263547713408,
      "coefficient": 0.068628181235345,
      "loss": -1.9992408074484498,
      "expected_cut": 1.9992408074484498,
      "best_measured_cut": 2.0,
      "success_probability_ancilla_1": 0.02181543170453315,
      "epochs_run": 17,
      "stop_reason": "loss_plateau_last5",
      "history_path": "benchmark_results_walsh_article/unweighted/coarse_loader/n4/graph05_trainseed02/histories/history_visit008_j008.json",
      "improvement_vs_previous": 0.016259759382050376
    },
    {
      "visit_idx": 9,
      "j": 9,
      "kept": true,