epoch,beta,coefficient,loss,expected_cut,best_measured_cut,success_probability_ancilla_1,max_postselected_probability,grad
0,0.4641298837519823,0.45390169794037505,-4.776215034523332,4.776215034523332,4.0,0.4152304000442386,0.03581970551436822,-0.012057292133828027
1,0.4738483506393286,0.4621319031019166,-4.776276180882558,4.776276180882558,4.0,0.4158429312922875,0.03584875801128284,-0.008146703473267482
2,0.48290254168783864,0.4697363220163154,-4.776301310569175,4.776301310569175,4.0,0.41641680682626214,0.03587324072261611,-0.004454721181369195
3,0.49072337693711376,0.4762553713897937,-4.776298962994969,4.776298962994969,4.0,0.4169147879510793,0.03589242844852029,-0.0011117988460688248
4,0.4966877301827541,0.4811959103482671,-4.776282544338142,4.776282544338142,4.0,0.41729586562737814,0.03590586539914562,0.0017005058394125802
