epoch,beta,coefficient,loss,expected_cut,best_measured_cut,success_probability_ancilla_1,max_postselected_probability,grad
0,-0.4162301578910333,-0.4123338246717788,-4.814921583186303,4.814921583186303,2.0,0.45801810624347183,0.032153722308524556,-0.02530248773119527
1,-0.40630746902000797,-0.4035196727206698,-4.815114624332285,4.815114624332285,2.0,0.4569688542812205,0.032138953938882636,-0.0214298844125773
2,-0.3965437012733388,-0.3947806403320332,-4.815265481845785,4.815265481845785,2.0,0.4559337012156104,0.03212207416457714,-0.017457640974526924
3,-0.38705362039704905,-0.3862246822101071,-4.815373785356561,4.815373785356561,2.0,0.45492532703376176,0.03210337765698356,-0.013423034138687973
4,-0.37799370068436944,-0.37800045340123906,-4.815440891998486,4.815440891998486,2.0,0.45396090757654384,0.032083371128781527,-0.00938190528286263
5,-0.36956647316983005,-0.37030209461557967,-4.815470628985967,4.815470628985967,2.0,0.453062561487328,0.03206282741932942,-0.005414222119545849
