epoch,beta,coefficient,loss,expected_cut,best_measured_cut,success_probability_ancilla_1,max_postselected_probability,grad
0,0.5206766609663593,0.5007930037657314,-4.508014982357757,4.508014982357757,2.0,0.2586348392383933,0.05103543317552023,-0.006028078628569035
1,0.5306600396771166,0.5088180708945502,-4.5080707794289285,4.5080707794289285,2.0,0.2603974743596747,0.050906899686240445,-0.005732699684146165
2,0.5406160247056223,0.5167439595703063,-4.508123625201399,4.508123625201399,2.0,0.26216199185844513,0.05077501636675223,-0.00544678859151704
3,0.5505331739306208,0.5245618910209557,-4.508173574545859,4.508173574545859,2.0,0.26392534611971413,0.05064026492676785,-0.005170569837216199
4,0.5603999345970263,0.5322634008730031,-4.508220691380103,4.508220691380103,2.0,0.2656844858920366,0.050503126861881624,-0.004904212582183606
