{
  "0": 0.0,
  "1": -0.5046060397769755,
  "2": 0.45196315861884506,
  "3": -0.4441672210735177,
  "4": 0.5997222003076138,
  "5": 0.617446226303402,
  "6": 0.4519938389754837,
  "7": -0.45164954099908894,
  "8": -0.16085673206188403,
  "9": 0.15882477011688884,
  "10": -0.1439788793356038,
  "11": 0.16934478051049784,
  "12": -0.2772189551162165,
  "13": 0.2297638532760541,
  "14": -0.37269828801886834,
  "15": -0.2984213393167628,
  "16": -0.10760272534149826,
  "17": -0.25508760260378105,
  "18": 0.14851304040398086,
  "19": 0.23223145089839214,
  "20": 0.04756989800687384,
  "21": 0.06254735831149241,
  "22": -0.25282921329162145,
  "23": 0.12249904864865618,
  "24": -0.21117706839479056,
  "25": -0.006959014506466743,
  "26": -0.003452234112342736,
  "27": 0.23459687908376553,
  "28": -0.0058824571807064435,
  "29": -0.11766034404417794,
  "30": -0.006564364676999192,
  "31": 0.08091374443995292,
  "32": -0.06717414556622003,
  "33": 0.11531454587129455,
  "34": 0.05352814160689057,
  "35": 0.10926639983157037,
  "36": -0.09318692483920724,
  "37": 0.04583566547795659,
  "38": -0.07369582961403688,
  "39": -0.1811063102566357,
  "40": 0.11965184127600091,
  "41": 0.03193430431815252,
  "42": -0.011727669226266866,
  "43": 0.1397375503462893,
  "44": 0.020901464542368853,
  "45": -0.15804736555497576,
  "46": -0.0657869235189895,
  "47": -0.008868237904098597,
  "48": 0.033671563772050724,
  "49": -0.09588463821962237,
  "50": 0.059809647758344534,
  "51": 0.0,
  "52": 0.1332131287496828,
  "53": -0.002627790331012842,
  "54": -0.0012221628475188402,
  "55": -0.0927108645558468,
  "56": -0.011112493235044884,
  "57": 0.010167470069828348,
  "58": 0.017197515515483354,
  "59": -0.02565417972107602,
  "60": -0.021601409134067825,
  "61": -0.01900938465749341,
  "62": 0.020459136585334818,
  "63": 0.012963546308712852
}