epoch,beta,coefficient,loss,expected_cut,best_measured_cut,success_probability_ancilla_1,max_postselected_probability,grad
0,-0.4239165754717829,-0.4191144283538119,-5.999999999999703,5.999999999999703,4.0,0.2003219816739453,0.043944184494286075,2.849235160055625e-13
1,-0.42391658818991085,-0.41911443953886574,-5.9999999999997025,5.9999999999997025,4.0,0.20032198409462565,0.04394418450413423,2.840380305655614e-13
2,-0.42391660374440393,-0.4191144532183822,-5.999999999999698,5.999999999999698,4.0,0.20032198705516013,0.04394418451617865,2.835629384314384e-13
3,-0.42391662173377614,-0.419114469039271,-5.999999999999703,5.999999999999703,4.0,0.20032199047913252,0.04394418453010854,2.859277074239923e-13
4,-0.4239166418085809,-0.41911448669420914,-5.9999999999997,5.9999999999997,4.0,0.200321994300032,0.04394418454565317,2.8274395254196265e-13
