epoch,beta,coefficient,loss,expected_cut,best_measured_cut,success_probability_ancilla_1,max_postselected_probability,grad
0,-0.5138195714190846,-0.49523634830599567,-5.999999999999353,5.999999999999353,0.0,0.09278363930815822,0.015624999999998314,2.0581278366538445e-12
1,-0.5138196635385506,-0.4952364231984199,-5.999999999999353,5.999999999999353,0.0,0.09278366646873998,0.015624999999998314,2.0624221763435013e-12
2,-0.5138197762089276,-0.49523651479856945,-5.999999999999353,5.999999999999353,0.0,0.09278369968857153,0.015624999999998314,2.054248168854247e-12
3,-0.5138199063625549,-0.4952366206124547,-5.999999999999353,5.999999999999353,0.0,0.09278373806318196,0.015624999999998314,2.0627928771796807e-12
4,-0.5138200517906323,-0.4952367388443336,-5.999999999999353,5.999999999999353,0.0,0.09278378094132761,0.015624999999998317,2.0564941008394484e-12
