{
  "0": 0.0,
  "1": -0.23926466313185724,
  "2": 0.23921014132929702,
  "3": 0.0012097790077214919,
  "4": -0.0010361315023953961,
  "5": 0.0,
  "6": -0.0029795788352795674,
  "7": 0.0018786554710246632,
  "8": 0.0019599600006773507,
  "9": 0.0,
  "10": 0.0027632671115029156,
  "11": -0.002124522119799271,
  "12": 0.0010744883246283216,
  "13": 0.1684947120035366,
  "14": -0.20137860462251625,
  "15": -0.0015097436020851975,
  "16": 0.0,
  "17": 0.0,
  "18": 0.0,
  "19": 0.0011092845156513828,
  "20": 0.0,
  "21": 0.034499610600711064,
  "22": -0.03805913712251228,
  "23": 0.0,
  "24": 0.0,
  "25": 0.019122791752364615,
  "26": -0.009041920315726362,
  "27": 0.0,
  "28": 0.012456521104865398,
  "29": 0.0,
  "30": 0.0,
  "31": 0.007913863377616438,
  "32": 0.0,
  "33": 0.0,
  "34": 0.0,
  "35": 0.0,
  "36": 0.0019311573724415617,
  "37": 0.02066822875295367,
  "38": -0.011664900347113373,
  "39": 0.0,
  "40": -0.004341872240365586,
  "41": 0.012663629823034879,
  "42": -0.014000658279051616,
  "43": 0.0,
  "44": 0.006414071516646043,
  "45": 0.0025651086649705725,
  "46": 0.0012244101171168527,
  "47": 0.0040058129357038305,
  "48": 0.001986040423829294,
  "49": 0.062064447108418144,
  "50": -0.09497116525763157,
  "51": 0.0,
  "52": 0.005668750968779225,
  "53": -0.00432925158125321,
  "54": 0.0,
  "55": 0.003962993221732293,
  "56": -0.0015938742082269347,
  "57": 0.0,
  "58": 0.0,
  "59": 0.004735530928718082,
  "60": 0.0,
  "61": -0.14078491150835734,
  "62": 0.16491680546971174,
  "63": 0.0
}