{
  "0": 0.0,
  "1": 0.0,
  "2": 0.0,
  "3": -0.23735741224091397,
  "4": 0.24449666151604074,
  "5": 0.3787087316383133,
  "6": 0.3121284133857098,
  "7": 0.0,
  "8": -0.23665190976280387,
  "9": 0.0,
  "10": 0.0,
  "11": 0.0,
  "12": -0.29579614511815816,
  "13": 0.0,
  "14": 0.0,
  "15": -0.13210478486832672,
  "16": 0.0,
  "17": -0.11002257938528717,
  "18": -0.10415332127744223,
  "19": 0.0,
  "20": 0.27055685303803567,
  "21": 0.0,
  "22": 0.0,
  "23": 0.21549461903319186,
  "24": 0.031185487579230935,
  "25": 0.0,
  "26": 0.0,
  "27": 0.06754611987926819,
  "28": 0.0,
  "29": -0.23444749972610282,
  "30": -0.20346422360005986,
  "31": 0.0,
  "32": -0.05889102989357256,
  "33": 0.04866844842699157,
  "34": -0.011069184588964437,
  "35": 0.08323896512932141,
  "36": -0.05487682940045581,
  "37": 0.011726866776417684,
  "38": -0.07122885816789475,
  "39": -0.10697732524915082,
  "40": 0.08321068367513092,
  "41": -0.03385714611963088,
  "42": 0.12155294538379703,
  "43": 0.12816544434970933,
  "44": 0.0780078144026152,
  "45": -0.03766162724334527,
  "46": 0.065991034387891,
  "47": -0.12914772196870228,
  "48": 0.0,
  "49": 0.014458278070250042,
  "50": 0.0,
  "51": 0.0,
  "52": 0.0,
  "53": -0.05046271835430571,
  "54": -0.05438883244865258,
  "55": 0.0,
  "56": 0.0,
  "57": 0.0289522332413861,
  "58": 0.0,
  "59": 0.0,
  "60": 0.044386578286646126,
  "61": 0.0,
  "62": -0.003608659548905607,
  "63": 0.03250788989009446
}