{
  "0": 0.0,
  "1": 0.0,
  "2": 0.0,
  "3": -0.251784666075227,
  "4": -0.2712416397104054,
  "5": 0.38304775453830164,
  "6": 0.2897489622501425,
  "7": 0.0,
  "8": 0.2807291080740794,
  "9": 0.0,
  "10": 0.0,
  "11": 0.0,
  "12": -0.3129720656000269,
  "13": 0.0,
  "14": 0.0,
  "15": -0.11899916277261646,
  "16": 0.10345721116888244,
  "17": -0.16188824819392933,
  "18": -0.13549629044618472,
  "19": -0.0018230008597080283,
  "20": 0.0,
  "21": 0.015523398831845784,
  "22": -0.12243319388135022,
  "23": 0.188506687312078,
  "24": 0.11980711007357377,
  "25": -0.09291988407106985,
  "26": 0.11685061580789087,
  "27": 0.03302427882691681,
  "28": -0.1150846639842038,
  "29": -0.06837764742842181,
  "30": -0.08496544110827581,
  "31": 0.03485890207735427,
  "32": 0.011127307622700146,
  "33": 0.0,
  "34": 0.0,
  "35": 0.0,
  "36": -0.17606424837237963,
  "37": 0.04608704650381492,
  "38": 0.050661360668597784,
  "39": -0.1805183490028978,
  "40": 0.0,
  "41": -0.109576604196582,
  "42": -0.05933714099290933,
  "43": 0.12238028090344281,
  "44": 0.0,
  "45": 0.10119712821403977,
  "46": 0.09641393397848232,
  "47": 0.01826928421515254,
  "48": 0.05546192718437496,
  "49": -0.013260604471754488,
  "50": 0.0,
  "51": 0.029653949634488305,
  "52": 0.0355361175845268,
  "53": -0.10126415077067742,
  "54": -0.079850386226152,
  "55": 0.01804139791663057,
  "56": -0.02331201970214056,
  "57": 0.0,
  "58": 0.0,
  "59": -0.029439263994758297,
  "60": 0.0,
  "61": 0.026151614648102894,
  "62": 0.0,
  "63": 0.006786786417337223
}