epoch,beta,coefficient,loss,expected_cut,best_measured_cut,success_probability_ancilla_1,max_postselected_probability,grad
0,0.33033021152377046,0.25039864396235856,-1.9985242130053371,1.9985242130053371,3.0,0.03316697896369245,0.12481552662570475,-0.15458764095208544
1,0.34009487792299514,0.2572666680113437,-1.9993862103784703,1.9993862103784703,3.0,0.03399802676691236,0.12492327629734556,-0.10898365292141929
2,0.3493626892234304,0.2637447325575783,-1.999850917941576,1.999850917941576,3.0,0.03480203365023475,0.12498136474273296,-0.0681644138032594
3,0.35778800071246997,0.2695990400939915,-1.9999987829627401,1.9999987829627401,3.0,0.03554541862892785,0.1249998478703777,-0.032624253292195066
4,0.3649855819419489,0.27457354020462044,-1.999933548435621,1.999933548435621,3.0,0.036189595488295805,0.12499169355448723,-0.0028697761617293683
5,0.3706273574900073,0.2784553270226576,-1.999767169643281,1.999767169643281,3.0,0.03670024386024811,0.12497089620544415,0.02072376768723574
