epoch,beta,coefficient,loss,expected_cut,best_measured_cut,success_probability_ancilla_1,max_postselected_probability,grad
0,0.28351599990909393,0.17351398611393734,-1.3828768374452949,1.3828768374452949,2.0,0.0214415132012791,0.29520932122410015,-0.06743744616632308
1,0.29330282330612445,0.1791787828949586,-1.3832656101535152,1.3832656101535152,2.0,0.021707332300538493,0.2952951581504968,-0.04858286140238488
2,0.30262477450554326,0.18454519485543683,-1.3834798496259768,1.3834798496259768,2.0,0.021967113143442678,0.2952863075471496,-0.031010865181275177
3,0.311127816451353,0.1894146422956087,-1.3835488300950245,1.3835488300950245,2.0,0.02220953792935151,0.29520499256447713,-0.01508563141602345
4,0.31838993902599844,0.1935537563071372,-1.383516577514911,1.383516577514911,2.0,0.022420613923505105,0.29508284835733367,-0.001248544254077077
5,0.3240292708940452,0.196755216261305,-1.3834359349176706,1.3834359349176706,2.0,0.02258703050423778,0.29495592318161257,0.010051843897987293
6,0.3278376999377518,0.19891089264258105,-1.3833548741945747,1.3833548741945747,2.0,0.022700636392348747,0.2948548837816924,0.01850090138969178
