epoch,beta,coefficient,loss,expected_cut,best_measured_cut,success_probability_ancilla_1,max_postselected_probability,grad
0,-0.26391811414051314,-0.16207891860003523,-1.9446817808835322,1.9446817808835322,2.0,0.04176860798794909,0.6580856143501921,0.023926303155476267
1,-0.2711284153014447,-0.166299902636944,-1.9446374813728369,1.9446374813728369,2.0,0.04191619905887152,0.6581118741032379,0.0016966327884123443
2,-0.2727372753649243,-0.1672395637543252,-1.9446123062431813,1.9446123062431813,2.0,0.04194968009318176,0.6581080125653226,-0.013926963479702651
3,-0.2707672925112559,-0.16608887727998353,-1.9446423709420908,1.9446423709420908,2.0,0.04190871130523388,0.6581122568565977,-0.017365741181521132
4,-0.26718590580324963,-0.16399388744481086,-1.9446756668534908,1.9446756668534908,2.0,0.04183499782513059,0.6581063917648226,-0.013152705985231918
5,-0.2633398692840907,-0.16173972211316007,-1.9446804333595913,1.9446804333595913,2.0,0.04175694696003997,0.6580803935767002,-0.005426898416624214
6,-0.26041282403246857,-0.16002118149092665,-1.9446623283900366,1.9446623283900366,2.0,0.04169832208404308,0.6580467950527563,0.002964470053875487
