epoch,beta,coefficient,loss,expected_cut,best_measured_cut,success_probability_ancilla_1,max_postselected_probability,grad
0,-0.2681456979401455,-0.16455571961245943,-1.461474069851125,1.461474069851125,2.0,0.025599350436515164,0.3555494270378092,0.014277822318465853
1,-0.2729444138651935,-0.1673604854474673,-1.4614380460709198,1.4614380460709198,2.0,0.02571998385401086,0.35568679086479665,-0.003390877483731953
2,-0.27189183174283704,-0.16674587909555771,-1.4614493106560718,1.4614493106560718,2.0,0.025693369963904603,0.35565896057714413,-0.011592944321732206
3,-0.26842683853032384,-0.1647202370475227,-1.4614730482753653,1.4614730482753653,2.0,0.02560636840683915,0.35555821911642455,-0.009809321409819811
4,-0.2645602651488023,-0.16245548364694226,-1.461475060491197,1.461475060491197,2.0,0.0255103934305664,0.35542908101423226,-0.0038763853260537964
5,-0.2619463840496474,-0.16092189376994373,-1.461461576004187,1.461461576004187,2.0,0.025446180806044754,0.35533165407228373,0.0028549932041310993
6,-0.2614435634492479,-0.16062664778928798,-1.4614575945018056,1.4614575945018056,2.0,0.02543389068708772,0.35531196683091804,0.0074714397408054195
