epoch,beta,coefficient,loss,expected_cut,best_measured_cut,success_probability_ancilla_1,max_postselected_probability,grad
0,0.24640737067498816,0.15176316437226933,-0.9999999999983142,0.9999999999983142,0.0,0.005932876754483851,0.12475916729378478,-7.121301550327978e-12
1,0.24640768906406366,0.15176335275093122,-0.9999999999983147,0.9999999999983147,0.0,0.005932884734210737,0.12475916050138075,-7.12149509316111e-12
2,0.24640807884994548,0.1517635833723185,-0.9999999999983143,0.9999999999983143,0.0,0.005932894503354415,0.1247591521857052,-7.11847080588648e-12
3,0.24640852882367656,0.15176384960449849,-0.9999999999983141,0.9999999999983141,0.0,0.005932905780993008,0.12475914258582543,-7.120482887816703e-12
4,0.24640903179077236,0.1517641471907492,-0.9999999999983142,0.9999999999983142,0.0,0.005932918386818468,0.12475913185516682,-7.120922503238609e-12
5,0.24640958261613824,0.15176447309281133,-0.9999999999983146,0.9999999999983146,0.0,0.00593293219213677,0.12475912010322124,-7.120068882340204e-12
6,0.246410177425797,0.1517648250185808,-0.9999999999983147,0.9999999999983147,0.0,0.005932947099861008,0.12475910741257676,-7.1205054507016436e-12
