epoch,beta,coefficient,loss,expected_cut,best_measured_cut,success_probability_ancilla_1,max_postselected_probability,grad
0,-0.22495321021246759,-0.1390054021414455,-0.9999999999963165,0.9999999999963165,0.0,0.002714766603354076,0.06249999999976978,3.163932755493449e-11
1,-0.22495462464924718,-0.13900624736024644,-0.9999999999963167,0.9999999999963167,0.0,0.0027147995876844007,0.062499999999769795,3.1640896076009685e-11
2,-0.22495635649194692,-0.13900728224919473,-0.9999999999963167,0.9999999999963167,0.0,0.002714839974089542,0.062499999999769795,3.164047738820535e-11
3,-0.22495835567244524,-0.13900847688892493,-0.9999999999963165,0.9999999999963165,0.0,0.002714886595120463,0.06249999999976978,3.163886277165892e-11
4,-0.22496059019528708,-0.13900981215968553,-0.9999999999963167,0.9999999999963167,0.0,0.0027149387047751723,0.062499999999769795,3.163883492338103e-11
5,-0.22496303729560738,-0.13901127445761338,-0.9999999999963167,0.9999999999963167,0.0,0.002714995772305101,0.062499999999769795,3.1637602972401874e-11
6,-0.22496567972844228,-0.13901285347735204,-0.9999999999963172,0.9999999999963172,0.0,0.0027150573956833683,0.06249999999976982,3.163758082107657e-11
