epoch,beta,coefficient,loss,expected_cut,best_measured_cut,success_probability_ancilla_1,max_postselected_probability,grad
0,-0.2246164951281431,-0.13880417773584927,-1.5856789858208562,1.5856789858208562,2.0,0.03161890045617233,0.5065734232660046,-0.07865934425425912
1,-0.21475456097122783,-0.13289746851695103,-1.5861988072615385,1.5861988072615385,2.0,0.03141848573092142,0.5059622123041102,-0.06145898142570156
2,-0.20520478049642513,-0.12715417800868237,-1.586533902570702,1.586533902570702,2.0,0.031232433640777168,0.5052269597427796,-0.04385677521306145
3,-0.19623896166052793,-0.12174182519396311,-1.5866929708232862,1.5866929708232862,2.0,0.031065062427378297,0.5044051846340556,-0.026228081673497758
4,-0.18824054589389383,-0.11689753856239359,-1.5867042046557478,1.5867042046557478,2.0,0.030921810962232676,0.5035624187827533,-0.009176137955859146
5,-0.18165659009958832,-0.1128990687242449,-1.58661886609146,1.58661886609146,2.0,0.030808235898069185,0.5027898181177601,0.006427069060231965
6,-0.17685871492737643,-0.1099793108041152,-1.5865019287637234,1.5865019287637234,2.0,0.030727966726745735,0.5021813898182272,0.019534849008678863
