{
  "config": {
    "N_VERTICES": 4,
    "PROB_ARESTA": 0.85,
    "COM_PESO": false,
    "PESO_MIN": 1,
    "PESO_MAX": 1,
    "GRAPH_SEED": 104781,
    "GRAPH_EDGES": [
      [
        0,
        2,
        1.0
      ],
      [
        0,
        3,
        1.0
      ],
      [
        1,
        2,
        1.0
      ],
      [
        1,
        3,
        1.0
      ],
      [
        2,
        3,
        1.0
      ]
    ],
    "REVERSE_BITS": false,
    "ER": 1.0,
    "MAX_TERMS": null,
    "A_MAX": 0.7853981633974483,
    "INIT_BETA": 0.35,
    "MAX_EPOCHS": 200,
    "LR": 0.01,
    "FD_EPS": 0.01,
    "LOSS_TOL_LAST5": 0.001,
    "PATIENCE_LAST5": 5,
    "TRAIN_SEED": 7,
    "INIT_BETA_JITTER": 0.05,
    "OPTIMIZER": "adam",
    "ADAM_BETA1": 0.9,
    "ADAM_BETA2": 0.999,
    "ADAM_EPS": 1e-08,
    "COEF_ZERO_TOL": 0.001,
    "IMPROVEMENT_TOL": 0.001,
    "SATURATION_PATIENCE": 100,
    "INDEX_STRATEGY": "ascending",
    "INDEX_RANDOM_SEED": 42,
    "ENABLE_BACKWARD_PRUNING": false,
    "BACKWARD_PASSES": 1,
    "PRUNE_IMPROVEMENT_TOL": 1e-06,
    "OUTDIR": "benchmark_results_walsh_article/unweighted/baseline/n4/graph06_trainseed07",
    "SHOW_PLOTS": false,
    "name": "baseline"
  },
  "n_qubits_register": 4,
  "graph_edges": [
    [
      0,
      2,
      1.0
    ],
    [
      0,
      3,
      1.0
    ],
    [
      1,
      2,
      1.0
    ],
    [
      1,
      3,
      1.0
    ],
    [
      2,
      3,
      1.0
    ]
  ],
  "graph_signature": "d0a2f764541f34d9979e15c4cf98ceeae9b64c9a96b6d443de24544368e1cb36",
  "graph_num_edges": 5,
  "graph_density": 0.8333333333333334,
  "best_cut_bruteforce": 4.0,
  "best_bitstring_bruteforce": "0011",
  "best_index_bruteforce": 3,
  "candidate_order": [
    1,
    2,
    3,
    4,
    5,
    6,
    7,
    8,
    9,
    10,
    11,
    12,
    13,
    14,
    15
  ],
  "total_possible_parameters": 15,
  "visited_parameters": 15,
  "trained_coefficients": {
    "0": 0.0,
    "1": -0.2400562036428108,
    "2": 0.2453667118877849,
    "3": -0.23735722526253203,
    "4": 0.24449666105185228,
    "5": 0.37870887056783376,
    "6": 0.31212841493064714,
    "7": -0.06310256108725952,
    "8": -0.23665219416012961,
    "9": -0.192594987440455,
    "10": -0.05377475519198361,
    "11": 0.03500606449966943,
    "12": -0.29579607056193025,
    "13": 0.16570790794087117,
    "14": -0.15599353069341895,
    "15": -0.1321048246024306
  },
  "final_coefficient_vector": [
    0.0,
    -0.2400562036428108,
    0.2453667118877849,
    -0.23735722526253203,
    0.24449666105185228,
    0.37870887056783376,
    0.31212841493064714,
    -0.06310256108725952,
    -0.23665219416012961,
    -0.192594987440455,
    -0.05377475519198361,
    0.03500606449966943,
    -0.29579607056193025,
    0.16570790794087117,
    -0.15599353069341895,
    -0.1321048246024306
  ],
  "active_indices": [
    1,
    2,
    3,
    4,
    5,
    6,
    7,
    8,
    9,
    10,
    11,
    12,
    13,
    14,
    15
  ],
  "active_parameter_count": 15,
  "compression_ratio_active_over_total": 1.0,
  "final_loss": -3.17347131705529,
  "final_expected_cut": 3.17347131705529,
  "best_expected_cut_over_evolution": 3.17347131705529,
  "final_best_measured_index": 9,
  "final_best_measured_bitstring": "1001",
  "final_best_measured_cut": 3.0,
  "best_measured_cut_over_evolution": 3.0,
  "final_success_probability_ancilla_1": 0.15999363522990523,
  "final_max_postselected_probability": 0.19751431318750856,
  "gap_expected_to_bruteforce": 0.8265286829447098,
  "gap_measured_to_bruteforce": 1.0,
  "approx_ratio_measured": 0.75,
  "n_steps": 15,
  "elapsed_seconds": 13.655477285385132,
  "steps": [
    {
      "visit_idx": 1,
      "j": 1,
      "kept": true,
      "beta": -0.31573901563882906,
      "coefficient": -0.2400562036428108,
      "loss": -2.5,
      "expected_cut": 2.5,
      "best_measured_cut": 0.0,
      "success_probability_ancilla_1": 0.01433769321781473,
      "epochs_run": 5,
      "stop_reason": "loss_plateau_last5",
      "history_path": "benchmark_results_walsh_article/unweighted/baseline/n4/graph06_trainseed07/histories/history_visit001_j001.json",
      "improvement_vs_previous": 2.5
    },
    {
      "visit_idx": 2,
      "j": 2,
      "kept": true,
      "beta": 0.323214510800172,
      "coefficient": 0.2453667118877849,
      "loss": -2.5000000000000004,
      "expected_cut": 2.5000000000000004,
      "best_measured_cut": 2.0,
      "success_probability_ancilla_1": 0.02888409936811601,
      "epochs_run": 5,
      "stop_reason": "loss_plateau_last5",
      "history_path": "benchmark_results_walsh_article/unweighted/baseline/n4/graph06_trainseed07/histories/history_visit002_j002.json",
      "improvement_vs_previous": 4.440892098500626e-16
    },
    {
      "visit_idx": 3,
      "j": 3,
      "kept": true,
      "beta": -0.3119528184035004,
      "coefficient": -0.23735722526253203,
      "loss": -2.5,
      "expected_cut": 2.5,
      "best_measured_cut": 2.0,
      "success_probability_ancilla_1": 0.042092881130259024,
      "epochs_run": 5,
      "stop_reason": "loss_plateau_last5",
      "history_path": "benchmark_results_walsh_article/unweighted/baseline/n4/graph06_trainseed07/histories/history_visit003_j003.json",
      "improvement_vs_previous": -4.440892098500626e-16
    },
    {
      "visit_idx": 4,
      "j": 4,
      "kept": true,
      "beta": 0.32198738372944397,
      "coefficient": 0.24449666105185228,
      "loss": -2.494393171732596,
      "expected_cut": 2.494393171732596,
      "best_measured_cut": 2.0,
      "success_probability_ancilla_1": 0.05571136390424114,
      "epochs_run": 5,
      "stop_reason": "loss_plateau_last5",
      "history_path": "benchmark_results_walsh_article/unweighted/baseline/n4/graph06_trainseed07/histories/history_visit004_j004.json",
      "improvement_vs_previous": -0.005606828267404218
    },
    {
      "visit_idx": 5,
      "j": 5,
      "kept": true,
      "beta": 0.5258300460126365,
      "coefficient": 0.37870887056783376,
      "loss": -2.7319114624766225,
      "expected_cut": 2.7319114624766225,
      "best_measured_cut": 3.0,
      "success_probability_ancilla_1": 0.08967505689925234,
      "epochs_run": 109,
      "stop_reason": "loss_plateau_last5",
      "history_path": "benchmark_results_walsh_article/unweighted/baseline/n4/graph06_trainseed07/histories/history_visit005_j005.json",
      "improvement_vs_previous": 0.23751829074402675
    },
    {
      "visit_idx": 6,
      "j": 6,
      "kept": true,
      "beta": 0.4205744215665286,
      "coefficient": 0.31212841493064714,
      "loss": -2.8260537983572007,
      "expected_cut": 2.8260537983572007,
      "best_measured_cut": 3.0,
      "success_probability_ancilla_1": 0.11072016658802272,
      "epochs_run": 5,
      "stop_reason": "loss_plateau_last5",
      "history_path": "benchmark_results_walsh_article/unweighted/baseline/n4/graph06_trainseed07/histories/history_visit006_j006.json",
      "improvement_vs_previous": 0.09414233588057819
    },
    {
      "visit_idx": 7,
      "j": 7,
      "kept": true,
      "beta": -0.08051823096533489,
      "coefficient": -0.06310256108725952,
      "loss": -2.827307850922081,
      "expected_cut": 2.827307850922081,
      "best_measured_cut": 3.0,
      "success_probability_ancilla_1": 0.11200918547150251,
      "epochs_run": 30,
      "stop_reason": "loss_plateau_last5",
      "history_path": "benchmark_results_walsh_article/unweighted/baseline/n4/graph06_trainseed07/histories/history_visit007_j007.json",
      "improvement_vs_previous": 0.0012540525648803147
    },
    {
      "visit_idx": 8,
      "j": 8,
      "kept": true,
      "beta": -0.3109652120402274,
      "coefficient": -0.23665219416012961,
      "loss": -2.9009947836857393,
      "expected_cut": 2.9009947836857393,
      "best_measured_cut": 3.0,
      "success_probability_ancilla_1": 0.12282314427336127,
      "epochs_run": 82,
      "stop_reason": "loss_plateau_last5",