epoch,beta,coefficient,loss,expected_cut,best_measured_cut,success_probability_ancilla_1,max_postselected_probability,grad
0,0.288871968211647,0.17661797787626296,-2.9997417147691996,2.9997417147691996,3.0,0.008452813715951801,0.12496771434644578,-0.0023017890893042028
1,0.2817295203600502,0.17247659985969258,-2.999982553104525,2.999982553104525,3.0,0.008251753674983828,0.12499781913836873,0.0527761331752819
2,0.2747464459606191,0.16841189780990126,-2.9999394786303513,2.9999394786303513,3.0,0.008059029339366617,0.12499243482910412,0.014108395060483399
3,0.27219431677616446,0.16692253637173177,-2.999850388141871,2.999850388141871,3.0,0.007989556961167684,0.12498129851804685,-0.027006760032566256
4,0.27357119486942943,0.16772630145451753,-2.9999034852744186,2.9999034852744186,3.0,0.008026972935791953,0.12498793565961375,-0.042887759774162856
5,0.2768318649919288,0.1696273873435117,-2.9999825734535897,2.9999825734535897,3.0,0.00811618164506121,0.12499782168200675,-0.034261871753142194
6,0.28051173077116465,0.17176886094915797,-2.9999955252369195,2.9999955252369195,3.0,0.008217868204869852,0.12499944065491914,-0.014373972662405308
