{
  "0": 0.0,
  "1": -0.2975800116410052,
  "2": 0.29714869893251095,
  "3": -0.26092234737178815,
  "4": 0.3168519730792018,
  "5": 0.4214580454013198,
  "6": 0.3447926895838989,
  "7": -0.10634731133501739,
  "8": -0.29079399336520123,
  "9": -0.24650656777080482,
  "10": -0.04264096052175605,
  "11": 0.06550674552867738,
  "12": -0.31677871204152835,
  "13": 0.19779820978798413,
  "14": -0.1948190375170887,
  "15": -0.1346687095309374,
  "16": 0.03168230625532252,
  "17": 0.06718383118823171,
  "18": 0.02611831228567151,
  "19": 0.02701821601623356,
  "20": -0.21829115520374673,
  "21": -0.0537502594412621,
  "22": -0.12208285662291976,
  "23": -0.18771918930512366,
  "24": 0.35418276903725215,
  "25": 0.07540699892256174,
  "26": 0.06034959971998968,
  "27": 0.23384333058545273,
  "28": 0.008352475419578814,
  "29": -0.017315438985375638,
  "30": 0.006744460778507291,
  "31": -0.0025997434883095806,
  "32": 0.04320251257988669,
  "33": 0.12340409976834887,
  "34": 0.03903606313105675,
  "35": -0.07094063444065944,
  "36": -0.09887976826661872,
  "37": -0.023258572083227264,
  "38": 0.10019758434073468,
  "39": -0.1571590531417753,
  "40": -0.005919429501540708,
  "41": 0.07459633913840057,
  "42": -0.14019923759493788,
  "43": 0.07483958471855569,
  "44": -0.06162968214515258,
  "45": 0.06197422775348631,
  "46": 0.1486458947759637,
  "47": 0.0974898682161308,
  "48": -0.11342657550370049,
  "49": -0.024816360996992092,
  "50": 0.04365365623638674,
  "51": -0.10222598656047654,
  "52": -0.04201672037215612,
  "53": 0.09182091281510342,
  "54": 0.10008411191377409,
  "55": -0.08441114730249144,
  "56": 0.06390957231515744,
  "57": -0.1487057189522233,
  "58": -0.08794193364300208,
  "59": 0.03411448417651832,
  "60": 0.03576535665575656,
  "61": -0.028999732861652052,
  "62": 0.024832973493577493,
  "63": -0.02386827040149808
}