{
  "0": 0.0,
  "1": -0.2701874799957241,
  "2": 0.2433209547994459,
  "3": -0.23055460504268233,
  "4": 0.3077434018013416,
  "5": 0.373436751940253,
  "6": 0.31387415110361777,
  "7": -0.04955698617520292,
  "8": -0.27206155933302056,
  "9": -0.20107556189458486,
  "10": -0.058280279170554616,
  "11": 0.04768601743717617,
  "12": -0.2915993909178565,
  "13": 0.15902875828120674,
  "14": -0.1839686910111834,
  "15": -0.12950190807043138,
  "16": -0.10611757597984116,
  "17": -0.21589493493677359,
  "18": -0.09993324469532106,
  "19": 0.011730679984251355,
  "20": 0.1886367600850996,
  "21": 0.1382234229864367,
  "22": -0.04599501491319957,
  "23": 0.20913080271827436,
  "24": 0.13783498931140623,
  "25": -0.13335178540224518,
  "26": 0.12268604306843843,
  "27": 0.023937320637257037,
  "28": 0.14992342854222515,
  "29": -0.03192063389882427,
  "30": -0.11646525364532646,
  "31": -0.07247792698065916,
  "32": 0.015615145556207749,
  "33": 0.03011884783754006,
  "34": 0.05413265654806199,
  "35": -0.01611093512913824,
  "36": -0.1734527740052219,
  "37": -0.05522199182977076,
  "38": -0.02463034367024346,
  "39": -0.1937956185007063,
  "40": 0.19178808007310597,
  "41": 0.07227682660824057,
  "42": 0.08213472973271144,
  "43": 0.14832435317830014,
  "44": -0.012273577499686364,
  "45": 0.08516127563874101,
  "46": 0.09508492990784319,
  "47": -0.019752696468310793,
  "48": 0.06596202542022457,
  "49": -0.014315829909334107,
  "50": 0.00669920050098972,
  "51": 0.03863405273944531,
  "52": -0.00968757563468684,
  "53": -0.1270589508890245,
  "54": -0.09143804662422261,
  "55": -0.030225909936147915,
  "56": 0.029864290912992374,
  "57": -0.00705311614093025,
  "58": 0.0,
  "59": 0.012333854517161775,
  "60": 0.01341224951586817,
  "61": -0.026426728340662838,
  "62": -0.008835676707600246,
  "63": 0.01189164729154531
}