{
  "config": {
    "N_VERTICES": 4,
    "PROB_ARESTA": 0.7,
    "COM_PESO": false,
    "PESO_MIN": 1,
    "PESO_MAX": 1,
    "GRAPH_SEED": 104986,
    "GRAPH_EDGES": [
      [
        0,
        2,
        1.0
      ],
      [
        0,
        3,
        1.0
      ]
    ],
    "REVERSE_BITS": false,
    "ER": 1.25,
    "MAX_TERMS": null,
    "A_MAX": 1.0471975511965976,
    "INIT_BETA": 0.5,
    "MAX_EPOCHS": 200,
    "LR": 0.01,
    "FD_EPS": 0.01,
    "LOSS_TOL_LAST5": 0.0005,
    "PATIENCE_LAST5": 5,
    "TRAIN_SEED": 6,
    "INIT_BETA_JITTER": 0.08,
    "OPTIMIZER": "adam",
    "ADAM_BETA1": 0.9,
    "ADAM_BETA2": 0.999,
    "ADAM_EPS": 1e-08,
    "COEF_ZERO_TOL": 0.0005,
    "IMPROVEMENT_TOL": 0.0005,
    "SATURATION_PATIENCE": 150,
    "INDEX_STRATEGY": "ascending",
    "INDEX_RANDOM_SEED": 42,
    "ENABLE_BACKWARD_PRUNING": false,
    "BACKWARD_PASSES": 1,
    "PRUNE_IMPROVEMENT_TOL": 1e-06,
    "OUTDIR": "benchmark_results_walsh_article/unweighted/aggressive_loader/n4/graph08_trainseed06",
    "SHOW_PLOTS": false,
    "name": "aggressive_loader"
  },
  "n_qubits_register": 4,
  "graph_edges": [
    [
      0,
      2,
      1.0
    ],
    [
      0,
      3,
      1.0
    ]
  ],
  "graph_signature": "2cf81b7f6c28153cc1763d3712042bf1e2dce228b62300b14a9509084e53b32c",
  "graph_num_edges": 2,
  "graph_density": 0.3333333333333333,
  "best_cut_bruteforce": 2.0,
  "best_bitstring_bruteforce": "0011",
  "best_index_bruteforce": 3,
  "candidate_order": [
    1,
    2,
    3,
    4,
    5,
    6,
    7,
    8,
    9,
    10,
    11,
    12,
    13,
    14,
    15
  ],
  "total_possible_parameters": 15,
  "visited_parameters": 15,
  "trained_coefficients": {
    "0": 0.0,
    "1": -0.4361126721706533,
    "2": 0.4220702366568484,
    "3": -0.5063454080331887,
    "4": 0.6891218434742739,
    "5": -0.018948135667773706,
    "6": 0.5207798551631144,
    "7": -0.42579311046763835,
    "8": -0.062437569820402744,
    "9": 0.2906358346913254,
    "10": 0.02638497181882638,
    "11": -0.0117659438914658,
    "12": -0.4167196852924738,
    "13": -0.06101796320296287,
    "14": -0.028528124839108604,
    "15": -0.011044328965702347
  },
  "final_coefficient_vector": [
    0.0,
    -0.4361126721706533,
    0.4220702366568484,
    -0.5063454080331887,
    0.6891218434742739,
    -0.018948135667773706,
    0.5207798551631144,
    -0.42579311046763835,
    -0.062437569820402744,
    0.2906358346913254,
    0.02638497181882638,
    -0.0117659438914658,
    -0.4167196852924738,
    -0.06101796320296287,
    -0.028528124839108604,
    -0.011044328965702347
  ],
  "active_indices": [
    1,
    2,
    3,
    4,
    5,
    6,
    7,
    8,
    9,
    10,
    11,
    12,
    13,
    14,
    15
  ],
  "active_parameter_count": 15,
  "compression_ratio_active_over_total": 1.0,
  "final_loss": -1.7538280741548014,
  "final_expected_cut": 1.7538280741548014,
  "best_expected_cut_over_evolution": 1.7538357773455826,
  "final_best_measured_index": 8,
  "final_best_measured_bitstring": "1000",
  "final_best_measured_cut": 2.0,
  "best_measured_cut_over_evolution": 2.0,
  "final_success_probability_ancilla_1": 0.2622637025353569,
  "final_max_postselected_probability": 0.2352324436396928,
  "gap_expected_to_bruteforce": 0.24617192584519865,
  "gap_measured_to_bruteforce": 0.0,
  "approx_ratio_measured": 1.0,
  "n_steps": 15,
  "elapsed_seconds": 21.118163108825684,
  "steps": [
    {
      "visit_idx": 1,
      "j": 1,
      "kept": true,
      "beta": -0.4433978194428197,
      "coefficient": -0.4361126721706533,
      "loss": -1.0,
      "expected_cut": 1.0,
      "best_measured_cut": 0.0,
      "success_probability_ancilla_1": 0.07247286590740967,
      "epochs_run": 5,
      "stop_reason": "loss_plateau_last5",
      "history_path": "benchmark_results_walsh_article/unweighted/aggressive_loader/n4/graph08_trainseed06/histories/history_visit001_j001.json",
      "improvement_vs_previous": 1.0
    },
    {
      "visit_idx": 2,
      "j": 2,
      "kept": true,
      "beta": 0.4272820599608294,
      "coefficient": 0.4220702366568484,
      "loss": -1.0,
      "expected_cut": 1.0,
      "best_measured_cut": 0.0,
      "success_probability_ancilla_1": 0.13060629175134128,
      "epochs_run": 5,
      "stop_reason": "loss_plateau_last5",
      "history_path": "benchmark_results_walsh_article/unweighted/aggressive_loader/n4/graph08_trainseed06/histories/history_visit002_j002.json",
      "improvement_vs_previous": 0.0
    },
    {
      "visit_idx": 3,
      "j": 3,
      "kept": true,
      "beta": -0.5275737214940096,
      "coefficient": -0.5063454080331887,
      "loss": -1.0000000000000002,
      "expected_cut": 1.0000000000000002,
      "best_measured_cut": 2.0,
      "success_probability_ancilla_1": 0.20215903246035327,
      "epochs_run": 5,
      "stop_reason": "loss_plateau_last5",
      "history_path": "benchmark_results_walsh_article/unweighted/aggressive_loader/n4/graph08_trainseed06/histories/history_visit003_j003.json",
      "improvement_vs_previous": 2.220446049250313e-16
    },
    {
      "visit_idx": 4,
      "j": 4,
      "kept": true,
      "beta": 0.7893892116374547,
      "coefficient": 0.6891218434742739,
      "loss": -1.2239397964278287,
      "expected_cut": 1.2239397964278287,
      "best_measured_cut": 2.0,
      "success_probability_ancilla_1": 0.3059941074980925,
      "epochs_run": 35,
      "stop_reason": "loss_plateau_last5",
      "history_path": "benchmark_results_walsh_article/unweighted/aggressive_loader/n4/graph08_trainseed06/histories/history_visit004_j004.json",
      "improvement_vs_previous": 0.22393979642782846
    },
    {
      "visit_idx": 5,
      "j": 5,
      "kept": true,
      "beta": -0.01809611177149002,
      "coefficient": -0.018948135667773706,
      "loss": -1.2235625052593373,
      "expected_cut": 1.2235625052593373,
      "best_measured_cut": 2.0,
      "success_probability_ancilla_1": 0.3037607018649745,
      "epochs_run": 67,
      "stop_reason": "loss_plateau_last5",
      "history_path": "benchmark_results_walsh_article/unweighted/aggressive_loader/n4/graph08_trainseed06/histories/history_visit005_j005.json",
      "improvement_vs_previous": -0.00037729116849138933
    },
    {
      "visit_idx": 6,
      "j": 6,
      "kept": true,
      "beta": 0.5457233975331108,
      "coefficient": 0.5207798551631144,
      "loss": -1.3410843552517138,
      "expected_cut": 1.3410843552517138,
      "best_measured_cut": 2.0,
      "success_probability_ancilla_1": 0.28200226815579976,
      "epochs_run": 10,
      "stop_reason": "loss_plateau_last5",
      "history_path": "benchmark_results_walsh_article/unweighted/aggressive_loader/n4/graph08_trainseed06/histories/history_visit006_j006.json",
      "improvement_vs_previous": 0.11752184999237647
    },
    {
      "visit_idx": 7,
      "j": 7,
      "kept": true,
      "beta": -0.43153396675433625,
      "coefficient": -0.42579311046763835,
      "loss": -1.450363966996677,
      "expected_cut": 1.450363966996677,
      "best_measured_cut": 2.0,
      "success_probability_ancilla_1": 0.25196460250046193,
      "epochs_run": 5,
      "stop_reason": "loss_plateau_last5",
      "history_path": "benchmark_results_walsh_article/unweighted/aggressive_loader/n4/graph08_trainseed06/histories/history_visit007_j007.json",
      "improvement_vs_previous": 0.10927961174496326
    },
    {
      "visit_idx": 8,
      "j": 8,
      "kept": true,
      "beta": -0.059694291356303594,
      "coefficient": -0.062437569820402744,
      "loss": -1.454501914479534,
      "expected_cut": 1.454501914479534,
      "best_measured_cut": 2.0,
      "success_probability_ancilla_1": 0.2527196516333179,
      "epochs_run": 60,
      "stop_reason": "loss_plateau_last5",
      "history_path": "benchmark_results_walsh_article/unweighted/aggressive_loader/n4/graph08_trainseed06/histories/history_visit008_j008.json",
      "improvement_vs_previous": 0.004137947482856896
    },
    {
      "visit_idx": 9,