{
  "0": 0.0,
  "1": -0.4361126721706533,
  "2": 0.4220702366568484,
  "3": -0.5063454080331887,
  "4": 0.6891218434742739,
  "5": -0.018948135667773706,
  "6": 0.5207798551631144,
  "7": -0.42579311046763835,
  "8": -0.062437569820402744,
  "9": 0.2906358346913254,
  "10": 0.02638497181882638,
  "11": -0.0117659438914658,
  "12": -0.4167196852924738,
  "13": -0.06101796320296287,
  "14": -0.028528124839108604,
  "15": -0.011044328965702347
}