epoch,beta,coefficient,loss,expected_cut,best_measured_cut,success_probability_ancilla_1,max_postselected_probability,grad
0,-0.4239165679533603,-0.4191144217416783,-0.9999999999999505,0.9999999999999505,2.0,0.20032195576533618,0.17577674031777676,4.7169868348612503e-14
1,-0.4239165700668025,-0.419114423600361,-0.9999999999999499,0.9999999999999499,2.0,0.20032195616759418,0.17577674032432275,4.735980198782237e-14
2,-0.42391657265700516,-0.4191144258783344,-0.99999999999995,0.99999999999995,2.0,0.20032195666059535,0.17577674033234553,4.73897457797787e-14
3,-0.423916575645484,-0.4191144285065747,-0.9999999999999503,0.9999999999999503,2.0,0.2003219572294018,0.17577674034160193,4.722256167372647e-14
4,-0.4239165789856617,-0.41911443144411925,-0.9999999999999503,0.9999999999999503,2.0,0.20032195786514806,0.17577674035194765,4.727540127787012e-14
