epoch,beta,coefficient,loss,expected_cut,best_measured_cut,success_probability_ancilla_1,max_postselected_probability,grad
0,-0.5138195172039237,-0.4952363042294797,-0.9999999999998923,0.9999999999998923,0.0,0.09278362332331451,0.06249999999999328,3.436808938041641e-13
1,-0.5138195325451336,-0.4952363167017676,-0.9999999999998921,0.9999999999998921,0.0,0.09278362784652966,0.062499999999993255,3.4262697492630443e-13
2,-0.5138195513268004,-0.49523633197112066,-0.9999999999998923,0.9999999999998923,0.0,0.0927836333841321,0.06249999999999327,3.4299265251499106e-13
3,-0.5138195730064239,-0.49523634959649043,-0.9999999999998919,0.9999999999998919,0.0,0.09278363977617061,0.06249999999999324,3.429599104193028e-13
4,-0.5138195972361436,-0.49523636929506865,-0.9999999999998923,0.9999999999998923,0.0,0.09278364692008169,0.06249999999999327,3.4288215793419636e-13
