{
  "0": 0.0,
  "1": -0.2701881262713216,
  "2": 0.24332072336723773,
  "3": -0.23055464748700494,
  "4": 0.3077434059677509,
  "5": 0.37343639238645004,
  "6": 0.3138741327244317,
  "7": -0.0495567153798443,
  "8": -0.25061235287820194,
  "9": 0.1733550010509496,
  "10": -0.01645330631404046,
  "11": 0.20942780202536143,
  "12": -0.2885281761704702,
  "13": 0.07778678066248451,
  "14": -0.15877858345036705,
  "15": -0.2882942709309177,
  "16": 0.025319514741910944,
  "17": -0.22901628442499883,
  "18": -0.03771820521465431,
  "19": -0.06344007596973725,
  "20": 0.1884435409016755,
  "21": 0.022677883614465676,
  "22": -0.06069754795021189,
  "23": 0.2027305182031695,
  "24": 0.0,
  "25": 0.048862834921864225,
  "26": -0.09754638255232059,
  "27": 0.18109568474626456,
  "28": 0.062381873747511196,
  "29": -0.22384535844019754,
  "30": -0.12117827613798934,
  "31": -0.019484693357074923,
  "32": 0.01259290852204671,
  "33": 0.012484897649309544,
  "34": 0.014619942187970891,
  "35": 0.01018215911463525,
  "36": 0.0,
  "37": -0.027988929319317655,
  "38": -0.04939728572500981,
  "39": -0.05121347780723187,
  "40": 0.020363767244397556,
  "41": 0.02723377338100453,
  "42": 0.022790919589236548,
  "43": 0.02333263059093922,
  "44": -0.04485709670228759,
  "45": -0.03946967812808149,
  "46": -0.011541595784528444,
  "47": -0.024238308100413032,
  "48": 0.018486248838895113,
  "49": 0.0,
  "50": 0.05283310378135292,
  "51": 0.020756959509187732,
  "52": 0.018056703466544505,
  "53": 0.0,
  "54": -0.02021192279072934,
  "55": -0.02468093843413587,
  "56": 0.02744664145858376,
  "57": 0.01033636547737635,
  "58": 0.02022832745444506,
  "59": 0.006011011905087257,
  "60": -0.02350030548069463,
  "61": -0.011865748959193102,
  "62": 0.0,
  "63": 0.0
}