{
  "0": 0.0,
  "1": -0.4272535346374204,
  "2": 0.4277341105826939,
  "3": 0.0015650681385943376,
  "4": 0.0,
  "5": 0.0,
  "6": 0.0,
  "7": 0.0,
  "8": -0.0011032443737844064,
  "9": 0.0,
  "10": -0.0029696769839510514,
  "11": -0.0011029120268498656,
  "12": 0.003802696500721127,
  "13": 0.003309324539804375,
  "14": -0.0005817001872361456,
  "15": -0.0007104533102559859
}