epoch,beta,coefficient,loss,expected_cut,best_measured_cut,success_probability_ancilla_1,max_postselected_probability,grad
0,-0.3095631874091085,-0.235650598066592,-0.9999999999998019,0.9999999999998019,1.0,0.050586285544358824,0.18419168622456109,3.0097732683917906e-13
1,-0.30956320087853917,-0.23565060769310833,-0.9999999999998024,0.9999999999998024,1.0,0.050586286583151355,0.1841916866783285,3.015169829414635e-13
2,-0.30956321737909154,-0.23565061948594798,-0.9999999999998024,0.9999999999998024,1.0,0.05058628785571077,0.1841916872342101,3.016606050742861e-13
3,-0.30956323642388606,-0.23565063309714115,-0.9999999999998019,0.9999999999998019,1.0,0.050586289324487894,0.1841916878758035,3.0121087473073755e-13
4,-0.3095632577104639,-0.23565064831052235,-0.999999999999802,0.999999999999802,1.0,0.050586290966156425,0.18419168859291937,3.013034061347053e-13
