{
  "0": 0.0,
  "1": -0.5420200934413252,
  "2": 0.5458904513182464,
  "3": -0.4550707711747604,
  "4": 0.4940785168354537,
  "5": 0.6874539476016504,
  "6": 0.4454035401861687,
  "7": -0.4272432655261816,
  "8": -0.20713552961739934,
  "9": 0.17691133565299172,
  "10": -0.2181079003155832,
  "11": 0.268845766917276,
  "12": -0.25819382284037456,
  "13": 0.1540082041275179,
  "14": -0.32597638424242303,
  "15": -0.31391326458686486,
  "16": -0.07735680012181384,
  "17": -0.3016442561375495,
  "18": 0.19233914605822383,
  "19": 0.18587656658851423,
  "20": 0.052390743244473,
  "21": 0.10761796532921626,
  "22": -0.269767330163835,
  "23": 0.11795898403116356,
  "24": -0.2386086858032584,
  "25": 0.03574938557932471,
  "26": -0.033485161029890353,
  "27": 0.23769813249817415,
  "28": 0.004538077559352229,
  "29": -0.12228571385891038,
  "30": 0.009649648949952988,
  "31": 0.04778368011974587,
  "32": -0.07274409309047952,
  "33": 0.11828285734962045,
  "34": 0.06825008290492537,
  "35": 0.08821559227331999,
  "36": -0.11312460525763861,
  "37": 0.05844853008619628,
  "38": -0.05042249041131389,
  "39": -0.17664039819727018,
  "40": 0.1267047965039783,
  "41": 0.019585058692581526,
  "42": -0.028224146415888197,
  "43": 0.14993529605902334,
  "44": 0.030031094944516296,
  "45": -0.15346145062093325,
  "46": -0.07894240220602168,
  "47": 0.0,
  "48": 0.04144966529718165,
  "49": -0.08417466943199996,
  "50": 0.05915482478130293,
  "51": -0.005635937779731127,
  "52": 0.13187667410888362,
  "53": -0.020001912495367202,
  "54": 0.018820893143998138,
  "55": -0.09961222834722153,
  "56": -0.015205042860063855,
  "57": 0.015952575973381667,
  "58": 0.011143430962615088,
  "59": -0.024345091791295227,
  "60": -0.016221250851150466,
  "61": -0.025650899152218205,
  "62": 0.019814993882513125,
  "63": 0.01478485692153178
}