epoch,beta,coefficient,loss,expected_cut,best_measured_cut,success_probability_ancilla_1,max_postselected_probability,grad
0,-0.22146880253752677,-0.13692164135883172,-0.9999999999988798,0.9999999999988798,1.0,0.00892668267494695,0.18651261056044746,2.849692663161048e-12
1,-0.2214689299552935,-0.1369217176159294,-0.9999999999988796,0.9999999999988796,1.0,0.008926685569301547,0.18651261456666823,2.850080420432724e-12
2,-0.22146908597244655,-0.1369218109892073,-0.9999999999988797,0.9999999999988797,1.0,0.008926689113306643,0.18651261947206518,2.850013319752161e-12
3,-0.22146926610429613,-0.13692191879466134,-0.9999999999988797,0.9999999999988797,1.0,0.008926693205091435,0.18651262513561417,2.8512578598802306e-12
4,-0.22146946744913865,-0.13692203929567442,-0.9999999999988797,0.9999999999988797,1.0,0.008926697778743359,0.18651263146606323,2.850442977429118e-12
5,-0.22146968798111424,-0.1369221712798052,-0.99999999999888,0.99999999999888,1.0,0.00892670278824504,0.1865126383996986,2.851883788571843e-12
6,-0.22146992611154578,-0.13692231379625797,-0.9999999999988797,0.9999999999988797,1.0,0.008926708197509924,0.18651264588655214,2.8499672798355656e-12
