epoch,beta,coefficient,loss,expected_cut,best_measured_cut,success_probability_ancilla_1,max_postselected_probability,grad
0,-0.2551830001318851,-0.15694425460856815,-0.9999999999971096,0.9999999999971096,0.0,0.003459807087149914,0.06249999999981935,2.167118127369799e-11
1,-0.25518396896960377,-0.15694482536650517,-0.9999999999971096,0.9999999999971096,0.0,0.0034598322226401883,0.06249999999981935,2.1671573264383333e-11
2,-0.25518515522988755,-0.1569455242112082,-0.9999999999971099,0.9999999999971099,0.0,0.0034598629990408667,0.06249999999981937,2.167156996966731e-11
3,-0.25518652468987785,-0.156946330981242,-0.9999999999971096,0.9999999999971096,0.0,0.0034598985285315487,0.06249999999981935,2.1674288418314824e-11
4,-0.2551880553859399,-0.15694723273728303,-0.9999999999971099,0.9999999999971099,0.0,0.0034599382413432462,0.06249999999981937,2.1672311465161354e-11
5,-0.2551897317039331,-0.15694822028059982,-0.9999999999971094,0.9999999999971094,0.0,0.0034599817324372445,0.06249999999981934,2.167033969923017e-11
6,-0.2551915418517475,-0.1569492866640825,-0.9999999999971096,0.9999999999971096,0.0,0.0034600286959329857,0.06249999999981935,2.1671496946702565e-11
