epoch,beta,coefficient,loss,expected_cut,best_measured_cut,success_probability_ancilla_1,max_postselected_probability,grad
0,0.23450669973149071,0.14470202743526422,-4.523311648988984,4.523311648988984,2.0,0.011817023090750991,0.06197348127247078,-0.052875256756784283
1,0.24447636411234192,0.15062012970988436,-4.523776390938766,4.523776390938766,2.0,0.01205791809575765,0.061956811836367115,-0.04865366853843987
2,0.25439359382792553,0.15647911088035138,-4.524199464682009,4.524199464682009,2.0,0.01230587595088942,0.06190443124372043,-0.04460494974082598
3,0.2642350823984651,0.16226480819482159,-4.524582292650429,4.524582292650429,2.0,0.012559973457708512,0.06181986386362805,-0.040744266491917064
4,0.2739766790072953,0.16796289402635006,-4.524926580513426,4.524926580513426,2.0,0.012819193962641912,0.06170675254200844,-0.0370831115889693
5,0.28359373390075127,0.17355910207751338,-4.5252342738320745,4.5252342738320745,2.0,0.013082440155487833,0.06156879208114968,-0.033629379499380364
6,0.29306147105604374,0.1790394595334206,-4.525507510649774,4.525507510649774,2.0,0.013348549824455953,0.061409664227427,-0.03038753891781445
7,0.30235537390391015,0.18439051562760156,-4.525748571989735,4.525748571989735,2.0,0.013616313990787119,0.06123297660673177,-0.027358889767719732
