epoch,beta,coefficient,loss,expected_cut,best_measured_cut,success_probability_ancilla_1,max_postselected_probability,grad
0,0.21608836251255603,0.13369780194866032,-5.190733656655109,5.190733656655109,5.0,0.04740303266065912,0.09128589684337964,0.20593847979215432
1,0.20610851603440622,0.12769865672196998,-5.192607318734001,5.192607318734001,5.0,0.047202931754735375,0.0910071486051487,0.19393607001434054
2,0.19616557924085926,0.12169744800787181,-5.194348016294889,5.194348016294889,5.0,0.04701193326464214,0.09070974590236071,0.18147334625080802
3,0.18627925339282864,0.11570744472931555,-5.195949521566995,5.195949521566995,5.0,0.046830442406989546,0.09039434258781137,0.16858711968672496
4,0.17647253238746516,0.10974408347800048,-5.197406453508169,5.197406453508169,5.0,0.046658843955567575,0.09006190268691286,0.1553230251447297
5,0.1667720645849602,0.10382519795099598,-5.198714534699262,5.198714534699262,5.0,0.04649749247662311,0.08971374659562266,0.14173631990920216
6,0.15720848903000584,0.09797122991741924,-5.199870874079902,5.199870874079902,5.0,0.046346700964774876,0.08935159719884328,0.12789259133557906
7,0.14781670920030432,0.09220539786106695,-5.200874267229425,5.200874267229425,5.0,0.04620672795805901,0.08897762276612438,0.11386830413968806
8,0.13863605381144092,0.08655379086007084,-5.201725500044073,5.201725500044073,5.0,0.04607776340703729,0.08859447216976715,0.09975109678415674
9,0.1297102603848048,0.08104534661412616,-5.2024276343684805,5.2024276343684805,5.0,0.04595991385395349,0.08820529654590893,0.08563971510409654
10,0.12108720622137652,0.07571166573124438,-5.202986246020946,5.202986246020946,5.0,0.04585318783898858,0.08781375022297466,0.07164345374628506
11,0.1128183078258388,0.07058661244180109,-5.203409578070639,5.203409578070639,5.0,0.04575748286009332,0.0874239629794809,0.05788096866691118
12,0.1049575197138933,0.06570565862957052,-5.203708567455939,5.203708567455939,5.0,0.04567257559762643,0.08704047602005917,0.0444783358374312
13,0.09755989280742063,0.06110494714893635,-5.203896704106599,5.203896704106599,5.0,0.04559811735484348,0.08666813607573681,0.03156627245978681
14,0.09067970433863291,0.05682008367636719,-5.203989691726595,5.203989691726595,5.0,0.045533636606986304,0.08631194616220719,0.019276515075524758
15,0.08436824210746895,0.05288471162596362,-5.204004900094658,5.204004900094658,5.0,0.04547855005404973,0.08597687768678443,0.007737464079623677
