epoch,beta,coefficient,loss,expected_cut,best_measured_cut,success_probability_ancilla_1,max_postselected_probability,grad
0,-0.2103730501152223,-0.13026522367614604,-5.243607503347628,5.243607503347628,5.0,0.04760074710710374,0.07148532616908436,-0.012996605710163254
1,-0.205341624760358,-0.12723663617115066,-5.243573569948932,5.243573569948932,5.0,0.04750225830652384,0.07132540585865221,0.0027227125718867775
2,-0.20635259999038488,-0.12784567711126718,-5.24358364764899,5.24358364764899,5.0,0.04752187662211951,0.0713578617000836,0.010782276355885575
3,-0.2098270803790082,-0.12993688867195688,-5.243605779445424,5.243605779445424,5.0,0.04758995693044587,0.07146816717776797,0.00915497009033708
4,-0.2137090750129153,-0.13226981986661177,-5.2436077520491295,5.2436077520491295,5.0,0.047667219794815675,0.0715891470858812,0.003592493098343925
5,-0.21635221382192912,-0.13385606939163816,-5.243595466782683,5.243595466782683,5.0,0.04772054469065552,0.07167015563283288,-0.002566236766199299
6,-0.21691374213441703,-0.13419283489034575,-5.243591443388191,5.243591443388191,5.0,0.04773194810512431,0.07168722373962223,-0.0067250306117415375
