epoch,beta,coefficient,loss,expected_cut,best_measured_cut,success_probability_ancilla_1,max_postselected_probability,grad
0,0.26926602950675305,0.16521116927990526,-4.813276953134899,4.813276953134899,4.0,0.02531133017051106,0.0463439637563321,-0.1099270854832936
1,0.2792036045965532,0.17100809631286445,-4.814153851349218,4.814153851349218,4.0,0.02557416671618963,0.04657008194818617,-0.09529433998157956
2,0.2890260083570483,0.17670711271667347,-4.81488625412616,4.81488625412616,4.0,0.0258413058336683,0.04677678916145718,-0.08127488942969595
3,0.2986713413858183,0.18227284187362644,-4.815480506968433,4.815480506968433,4.0,0.02611055821808672,0.04696399594684571,-0.06794180537272484
4,0.30806856013118705,0.1876655352073655,-4.815945155912319,4.815945155912319,4.0,0.02637931603186476,0.04713181045733663,-0.05536472304159587
5,0.3171382559902578,0.19284165719370613,-4.8162909848804745,4.8162909848804745,4.0,0.026644567627240028,0.04728056048767316,-0.04360806379050657
6,0.3257944945563718,0.19775502449749296,-4.8165309100309415,4.8165309100309415,4.0,0.026902954114865374,0.047410808514682067,-0.03272895045686413
7,0.33394787893342287,0.2023585583363198,-4.816679687811033,4.816679687811033,4.0,0.027150876472958878,0.047523354817328396,-0.02277490450459828
8,0.3415097940887366,0.20660659536734513,-4.816753413479074,4.816753413479074,4.0,0.027384654306970884,0.04761922389746338,-0.01378151944733367
