epoch,beta,coefficient,loss,expected_cut,best_measured_cut,success_probability_ancilla_1,max_postselected_probability,grad
0,-0.22146911790307455,-0.13692183009907583,-4.4999999999949605,4.4999999999949605,2.0,0.00892784513002596,0.0466278035615347,1.2822921192339972e-11
1,-0.2214696912206596,-0.1369221732186105,-4.49999999999496,4.49999999999496,2.0,0.008927858153201827,0.046627808072309575,1.2824424253836467e-11
2,-0.22147039316569161,-0.13692259331907844,-4.499999999994957,4.499999999994957,2.0,0.008927874098249897,0.04662781359492941,1.2821822392789573e-11
3,-0.2214712035725596,-0.13692307833168885,-4.499999999994959,4.499999999994959,2.0,0.008927892507119782,0.04662781997064219,1.282747423944095e-11
4,-0.2214721094786346,-0.13692362049849816,-4.499999999994957,4.499999999994957,2.0,0.008927913085379687,0.04662782709736997,1.2828876255734097e-11
5,-0.22147310164735484,-0.13692421429154322,-4.499999999994963,4.499999999994963,2.0,0.008927935623236873,0.04662783490235239,1.2828748771236011e-11
6,-0.22147417298881483,-0.13692485546759406,-4.499999999994957,4.499999999994957,2.0,0.0089279599596607,0.046627843329719275,1.2823198080228904e-11
