epoch,beta,coefficient,loss,expected_cut,best_measured_cut,success_probability_ancilla_1,max_postselected_probability,grad
0,0.21294549609512192,0.13181123704002862,-5.179311981722726,5.179311981722726,5.0,0.04492582238969833,0.07264407034422973,0.05503178762649677
1,0.2031391394832669,0.12590893274206402,-5.1796366811128065,5.1796366811128065,5.0,0.04473048124163921,0.07233372945950423,0.04043910296701285
2,0.19379297903926243,0.12026196757550049,-5.179810033065831,5.179810033065831,5.0,0.04455194151925088,0.07202264853661106,0.025716550395694832
3,0.18533589273255005,0.11513471554976866,-5.17984966263269,5.17984966263269,5.0,0.044396909667198226,0.07172820707699325,0.01132168320837622
4,0.17833787185362962,0.11087998414506894,-5.179796556828393,5.179796556828393,5.0,0.04427337497584512,0.07147522075972537,-0.0019945844263360617
5,0.17332224282173975,0.10782403355508706,-5.179709899663275,5.179709899663275,5.0,0.04418750993382443,0.07128868177955545,-0.013211967830541498
6,0.1704996081552768,0.10610191860349653,-5.179643100197073,5.179643100197073,5.0,0.0441401773706295,0.07118178529313425,-0.02135723275997338
