{
  "0": 0.0,
  "1": -0.5420201085417661,
  "2": 0.5458904550267245,
  "3": -0.45507076806093094,
  "4": 0.748354836552098,
  "5": -0.0035376622062348938,
  "6": 0.44747767099821045,
  "7": -0.5433343343706147,
  "8": 0.01999492131285546,
  "9": -0.011284220055957344,
  "10": 0.3291672608690776,
  "11": -0.06470178873681584,
  "12": 0.03359774729665429,
  "13": -0.0360965967855662,
  "14": -0.053324953615647076,
  "15": -0.47739047743504864,
  "16": 0.008700449768050605,
  "17": -0.006562108740202043,
  "18": 0.006507214280155356,
  "19": -0.006359468225617534,
  "20": 0.010145402718916383,
  "21": -0.010753195529732628,
  "22": 0.012000283158922686,
  "23": -0.010302761188774136,
  "24": 0.005529425295294286,
  "25": -0.008555596223494243,
  "26": 0.004289907877506803,
  "27": -0.005802754287035223,
  "28": 0.008423527025967426,
  "29": -0.009245248505148023,
  "30": 0.006302500641873311,
  "31": -0.007244686708088084,
  "32": -0.007329657091466499,
  "33": 0.025779571076535522,
  "34": 0.1663629294382973,
  "35": -0.023679323829911825,
  "36": -0.036234600347655396,
  "37": -0.08973760942430746,
  "38": -0.006880996067624291,
  "39": -0.15717132466212658,
  "40": 0.006087579585270325,
  "41": 0.027596901186648964,
  "42": 0.07821548995996509,
  "43": -0.053729305620285515,
  "44": -0.05886377312407942,
  "45": 0.051658758862172346,
  "46": 0.14807018907007977,
  "47": 0.008912740427509717,
  "48": 0.0,
  "49": 0.001647889791065068,
  "50": -0.001377197984162772,
  "51": -0.0017676899196375348,
  "52": -0.0029698726609934632,
  "53": 0.0011975753732050962,
  "54": 0.0,
  "55": 0.0010835111775858222,
  "56": 0.003236205434337635,
  "57": 0.0,
  "58": 0.0033399092659066884,
  "59": 0.0,
  "60": 0.0026221244062970667,
  "61": -0.0029104833175780647,
  "62": 0.0007400272209442143,
  "63": 0.0006385921409293178
}