{
  "0": 0.0,
  "1": -0.23471643255847197,
  "2": 0.23326335449290203,
  "3": -0.0010556614816629845,
  "4": 0.16985663284048508,
  "5": -0.0014735941346230128,
  "6": 0.003365885490575356,
  "7": -0.20703355569424517,
  "8": -0.0720113390484929,
  "9": 0.0024251966177495582,
  "10": -0.003020515435167432,
  "11": 0.11503190120105232,
  "12": -0.0018172022685862639,
  "13": 0.13178904959464036,
  "14": -0.15212860990766341,
  "15": 0.0017831534679765815
}