epoch,beta,coefficient,loss,expected_cut,best_measured_cut,success_probability_ancilla_1,max_postselected_probability,grad
0,-0.2654266150664981,-0.16296332345732986,-6.429462860288888,6.429462860288888,4.0,0.04310045390267777,0.0684606369435147,-0.04284806341355625
1,-0.2555532482127004,-0.15716235360125863,-6.42975329801679,6.42975329801679,4.0,0.042864864999055265,0.06821727448625778,-0.033945305317307044
2,-0.2459614935943073,-0.1514993275072854,-6.429947863523663,6.429947863523663,4.0,0.04264322505207992,0.06796589220305276,-0.02483477260653518
3,-0.23688969508205876,-0.14611911401143668,-6.430049917814548,6.430049917814548,4.0,0.042440296419060455,0.06771437036190209,-0.015686285857034927
4,-0.22867473544933078,-0.14122741869258354,-6.430071640495342,6.430071640495342,4.0,0.04226225964185956,0.06747491590744342,-0.006771045979804824
5,-0.22172359887911014,-0.1370741236330131,-6.430036280414977,6.430036280414977,4.0,0.04211593364225435,0.0672635373377524,0.001515751737585207
6,-0.21641030759091057,-0.1338909137207867,-6.429975394184294,6.429975394184294,4.0,0.04200679241007953,0.0670965079799407,0.0086812068664423
