epoch,beta,coefficient,loss,expected_cut,best_measured_cut,success_probability_ancilla_1,max_postselected_probability,grad
0,-0.21616862413328766,-0.13374594761832617,-6.644084783841018,6.644084783841018,5.0,0.05425335602202886,0.05919648568509766,-0.07129628528692893
1,-0.2062482680291292,-0.12778283607132745,-6.644625588655195,6.644625588655195,5.0,0.054048885469799995,0.058898821921902274,-0.060168132930782624
2,-0.19649150822336375,-0.12189454021652346,-6.645046089188206,6.645046089188206,5.0,0.05385573290525911,0.058594837399116154,-0.048809168502062836
3,-0.1870156515034826,-0.11615438544475731,-6.64534605704381,6.64534605704381,5.0,0.05367581528874293,0.058288926607478246,-0.037339380394555095
4,-0.17797931382398705,-0.11066169762842093,-6.645530303481715,6.645530303481715,5.0,0.05351139907458168,0.057987402893070826,-0.02592930341845581
5,-0.16958549600760797,-0.10554385721028033,-6.645610602782597,6.645610602782597,5.0,0.05336502244133921,0.05769875838244525,-0.014812308852492299
6,-0.16207201661192966,-0.10095049505582941,-6.645606972970482,6.645606972970482,5.0,0.05323924984011787,0.0574334125600124,-0.004290151979456372
