epoch,beta,coefficient,loss,expected_cut,best_measured_cut,success_probability_ancilla_1,max_postselected_probability,grad
0,-0.2590265859644799,-0.15920639066064377,-6.81060491533601,6.81060491533601,7.0,0.06180974896182089,0.09075204868201142,-0.0485763079510396
1,-0.2492008538507787,-0.1534148431169075,-6.810902917073141,6.810902917073141,7.0,0.06160355475450833,0.09052764389485764,-0.03643350819084331
2,-0.23978066266282722,-0.14783616581205958,-6.811074041035349,6.811074041035349,7.0,0.06141276018333418,0.09029921053952904,-0.024169903638036967
3,-0.23113342884486562,-0.14269340005969094,-6.811130034604932,6.811130034604932,7.0,0.06124367540305372,0.09007793505905894,-0.012113540761967178
4,-0.2237594550674756,-0.13829186677141836,-6.811099779253007,6.811099779253007,7.0,0.061104144885250636,0.08988039746628321,-0.0007982872454281965
5,-0.21816657155419691,-0.13494390316627733,-6.811028162099095,6.811028162099095,7.0,0.061001215542891375,0.08972510472352424,0.009031419295210641
6,-0.21464484478103066,-0.1328316143438436,-6.8109612678268485,6.8109612678268485,7.0,0.060937699617558114,0.08962488789136137,0.0165937698287574
