epoch,beta,coefficient,loss,expected_cut,best_measured_cut,success_probability_ancilla_1,max_postselected_probability,grad
0,-0.3082541029253863,-0.23471463662471362,-2.9999999999978115,2.9999999999978115,0.0,0.013709626702509643,0.015624999999988603,1.3280334897488949e-11
1,-0.30825469660918414,-0.23471506125945263,-2.9999999999978124,2.9999999999978124,0.0,0.013709676080239349,0.015624999999988606,1.3278333827284322e-11
2,-0.308255423421033,-0.23471558111436366,-2.9999999999978098,2.9999999999978098,0.0,0.013709736530559648,0.015624999999988592,1.327394056430206e-11
3,-0.3082562624520012,-0.23471618123414142,-2.9999999999978115,2.9999999999978115,0.0,0.01370980631448774,0.0156249999999886,1.3277317329823713e-11
4,-0.30825720015666264,-0.2347168519302606,-2.9999999999978115,2.9999999999978115,0.0,0.013709884305475317,0.015624999999988603,1.3270541364812489e-11
