epoch,beta,coefficient,loss,expected_cut,best_measured_cut,success_probability_ancilla_1,max_postselected_probability,grad
0,0.3891934198985457,0.29111935401668854,-2.9999999999996647,2.9999999999996647,1.0,0.0897739755530337,0.08836791376408325,-2.708092324694017e-13
1,0.3891934320197222,0.2911193622286704,-2.9999999999996665,2.9999999999996665,1.0,0.08977397643529852,0.08836791361019188,-2.713728220999643e-13
2,0.38919344685549717,0.2911193722797669,-2.999999999999665,2.999999999999665,1.0,0.08977397751515107,0.08836791342183563,-2.70815848580215e-13
3,0.3891934639833949,0.2911193838837547,-2.999999999999665,2.999999999999665,1.0,0.08977397876184054,0.0883679132043784,-2.7106991668795604e-13
4,0.3891934831278673,0.29111939685395244,-2.999999999999666,2.999999999999666,1.0,0.08977398015531059,0.08836791296131853,-2.7100154267341665e-13
