epoch,beta,coefficient,loss,expected_cut,best_measured_cut,success_probability_ancilla_1,max_postselected_probability,grad
0,-0.3322958419862912,-0.2517846570028575,-2.999999999999332,2.999999999999332,1.0,0.04487282344038862,0.04630038087077051,1.2299085269344565e-12
1,-0.33229589694969025,-0.25178469573449175,-2.9999999999993303,2.9999999999993303,1.0,0.04487282797503633,0.04630038077110576,1.2288152022954608e-12
2,-0.33229596430243935,-0.2517847431966572,-2.9999999999993334,2.9999999999993334,1.0,0.044872833531843764,0.04630038064897488,1.2319824589281685e-12
3,-0.3322960420137507,-0.2517847979582964,-2.999999999999332,2.999999999999332,1.0,0.044872839943265214,0.04630038050805982,1.2280565276055108e-12
4,-0.3322961288435639,-0.25178485914556203,-2.999999999999332,2.999999999999332,1.0,0.04487284710699226,0.04630038035060891,1.227783788056601e-12
