epoch,beta,coefficient,loss,expected_cut,best_measured_cut,success_probability_ancilla_1,max_postselected_probability,grad
0,0.34401200092938566,0.26000953669608134,-2.999999999999001,2.999999999999001,1.0,0.030055096759073106,0.031166848497076925,-2.902623336837521e-12
1,0.3440121307842649,0.26000962750630274,-2.9999999999990026,2.9999999999990026,1.0,0.03005510811219312,0.031166847931469992,-2.906012808810609e-12
2,0.3440122897548724,0.2600097386777487,-2.9999999999990017,2.9999999999990017,1.0,0.03005512201088456,0.03116684723904184,-2.903007876990807e-12
3,0.3440124732310877,0.26000986698646017,-2.9999999999990017,2.9999999999990017,1.0,0.030055138052089946,0.031166846439871543,-2.901665243325429e-12
4,0.34401267833358856,0.26001001041886207,-2.9999999999990035,2.9999999999990035,1.0,0.030055155984074156,0.0311668455464994,-2.904493796875772e-12
