epoch,beta,coefficient,loss,expected_cut,best_measured_cut,success_probability_ancilla_1,max_postselected_probability,grad
0,-0.43530109090591984,-0.42908078563024027,-5.499999999999753,5.499999999999753,3.0,0.222946949445495,0.04346958343236688,1.9858210908467773e-13
1,-0.4353010997710975,-0.42908079335522437,-5.499999999999755,5.499999999999755,3.0,0.2229469510359009,0.04346958345071563,1.9801028888421226e-13
2,-0.43530111060922155,-0.4290808027994045,-5.499999999999755,5.499999999999755,3.0,0.2229469529802519,0.043469583473147874,1.9745246085054391e-13
3,-0.4353011231254703,-0.42908081370587753,-5.499999999999755,5.499999999999755,3.0,0.22294695522565713,0.0434695834990534,1.982252001470161e-13
4,-0.4353011371478547,-0.4290808259247746,-5.499999999999753,5.499999999999753,3.0,0.22294695774126205,0.04346958352807623,1.9992002549731963e-13
