epoch,beta,coefficient,loss,expected_cut,best_measured_cut,success_probability_ancilla_1,max_postselected_probability,grad
0,0.4905704529017007,0.4761283436703793,-6.24815669363511,6.24815669363511,6.0,0.4011895045542573,0.03867772804566037,0.06789324275173174
1,0.48063553368387374,0.4678380649289073,-6.248691803015024,6.248691803015024,6.0,0.40093114904183935,0.03873506388961199,0.05860320194572245
2,0.47083147859548513,0.4595845204558732,-6.249125550032815,6.249125550032815,6.0,0.400684506431076,0.0387891413119443,0.04906929690627926
3,0.4612478572561765,0.45144760092826025,-6.249456223485996,6.249456223485996,6.0,0.40045169678693904,0.03883950494501041,0.0393650370283305
4,0.4520039990176891,0.44353518327708075,-6.249685247992652,6.249685247992652,6.0,0.40023518639966565,0.03888565686509743,0.02959666286578812
5,0.44325329921105927,0.43598757148348116,-6.249818520525034,6.249818520525034,6.0,0.4000377526389084,0.0389270762305558,0.019912326554517957
6,0.43518195784960784,0.42897696978746247,-6.2498676669167725,6.2498676669167725,6.0,0.39986233637586777,0.03896326127526949,0.01050964064702138
7,0.42799698557308746,0.42269710519463766,-6.24985056398991,6.24985056398991,6.0,0.39971173334680477,0.038993797582438774,0.001636489089047725
