{
  "0": 0.0,
  "1": -0.24005620361743524,
  "2": 0.23963941990197055,
  "3": -0.0019142703782589116,
  "4": 0.0,
  "5": 0.0,
  "6": 0.001668653440736927,
  "7": 0.0011409351731215987,
  "8": 0.0,
  "9": 0.0020953363729822546,
  "10": -0.0011959862838991859,
  "11": 0.0,
  "12": -0.001829399570561639,
  "13": 0.0,
  "14": 0.0,
  "15": -0.0019378372268423112
}