epoch,beta,coefficient,loss,expected_cut,best_measured_cut,success_probability_ancilla_1,max_postselected_probability,grad
0,0.2373248353018074,0.14637770805741268,-4.436058556276125,4.436058556276125,6.0,0.06008934155354835,0.2596467355924979,0.15312015946306043
1,0.22739448705779444,0.14046343535595568,-4.437250822314236,4.437250822314236,6.0,0.05989138952466799,0.2605480009162501,0.131205764672253
2,0.21760473917099926,0.13460713583121892,-4.438205670500497,4.438205670500497,6.0,0.059703910285063236,0.261406427367712,0.10881775785799218
3,0.2080523928241313,0.12886911660031528,-4.438920907894841,4.438920907894841,6.0,0.05952845597983801,0.26221401692593505,0.08615774997584374
4,0.1988662309390801,0.12332980188686239,-4.439402377189981,4.439402377189981,6.0,0.05936681630302573,0.26296157871487713,0.06350632224755391
5,0.19021066225931593,0.11809211255253847,-4.4396670605281034,4.4396670605281034,6.0,0.059220973453257546,0.2636389525353917,0.04124185361860573
6,0.18228235089720832,0.11327950869003994,-4.439745680159336,4.439745680159336,6.0,0.0590929631467969,0.2642356889590466,0.019852554194887035
7,0.1752944478966515,0.10902630561082695,-4.439683087355165,4.439683087355165,6.0,0.05898461374567169,0.2647423220822933,-7.132871752719153e-05
8,0.16944644182151672,0.1054589502076382,-4.439534513353573,4.439534513353573,6.0,0.05889719654684168,0.26515207685700964,-0.017881112257036452
