epoch,beta,coefficient,loss,expected_cut,best_measured_cut,success_probability_ancilla_1,max_postselected_probability,grad
0,-0.24918296141042895,-0.15340427114982758,-3.9687909016738683,3.9687909016738683,6.0,0.056937648335051085,0.26314219412515005,0.09975189898752451
1,-0.2590872202525543,-0.15924204174301476,-3.9695209675338288,3.9695209675338288,6.0,0.05702695213562733,0.26296708261393387,0.08226243035404125
2,-0.26880042348292205,-0.16493881341366165,-3.97007426261324,3.97007426261324,6.0,0.05712228550819558,0.2627567414892599,0.06520871794516522
3,-0.27819648461846197,-0.17042201800711282,-3.9704588587252116,3.9704588587252116,6.0,0.057221680674541545,0.26251774375235515,0.048766008632749686
4,-0.28711532954570756,-0.17560095933357225,-3.970689383358507,3.970689383358507,6.0,0.05732243687232163,0.2622593511290919,0.033145565406735925
5,-0.29536599178073386,-0.18036898671705054,-3.970788134621533,3.970788134621533,6.0,0.057421103636608274,0.2619936396772341,0.018594276899604557
6,-0.3027405904940266,-0.1846116843179758,-3.970784969680663,3.970784969680663,6.0,0.057513658233810064,0.261734960491752,0.005384732741698777
