epoch,beta,coefficient,loss,expected_cut,best_measured_cut,success_probability_ancilla_1,max_postselected_probability,grad
0,-0.225700481812598,-0.13945187220904012,-2.999999999998111,2.999999999998111,1.0,0.015873166509590284,0.07714063504205539,2.672228548404186e-12
1,-0.22570060125506644,-0.1394519435601405,-2.9999999999981113,2.9999999999981113,1.0,0.015873169190690737,0.07714063616907481,2.670872145522469e-12
2,-0.22570074752617814,-0.1394520309378069,-2.99999999999811,2.99999999999811,1.0,0.015873172474009906,0.07714063754923217,2.672580131183181e-12
3,-0.22570091639510434,-0.1394521318146751,-2.9999999999981117,2.9999999999981117,1.0,0.01587317626458014,0.07714063914260263,2.6725712907678272e-12
4,-0.22570110512679029,-0.1394522445569086,-2.999999999998111,2.999999999998111,1.0,0.015873180501009086,0.07714064092337486,2.6708279233210324e-12
5,-0.22570131180196049,-0.1394523680179911,-2.99999999999811,2.99999999999811,1.0,0.01587318514021603,0.07714064287343513,2.670699470202413e-12
6,-0.2257015349873033,-0.13945250134170564,-2.999999999998111,2.999999999998111,1.0,0.015873190150028544,0.07714064497925519,2.6719807769665372e-12
