epoch,beta,coefficient,loss,expected_cut,best_measured_cut,success_probability_ancilla_1,max_postselected_probability,grad
0,-0.2542349610758705,-0.15638561724326858,-2.999999999997174,2.999999999997174,1.0,0.010619760290084145,0.04674347715247855,6.777109785622022e-12
1,-0.2542352641805803,-0.1563857958916142,-2.999999999997175,2.999999999997175,1.0,0.010619768016230357,0.046743477720455784,6.781704171883692e-12
2,-0.254235635316154,-0.15638601463696186,-2.9999999999971747,2.9999999999971747,1.0,0.010619777476495274,0.04674347841587657,6.779773547146976e-12
3,-0.25423606378034774,-0.15638626717144521,-2.9999999999971756,2.9999999999971756,1.0,0.010619788398083882,0.04674347921866699,6.780887484221917e-12
4,-0.254236542664258,-0.15638654942297361,-2.999999999997174,2.999999999997174,1.0,0.010619800604893363,0.04674348011586174,6.778161815489478e-12
5,-0.2542370672043951,-0.1563868585839525,-2.9999999999971747,2.9999999999971747,1.0,0.010619813975507465,0.04674348109851607,6.784542755094882e-12
6,-0.2542376336496116,-0.15638719244345656,-2.9999999999971747,2.9999999999971747,1.0,0.010619828414314548,0.04674348215958228,6.781922354940399e-12
