epoch,beta,coefficient,loss,expected_cut,best_measured_cut,success_probability_ancilla_1,max_postselected_probability,grad
0,-0.2419346843449894,-0.1491140021119566,-4.244920898353902,4.244920898353902,6.0,0.05287631040900755,0.29542359254630673,0.030260715656820935
1,-0.25009863782585784,-0.1539451910349887,-4.24489878556253,4.24489878556253,6.0,0.05289932269401447,0.2952767941263345,0.006769131535876466
2,-0.25364242186797736,-0.15603632620493404,-4.244841326207598,4.244841326207598,6.0,0.052911103619492396,0.29520253657428,-0.012144725315958489
3,-0.25309599931447724,-0.1557141289664285,-4.244852063490079,4.244852063490079,6.0,0.05290921677391567,0.2952143993842454,-0.02027525200490711
4,-0.250286033710744,-0.15405586200070664,-4.24489646928812,4.24489646928812,6.0,0.05289991862520345,0.295273026236088,-0.019024839021446478
5,-0.24650432123643892,-0.15182052497952092,-4.244927542500534,4.244927542500534,6.0,0.05288847920175611,0.29534561441715085,-0.01257590586170956
6,-0.24278295105984765,-0.1496168639255752,-4.244925801807238,4.244925801807238,6.0,0.052878431974428194,0.29540992630111357,-0.0038483756541261528
