epoch,beta,coefficient,loss,expected_cut,best_measured_cut,success_probability_ancilla_1,max_postselected_probability,grad
0,0.23205224205594097,0.14324081781435843,-2.999999999998379,2.999999999998379,1.0,0.018505101209953148,0.09255281781620078,-1.972072774874015e-12
1,0.23205233027386307,0.1432408703625296,-2.9999999999983786,2.9999999999983786,1.0,0.01850510319763699,0.09255281827087602,-1.974069058928685e-12
2,0.2320524383106836,0.14324093471608668,-2.9999999999983804,2.9999999999983804,1.0,0.01850510563187164,0.09255281882769345,-1.9740935544283507e-12
3,0.23205256300406193,0.14324100899133818,-2.999999999998378,2.999999999998378,1.0,0.018505108441405255,0.09255281947035172,-1.9720988189873883e-12
4,0.2320527023854857,0.1432410920157122,-2.999999999998381,2.999999999998381,1.0,0.018505111581884684,0.09255282018870307,-1.9733711656902595e-12
5,0.23205285500418543,0.14324118292503724,-2.9999999999983795,2.9999999999983795,1.0,0.018505115020622385,0.09255282097526771,-1.971476108186946e-12
6,0.23205301983493046,0.14324128110861975,-2.999999999998379,2.999999999998379,1.0,0.018505118734518766,0.09255282182475942,-1.9743602719046803e-12
