epoch,beta,coefficient,loss,expected_cut,best_measured_cut,success_probability_ancilla_1,max_postselected_probability,grad
0,0.33033021152381414,0.2503986439623894,-2.9985242041851645,2.9985242041851645,2.0,0.03316698691614548,0.12481552552322088,-0.15458797109444306
1,0.34009487879093686,0.2572666686198814,-2.9993862047370285,2.9993862047370285,2.0,0.03399803477981386,0.12492327559220219,-0.10898397617634005
2,0.3493626931071221,0.2637447352638511,-2.999850915255397,2.999850915255397,2.0,0.03480204191479274,0.1249813644069965,-0.06816472588326201
3,0.3577880115604882,0.2695990476100895,-2.999998782739363,2.999998782739363,2.0,0.03554542750548514,0.12499984784249069,-0.032624546542903206
4,0.3649856053838596,0.2745735563656572,-2.999933549827703,2.999933549827703,2.0,0.03618960550069382,0.12499169372853201,-0.0028700390799093253
5,0.3706273995979667,0.2784553559371199,-2.999767171552981,2.999767171552981,2.0,0.036700255582211155,0.1249708964441908,0.02072354911664797
