{
  "0": 0.0,
  "1": -0.4276419952906388,
  "2": 0.45555285546747964,
  "3": -0.518298475891243,
  "4": 0.6835462426100308,
  "5": -0.005272186240099482,
  "6": 0.5411949354082554,
  "7": -0.45595280883697825,
  "8": -0.0013507347884217662,
  "9": 0.008216472764721226,
  "10": 0.3321439911617162,
  "11": -0.08351404897851099,
  "12": -0.017980132075462545,
  "13": -0.007933254876903502,
  "14": -0.05991423136900362,
  "15": -0.47473497710150075,
  "16": 0.008775463535122189,
  "17": -0.007368290239166896,
  "18": 0.009463574163144615,
  "19": -0.0072566211399037435,
  "20": 0.013790213037793878,
  "21": -0.013684026323191621,
  "22": 0.011863902354022538,
  "23": -0.016489907765661022,
  "24": 0.006617985003108507,
  "25": -0.011226093814125093,
  "26": 0.010195702441175946,
  "27": -0.010855685551448046,
  "28": 0.014133205922980067,
  "29": -0.011119837927357682,
  "30": 0.01063635952591348,
  "31": -0.016003394216054283,
  "32": 0.029474239145231014,
  "33": 0.061043884425489595,
  "34": 0.14856782544390784,
  "35": -0.05950705116109825,
  "36": -0.07718530907243458,
  "37": -0.17368100719308965,
  "38": 0.039737587508923256,
  "39": -0.14728163262332303,
  "40": 0.055498722357037976,
  "41": 0.030666367882050655,
  "42": 0.09500774271781091,
  "43": -0.0632049840002486,
  "44": -0.07846658768514012,
  "45": 0.0,
  "46": 0.16895340548733717,
  "47": 0.013634395194476928,
  "48": -0.00240831925433282,
  "49": 0.0009232226831799409,
  "50": -0.0011419409047301447,
  "51": 0.003501442145910304,
  "52": -0.004549708004887521,
  "53": 0.005238272206865053,
  "54": -0.007174386794383559,
  "55": 0.0066478542601403606,
  "56": -0.0024226817573415127,
  "57": 0.0,
  "58": -0.0015053915316676314,
  "59": 0.0041356769255251205,
  "60": -0.0012451936543344843,
  "61": 0.006062856996813003,
  "62": -0.0069466815009547106,
  "63": 0.0052218937101210046
}