epoch,beta,coefficient,loss,expected_cut,best_measured_cut,success_probability_ancilla_1,max_postselected_probability,grad
0,-0.3658804325701891,-0.27519026413811204,-3.999999999997872,3.999999999997872,0.0,0.018813242717738037,0.015624999999991687,1.0579379814153236e-11
1,-0.3658809057367724,-0.27519059013854336,-3.9999999999978737,3.9999999999978737,0.0,0.01881328700981986,0.015624999999991694,1.0587157414330771e-11
2,-0.365881485095385,-0.27519098930258945,-3.999999999997872,3.999999999997872,0.0,0.018813341242353322,0.015624999999991687,1.058353715801813e-11
3,-0.36588215389217615,-0.27519145008717205,-3.999999999997873,3.999999999997873,0.0,0.018813403847073355,0.01562499999999169,1.0582641553498937e-11
4,-0.36588290143998337,-0.2751919651290172,-3.9999999999978755,3.9999999999978755,0.0,0.01881347382360349,0.015624999999991701,1.0583422931967588e-11
