epoch,beta,coefficient,loss,expected_cut,best_measured_cut,success_probability_ancilla_1,max_postselected_probability,grad
0,-0.3204623673333738,-0.2434144758650919,-3.9999999999991536,3.9999999999991536,3.0,0.04722345374948771,0.04621486901070457,1.4324079717103112e-12
1,-0.3204624313356049,-0.24341452130398364,-3.999999999999152,3.999999999999152,3.0,0.04722345885872527,0.04621486922230714,1.430683728462147e-12
2,-0.32046250972241874,-0.2434145769553215,-3.9999999999991513,3.9999999999991513,3.0,0.04722346511627143,0.04621486948146665,1.4324963686084266e-12
3,-0.3204626002567898,-0.24341464123091028,-3.9999999999991527,3.9999999999991527,3.0,0.04722347234354712,0.04621486978078665,1.4342518715088624e-12
4,-0.32046270145557887,-0.24341471307778226,-3.9999999999991527,3.9999999999991527,3.0,0.04722348042215521,0.04621487011536306,1.4327749978105612e-12
