epoch,beta,coefficient,loss,expected_cut,best_measured_cut,success_probability_ancilla_1,max_postselected_probability,grad
0,0.3761849591963463,0.2822640466088345,-4.028775722057981,4.028775722057981,3.0,0.06514104706232673,0.060082824466189226,-0.03183676928722511
1,0.3861616718986214,0.28906306906467094,-4.029062651396576,4.029062651396576,3.0,0.06600853127780505,0.0599919220609172,-0.02976214448350522
2,0.3960988153941759,0.2957856758615167,-4.029329080272787,4.029329080272787,3.0,0.06688599076975853,0.05988931212407586,-0.027770730708054657
3,0.4059795219691722,0.30242040203699017,-4.029575599302526,4.029575599302526,3.0,0.06777117162638113,0.0597762066782008,-0.025865017935723652
4,0.41578658391541046,0.30895594770682516,-4.029802884045566,4.029802884045566,3.0,0.06866172233740298,0.0596538363645742,-0.024046734127761173
5,0.4255026179684993,0.315381299549433,-4.030011684543451,4.030011684543451,3.0,0.06955521845924453,0.05952343620520316,-0.022316867230527546
