epoch,beta,coefficient,loss,expected_cut,best_measured_cut,success_probability_ancilla_1,max_postselected_probability,grad
0,0.29601296122675,0.22592740202353376,-4.336859241089103,4.336859241089103,6.0,0.18579922713460612,0.07647801600384355,0.08266465347017148
1,0.2860741739521889,0.21874712871660995,-4.337518048522956,4.337518048522956,6.0,0.18546355393479452,0.0764419193533618,0.07180497094983315
2,0.27625674618812385,0.21161539344527905,-4.338059281929115,4.338059281929115,6.0,0.18514620203306348,0.07639755833238007,0.06072031379790821
3,0.2666407558546348,0.2045933104479775,-4.338481313638406,4.338481313638406,6.0,0.18484937590197015,0.0763455652640773,0.049494323363566455
4,0.2573307252052122,0.19776104258495447,-4.33878570709608,4.33878570709608,6.0,0.1845754886951547,0.07628703632123854,0.03824102185741074
5,0.24845893474359218,0.19122049214166187,-4.3389784263843945,4.3389784263843945,6.0,0.18432708983212592,0.07622365138732257,0.027111814409210497
6,0.24018499262233364,0.1850951583735197,-4.339070984556282,4.339070984556282,6.0,0.1841067053343861,0.07615775508055109,0.01630087630643688
7,0.23268826280001242,0.17952452126007556,-4.339081037008858,4.339081037008858,6.0,0.18391656898541398,0.0760923313163545,0.006045320489366315
