epoch,beta,coefficient,loss,expected_cut,best_measured_cut,success_probability_ancilla_1,max_postselected_probability,grad
0,0.23640716403177198,0.1458322954612002,-2.999427061939829,2.999427061939829,3.0,0.00568700184081264,0.12492838274291836,0.17050007335057163
1,0.22689405667930618,0.1401646864096641,-2.999983273169893,2.999983273169893,3.0,0.005460732582975873,0.12499790914669454,0.09762805102929122
2,0.2190035667927058,0.13544545480613823,-2.9998293504806934,2.9998293504806934,3.0,0.005279143296319477,0.12497866881056012,0.017452650931197834
3,0.21443991145061567,0.1327086004784877,-2.9994581124010797,2.9994581124010797,3.0,0.005176672234555428,0.12493226405061794,-0.057858128277577095
4,0.21349929529359063,0.13214384706170018,-2.9993542730230165,2.9993542730230165,3.0,0.005155786678616044,0.12491928412836202,-0.10532815230423094
5,0.21511295060916213,0.13311256089015325,-2.9995265799206963,2.9995265799206963,3.0,0.005191665847825673,0.12494082249056858,-0.11548343323078647
6,0.21823200740144005,0.1349831207161013,-2.9997816985248944,2.9997816985248944,3.0,0.005261686631269577,0.12497271231608702,-0.09814051797729556
