epoch,beta,coefficient,loss,expected_cut,best_measured_cut,success_probability_ancilla_1,max_postselected_probability,grad
0,-0.22495471049887858,-0.13900629866101824,-2.499999999990792,2.499999999990792,0.0,0.0027148015896832165,0.062499999999769795,7.909916470072623e-11
1,-0.22495824581087845,-0.13900841123955623,-2.4999999999907914,2.4999999999907914,0.0,0.0027148840331316414,0.06249999999976978,7.910020865460085e-11
2,-0.22496257423600663,-0.13901099775020104,-2.499999999990792,2.499999999990792,0.0,0.00271498497349637,0.062499999999769795,7.909950360135488e-11
3,-0.22496757057606587,-0.13901398337654433,-2.499999999990793,2.499999999990793,0.0,0.002715101491953725,0.06249999999976982,7.909355930314346e-11
4,-0.22497315471493778,-0.13901732024170857,-2.499999999990793,2.499999999990793,0.0,0.00271523172097314,0.06249999999976982,7.908541668763578e-11
5,-0.22497926969427154,-0.13902097430711954,-2.499999999990793,2.499999999990793,0.0,0.0027153743330518058,0.06249999999976982,7.907755600535055e-11
6,-0.22498587230158879,-0.13902491974827555,-2.499999999990795,2.499999999990795,0.0,0.0027155283212333577,0.062499999999769865,7.90690863337831e-11
