epoch,beta,coefficient,loss,expected_cut,best_measured_cut,success_probability_ancilla_1,max_postselected_probability,grad
0,0.330326838778784,0.25039626426323325,-7.568500014083909,7.568500014083909,5.0,0.12286635965211481,0.02236272334146499,0.007620208992149293
1,0.32760855729664773,0.24847667238746066,-7.568485511356294,7.568485511356294,5.0,0.12268189608260688,0.02236841822467645,-0.0037559467272883676
2,0.330016261147891,0.25017710886334926,-7.568498791687789,7.568498791687789,5.0,0.12284522958557337,0.022363386646411774,-0.006919615636989174
3,0.3339076470289105,0.25291987699851737,-7.568506069081079,7.568506069081079,5.0,0.12311098100460048,0.022354842344865858,-0.004115878223657826
4,0.3370247801916742,0.2551119784218255,-7.5684993958377795,7.5684993958377795,5.0,0.12332541603780274,0.02234763550881556,0.0003652349207722099
