{
  "config": {
    "N_VERTICES": 4,
    "PROB_ARESTA": 0.7,
    "COM_PESO": false,
    "PESO_MIN": 1,
    "PESO_MAX": 1,
    "GRAPH_SEED": 104986,
    "GRAPH_EDGES": [
      [
        0,
        2,
        1.0
      ],
      [
        0,
        3,
        1.0
      ]
    ],
    "REVERSE_BITS": false,
    "ER": 0.75,
    "MAX_TERMS": null,
    "A_MAX": 0.6283185307179586,
    "INIT_BETA": 0.25,
    "MAX_EPOCHS": 200,
    "LR": 0.01,
    "FD_EPS": 0.01,
    "LOSS_TOL_LAST5": 0.002,
    "PATIENCE_LAST5": 7,
    "TRAIN_SEED": 3,
    "INIT_BETA_JITTER": 0.03,
    "OPTIMIZER": "adam",
    "ADAM_BETA1": 0.9,
    "ADAM_BETA2": 0.999,
    "ADAM_EPS": 1e-08,
    "COEF_ZERO_TOL": 0.002,
    "IMPROVEMENT_TOL": 0.002,
    "SATURATION_PATIENCE": 60,
    "INDEX_STRATEGY": "ascending",
    "INDEX_RANDOM_SEED": 42,
    "ENABLE_BACKWARD_PRUNING": false,
    "BACKWARD_PASSES": 1,
    "PRUNE_IMPROVEMENT_TOL": 1e-06,
    "OUTDIR": "benchmark_results_walsh_article/unweighted/coarse_loader/n4/graph08_trainseed03",
    "SHOW_PLOTS": false,
    "name": "coarse_loader"
  },
  "n_qubits_register": 4,
  "graph_edges": [
    [
      0,
      2,
      1.0
    ],
    [
      0,
      3,
      1.0
    ]
  ],
  "graph_signature": "2cf81b7f6c28153cc1763d3712042bf1e2dce228b62300b14a9509084e53b32c",
  "graph_num_edges": 2,
  "graph_density": 0.3333333333333333,
  "best_cut_bruteforce": 2.0,
  "best_bitstring_bruteforce": "0011",
  "best_index_bruteforce": 3,
  "candidate_order": [
    1,
    2,
    3,
    4,
    5,
    6,
    7,
    8,
    9,
    10,
    11,
    12,
    13,
    14,
    15
  ],
  "total_possible_parameters": 15,
  "visited_parameters": 15,
  "trained_coefficients": {
    "0": 0.0,
    "1": -0.1391125758875822,
    "2": 0.14634984508601387,
    "3": -0.16328090489770367,
    "4": 0.2470109925135423,
    "5": -0.006265128554672645,
    "6": 0.2056407016995769,
    "7": -0.15902995618908655,
    "8": 0.12547014853630628,
    "9": 0.007171533960170101,
    "10": 0.13558562045033623,
    "11": -0.11527290688422312,
    "12": -0.008013093182829367,
    "13": -0.231726234800168,
    "14": 0.15675212423468357,
    "15": -0.17698442649155924
  },
  "final_coefficient_vector": [
    0.0,
    -0.1391125758875822,
    0.14634984508601387,
    -0.16328090489770367,
    0.2470109925135423,
    -0.006265128554672645,
    0.2056407016995769,
    -0.15902995618908655,
    0.12547014853630628,
    0.007171533960170101,
    0.13558562045033623,
    -0.11527290688422312,
    -0.008013093182829367,
    -0.231726234800168,
    0.15675212423468357,
    -0.17698442649155924
  ],
  "active_indices": [
    1,
    2,
    3,
    4,
    5,
    6,
    7,
    8,
    9,
    10,
    11,
    12,
    13,
    14,
    15
  ],
  "active_parameter_count": 15,
  "compression_ratio_active_over_total": 1.0,
  "final_loss": -1.9488902532872152,
  "final_expected_cut": 1.9488902532872152,
  "best_expected_cut_over_evolution": 1.9488902532872152,
  "final_best_measured_index": 8,
  "final_best_measured_bitstring": "1000",
  "final_best_measured_cut": 2.0,
  "best_measured_cut_over_evolution": 2.0,
  "final_success_probability_ancilla_1": 0.04329812077846734,
  "final_max_postselected_probability": 0.667067786724055,
  "gap_expected_to_bruteforce": 0.05110974671278479,
  "gap_measured_to_bruteforce": 0.0,
  "approx_ratio_measured": 1.0,
  "n_steps": 15,
  "elapsed_seconds": 7.792883634567261,
  "steps": [
    {
      "visit_idx": 1,
      "j": 1,
      "kept": true,
      "beta": -0.22513256786218802,
      "coefficient": -0.1391125758875822,
      "loss": -1.0,
      "expected_cut": 1.0,
      "best_measured_cut": 0.0,
      "success_probability_ancilla_1": 0.0027189506103287684,
      "epochs_run": 7,
      "stop_reason": "loss_plateau_last5",
      "history_path": "benchmark_results_walsh_article/unweighted/coarse_loader/n4/graph08_trainseed03/histories/history_visit001_j001.json",
      "improvement_vs_previous": 1.0
    },
    {
      "visit_idx": 2,
      "j": 2,
      "kept": true,
      "beta": 0.23727794560856064,
      "coefficient": 0.14634984508601387,
      "loss": -1.0,
      "expected_cut": 1.0,
      "best_measured_cut": 0.0,
      "success_probability_ancilla_1": 0.005711510888264243,
      "epochs_run": 7,
      "stop_reason": "loss_plateau_last5",
      "history_path": "benchmark_results_walsh_article/unweighted/coarse_loader/n4/graph08_trainseed03/histories/history_visit002_j002.json",
      "improvement_vs_previous": 0.0
    },
    {
      "visit_idx": 3,
      "j": 3,
      "kept": true,
      "beta": -0.26596859135262374,
      "coefficient": -0.16328090489770367,
      "loss": -1.0,
      "expected_cut": 1.0,
      "best_measured_cut": 2.0,
      "success_probability_ancilla_1": 0.009413209120242452,
      "epochs_run": 7,
      "stop_reason": "loss_plateau_last5",
      "history_path": "benchmark_results_walsh_article/unweighted/coarse_loader/n4/graph08_trainseed03/histories/history_visit003_j003.json",
      "improvement_vs_previous": 0.0
    },
    {
      "visit_idx": 4,
      "j": 4,
      "kept": true,
      "beta": 0.41549708851322725,
      "coefficient": 0.2470109925135423,
      "loss": -1.2656893226171706,
      "expected_cut": 1.2656893226171706,
      "best_measured_cut": 2.0,
      "success_probability_ancilla_1": 0.017807779665743467,
      "epochs_run": 24,
      "stop_reason": "loss_plateau_last5",
      "history_path": "benchmark_results_walsh_article/unweighted/coarse_loader/n4/graph08_trainseed03/histories/history_visit004_j004.json",
      "improvement_vs_previous": 0.2656893226171706
    },
    {
      "visit_idx": 5,
      "j": 5,
      "kept": true,
      "beta": -0.009971592273301851,
      "coefficient": -0.006265128554672645,
      "loss": -1.265602539241788,
      "expected_cut": 1.265602539241788,
      "best_measured_cut": 2.0,
      "success_probability_ancilla_1": 0.017807343500512933,
      "epochs_run": 29,
      "stop_reason": "loss_plateau_last5",
      "history_path": "benchmark_results_walsh_article/unweighted/coarse_loader/n4/graph08_trainseed03/histories/history_visit005_j005.json",
      "improvement_vs_previous": -8.678337538259306e-05
    },
    {
      "visit_idx": 6,
      "j": 6,
      "kept": true,
      "beta": 0.339787131920398,
      "coefficient": 0.2056407016995769,
      "loss": -1.3952492925142046,
      "expected_cut": 1.3952492925142046,
      "best_measured_cut": 2.0,
      "success_probability_ancilla_1": 0.02334803059376195,
      "epochs_run": 13,
      "stop_reason": "loss_plateau_last5",
      "history_path": "benchmark_results_walsh_article/unweighted/coarse_loader/n4/graph08_trainseed03/histories/history_visit006_j006.json",
      "improvement_vs_previous": 0.1296467532724166
    },
    {
      "visit_idx": 7,
      "j": 7,
      "kept": true,
      "beta": -0.25872653893966757,
      "coefficient": -0.15902995618908655,
      "loss": -1.463828438761023,
      "expected_cut": 1.463828438761023,
      "best_measured_cut": 2.0,
      "success_probability_ancilla_1": 0.026481061937179473,
      "epochs_run": 7,
      "stop_reason": "loss_plateau_last5",
      "history_path": "benchmark_results_walsh_article/unweighted/coarse_loader/n4/graph08_trainseed03/histories/history_visit007_j007.json",
      "improvement_vs_previous": 0.06857914624681838
    },
    {
      "visit_idx": 8,
      "j": 8,
      "kept": true,
      "beta": 0.20241168244889385,
      "coefficient": 0.12547014853630628,
      "loss": -1.504559512977745,
      "expected_cut": 1.504559512977745,
      "best_measured_cut": 2.0,
      "success_probability_ancilla_1": 0.02857609171718895,
      "epochs_run": 7,
      "stop_reason": "loss_plateau_last5",
      "history_path": "benchmark_results_walsh_article/unweighted/coarse_loader/n4/graph08_trainseed03/histories/history_visit008_j008.json",
      "improvement_vs_previous": 0.04073107421672195
    },
    {
      "visit_idx": 9,
      "j": 9,
      "kept": true,
      "beta": 0.01141434648210806,