epoch,beta,coefficient,loss,expected_cut,best_measured_cut,success_probability_ancilla_1,max_postselected_probability,grad
0,-0.5138195389219768,-0.495236321886093,-2.9999999999996767,2.9999999999996767,0.0,0.09278362972668353,0.062499999999993255,1.030469020227021e-12
1,-0.5138195849187571,-0.49523635928112686,-2.9999999999996767,2.9999999999996767,0.0,0.09278364328841304,0.06249999999999327,1.0272622261325955e-12
2,-0.5138196412230742,-0.49523640505610805,-2.9999999999996767,2.9999999999996767,0.0,0.09278365988922584,0.06249999999999327,1.0279959892965135e-12
3,-0.5138197062333141,-0.49523645790893517,-2.9999999999996767,2.9999999999996767,0.0,0.09278367905690077,0.06249999999999327,1.0291401988517969e-12
4,-0.5138197789040271,-0.4952365169896643,-2.9999999999996767,2.9999999999996767,0.0,0.092783700483197,0.062499999999993255,1.02898591390227e-12
