epoch,beta,coefficient,loss,expected_cut,best_measured_cut,success_probability_ancilla_1,max_postselected_probability,grad
0,0.46252834405787285,0.45253871311530963,-3.497721196447724,3.497721196447724,3.0,0.15621659331193266,0.12471514955598544,-0.11664571085163984
1,0.47241753705351963,0.46092459782869816,-3.498549708355954,3.498549708355954,3.0,0.15852333480389327,0.12481871354451386,-0.09427274759491787
2,0.48209395924581205,0.4690597054573158,-3.4991677754953576,3.4991677754953576,3.0,0.16079695113973763,0.1248959719369392,-0.07350691695930309
3,0.4914320571216387,0.47684381224102534,-3.499594686432256,3.499594686432256,3.0,0.16300531023258608,0.1249493358040512,-0.05444254951303301
4,0.5002843036116595,0.48416206751236807,-3.49985493016523,3.49985493016523,3.0,0.16511060854692694,0.1249818662706728,-0.03717229268144172
5,0.5084879933067252,0.4908909003321498,-3.499977925466631,3.499977925466631,3.0,0.16707107687190087,0.12499724068334762,-0.021780484983753217
6,0.5158782922134885,0.49690844238911575,-3.499996765711581,3.499996765711581,3.0,0.1688442624777501,0.12499959571396625,-0.008333122674633603
7,0.522306249145616,0.5021082078810559,-3.499945870855617,3.499945870855617,3.0,0.17039156814697015,0.12499323385697056,0.0031343167858357184
