epoch,beta,coefficient,loss,expected_cut,best_measured_cut,success_probability_ancilla_1,max_postselected_probability,grad
0,0.3824696906744815,0.2865527790970884,-6.325119994808341,6.325119994808341,4.0,0.10752867761451945,0.042433895528730906,-0.04678925985723435
1,0.3923770559218818,0.29327368766311135,-6.325465786882057,6.325465786882057,4.0,0.10834260085314139,0.04255650940754981,-0.03875416528606633
2,0.4021058175378602,0.2998252291548238,-6.32573302983374,6.32573302983374,4.0,0.1091530417284928,0.04266889113827612,-0.031102025368430278
3,0.41154828167465063,0.30613761522981614,-6.325926612433544,6.325926612433544,4.0,0.1099497676664114,0.0427705946067838,-0.023885804488729404
4,0.4205744525130382,0.3121284353972413,-6.326053491055058,6.326053491055058,4.0,0.11072028178615595,0.042861233202722136,-0.01716267558605013
