{
  "0": 0.0,
  "1": -0.15697004816311388,
  "2": 0.14332839225528377,
  "3": -0.13692191109260035,
  "4": 0.18439048614940667,
  "5": 0.23995571555057305,
  "6": 0.2066059054770618,
  "7": 0.0032618264776270996,
  "8": -0.17549719685750864,
  "9": -0.12133944436666241,
  "10": -0.06220987185801721,
  "11": 0.004642166155988751,
  "12": -0.19278765630376854,
  "13": 0.09915108184567187,
  "14": -0.10901383470924876,
  "15": -0.09319749276977679,
  "16": 0.014215041673514887,
  "17": 0.013362643411744188,
  "18": 0.008082343239411075,
  "19": 0.002696514675309882,
  "20": -0.14799602664317765,
  "21": -0.08555523209418311,
  "22": -0.11756926547683587,
  "23": -0.1268395915718214,
  "24": 0.2401404086076399,
  "25": 0.11067462499707847,
  "26": 0.09980346961345073,
  "27": 0.17880080177627108,
  "28": -0.00507710948823488,
  "29": 0.0,
  "30": 0.0,
  "31": -0.007079669537862839,
  "32": 0.06034418631255665,
  "33": 0.07938223502116747,
  "34": 0.06271630344769243,
  "35": -0.01636450317220106,
  "36": -0.10469969506880944,
  "37": -0.08970745101819956,
  "38": -0.006690294002976829,
  "39": -0.14314856575640053,
  "40": 0.020253345837543357,
  "41": 0.08740245944121042,
  "42": -0.03317649459899566,
  "43": 0.06999846009215548,
  "44": -0.04808250630559175,
  "45": 0.046624446661633824,
  "46": 0.07233026979305493,
  "47": 0.03286533837691797,
  "48": -0.08264612924079284,
  "49": -0.03888564673845605,
  "50": -0.020113969111065732,
  "51": -0.0724405504696046,
  "52": 0.08020832079210095,
  "53": 0.12249465443206722,
  "54": 0.13011767428380117,
  "55": 0.061029479629149785,
  "56": -0.05316121738530111,
  "57": -0.14618145781156403,
  "58": -0.12425808552413897,
  "59": -0.04467559140633797,
  "60": 0.03379151830516656,
  "61": 0.0026826380292945397,
  "62": 0.018578710036639735,
  "63": 0.014143191399138883
}