{
  "0": 0.0,
  "1": -0.2701881246394288,
  "2": 0.24332076764164182,
  "3": -0.23055473777413935,
  "4": 0.30774340697061375,
  "5": 0.3734364333646765,
  "6": 0.31387413597614655,
  "7": -0.049556735892357734,
  "8": -0.2720612017727722,
  "9": -0.20107552359635894,
  "10": -0.05828020561237747,
  "11": 0.047686232493162006,
  "12": -0.29159934479078287,
  "13": 0.1590287811654659,
  "14": -0.1839688677319912,
  "15": -0.12950183300359322,
  "16": 0.03596953460361452,
  "17": 0.050781550124710716,
  "18": 0.030547516300044243,
  "19": 0.02187894043535845,
  "20": -0.1972282676065688,
  "21": -0.07031946400810353,
  "22": -0.13272465745745282,
  "23": -0.16373186480190544,
  "24": 0.3187753853848486,
  "25": 0.09608421631984126,
  "26": 0.0793199067290487,
  "27": 0.219967847735825,
  "28": 0.0,
  "29": -0.014920602678518552,
  "30": 0.0,
  "31": 0.0,
  "32": 0.05722464428364496,
  "33": 0.10873884912293164,
  "34": 0.042822235713332615,
  "35": -0.06838823417441527,
  "36": -0.09026817851453298,
  "37": -0.039855770069891924,
  "38": 0.08139889091346185,
  "39": -0.1483487448428525,
  "40": -0.008472696790206152,
  "41": 0.07936486084532665,
  "42": -0.12328102743745109,
  "43": 0.06774945737039863,
  "44": -0.06391024606463483,
  "45": 0.06941852167306868,
  "46": 0.13346316553415102,
  "47": 0.09561382954238244,
  "48": -0.10855126056930735,
  "49": -0.027740374711170468,
  "50": 0.029196357823532144,
  "51": -0.08992645439024406,
  "52": -0.019667780944236588,
  "53": 0.09233146586287191,
  "54": 0.10131294339764735,
  "55": -0.06323074274626041,
  "56": 0.04094408373171432,
  "57": -0.14850048217634051,
  "58": -0.09468180635792438,
  "59": 0.03009424261391737,
  "60": 0.0459918650183565,
  "61": -0.029564848059004674,
  "62": 0.0197850470926884,
  "63": -0.016523333635822944
}