epoch,beta,coefficient,loss,expected_cut,best_measured_cut,success_probability_ancilla_1,max_postselected_probability,grad
0,0.3148310524114198,0.23940953164742845,-6.9813055265641175,6.9813055265641175,6.0,0.16301806239850264,0.08340266623048685,-0.10866704865943753
1,0.32475387256890315,0.24645719847782258,-6.9821386308672615,6.9821386308672615,6.0,0.16354385447823913,0.08335997868338897,-0.09204344797143293
2,0.3345285502692177,0.2533568750132122,-6.982804979597081,6.982804979597081,6.0,0.16407479478790613,0.08330852481477756,-0.07593937766060341
3,0.3440662438505649,0.2600474692209449,-6.98331124719523,6.98331124719523,6.0,0.16460491842538452,0.08324960478525434,-0.06046825634248958
4,0.3532587644254433,0.26645607350586,-6.983668113778023,6.983668113778023,6.0,0.16512677689641914,0.0831849328159077,-0.0457572790086089
5,0.3619793163915074,0.27249882294057065,-6.983890811375592,6.983890811375592,6.0,0.16563144181164585,0.08311665823969323,-0.03194622091350267
6,0.3700869375149652,0.2780841633172588,-6.983999262474425,6.983999262474425,6.0,0.16610876433223634,0.08304732763235184,-0.01918342975222435
7,0.3774357280253929,0.2831191318344875,-6.984017506961248,6.984017506961248,6.0,0.16654797961197174,0.08297976090177604,-0.007617955684550505
