epoch,beta,coefficient,loss,expected_cut,best_measured_cut,success_probability_ancilla_1,max_postselected_probability,grad
0,-0.308532716798239,-0.2349138997636951,-5.99999999999563,5.99999999999563,0.0,0.013732807218026742,0.01562499999998862,2.647551106729311e-11
1,-0.30853390039758133,-0.23491474619674002,-5.9999999999956275,5.9999999999956275,0.0,0.013732905725761684,0.015624999999988617,2.647613329565978e-11
2,-0.30853535012341776,-0.23491578294527785,-5.999999999995632,5.999999999995632,0.0,0.013733026382856263,0.015624999999988624,2.65015619484653e-11
3,-0.3085370233526578,-0.2349169795276275,-5.999999999995628,5.999999999995628,0.0,0.01373316564210583,0.015624999999988617,2.6468233847169398e-11
4,-0.30853889383297367,-0.23491831716941947,-5.999999999995632,5.999999999995632,0.0,0.013733321318794846,0.015624999999988627,2.649529244624987e-11
