{
  "config": {
    "N_VERTICES": 4,
    "PROB_ARESTA": 0.85,
    "COM_PESO": false,
    "PESO_MIN": 1,
    "PESO_MAX": 1,
    "GRAPH_SEED": 104271,
    "GRAPH_EDGES": [
      [
        0,
        1,
        1.0
      ],
      [
        0,
        2,
        1.0
      ],
      [
        0,
        3,
        1.0
      ],
      [
        1,
        3,
        1.0
      ],
      [
        2,
        3,
        1.0
      ]
    ],
    "REVERSE_BITS": false,
    "ER": 1.0,
    "MAX_TERMS": null,
    "A_MAX": 0.7853981633974483,
    "INIT_BETA": 0.35,
    "MAX_EPOCHS": 200,
    "LR": 0.01,
    "FD_EPS": 0.01,
    "LOSS_TOL_LAST5": 0.001,
    "PATIENCE_LAST5": 5,
    "TRAIN_SEED": 8,
    "INIT_BETA_JITTER": 0.05,
    "OPTIMIZER": "adam",
    "ADAM_BETA1": 0.9,
    "ADAM_BETA2": 0.999,
    "ADAM_EPS": 1e-08,
    "COEF_ZERO_TOL": 0.001,
    "IMPROVEMENT_TOL": 0.001,
    "SATURATION_PATIENCE": 100,
    "INDEX_STRATEGY": "ascending",
    "INDEX_RANDOM_SEED": 42,
    "ENABLE_BACKWARD_PRUNING": true,
    "BACKWARD_PASSES": 2,
    "PRUNE_IMPROVEMENT_TOL": 0.0001,
    "OUTDIR": "benchmark_results_walsh_article/unweighted/with_pruning/n4/graph01_trainseed08",
    "SHOW_PLOTS": false,
    "name": "with_pruning"
  },
  "n_qubits_register": 4,
  "graph_edges": [
    [
      0,
      1,
      1.0
    ],
    [
      0,
      2,
      1.0
    ],
    [
      0,
      3,
      1.0
    ],
    [
      1,
      3,
      1.0
    ],
    [
      2,
      3,
      1.0
    ]
  ],
  "graph_signature": "36d4961c72903175cef8219a78618293792cc3cd1b729b430a90aa47da048173",
  "graph_num_edges": 5,
  "graph_density": 0.8333333333333334,
  "best_cut_bruteforce": 4.0,
  "best_bitstring_bruteforce": "0110",
  "best_index_bruteforce": 6,
  "candidate_order": [
    1,
    2,
    3,
    4,
    5,
    6,
    7,
    8,
    9,
    10,
    11,
    12,
    13,
    14,
    15
  ],
  "total_possible_parameters": 15,
  "visited_parameters": 15,
  "trained_coefficients": {
    "0": 0.0,
    "1": -0.29757904016940545,
    "2": 0.29920087328296535,
    "3": 0.0,
    "4": 0.21142859427282162,
    "5": 0.0,
    "6": 0.0,
    "7": -0.26011097329989213,
    "8": -0.07804602357474376,
    "9": 0.0,
    "10": 0.0,
    "11": 0.12614908860862054,
    "12": 0.0,
    "13": 0.15235856614285045,
    "14": -0.1775493880406509,
    "15": 0.0
  },
  "final_coefficient_vector": [
    0.0,
    -0.29757904016940545,
    0.29920087328296535,
    0.0,
    0.21142859427282162,
    0.0,
    0.0,
    -0.26011097329989213,
    -0.07804602357474376,
    0.0,
    0.0,
    0.12614908860862054,
    0.0,
    0.15235856614285045,
    -0.1775493880406509,
    0.0
  ],
  "active_indices": [
    1,
    2,
    4,
    7,
    8,
    11,
    13,
    14
  ],
  "active_parameter_count": 8,
  "compression_ratio_active_over_total": 0.5333333333333333,
  "final_loss": -3.8435242019003786,
  "final_expected_cut": 3.8435242019003786,
  "best_expected_cut_over_evolution": 3.843477905896289,
  "final_best_measured_index": 9,
  "final_best_measured_bitstring": "1001",
  "final_best_measured_cut": 4.0,
  "best_measured_cut_over_evolution": 4.0,
  "final_success_probability_ancilla_1": 0.07580677888822815,
  "final_max_postselected_probability": 0.42526743806975975,
  "gap_expected_to_bruteforce": 0.15647579809962142,
  "gap_measured_to_bruteforce": 0.0,
  "approx_ratio_measured": 1.0,
  "n_steps": 15,
  "elapsed_seconds": 11.029569149017334,
  "steps": [
    {
      "visit_idx": 1,
      "j": 1,
      "kept": true,
      "beta": -0.3987622547092225,
      "coefficient": -0.29757904016940545,
      "loss": -2.5,
      "expected_cut": 2.5,
      "best_measured_cut": 0.0,
      "success_probability_ancilla_1": 0.02197543432911875,
      "epochs_run": 5,
      "stop_reason": "loss_plateau_last5",
      "history_path": "benchmark_results_walsh_article/unweighted/with_pruning/n4/graph01_trainseed08/histories/history_visit001_j001.json",
      "improvement_vs_previous": 2.5
    },
    {
      "visit_idx": 2,
      "j": 2,
      "kept": true,
      "beta": 0.4011755789814723,
      "coefficient": 0.29920087328296535,
      "loss": -2.9999923913366695,
      "expected_cut": 2.9999923913366695,
      "best_measured_cut": 2.0,
      "success_probability_ancilla_1": 0.043212946175474956,
      "epochs_run": 5,
      "stop_reason": "loss_plateau_last5",
      "history_path": "benchmark_results_walsh_article/unweighted/with_pruning/n4/graph01_trainseed08/histories/history_visit002_j002.json",
      "improvement_vs_previous": 0.4999923913366695
    },
    {
      "visit_idx": 3,
      "j": 3,
      "kept": true,
      "beta": -0.0025368861643469895,
      "coefficient": -0.0019924614598729067,
      "loss": -2.999980908210657,
      "expected_cut": 2.999980908210657,
      "best_measured_cut": 3.0,
      "success_probability_ancilla_1": 0.04321385287524708,
      "epochs_run": 39,
      "stop_reason": "loss_plateau_last5",
      "history_path": "benchmark_results_walsh_article/unweighted/with_pruning/n4/graph01_trainseed08/histories/history_visit003_j003.json",
      "improvement_vs_previous": -1.1483126012290512e-05
    },
    {
      "visit_idx": 4,
      "j": 4,
      "kept": true,
      "beta": 0.2760003058953626,
      "coefficient": 0.21142859427282162,
      "loss": -3.1710505205474466,
      "expected_cut": 3.1710505205474466,
      "best_measured_cut": 3.0,
      "success_probability_ancilla_1": 0.05338551555535367,
      "epochs_run": 13,
      "stop_reason": "loss_plateau_last5",
      "history_path": "benchmark_results_walsh_article/unweighted/with_pruning/n4/graph01_trainseed08/histories/history_visit004_j004.json",
      "improvement_vs_previous": 0.1710696123367894
    },
    {
      "visit_idx": 5,
      "j": 5,
      "kept": false,
      "beta": -0.0012110316714817907,
      "coefficient": 0.0,
      "loss": -3.1710505205474466,
      "expected_cut": 3.1710505205474466,
      "best_measured_cut": 3.0,
      "success_probability_ancilla_1": 0.05338551555535367,
      "epochs_run": 38,
      "stop_reason": "loss_plateau_last5_and_discarded_near_zero",
      "history_path": "benchmark_results_walsh_article/unweighted/with_pruning/n4/graph01_trainseed08/histories/history_visit005_j005.json",
      "improvement_vs_previous": 0.0
    },
    {
      "visit_idx": 6,
      "j": 6,
      "kept": true,
      "beta": 0.0016175391875924636,
      "coefficient": 0.0012704111991767764,
      "loss": -3.171056271138533,
      "expected_cut": 3.171056271138533,
      "best_measured_cut": 3.0,
      "success_probability_ancilla_1": 0.05338580154517782,
      "epochs_run": 36,
      "stop_reason": "loss_plateau_last5",
      "history_path": "benchmark_results_walsh_article/unweighted/with_pruning/n4/graph01_trainseed08/histories/history_visit006_j006.json",
      "improvement_vs_previous": 5.750591086428614e-06
    },
    {
      "visit_idx": 7,
      "j": 7,
      "kept": true,
      "beta": -0.34415705805849417,
      "coefficient": -0.26011097329989213,
      "loss": -3.478589908822596,
      "expected_cut": 3.478589908822596,
      "best_measured_cut": 3.0,
      "success_probability_ancilla_1": 0.06607689454195731,
      "epochs_run": 6,
      "stop_reason": "loss_plateau_last5",
      "history_path": "benchmark_results_walsh_article/unweighted/with_pruning/n4/graph01_trainseed08/histories/history_visit007_j007.json",
      "improvement_vs_previous": 0.30753363768406317
    },
    {
      "visit_idx": 8,
      "j": 8,
      "kept": true,
      "beta": -0.09970032082741125,
      "coefficient": -0.07804602357474376,
      "loss": -3.504254767980524,
      "expected_cut": 3.504254767980524,
      "best_measured_cut": 4.0,
      "success_probability_ancilla_1": 0.0673977761206003,
      "epochs_run": 54,
      "stop_reason": "loss_plateau_last5",
      "history_path": "benchmark_results_walsh_article/unweighted/with_pruning/n4/graph01_trainseed08/histories/history_visit008_j008.json",