epoch,beta,coefficient,loss,expected_cut,best_measured_cut,success_probability_ancilla_1,max_postselected_probability,grad
0,-0.37819068591383814,-0.2836348841570701,-2.499999999998748,2.499999999998748,0.0,0.01997771457754615,0.015624999999992176,5.98078464217341e-12
1,-0.3781909535311001,-0.28363506693098145,-2.499999999998748,2.499999999998748,0.0,0.019977740151932374,0.015624999999992176,5.990239089162941e-12
2,-0.37819128124164053,-0.28363529074660504,-2.4999999999987486,2.4999999999987486,0.0,0.019977771469045134,0.01562499999999218,5.987323894606115e-12
3,-0.378191659361215,-0.2836355489898909,-2.4999999999987486,2.4999999999987486,0.0,0.01997780760343409,0.01562499999999218,5.975917900129586e-12
4,-0.37819208209924776,-0.283635837706039,-2.499999999998748,2.499999999998748,0.0,0.019977848001740465,0.015624999999992176,5.98881690700845e-12
