{
  "config": {
    "N_VERTICES": 4,
    "PROB_ARESTA": 1.0,
    "COM_PESO": false,
    "PESO_MIN": 1,
    "PESO_MAX": 1,
    "GRAPH_SEED": 10414,
    "GRAPH_EDGES": [
      [
        0,
        1,
        1.0
      ],
      [
        0,
        2,
        1.0
      ],
      [
        0,
        3,
        1.0
      ],
      [
        1,
        2,
        1.0
      ],
      [
        1,
        3,
        1.0
      ],
      [
        2,
        3,
        1.0
      ]
    ],
    "REVERSE_BITS": false,
    "ER": 0.75,
    "MAX_TERMS": null,
    "A_MAX": 0.6283185307179586,
    "INIT_BETA": 0.25,
    "MAX_EPOCHS": 200,
    "LR": 0.01,
    "FD_EPS": 0.01,
    "LOSS_TOL_LAST5": 0.002,
    "PATIENCE_LAST5": 7,
    "TRAIN_SEED": 4,
    "INIT_BETA_JITTER": 0.03,
    "OPTIMIZER": "adam",
    "ADAM_BETA1": 0.9,
    "ADAM_BETA2": 0.999,
    "ADAM_EPS": 1e-08,
    "COEF_ZERO_TOL": 0.002,
    "IMPROVEMENT_TOL": 0.002,
    "SATURATION_PATIENCE": 60,
    "INDEX_STRATEGY": "ascending",
    "INDEX_RANDOM_SEED": 42,
    "ENABLE_BACKWARD_PRUNING": false,
    "BACKWARD_PASSES": 1,
    "PRUNE_IMPROVEMENT_TOL": 1e-06,
    "OUTDIR": "benchmark_results_walsh_article/unweighted/coarse_loader/n4/graph00_trainseed04",
    "SHOW_PLOTS": false,
    "name": "coarse_loader"
  },
  "n_qubits_register": 4,
  "graph_edges": [
    [
      0,
      1,
      1.0
    ],
    [
      0,
      2,
      1.0
    ],
    [
      0,
      3,
      1.0
    ],
    [
      1,
      2,
      1.0
    ],
    [
      1,
      3,
      1.0
    ],
    [
      2,
      3,
      1.0
    ]
  ],
  "graph_signature": "539b127eb8e4096db3ab2abb5616611adf3c9b3f188a9792b883b1dea6c065fa",
  "graph_num_edges": 6,
  "graph_density": 1.0,
  "best_cut_bruteforce": 4.0,
  "best_bitstring_bruteforce": "0011",
  "best_index_bruteforce": 3,
  "candidate_order": [
    1,
    2,
    3,
    4,
    5,
    6,
    7,
    8,
    9,
    10,
    11,
    12,
    13,
    14,
    15
  ],
  "total_possible_parameters": 15,
  "visited_parameters": 15,
  "trained_coefficients": {
    "0": 0.0,
    "1": -0.15951667225315022,
    "2": 0.1617056713424872,
    "3": 0.0,
    "4": -0.0036917986747422795,
    "5": 0.0,
    "6": 0.0,
    "7": 0.002030362724756679,
    "8": 0.0,
    "9": 0.0,
    "10": 0.0,
    "11": -0.005104412316472287,
    "12": 0.0,
    "13": 0.11931760245952845,
    "14": -0.13954800459041186,
    "15": 0.0
  },
  "final_coefficient_vector": [
    0.0,
    -0.15951667225315022,
    0.1617056713424872,
    0.0,
    -0.0036917986747422795,
    0.0,
    0.0,
    0.002030362724756679,
    0.0,
    0.0,
    0.0,
    -0.005104412316472287,
    0.0,
    0.11931760245952845,
    -0.13954800459041186,
    0.0
  ],
  "active_indices": [
    1,
    2,
    4,
    7,
    11,
    13,
    14
  ],
  "active_parameter_count": 7,
  "compression_ratio_active_over_total": 0.4666666666666667,
  "final_loss": -3.9832396872783615,
  "final_expected_cut": 3.9832396872783615,
  "best_expected_cut_over_evolution": 3.9832396872783615,
  "final_best_measured_index": 5,
  "final_best_measured_bitstring": "0101",
  "final_best_measured_cut": 4.0,
  "best_measured_cut_over_evolution": 4.0,
  "final_success_probability_ancilla_1": 0.011816284239100458,
  "final_max_postselected_probability": 0.2554999571408146,
  "gap_expected_to_bruteforce": 0.01676031272163847,
  "gap_measured_to_bruteforce": 0.0,
  "approx_ratio_measured": 1.0,
  "n_steps": 15,
  "elapsed_seconds": 6.21623682975769,
  "steps": [
    {
      "visit_idx": 1,
      "j": 1,
      "kept": true,
      "beta": -0.25955436607202925,
      "coefficient": -0.15951667225315022,
      "loss": -3.0,
      "expected_cut": 3.0,
      "best_measured_cut": 0.0,
      "success_probability_ancilla_1": 0.0035740171013204426,
      "epochs_run": 7,
      "stop_reason": "loss_plateau_last5",
      "history_path": "benchmark_results_walsh_article/unweighted/coarse_loader/n4/graph00_trainseed04/histories/history_visit001_j001.json",
      "improvement_vs_previous": 3.0
    },
    {
      "visit_idx": 2,
      "j": 2,
      "kept": true,
      "beta": 0.26328183078105316,
      "coefficient": 0.1617056713424872,
      "loss": -3.4999533382639436,
      "expected_cut": 3.4999533382639436,
      "best_measured_cut": 3.0,
      "success_probability_ancilla_1": 0.007220424169437071,
      "epochs_run": 7,
      "stop_reason": "loss_plateau_last5",
      "history_path": "benchmark_results_walsh_article/unweighted/coarse_loader/n4/graph00_trainseed04/histories/history_visit002_j002.json",
      "improvement_vs_previous": 0.4999533382639436
    },
    {
      "visit_idx": 3,
      "j": 3,
      "kept": false,
      "beta": -0.0025109355120007844,
      "coefficient": 0.0,
      "loss": -3.4999533382639436,
      "expected_cut": 3.4999533382639436,
      "best_measured_cut": 3.0,
      "success_probability_ancilla_1": 0.007220424169437071,
      "epochs_run": 29,
      "stop_reason": "loss_plateau_last5_and_discarded_near_zero",
      "history_path": "benchmark_results_walsh_article/unweighted/coarse_loader/n4/graph00_trainseed04/histories/history_visit003_j003.json",
      "improvement_vs_previous": 0.0
    },
    {
      "visit_idx": 4,
      "j": 4,
      "kept": true,
      "beta": -0.005875747697829134,
      "coefficient": -0.0036917986747422795,
      "loss": -3.4999780133879344,
      "expected_cut": 3.4999780133879344,
      "best_measured_cut": 3.0,
      "success_probability_ancilla_1": 0.007222313121654299,
      "epochs_run": 32,
      "stop_reason": "loss_plateau_last5",
      "history_path": "benchmark_results_walsh_article/unweighted/coarse_loader/n4/graph00_trainseed04/histories/history_visit004_j004.json",
      "improvement_vs_previous": 2.4675123990736125e-05
    },
    {
      "visit_idx": 5,
      "j": 5,
      "kept": false,
      "beta": 0.0016940869096921662,
      "coefficient": 0.0,
      "loss": -3.4999780133879344,
      "expected_cut": 3.4999780133879344,
      "best_measured_cut": 3.0,
      "success_probability_ancilla_1": 0.007222313121654299,
      "epochs_run": 30,
      "stop_reason": "loss_plateau_last5_and_discarded_near_zero",
      "history_path": "benchmark_results_walsh_article/unweighted/coarse_loader/n4/graph00_trainseed04/histories/history_visit005_j005.json",
      "improvement_vs_previous": 0.0
    },
    {
      "visit_idx": 6,
      "j": 6,
      "kept": false,
      "beta": -0.002548509797131745,
      "coefficient": 0.0,
      "loss": -3.4999780133879344,
      "expected_cut": 3.4999780133879344,
      "best_measured_cut": 3.0,
      "success_probability_ancilla_1": 0.007222313121654299,
      "epochs_run": 31,
      "stop_reason": "loss_plateau_last5_and_discarded_near_zero",
      "history_path": "benchmark_results_walsh_article/unweighted/coarse_loader/n4/graph00_trainseed04/histories/history_visit006_j006.json",
      "improvement_vs_previous": 0.0
    },
    {
      "visit_idx": 7,
      "j": 7,
      "kept": true,
      "beta": 0.0032314338868204744,
      "coefficient": 0.002030362724756679,
      "loss": -3.4999972906033796,
      "expected_cut": 3.4999972906033796,
      "best_measured_cut": 3.0,
      "success_probability_ancilla_1": 0.007222854015773564,
      "epochs_run": 31,
      "stop_reason": "loss_plateau_last5",
      "history_path": "benchmark_results_walsh_article/unweighted/coarse_loader/n4/graph00_trainseed04/histories/history_visit007_j007.json",
      "improvement_vs_previous": 1.9277215445256957e-05
    },
    {
      "visit_idx": 8,
      "j": 8,
      "kept": false,
      "beta": 0.0011655071089572743,
      "coefficient": 0.0,
      "loss": -3.4999972906033796,
      "expected_cut": 3.4999972906033796,
      "best_measured_cut": 3.0,
      "success_probability_ancilla_1": 0.007222854015773564,
      "epochs_run": 30,
      "stop_reason": "loss_plateau_last5_and_discarded_near_zero",
      "history_path": "benchmark_results_walsh_article/unweighted/coarse_loader/n4/graph00_trainseed04/histories/history_visit008_j008.json",