epoch,beta,coefficient,loss,expected_cut,best_measured_cut,success_probability_ancilla_1,max_postselected_probability,grad
0,-0.25952936170766977,-0.15950197407813022,-1.9999999999944036,1.9999999999944036,0.0,0.0035733592835528374,0.06249999999982511,4.1206319424610446e-11
1,-0.2595312035813679,-0.15950305678276444,-1.9999999999944027,1.9999999999944027,0.0,0.003573407738010112,0.062499999999825084,4.120084353638684e-11
2,-0.2595334587236354,-0.15950438241678966,-1.9999999999944023,1.9999999999944023,0.0,0.003573467064771834,0.06249999999982507,4.1202152758363876e-11
3,-0.2595360619842526,-0.15950591268237163,-1.9999999999944036,1.9999999999944036,0.0,0.0035735355501220092,0.06249999999982511,4.1202317961195915e-11
4,-0.25953897170907303,-0.15950762309334035,-1.9999999999944038,1.9999999999944038,0.0,0.003573612098454395,0.062499999999825126,4.1203212156604415e-11
5,-0.25954215817598975,-0.15950949617752094,-1.9999999999944051,1.9999999999944051,0.0,0.0035736959280579152,0.062499999999825154,4.1197291718797616e-11
6,-0.25954559901020113,-0.15951151878169495,-1.9999999999944031,1.9999999999944031,0.0,0.0035737864505065997,0.0624999999998251,4.1201936505593874e-11
