{
  "config": {
    "N_VERTICES": 4,
    "PROB_ARESTA": 0.7,
    "COM_PESO": false,
    "PESO_MIN": 1,
    "PESO_MAX": 1,
    "GRAPH_SEED": 104476,
    "GRAPH_EDGES": [
      [
        0,
        1,
        1.0
      ],
      [
        0,
        2,
        1.0
      ],
      [
        0,
        3,
        1.0
      ],
      [
        1,
        2,
        1.0
      ],
      [
        1,
        3,
        1.0
      ]
    ],
    "REVERSE_BITS": false,
    "ER": 1.0,
    "MAX_TERMS": null,
    "A_MAX": 0.7853981633974483,
    "INIT_BETA": 0.35,
    "MAX_EPOCHS": 200,
    "LR": 0.01,
    "FD_EPS": 0.01,
    "LOSS_TOL_LAST5": 0.001,
    "PATIENCE_LAST5": 5,
    "TRAIN_SEED": 2,
    "INIT_BETA_JITTER": 0.05,
    "OPTIMIZER": "adam",
    "ADAM_BETA1": 0.9,
    "ADAM_BETA2": 0.999,
    "ADAM_EPS": 1e-08,
    "COEF_ZERO_TOL": 0.001,
    "IMPROVEMENT_TOL": 0.001,
    "SATURATION_PATIENCE": 100,
    "INDEX_STRATEGY": "ascending",
    "INDEX_RANDOM_SEED": 42,
    "ENABLE_BACKWARD_PRUNING": false,
    "BACKWARD_PASSES": 1,
    "PRUNE_IMPROVEMENT_TOL": 1e-06,
    "OUTDIR": "benchmark_results_walsh_article/unweighted/baseline/n4/graph03_trainseed02",
    "SHOW_PLOTS": false,
    "name": "baseline"
  },
  "n_qubits_register": 4,
  "graph_edges": [
    [
      0,
      1,
      1.0
    ],
    [
      0,
      2,
      1.0
    ],
    [
      0,
      3,
      1.0
    ],
    [
      1,
      2,
      1.0
    ],
    [
      1,
      3,
      1.0
    ]
  ],
  "graph_signature": "37c67a7d685a1ea528dadea71897f720cb7ad726475a7878001b269ff86755a3",
  "graph_num_edges": 5,
  "graph_density": 0.8333333333333334,
  "best_cut_bruteforce": 4.0,
  "best_bitstring_bruteforce": "0011",
  "best_index_bruteforce": 3,
  "candidate_order": [
    1,
    2,
    3,
    4,
    5,
    6,
    7,
    8,
    9,
    10,
    11,
    12,
    13,
    14,
    15
  ],
  "total_possible_parameters": 15,
  "visited_parameters": 15,
  "trained_coefficients": {
    "0": 0.0,
    "1": -0.23471458647332843,
    "2": 0.2332630594853033,
    "3": -0.00105551164095657,
    "4": 0.0,
    "5": 0.0026501913351101745,
    "6": -0.0032294411475787934,
    "7": 0.0,
    "8": 0.0020771049100266137,
    "9": 0.0012939605354187612,
    "10": 0.0,
    "11": -0.0023462454495501153,
    "12": -0.0019096017121593898,
    "13": 0.0,
    "14": -0.0012936217769767085,
    "15": 0.0025229083377080208
  },
  "final_coefficient_vector": [
    0.0,
    -0.23471458647332843,
    0.2332630594853033,
    -0.00105551164095657,
    0.0,
    0.0026501913351101745,
    -0.0032294411475787934,
    0.0,
    0.0020771049100266137,
    0.0012939605354187612,
    0.0,
    -0.0023462454495501153,
    -0.0019096017121593898,
    0.0,
    -0.0012936217769767085,
    0.0025229083377080208
  ],
  "active_indices": [
    1,
    2,
    3,
    5,
    6,
    8,
    9,
    11,
    12,
    14,
    15
  ],
  "active_parameter_count": 11,
  "compression_ratio_active_over_total": 0.7333333333333333,
  "final_loss": -2.999961887379556,
  "final_expected_cut": 2.999961887379556,
  "best_expected_cut_over_evolution": 2.9999906708336717,
  "final_best_measured_index": 10,
  "final_best_measured_bitstring": "1010",
  "final_best_measured_cut": 3.0,
  "best_measured_cut_over_evolution": 3.0,
  "final_success_probability_ancilla_1": 0.026889045959792093,
  "final_max_postselected_probability": 0.1333622747492366,
  "gap_expected_to_bruteforce": 1.000038112620444,
  "gap_measured_to_bruteforce": 1.0,
  "approx_ratio_measured": 0.75,
  "n_steps": 15,
  "elapsed_seconds": 8.329626560211182,
  "steps": [
    {
      "visit_idx": 1,
      "j": 1,
      "kept": true,
      "beta": -0.30825403280851593,
      "coefficient": -0.23471458647332843,
      "loss": -2.5,
      "expected_cut": 2.5,
      "best_measured_cut": 0.0,
      "success_probability_ancilla_1": 0.013709620870770376,
      "epochs_run": 5,
      "stop_reason": "loss_plateau_last5",
      "history_path": "benchmark_results_walsh_article/unweighted/baseline/n4/graph03_trainseed02/histories/history_visit001_j001.json",
      "improvement_vs_previous": 2.5
    },
    {
      "visit_idx": 2,
      "j": 2,
      "kept": true,
      "beta": 0.30622587389071304,
      "coefficient": 0.2332630594853033,
      "loss": -2.9999902020282514,
      "expected_cut": 2.9999902020282514,
      "best_measured_cut": 3.0,
      "success_probability_ancilla_1": 0.026879673175903614,
      "epochs_run": 6,
      "stop_reason": "loss_plateau_last5",
      "history_path": "benchmark_results_walsh_article/unweighted/baseline/n4/graph03_trainseed02/histories/history_visit002_j002.json",
      "improvement_vs_previous": 0.4999902020282514
    },
    {
      "visit_idx": 3,
      "j": 3,
      "kept": true,
      "beta": -0.0013439199702875992,
      "coefficient": -0.00105551164095657,
      "loss": -2.9999850211990515,
      "expected_cut": 2.9999850211990515,
      "best_measured_cut": 3.0,
      "success_probability_ancilla_1": 0.026879936728698418,
      "epochs_run": 38,
      "stop_reason": "loss_plateau_last5",
      "history_path": "benchmark_results_walsh_article/unweighted/baseline/n4/graph03_trainseed02/histories/history_visit003_j003.json",
      "improvement_vs_previous": -5.180829199868953e-06
    },
    {
      "visit_idx": 4,
      "j": 4,
      "kept": false,
      "beta": 0.0005699062917953399,
      "coefficient": 0.0,
      "loss": -2.9999850211990515,
      "expected_cut": 2.9999850211990515,
      "best_measured_cut": 3.0,
      "success_probability_ancilla_1": 0.026879936728698418,
      "epochs_run": 43,
      "stop_reason": "loss_plateau_last5_and_discarded_near_zero",
      "history_path": "benchmark_results_walsh_article/unweighted/baseline/n4/graph03_trainseed02/histories/history_visit004_j004.json",
      "improvement_vs_previous": 0.0
    },
    {
      "visit_idx": 5,
      "j": 5,
      "kept": true,
      "beta": 0.0033743412158690495,
      "coefficient": 0.0026501913351101745,
      "loss": -2.99997837772563,
      "expected_cut": 2.99997837772563,
      "best_measured_cut": 3.0,
      "success_probability_ancilla_1": 0.02688159821044666,
      "epochs_run": 38,
      "stop_reason": "loss_plateau_last5",
      "history_path": "benchmark_results_walsh_article/unweighted/baseline/n4/graph03_trainseed02/histories/history_visit005_j005.json",
      "improvement_vs_previous": -6.643473421608093e-06
    },
    {
      "visit_idx": 6,
      "j": 6,
      "kept": true,
      "beta": -0.004111875350205561,
      "coefficient": -0.0032294411475787934,
      "loss": -2.9999777776693133,
      "expected_cut": 2.9999777776693133,
      "best_measured_cut": 3.0,
      "success_probability_ancilla_1": 0.02688383530478195,
      "epochs_run": 43,
      "stop_reason": "loss_plateau_last5",
      "history_path": "benchmark_results_walsh_article/unweighted/baseline/n4/graph03_trainseed02/histories/history_visit006_j006.json",
      "improvement_vs_previous": -6.00056316635289e-07
    },
    {
      "visit_idx": 7,
      "j": 7,
      "kept": false,
      "beta": 0.0001114192317063058,
      "coefficient": 0.0,
      "loss": -2.9999777776693133,
      "expected_cut": 2.9999777776693133,
      "best_measured_cut": 3.0,
      "success_probability_ancilla_1": 0.02688383530478195,
      "epochs_run": 41,
      "stop_reason": "loss_plateau_last5_and_discarded_near_zero",
      "history_path": "benchmark_results_walsh_article/unweighted/baseline/n4/graph03_trainseed02/histories/history_visit007_j007.json",
      "improvement_vs_previous": 0.0
    },
    {
      "visit_idx": 8,
      "j": 8,
      "kept": true,
      "beta": 0.002644658275763846,
      "coefficient": 0.0020771049100266137,
      "loss": -2.999985755047658,
      "expected_cut": 2.999985755047658,
      "best_measured_cut": 3.0,
      "success_probability_ancilla_1": 0.026884855902280364,
      "epochs_run": 39,
      "stop_reason": "loss_plateau_last5",