{
  "0": 0.0,
  "1": -0.23471458647332843,
  "2": 0.2332630594853033,
  "3": -0.00105551164095657,
  "4": 0.0,
  "5": 0.0026501913351101745,
  "6": -0.0032294411475787934,
  "7": 0.0,
  "8": 0.0020771049100266137,
  "9": 0.0012939605354187612,
  "10": 0.0,
  "11": -0.0023462454495501153,
  "12": -0.0019096017121593898,
  "13": 0.0,
  "14": -0.0012936217769767085,
  "15": 0.0025229083377080208
}