epoch,beta,coefficient,loss,expected_cut,best_measured_cut,success_probability_ancilla_1,max_postselected_probability,grad
0,0.26345086958242436,0.16180484235288858,-3.9983241879607725,3.9983241879607725,2.0,0.014683627236898922,0.061805381498269286,0.0028431332720820464
1,0.2534389027508066,0.1559163316723813,-3.99835615924587,3.99835615924587,2.0,0.014426974151819757,0.06179079594857601,0.0030740752620329226
2,0.2434059115432573,0.14998603241667843,-3.998390648285846,3.998390648285846,2.0,0.014178071575452433,0.06174348974422654,0.003313942263818008
3,0.23334413886471878,0.14401012623290155,-3.9984277798265846,3.9984277798265846,2.0,0.013936976614154524,0.06166103479423634,0.003562505836591745
4,0.2232461569917795,0.1379849410999743,-3.9984676799072423,3.9984676799072423,2.0,0.013703778505079103,0.06154086315078833,0.003819430050155413
5,0.21310492771668457,0.13190699909103118,-3.998510474182482,3.998510474182482,2.0,0.013478599644971511,0.06138027689453713,0.00408425106571123
6,0.20291384592449002,0.1257730548575671,-3.998556285944117,3.998556285944117,2.0,0.01326159581990795,0.06117646347637561,0.004356357405780829
