epoch,beta,coefficient,loss,expected_cut,best_measured_cut,success_probability_ancilla_1,max_postselected_probability,grad
0,0.2792900265302023,0.17105837330477858,-3.9999999999950813,3.9999999999950813,3.0,0.008132968757838355,0.03124967996463094,-1.6742619828761314e-11
1,0.279290775101384,0.1710588087846687,-3.99999999999508,3.99999999999508,3.0,0.008132989481913247,0.03124967970929338,-1.674524233518941e-11
2,0.2792916917021863,0.17105934201523573,-3.9999999999950786,3.9999999999950786,3.0,0.008133014857921587,0.031249679396503305,-1.6745816077502528e-11
3,0.27929274995079484,0.1710599576487818,-3.999999999995082,3.999999999995082,3.0,0.008133044155518413,0.031249679035187484,-1.6751674361309633e-11
4,0.27929393275867087,0.171060645743958,-3.999999999995083,3.999999999995083,3.0,0.008133076901640815,0.03124967863110457,-1.674440966683156e-11
5,0.2792952279222202,0.17106139920122482,-3.9999999999950804,3.9999999999950804,3.0,0.008133112758464307,0.031249678188348146,-1.6734076568032417e-11
6,0.27929662654405174,0.17106221284442077,-3.9999999999950813,3.9999999999950813,3.0,0.008133151479695946,0.031249677709884422,-1.674664712899744e-11
