epoch,beta,coefficient,loss,expected_cut,best_measured_cut,success_probability_ancilla_1,max_postselected_probability,grad
0,-0.23706474665474303,-0.14622314952151194,-3.9999999999963927,3.9999999999963927,2.0,0.011087938232457703,0.04652684466802986,7.803672985573491e-12
1,-0.2370650956539077,-0.14622335692795704,-3.9999999999963927,3.9999999999963927,2.0,0.011087946606553913,0.046526848696745476,7.808251418610317e-12
2,-0.23706552296808014,-0.14622361087612196,-3.9999999999963913,3.9999999999963913,2.0,0.011087956859801858,0.04652685362944511,7.805559745399898e-12
3,-0.23706601630328542,-0.1462239040598058,-3.999999999996393,3.999999999996393,2.0,0.011087968697219959,0.0465268593241829,7.808169119789086e-12
4,-0.23706656770137607,-0.14622423174954383,-3.999999999996392,3.999999999996392,2.0,0.011087981927862912,0.04652686568906483,7.805022297879114e-12
5,-0.2370671716418923,-0.1462245906645631,-3.9999999999963913,3.9999999999963913,2.0,0.01108799641927665,0.04652687266033701,7.810313868599426e-12
6,-0.23706782380764888,-0.14622497823918407,-3.9999999999963936,3.9999999999963936,2.0,0.011088012067879148,0.04652688018813608,7.807158468823756e-12
