epoch,beta,coefficient,loss,expected_cut,best_measured_cut,success_probability_ancilla_1,max_postselected_probability,grad
0,0.23392864527681315,0.14435804298407404,-0.9999999999982558,0.9999999999982558,0.0,0.005731808222294008,0.12498911085184845,-7.299178266222303e-12
1,0.23392897160373935,0.14435823719813098,-0.9999999999982556,0.9999999999982556,0.0,0.005731816047733317,0.12498910927945499,-7.298754043495969e-12
2,0.23392937116884618,0.1443584749999832,-0.999999999998255,0.999999999998255,0.0,0.005731825629463728,0.12498910735401485,-7.298990468399006e-12
3,0.23392983246540974,0.1443587495413624,-0.9999999999982554,0.9999999999982554,0.0,0.0057318366915564255,0.12498910513089366,-7.300964560047442e-12
4,0.23393034807574747,0.14435905640760138,-0.9999999999982555,0.9999999999982555,0.0,0.005731849056139129,0.12498910264575586,-7.299362488893527e-12
5,0.23393091273617603,0.1443593924659895,-0.9999999999982555,0.9999999999982555,0.0,0.005731862596993169,0.12498909992388825,-7.298382758642639e-12
6,0.23393152245749357,0.1443597553423263,-0.9999999999982552,0.9999999999982552,0.0,0.005731877218462332,0.1249890969844372,-7.297606760441843e-12
