epoch,beta,coefficient,loss,expected_cut,best_measured_cut,success_probability_ancilla_1,max_postselected_probability,grad
0,0.23518073282525215,0.14510301050124966,-1.867865683663693,1.867865683663693,2.0,0.03708677654221687,0.6004255779310758,-0.04152251672638731
1,0.24425814349501582,0.15049089009030564,-1.8679296270512666,1.8679296270512666,2.0,0.03726587259524081,0.6007875414101805,-0.017639397146894397
2,0.2507660699770582,0.15433931209299911,-1.8678589152165739,1.8678589152165739,2.0,0.03739842240023605,0.600971982776934,0.0034561085364802637
3,0.2535361040608469,0.15597364291546112,-1.8677998414522563,1.8677998414522563,2.0,0.03745587896731422,0.6010317980141955,0.018224529184910417
4,0.25318385418121353,0.15576593834885075,-1.8678083046139502,1.8678083046139502,2.0,0.037448538351603194,0.6010248055923939,0.024418202359873124
5,0.25082642895573215,0.1543749479179425,-1.8678578111115671,1.8678578111115671,2.0,0.03739966780203865,0.6009734043290886,0.02363368146824149
6,0.24736262812591608,0.1523282232349856,-1.8679078859212659,1.8679078859212659,2.0,0.03732867437539762,0.6008832559375624,0.018360081724994818
