epoch,beta,coefficient,loss,expected_cut,best_measured_cut,success_probability_ancilla_1,max_postselected_probability,grad
0,0.49041906037250876,0.47600257070914637,-1.4999999999998956,1.4999999999998956,2.0,0.14358886315842992,0.12459606019172964,-1.8172224306938047e-13
1,0.4904190685040487,0.47600257746508245,-1.4999999999998963,1.4999999999998963,2.0,0.14358886519558461,0.12459606008553432,-1.820075081379241e-13
2,0.4904190784606224,0.4760025857373132,-1.4999999999998956,1.4999999999998956,2.0,0.14358886768995593,0.1245960599555045,-1.8187254568490994e-13
3,0.4904190899498263,0.4760025952829005,-1.4999999999998954,1.4999999999998954,2.0,0.1435888705682896,0.12459605980545903,-1.8161224136563467e-13
4,0.49041910279139816,0.4760026059520771,-1.499999999999896,1.499999999999896,2.0,0.14358887378542545,0.12459605963775208,-1.817656657296247e-13
