epoch,beta,coefficient,loss,expected_cut,best_measured_cut,success_probability_ancilla_1,max_postselected_probability,grad
0,0.377566340119837,0.28320838007580407,-6.113348886902681,6.113348886902681,5.0,0.11502515470150448,0.07358392921024962,0.1848807688123992
1,0.367580971937077,0.27636119636669665,-6.115068365746273,6.115068365746273,5.0,0.11418671024590184,0.07365726426224498,0.1765729768833645
2,0.3576225901779594,0.2694844281582782,-6.116692583329674,6.116692583329674,5.0,0.1133628489655325,0.07371991801177763,0.16773564702005947
3,0.3477059120398568,0.262589598919755,-6.118214610471243,6.118214610471243,5.0,0.11255518001337818,0.07377139455417116,0.15837335865197472
4,0.3378483481955706,0.2556904072827311,-6.119627767023827,6.119627767023827,5.0,0.11176543607487797,0.07381126208524294,0.14849709599102287
5,0.3280703809152348,0.248803035849194,-6.120925808523912,6.120925808523912,5.0,0.11099547714308039,0.07383917648460869,0.13812545005548293
6,0.31839596377261253,0.2419464781742261,-6.122103150641575,6.122103150641575,5.0,0.11024729196720626,0.07385490878995062,0.12728593001969685
7,0.3088529255851264,0.23514287034484843,-6.123155132699293,6.123155132699293,7.0,0.10952299599944305,0.07439344184367748,0.11601635728561051
8,0.2994733499684561,0.22841780467458445,-6.12407831837171,6.12407831837171,7.0,0.10882482428753906,0.07535298932145816,0.10436629317294732
9,0.2902938873268915,0.2218005914782167,-6.124870826655767,6.124870826655767,7.0,0.10815511737274103,0.07629690035102811,0.09239842102061391
10,0.28135593870266523,0.21532442101886368,-6.12553267892819,6.12553267892819,7.0,0.1075162979226457,0.07721997315931751,0.08018976478332461
11,0.27270563256146124,0.2090263629897279,-6.126066138301567,6.126066138301567,7.0,0.10691083568406201,0.07811651912922998,0.0678325801786518
12,0.2643935002993573,0.20294712843597568,-6.126476006144454,6.126476006144454,7.0,0.10634119856995569,0.07898042388867003,0.0554347058875399
13,0.2564737505932641,0.19713051402254025,-6.126769829272268,6.126769829272268,7.0,0.10580978852539047,0.07980525247740179,0.04311912131909482
14,0.24900305540831918,0.1916224579461434,-6.126957963162861,6.126957963162861,7.0,0.10531886245408884,0.0805844051988181,0.0310224405939254
15,0.24203880027388633,0.18646966761397152,-6.127053436206638,6.127053436206638,7.0,0.10487044098753762,0.08131132575862157,0.01929210179691342
