{
  "0": 0.0,
  "1": -0.156965583904115,
  "2": 0.1433288018111685,
  "3": -0.13692180321402378,
  "4": 0.18439045072679955,
  "5": 0.23995757091180756,
  "6": 0.20660615875317545,
  "7": 0.0032597841143914104,
  "8": -0.17549931169571004,
  "9": -0.12133965646056816,
  "10": -0.062209889058246225,
  "11": 0.004641122398191022,
  "12": -0.19278782535232403,
  "13": 0.09915100574043308,
  "14": -0.10901218878486497,
  "15": -0.09319777367987231,
  "16": 0.0,
  "17": -0.08376752456651473,
  "18": -0.08369988932366836,
  "19": -0.012425447667253117,
  "20": 0.21486556646389332,
  "21": 0.03457051510674272,
  "22": -0.006458858300680872,
  "23": 0.17572762882099727,
  "24": 0.052369330985237876,
  "25": 0.003661845534765835,
  "26": -0.01205420810095498,
  "27": 0.07602602788992006,
  "28": -0.005197298799466716,
  "29": -0.2308442673126866,
  "30": -0.18498416798207193,
  "31": -0.008187181662089498,
  "32": -0.045028129545646285,
  "33": 0.03992107309275137,
  "34": -0.0051905714228239,
  "35": 0.05185936295071733,
  "36": -0.06356571535709107,
  "37": -0.002376933333252019,
  "38": -0.056557870631962465,
  "39": -0.08470500428621341,
  "40": 0.049498372693693046,
  "41": -0.0026484748103321374,
  "42": 0.08825869326081737,
  "43": 0.0685753255735401,
  "44": 0.04623296753687662,
  "45": 0.010331480490679073,
  "46": 0.06791456506150315,
  "47": -0.06808108518144482,
  "48": 0.019744572059915026,
  "49": 0.003980241551974458,
  "50": -0.007668221124771729,
  "51": 0.015051918955385829,
  "52": 0.007602523930897294,
  "53": -0.07714038743936694,
  "54": -0.07661023442685644,
  "55": -0.011026736436266274,
  "56": 0.0064635211277280944,
  "57": -0.005027557263160262,
  "58": 0.00692828819695805,
  "59": 0.008951697562092681,
  "60": 0.09243190591941262,
  "61": -0.002077112036099817,
  "62": -0.0059634942284297375,
  "63": 0.09284047505299646
}