epoch,beta,coefficient,loss,expected_cut,best_measured_cut,success_probability_ancilla_1,max_postselected_probability,grad
0,0.38806085378522703,0.29035172930851516,-5.500388313527037,5.500388313527037,3.0,0.07687992894962771,0.059738812880092716,-0.00047351004443876133
1,0.39803794802630216,0.2970917026236006,-5.500392662679332,5.500392662679332,3.0,0.07774164450897103,0.05969470635972593,-0.0004482143342025746
2,0.4079851755895293,0.30376104705895923,-5.500396759696719,5.500396759696719,3.0,0.07861321169614134,0.059639490795484085,-0.0004237446875437594
3,0.41788931973679105,0.3103507196981746,-5.500400609575829,5.500400609575829,3.0,0.07949277607853043,0.059574042303219846,-0.0004001378378472745
4,0.42773715106245674,0.31685198715681806,-5.500404218347567,5.500404218347567,3.0,0.08037843478159236,0.059499256211494565,-0.0003774213812987309
