{
  "0": 0.0,
  "1": -0.1391486672552522,
  "2": 0.1463598568498713,
  "3": -0.16328217827997385,
  "4": -0.1389785621777173,
  "5": 0.24281176170070554,
  "6": 0.20134812575072364,
  "7": -0.01039443642113035,
  "8": 0.23629258267064976,
  "9": -0.17974336148602782,
  "10": -0.023940875551978078,
  "11": -0.09931833322407232,
  "12": -0.02141989882942686,
  "13": 0.08299441174668683,
  "14": -0.14198037980261366,
  "15": 0.08237203779109191,
  "16": 0.0233782021358974,
  "17": -0.033479206461392984,
  "18": -0.01707932823963746,
  "19": -0.01009149559220745,
  "20": -0.07382395325484047,
  "21": 0.07824811530952176,
  "22": 0.0027113968628335065,
  "23": -0.04591967467868144,
  "24": 0.14929324618761694,
  "25": -0.12763193425057714,
  "26": 0.04554740517990824,
  "27": 0.07474494432499133,
  "28": -0.08082477516316272,
  "29": -0.07426965539045817,
  "30": -0.14918328363304076,
  "31": 0.11564338897699358,
  "32": -0.07571676163902787,
  "33": 0.030998990263759275,
  "34": -0.040698201211448,
  "35": 0.07265472115452612,
  "36": -0.046896050531286676,
  "37": 0.01253699092456487,
  "38": 0.033499377461090954,
  "39": -0.023327752255459768,
  "40": -0.012189988665197982,
  "41": 0.09703914634458877,
  "42": -0.10925093125782014,
  "43": 0.0657880847485902,
  "44": 0.04977539643894756,
  "45": -0.02050164364140491,
  "46": -0.010195630524121771,
  "47": -0.04537714751626467,
  "48": 0.013901410488644964,
  "49": 0.02816488190368852,
  "50": -0.044525356910495965,
  "51": 0.03271859401200233,
  "52": 0.050333484293718915,
  "53": -0.01238033782776126,
  "54": 0.0022398392600055414,
  "55": -0.04909961793312241,
  "56": -0.08850310033674434,
  "57": 0.044244896873068214,
  "58": 0.02008043420042533,
  "59": 0.06622346529102999,
  "60": 0.015557144737283191,
  "61": -0.09204912522181694,
  "62": 0.10373029380535086,
  "63": -0.03305531096224898
}