epoch,beta,coefficient,loss,expected_cut,best_measured_cut,success_probability_ancilla_1,max_postselected_probability,grad
0,-0.24719088515150292,-0.15222665220460124,-3.9999999999964846,3.9999999999964846,3.0,0.011374447261133987,0.046621588096863,7.681281890117796e-12
1,-0.2471912286139562,-0.15222685534120353,-3.999999999996484,3.999999999996484,3.0,0.011374455797452457,0.04662159100392188,7.683099488764702e-12
2,-0.24719164913724542,-0.15222710405443415,-3.9999999999964846,3.9999999999964846,3.0,0.011374466249032615,0.04662159456317238,7.681140073093219e-12
3,-0.24719213458090816,-0.15222739116394327,-3.9999999999964846,3.9999999999964846,3.0,0.011374478314145921,0.04662159867183188,7.681273512737387e-12
4,-0.24719267718183802,-0.1522277120783145,-3.999999999996483,3.999999999996483,3.0,0.011374491799857207,0.046621603264168254,7.681505307548497e-12
5,-0.24719327148834153,-0.15222806357318835,-3.999999999996483,3.999999999996483,3.0,0.011374506570678452,0.04662160829401352,7.685782442534753e-12
6,-0.2471939132475658,-0.15222844313324477,-3.9999999999964833,3.9999999999964833,3.0,0.011374522520917174,0.04662161372534683,7.682406794739754e-12
