epoch,beta,coefficient,loss,expected_cut,best_measured_cut,success_probability_ancilla_1,max_postselected_probability,grad
0,0.22114146527148953,0.13672572228862417,-5.024979880783494,5.024979880783494,5.0,0.07334115128142615,0.08058690685210465,0.09348604137559807
1,0.21120930102093372,0.13076798366551717,-5.02571160284248,5.02571160284248,5.0,0.07315543854219739,0.08032892204401675,0.08033774261749681
2,0.2014129801836411,0.12486754828104782,-5.026301585746229,5.026301585746229,5.0,0.07297991172352604,0.08006343038357012,0.06695324583116638
3,0.19184424007714382,0.11908195714982449,-5.026748776564325,5.026748776564325,5.0,0.07281592125958547,0.07979347847359013,0.053447414553437385
4,0.18262391230195493,0.11348712949493997,-5.02705658068461,5.02705658068461,5.0,0.07266498771690591,0.07952338918788454,0.039977015829141344
5,0.17390521067758724,0.10817950057896426,-5.027234509092165,5.027234509092165,5.0,0.07252875680075367,0.07925898068557066,0.026750120979886195
6,0.16587122857654732,0.10327455926165992,-5.0272995868298,5.0272995868298,5.0,0.07240888399494369,0.07900757787988325,0.014032101184761775
7,0.15872215706015538,0.0988989527225941,-5.027276687733517,5.027276687733517,5.0,0.07230683117196868,0.07877761199128287,0.0021420602009571024
