epoch,beta,coefficient,loss,expected_cut,best_measured_cut,success_probability_ancilla_1,max_postselected_probability,grad
0,0.25599917540310485,0.15742497863917523,-4.9932665055956065,4.9932665055956065,5.0,0.07137306266545981,0.07957685474209344,0.054137998286157986
1,0.24615998182401758,0.15161678507788187,-4.993607979607457,4.993607979607457,5.0,0.07115429619365995,0.07936168165799036,0.041208638304056015
2,0.23668903118005477,0.14599984632850088,-4.993813795123166,4.993813795123166,5.0,0.07095047355000558,0.0791442475120532,0.028147011189736705
3,0.22791179936069217,0.14077219228329585,-4.993894435881172,4.993894435881172,5.0,0.07076761785901743,0.07893362122091212,0.015265975943665173
4,0.22027647853781018,0.13620787309861138,-4.993876717318748,4.993876717318748,5.0,0.07061336004370337,0.07874320827147399,0.0030680675929554597
5,0.21426572003273667,0.1326040314677304,-4.993804311799863,4.993804311799863,5.0,0.07049511780521114,0.07858857661580812,-0.007739109263032266
6,0.2102094702486553,0.13016685788888505,-4.993725989260129,4.993725989260129,5.0,0.07041693246844682,0.07848186066084573,-0.016370722639082645
