epoch,beta,coefficient,loss,expected_cut,best_measured_cut,success_probability_ancilla_1,max_postselected_probability,grad
0,0.2788738657651917,0.1708162450869668,-3.9999999999951026,3.9999999999951026,3.0,0.008172313833955521,0.031249986267282842,-1.656828064672434e-11
1,0.278874606350508,0.17081667601866363,-3.999999999995106,3.999999999995106,3.0,0.008172334310599622,0.031249986319637487,-1.6562730414507654e-11
2,0.27887551300856184,0.17081720358450928,-3.999999999995106,3.999999999995106,3.0,0.008172359379092583,0.03124998638359604,-1.6559012449640017e-11
3,0.2788765595885094,0.1708178125677301,-3.9999999999951052,3.9999999999951052,3.0,0.00817238831641334,0.031249986457238504,-1.6559628367131107e-11
4,0.27887772949767414,0.17081849331326093,-3.9999999999951035,3.9999999999951035,3.0,0.008172420663816451,0.03124998653932228,-1.65680649061411e-11
5,0.2788790107740776,0.17081923886054817,-3.9999999999951044,3.9999999999951044,3.0,0.008172456090591486,0.03124998662893319,-1.656590463817669e-11
6,0.2788803943776501,0.17082004394923947,-3.999999999995107,3.999999999995107,3.0,0.00817249434681638,0.031249986725364148,-1.6565689941958718e-11
