epoch,beta,coefficient,loss,expected_cut,best_measured_cut,success_probability_ancilla_1,max_postselected_probability,grad
0,0.3440119856923103,0.26000952604047667,-2.4999999999991687,2.4999999999991687,2.0,0.030055081825423064,0.12466739092029586,-2.4207765947639424e-12
1,0.3440120939004368,0.26000960171267445,-2.4999999999991687,2.4999999999991687,2.0,0.03005509128598261,0.12466738903500556,-2.4197543732086222e-12
2,0.3440122263877098,0.2600096943637778,-2.4999999999991678,2.4999999999991678,2.0,0.030055102869253454,0.1246673867266979,-2.419910732902836e-12
3,0.3440123793150799,0.26000980130905577,-2.499999999999168,2.499999999999168,2.0,0.030055116239591603,0.12466738406225669,-2.4191813695723266e-12
4,0.3440125502577722,0.260009920852809,-2.4999999999991678,2.4999999999991678,2.0,0.030055131185002165,0.12466738108392506,-2.420293554257799e-12
