{
  "0": 0.0,
  "1": -0.1699535736025543,
  "2": 0.17105838456659903,
  "3": -0.14622322824152514,
  "4": 0.2674397045094578,
  "5": -0.004435543644328448,
  "6": 0.18728960913672515,
  "7": -0.17991701549221698,
  "8": -0.1804703113944842,
  "9": -0.010350165743861606,
  "10": -0.11704861895746066,
  "11": 0.10549605906071602,
  "12": 0.01952439390526202,
  "13": 0.18155298845209497,
  "14": -0.13525768253828108,
  "15": 0.12135971997039148
}