{
  "0": 0.0,
  "1": -0.2701877491366425,
  "2": 0.24332070419646323,
  "3": -0.23055457454833034,
  "4": 0.39377212926719124,
  "5": 0.0,
  "6": 0.27229640317504383,
  "7": -0.2497434526683026,
  "8": 0.17471998978337694,
  "9": 0.0,
  "10": 0.13753814367084718,
  "11": -0.14436209667544148,
  "12": 0.0,
  "13": -0.3175101613869332,
  "14": 0.20645640147496358,
  "15": -0.20756556986628807
}