{
  "config": {
    "N_VERTICES": 4,
    "PROB_ARESTA": 0.85,
    "COM_PESO": false,
    "PESO_MIN": 1,
    "PESO_MAX": 1,
    "GRAPH_SEED": 104882,
    "GRAPH_EDGES": [
      [
        0,
        1,
        1.0
      ],
      [
        0,
        2,
        1.0
      ],
      [
        0,
        3,
        1.0
      ],
      [
        2,
        3,
        1.0
      ]
    ],
    "REVERSE_BITS": false,
    "ER": 1.25,
    "MAX_TERMS": null,
    "A_MAX": 1.0471975511965976,
    "INIT_BETA": 0.5,
    "MAX_EPOCHS": 200,
    "LR": 0.01,
    "FD_EPS": 0.01,
    "LOSS_TOL_LAST5": 0.0005,
    "PATIENCE_LAST5": 5,
    "TRAIN_SEED": 5,
    "INIT_BETA_JITTER": 0.08,
    "OPTIMIZER": "adam",
    "ADAM_BETA1": 0.9,
    "ADAM_BETA2": 0.999,
    "ADAM_EPS": 1e-08,
    "COEF_ZERO_TOL": 0.0005,
    "IMPROVEMENT_TOL": 0.0005,
    "SATURATION_PATIENCE": 150,
    "INDEX_STRATEGY": "ascending",
    "INDEX_RANDOM_SEED": 42,
    "ENABLE_BACKWARD_PRUNING": false,
    "BACKWARD_PASSES": 1,
    "PRUNE_IMPROVEMENT_TOL": 1e-06,
    "OUTDIR": "benchmark_results_walsh_article/unweighted/aggressive_loader/n4/graph07_trainseed05",
    "SHOW_PLOTS": false,
    "name": "aggressive_loader"
  },
  "n_qubits_register": 4,
  "graph_edges": [
    [
      0,
      1,
      1.0
    ],
    [
      0,
      2,
      1.0
    ],
    [
      0,
      3,
      1.0
    ],
    [
      2,
      3,
      1.0
    ]
  ],
  "graph_signature": "0c4184843706290033a85b58881df740fdc53f7edeeaffa6a9dd8c38dfc1a494",
  "graph_num_edges": 4,
  "graph_density": 0.6666666666666666,
  "best_cut_bruteforce": 3.0,
  "best_bitstring_bruteforce": "0101",
  "best_index_bruteforce": 5,
  "candidate_order": [
    1,
    2,
    3,
    4,
    5,
    6,
    7,
    8,
    9,
    10,
    11,
    12,
    13,
    14,
    15
  ],
  "total_possible_parameters": 15,
  "visited_parameters": 15,
  "trained_coefficients": {
    "0": 0.0,
    "1": -0.5202921760147796,
    "2": 0.5204318608165555,
    "3": -0.0037791761141434733,
    "4": 0.3124039706206297,
    "5": -0.002697263760470886,
    "6": 0.008563389644949175,
    "7": -0.4256833900714872,
    "8": 0.10776802009522882,
    "9": -0.001903240859050199,
    "10": 0.0012554332891960727,
    "11": -0.09998755153891187,
    "12": 0.003744264810249013,
    "13": 0.04488583330761833,
    "14": -0.016203301283336014,
    "15": -0.007154093040095275
  },
  "final_coefficient_vector": [
    0.0,
    -0.5202921760147796,
    0.5204318608165555,
    -0.0037791761141434733,
    0.3124039706206297,
    -0.002697263760470886,
    0.008563389644949175,
    -0.4256833900714872,
    0.10776802009522882,
    -0.001903240859050199,
    0.0012554332891960727,
    -0.09998755153891187,
    0.003744264810249013,
    0.04488583330761833,
    -0.016203301283336014,
    -0.007154093040095275
  ],
  "active_indices": [
    1,
    2,
    3,
    4,
    5,
    6,
    7,
    8,
    9,
    10,
    11,
    12,
    13,
    14,
    15
  ],
  "active_parameter_count": 15,
  "compression_ratio_active_over_total": 1.0,
  "final_loss": -2.9845152458797184,
  "final_expected_cut": 2.9845152458797184,
  "best_expected_cut_over_evolution": 2.9845152458797184,
  "final_best_measured_index": 8,
  "final_best_measured_bitstring": "1000",
  "final_best_measured_cut": 3.0,
  "best_measured_cut_over_evolution": 3.0,
  "final_success_probability_ancilla_1": 0.21764450680563496,
  "final_max_postselected_probability": 0.25355115167992726,
  "gap_expected_to_bruteforce": 0.015484754120281607,
  "gap_measured_to_bruteforce": 0.0,
  "approx_ratio_measured": 1.0,
  "n_steps": 15,
  "elapsed_seconds": 38.42982769012451,
  "steps": [
    {
      "visit_idx": 1,
      "j": 1,
      "kept": true,
      "beta": -0.5451048700937373,
      "coefficient": -0.5202921760147796,
      "loss": -2.0,
      "expected_cut": 2.0,
      "best_measured_cut": 0.0,
      "success_probability_ancilla_1": 0.1020686403646977,
      "epochs_run": 5,
      "stop_reason": "loss_plateau_last5",
      "history_path": "benchmark_results_walsh_article/unweighted/aggressive_loader/n4/graph07_trainseed05/histories/history_visit001_j001.json",
      "improvement_vs_previous": 2.0
    },
    {
      "visit_idx": 2,
      "j": 2,
      "kept": true,
      "beta": 0.5452819946044494,
      "coefficient": 0.5204318608165555,
      "loss": -2.4999999792143694,
      "expected_cut": 2.4999999792143694,
      "best_measured_cut": 1.0,
      "success_probability_ancilla_1": 0.18334334014361509,
      "epochs_run": 5,
      "stop_reason": "loss_plateau_last5",
      "history_path": "benchmark_results_walsh_article/unweighted/aggressive_loader/n4/graph07_trainseed05/histories/history_visit002_j002.json",
      "improvement_vs_previous": 0.49999997921436945
    },
    {
      "visit_idx": 3,
      "j": 3,
      "kept": true,
      "beta": -0.0036088630233507162,
      "coefficient": -0.0037791761141434733,
      "loss": -2.4999847649847298,
      "expected_cut": 2.4999847649847298,
      "best_measured_cut": 3.0,
      "success_probability_ancilla_1": 0.18334687337525793,
      "epochs_run": 60,
      "stop_reason": "loss_plateau_last5",
      "history_path": "benchmark_results_walsh_article/unweighted/aggressive_loader/n4/graph07_trainseed05/histories/history_visit003_j003.json",
      "improvement_vs_previous": -1.5214229639681776e-05
    },
    {
      "visit_idx": 4,
      "j": 4,
      "kept": true,
      "beta": 0.3076786600592296,
      "coefficient": 0.3124039706206297,
      "loss": -2.630449742685994,
      "expected_cut": 2.630449742685994,
      "best_measured_cut": 3.0,
      "success_probability_ancilla_1": 0.20718548313316326,
      "epochs_run": 15,
      "stop_reason": "loss_plateau_last5",
      "history_path": "benchmark_results_walsh_article/unweighted/aggressive_loader/n4/graph07_trainseed05/histories/history_visit004_j004.json",
      "improvement_vs_previous": 0.1304649777012643
    },
    {
      "visit_idx": 5,
      "j": 5,
      "kept": true,
      "beta": -0.0025757028577424543,
      "coefficient": -0.002697263760470886,
      "loss": -2.630435499651921,
      "expected_cut": 2.630435499651921,
      "best_measured_cut": 3.0,
      "success_probability_ancilla_1": 0.2071856863376467,
      "epochs_run": 53,
      "stop_reason": "loss_plateau_last5",
      "history_path": "benchmark_results_walsh_article/unweighted/aggressive_loader/n4/graph07_trainseed05/histories/history_visit005_j005.json",
      "improvement_vs_previous": -1.4243034073047056e-05
    },
    {
      "visit_idx": 6,
      "j": 6,
      "kept": true,
      "beta": 0.008177617033224789,
      "coefficient": 0.008563389644949175,
      "loss": -2.630423115859194,
      "expected_cut": 2.630423115859194,
      "best_measured_cut": 3.0,
      "success_probability_ancilla_1": 0.20719170612037008,
      "epochs_run": 54,
      "stop_reason": "loss_plateau_last5",
      "history_path": "benchmark_results_walsh_article/unweighted/aggressive_loader/n4/graph07_trainseed05/histories/history_visit006_j006.json",
      "improvement_vs_previous": -1.238379272683332e-05
    },
    {
      "visit_idx": 7,
      "j": 7,
      "kept": true,
      "beta": -0.43140844486276675,
      "coefficient": -0.4256833900714872,
      "loss": -2.940624253557102,
      "expected_cut": 2.940624253557102,
      "best_measured_cut": 3.0,
      "success_probability_ancilla_1": 0.21225975051407187,
      "epochs_run": 5,
      "stop_reason": "loss_plateau_last5",
      "history_path": "benchmark_results_walsh_article/unweighted/aggressive_loader/n4/graph07_trainseed05/histories/history_visit007_j007.json",
      "improvement_vs_previous": 0.3102011376979079
    },
    {
      "visit_idx": 8,
      "j": 8,
      "kept": true,
      "beta": 0.10327650243828908,
      "coefficient": 0.10776802009522882,
      "loss": -2.9606624669399304,
      "expected_cut": 2.9606624669399304,
      "best_measured_cut": 3.0,
      "success_probability_ancilla_1": 0.2148665858591164,
      "epochs_run": 45,