epoch,beta,coefficient,loss,expected_cut,best_measured_cut,success_probability_ancilla_1,max_postselected_probability,grad
0,-0.5425801796575307,-0.5182984703873583,-1.499999999999929,1.499999999999929,0.0,0.21106832347748164,0.17471867946127484,7.272833011233756e-14
1,-0.5425801828978888,-0.5182984729494177,-1.499999999999929,1.499999999999929,0.0,0.21106832417781743,0.17471867934795865,7.22465354364875e-14
2,-0.5425801868762676,-0.5182984760950089,-1.4999999999999294,1.4999999999999294,0.0,0.21106832503766093,0.17471867920883366,7.300736480932938e-14
3,-0.5425801914721982,-0.5182984797288809,-1.4999999999999287,1.4999999999999287,0.0,0.21106832603097536,0.17471867904811264,7.284775247799156e-14
4,-0.5425801966089756,-0.518298483790385,-1.4999999999999287,1.4999999999999287,0.0,0.2110683271411826,0.1747186788684781,7.270261582899955e-14
