epoch,beta,coefficient,loss,expected_cut,best_measured_cut,success_probability_ancilla_1,max_postselected_probability,grad
0,-0.509834042989915,-0.49199004239381094,-3.056493964287581,3.056493964287581,3.0,0.36072507354765926,0.040558274540641405,0.0018791340000853009
1,-0.5192904836199281,-0.49967263626629943,-3.056500064905395,3.056500064905395,3.0,0.36175117713561245,0.040341098066647874,0.001033411072884607
2,-0.5273198842077597,-0.5061417123065912,-3.0564996031485414,3.0564996031485414,3.0,0.36262509236123663,0.04015674603799874,0.0002613373631327514
3,-0.5328106427789948,-0.5105366908695944,-3.0564963894979735,3.0564963894979735,3.0,0.363223943192894,0.0400307478685757,-0.00037313789969336067
4,-0.5353078619222812,-0.5125277859996241,-3.0564941650938113,3.0564941650938113,3.0,0.3634966055553219,0.0399734689735912,-0.000795934540489736
