epoch,beta,coefficient,loss,expected_cut,best_measured_cut,success_probability_ancilla_1,max_postselected_probability,grad
0,-0.5275737225210537,-0.5063454088572552,-2.9999999999998535,2.9999999999998535,1.0,0.20215910407005175,0.043841397256138455,1.6112278252753162e-13
1,-0.5275737297136192,-0.5063454146283343,-2.9999999999998526,2.9999999999998526,1.0,0.20215910564628098,0.043841397190558164,1.6064437634643e-13
2,-0.5275737385049749,-0.5063454216822303,-2.9999999999998517,2.9999999999998517,1.0,0.2021591075728804,0.0438413971104004,1.6010379146796393e-13
3,-0.527573748662073,-0.5063454298319533,-2.9999999999998526,2.9999999999998526,1.0,0.20215910979877805,0.04384139701779012,1.61037012991339e-13
4,-0.5275737600281064,-0.506345438951686,-2.9999999999998517,2.9999999999998517,1.0,0.20215911228961042,0.04384139691415699,1.6146585219590204e-13
