epoch,beta,coefficient,loss,expected_cut,best_measured_cut,success_probability_ancilla_1,max_postselected_probability,grad
0,0.4541301465247946,0.44536062131667564,-2.9999999999998757,2.9999999999998757,1.0,0.2394875657695293,0.06259455581879844,-1.60872763731498e-14
1,0.45413014724687867,0.44536062193607284,-2.9999999999998748,2.9999999999998748,1.0,0.23948756579171102,0.06259455580303114,-1.6207076950972633e-14
2,0.4541301481343204,0.4453606226973124,-2.9999999999998748,2.9999999999998748,1.0,0.23948756581897238,0.06259455578365312,-1.6313394952454675e-14
3,0.45413014915826794,0.4453606235756454,-2.9999999999998757,2.9999999999998757,1.0,0.23948756585042702,0.06259455576129437,-1.6181890823404794e-14
4,0.45413015030216347,0.44536062455686876,-2.9999999999998748,2.9999999999998748,1.0,0.2394875658855664,0.06259455573631646,-1.6165863276462245e-14
