epoch,beta,coefficient,loss,expected_cut,best_measured_cut,success_probability_ancilla_1,max_postselected_probability,grad
0,-0.4262300315980756,-0.42114712913342056,-2.9999999999998295,2.9999999999998295,1.0,0.1758204506825615,0.07092047487689652,-4.160283050621938e-14
1,-0.4262300297352483,-0.4211471274981814,-2.9999999999998295,2.9999999999998295,1.0,0.17582045076300745,0.07092047491737485,-4.1720021025610376e-14
2,-0.42623002744692445,-0.42114712548943006,-2.99999999999983,2.99999999999983,1.0,0.17582045086182826,0.07092047496709902,-4.20311299843183e-14
3,-0.426230024798366,-0.4211471231644551,-2.99999999999983,2.99999999999983,1.0,0.1758204509762058,0.07092047502465089,-4.2174731330232206e-14
4,-0.4262300218380327,-0.42114712056579584,-2.9999999999998286,2.9999999999998286,1.0,0.17582045110404732,0.07092047508897747,-4.1902737266114265e-14
