epoch,beta,coefficient,loss,expected_cut,best_measured_cut,success_probability_ancilla_1,max_postselected_probability,grad
0,0.4320940670763002,0.4262825652889583,-3.00346305855078,3.00346305855078,3.0,0.22076432444640853,0.06799226099293859,-0.0037753547573556564
1,0.44207734956830086,0.4349690776998395,-3.0034980191125324,3.0034980191125324,3.0,0.22256887895225289,0.06758727426212002,-0.0035915740162331695
2,0.45203341552996973,0.44356046176207875,-3.0035311348186733,3.0035311348186733,3.0,0.22438584531812505,0.06717975953585721,-0.0034130858281029275
3,0.46195076051207357,0.452046699263193,-3.003562434797726,3.003562434797726,3.0,0.2262117808129664,0.0667708124596141,-0.003240125260349097
4,0.4718177242953204,0.4604180294472593,-3.003591954645017,3.003591954645017,3.0,0.2280431781983304,0.06636150893017163,-0.0030728863184849454
