epoch,beta,coefficient,loss,expected_cut,best_measured_cut,success_probability_ancilla_1,max_postselected_probability,grad
0,-0.46550533394369636,-0.4550707607804471,-0.9999999999999591,0.9999999999999591,1.0,0.2452753075132938,0.17204346456611797,2.8828254942495e-14
1,-0.46550533523100357,-0.45507076187393963,-0.9999999999999594,0.9999999999999594,1.0,0.2452753077358925,0.17204346457309308,2.875987666715522e-14
2,-0.4655053368063353,-0.45507076321209217,-0.9999999999999591,0.9999999999999591,1.0,0.24527530800829586,0.17204346458162875,2.8747866785592784e-14
3,-0.46550533862097426,-0.45507076475352226,-0.9999999999999595,0.9999999999999595,1.0,0.24527530832207978,0.17204346459146116,2.856133008109163e-14
4,-0.4655053406495021,-0.4550707664766384,-0.999999999999959,0.999999999999959,1.0,0.24527530867284894,0.17204346460245237,2.872548979457217e-14
