epoch,beta,coefficient,loss,expected_cut,best_measured_cut,success_probability_ancilla_1,max_postselected_probability,grad
0,-0.5287568598690645,-0.5072941763293753,-1.4669017236778839,1.4669017236778839,1.0,0.2587333340164411,0.1939074917224781,0.05257028658974121
1,-0.5386557958582077,-0.5151895488182591,-1.4672820022414188,1.4672820022414188,1.0,0.25858446812852437,0.19306632810923838,0.043040510603828984
2,-0.5483536126651615,-0.5228503027292838,-1.467567206368789,1.467567206368789,1.0,0.2584625021054383,0.19222578847725952,0.033829149842856676
3,-0.5577187468402612,-0.5301781879538997,-1.4677626048747845,1.4677626048747845,1.0,0.2583665613567727,0.1913995500179996,0.025026055369132404
4,-0.5665856792340356,-0.5370525144088916,-1.467876964160845,1.467876964160845,1.0,0.25829498892904884,0.19060491576502472,0.01673821288907397
5,-0.5747594600281553,-0.5433343334549219,-1.467923027350414,1.467923027350414,1.0,0.25824519115441624,0.18986241513927402,0.009088655721583884
6,-0.5820315734269892,-0.5488785971386718,-1.4679172822224578,1.4679172822224578,1.0,0.25821362373626366,0.1891942513809781,0.0022102048088356125
