epoch,beta,coefficient,loss,expected_cut,best_measured_cut,success_probability_ancilla_1,max_postselected_probability,grad
0,0.5209476480976596,0.5010118536760729,-1.3009409395899425,1.3009409395899425,1.0,0.3150711056879988,0.19224314750845356,0.03756532886309146
1,0.5110005070798244,0.49294141689093174,-1.3012474606366942,1.3012474606366942,1.0,0.31504944477829533,0.1925978078586553,0.03309927166199842
2,0.5011571887923,0.48488046716838423,-1.3015050757712392,1.3015050757712392,1.0,0.31504659816828073,0.1929311035030906,0.028505708587490134
3,0.49148487673345453,0.4768876549306012,-1.3017125372482836,1.3017125372482836,1.0,0.3150623162797873,0.19324081848793095,0.023813231768933827
4,0.4820707145781203,0.4690402472181192,-1.301869699194698,1.301869699194698,1.0,0.3150957081735558,0.19352470484474887,0.01906172120064462
5,0.47302512299277016,0.4614374583783162,-1.3019779708707104,1.3019779708707104,1.0,0.3151450276055907,0.19378059315607601,0.014305188576733692
6,0.46448305064553186,0.45420200503617175,-1.3020407972972816,1.3020407972972816,1.0,0.3152074690063112,0.19400656535313848,0.009614421504985605
7,0.4566007703488874,0.44747767143337674,-1.3020640326631472,1.3020640326631472,1.0,0.3152790514896002,0.19420119116431994,0.005078414743182505
