epoch,beta,coefficient,loss,expected_cut,best_measured_cut,success_probability_ancilla_1,max_postselected_probability,grad
0,-0.357057925024541,-0.2690930771771998,-1.4999999999997236,1.4999999999997236,0.0,0.05420715031264235,0.18499629411281157,4.3456553915476985e-13
1,-0.3570579444652185,-0.26909309065350673,-1.4999999999997229,1.4999999999997229,0.0,0.05420715196944166,0.1849962941613345,4.350420375980827e-13
2,-0.3570579682791119,-0.26909310716133317,-1.4999999999997236,1.4999999999997236,0.0,0.05420715399894108,0.18499629422077268,4.3531065527891315e-13
3,-0.3570579957571172,-0.2690931262091272,-1.4999999999997233,1.4999999999997233,0.0,0.05420715634070845,0.18499629428935577,4.3428984984683565e-13
4,-0.35705802646385515,-0.2690931474950829,-1.499999999999723,1.499999999999723,0.0,0.05420715895763933,0.184996294365997,4.3439152313996227e-13
