{
  "0": 0.0,
  "1": -0.2349220802265906,
  "2": 0.23551844676681186,
  "3": -0.0014554850658593814,
  "4": -0.0014410303443699718,
  "5": 0.0028766845988556695,
  "6": -0.003194309216526946,
  "7": 0.0,
  "8": 0.0,
  "9": 0.0,
  "10": 0.004751613428435301,
  "11": -0.002364880860585535,
  "12": -0.004445365609079692,
  "13": 0.16732078927545516,
  "14": -0.1989272955023959,
  "15": 0.0023116890140030062,
  "16": 0.0,
  "17": 0.0,
  "18": 0.0030559102337099943,
  "19": -0.00155434632561502,
  "20": 0.0,
  "21": 0.1011789206818103,
  "22": -0.13204664593840065,
  "23": -0.0015545810979900503,
  "24": -0.002576377343891426,
  "25": -0.09958885118238672,
  "26": 0.15386740725423403,
  "27": -0.0014938808912860245,
  "28": 0.0036621551728793474,
  "29": 0.003089427364420322,
  "30": 0.0,
  "31": 0.0017432434197159825,
  "32": 0.0,
  "33": -0.0012714247342149288,
  "34": -0.0014951503278393316,
  "35": 0.0,
  "36": 0.0016657073865984713,
  "37": -0.06228264633702667,
  "38": 0.10504397900956237,
  "39": 0.0019235090404292195,
  "40": 0.0012967332110398076,
  "41": 0.09919217851198171,
  "42": -0.14610949930612085,
  "43": -0.0018528433317797324,
  "44": 0.00957973370482921,
  "45": 0.0,
  "46": 0.0,
  "47": 0.0075750827048252515,
  "48": 0.0,
  "49": 0.08345999289585672,
  "50": -0.12717592770577713,
  "51": 0.0,
  "52": 0.006055221590728138,
  "53": -0.001799593103845389,
  "54": 0.0,
  "55": 0.006957831172492983,
  "56": 0.005881638090923833,
  "57": 0.0014255913545084822,
  "58": -0.001440538524627894,
  "59": 0.0037512648166248453,
  "60": 0.0,
  "61": -0.10174092278960635,
  "62": 0.1377610424357698,
  "63": 0.0013267913699121427,
  "64": 0.0,
  "65": 0.0011594072571473456,
  "66": 0.0,
  "67": 0.0,
  "68": 0.0,
  "69": -0.009412429091594534,
  "70": 0.009272198803870462,
  "71": -0.001051839528105104,
  "72": -0.0012381002579722514,
  "73": 0.0023492819949320963,
  "74": -0.0023183747888786484,
  "75": 0.0,
  "76": 0.003613480332063343,
  "77": 0.0,
  "78": 0.0010041361273166066,
  "79": 0.0057152062071925535,
  "80": -0.0018216459448393615,
  "81": 0.03598294085697345,
  "82": -0.034139211232348005,
  "83": 0.0,
  "84": 0.005753245822278812,
  "85": 0.0010088675552084446,
  "86": 0.0,
  "87": 0.003688498873819166,
  "88": -0.0171735605048684,
  "89": 0.0,
  "90": 0.001740809535677474,
  "91": -0.010258015368993572,
  "92": 0.0,
  "93": -0.022717395456906108,
  "94": 0.025891783518316856,
  "95": -0.002877938334212814,
  "96": 0.001865394213179269,
  "97": 0.02811675679274007,
  "98": -0.02418350700498111,
  "99": 0.0,
  "100": -0.014247073179823377,
  "101": 0.0,
  "102": -0.0014533187320047948,
  "103": -0.011199616212582983,
  "104": 0.016008818652431926,
  "105": 0.0,
  "106": -0.0020260064028481805,
  "107": 0.00978591437351003,
  "108": 0.0013587777707275146,
  "109": -0.020324054605998048,
  "110": 0.012335001455995843,
  "111": -0.0011375825472304192,
  "112": 0.014349033684179476,
  "113": 0.0015110495307442495,
  "114": 0.0,
  "115": 0.011328657073913938,
  "116": 0.0,
  "117": -0.012834045403293167,
  "118": 0.0014001304915294477,
  "119": 0.0,
  "120": 0.0,
  "121": -0.006471920600010539,
  "122": -0.004274064913319834,
  "123": 0.0,
  "124": -0.014664043960661635,
  "125": 0.0,
  "126": 0.0011690836836850352,
  "127": -0.007101089540689852,
  "128": 0.02996117448301678,
  "129": 0.0014286583028182678,
  "130": -0.0018459736588328107,
  "131": -0.03759149986276508,
  "132": 0.0,
  "133": -0.020096936486273875,
  "134": 0.02494099328793096,
  "135": -0.0013468268939546778,
  "136": -0.0016098877140808448,
  "137": 0.035191662259821975,
  "138": -0.029337853993771652,
  "139": 0.0,
  "140": -0.02672677519511487,
  "141": 0.0,
  "142": 0.0,
  "143": 0.03165960953341194,
  "144": 0.0,
  "145": 0.0016864488116357956,
  "146": -0.0013743278301218999,
  "147": 0.0015148957335041945,
  "148": -0.010889020273298675,
  "149": 0.0,
  "150": 0.0,
  "151": 0.014400400659299161,
  "152": 0.011204056034130827,
  "153": 0.0014410961580641629,
  "154": 0.0,
  "155": -0.023995706559583385,
  "156": 0.0,
  "157": -0.0016754547682380396,
  "158": 0.0,
  "159": 0.0,
  "160": 0.0,
  "161": 0.0162244039213747,
  "162": -0.008038592205037044,
  "163": 0.001076732483294799,
  "164": 0.0,
  "165": -0.0011234029901137088,
  "166": 0.001466130992025852,
  "167": -0.012676674777145987,
  "168": -0.01687037865650377,
  "169": 0.0,
  "170": 0.0,
  "171": 0.02490805734442204,
  "172": 0.001042184433510088,
  "173": -0.01773444640385051,
  "174": 0.014190092026121133,
  "175": 0.0,
  "176": -0.010597114822842223,
  "177": -0.0029498752526764087,
  "178": 0.0,
  "179": 0.021074334190854863,
  "180": 0.001002322865401301,
  "181": 0.002118782565601274,
  "182": -0.0066325283306619175,
  "183": 0.0024610207836382276,
  "184": 0.0,
  "185": -0.0021081646241359014,
  "186": 0.0,
  "187": 0.0,
  "188": 0.019399736571322723,
  "189": 0.0,
  "190": 0.0,
  "191": -0.028892870194723762,
  "192": 0.0,
  "193": 0.022259891355766993,
  "194": -0.02514191002201199,
  "195": 0.0,
  "196": 0.004386079935223296,
  "197": 0.0,
  "198": 0.0,
  "199": -0.0016464197423739653,
  "200": -0.002119708521161412,
  "201": -0.00177281833087595,
  "202": 0.0,
  "203": -0.002401947794779886,
  "204": 0.0016729358102675963,
  "205": -0.011172137791648162,
  "206": 0.02019674552300544,
  "207": -0.001097132772657273,
  "208": -0.009954296977594134,
  "209": 0.0,
  "210": 0.0,
  "211": 0.012733475830579764,
  "212": 0.0,
  "213": 0.0016092634089409767,
  "214": 0.0011637263637221812,
  "215": 0.0,
  "216": 0.0,
  "217": -0.0035208757441589343,
  "218": 0.0037012439903963286,
  "219": 0.0,
  "220": 0.00497765218850396,
  "221": 0.0,
  "222": 0.0,
  "223": -0.010568733341088795,
  "224": -0.013091770446629349,
  "225": 0.0,
  "226": 0.0018303183211361264,
  "227": 0.005555566043629338,
  "228": -0.0026341087371278497,
  "229": 0.010565397171231668,
  "230": -0.010478428464128445,
  "231": 0.0,
  "232": 0.0,
  "233": -0.022144155209336207,
  "234": 0.03059279561648,
  "235": 0.0018548035562272378,
  "236": 0.0052165534507451865,
  "237": -0.001555895025466685,
  "238": 0.0,
  "239": -0.005497752014115173,
  "240": 0.0,
  "241": -0.016148246052506473,
  "242": 0.022055145596119655,
  "243": -0.0011551052918491944,
  "244": 0.006506233507745895,
  "245": 0.0,
  "246": 0.0,
  "247": -0.003699423814170648,
  "248": -0.0014933319853497138,
  "249": -0.0011836415085732925,
  "250": 0.0,
  "251": -0.001196624373589059,
  "252": 0.0,
  "253": 0.02833108403807457,
  "254": -0.033208410059774915,
  "255": 0.0012278494247910336
}