{
  "0": 0.0,
  "1": -0.5046060725276735,
  "2": 0.5047724564180012,
  "3": -0.0016348094187656368,
  "4": 0.0030514973216656275,
  "5": -0.0024002858134003187,
  "6": 0.00671559895395585,
  "7": -0.006608349334440714,
  "8": 0.0032871735798595853,
  "9": -0.002418568969585174,
  "10": 0.005445633817662223,
  "11": -0.004646723515362536,
  "12": -0.002544340023859808,
  "13": 0.2897838016314511,
  "14": -0.385376765288654,
  "15": -0.003697286242933145,
  "16": -0.0018857295164253043,
  "17": 0.001927544958230812,
  "18": -0.00444240821718908,
  "19": 0.0036758074283356553,
  "20": 0.0006652011114821065,
  "21": 0.10588159072565223,
  "22": -0.10793270409971528,
  "23": -0.0009590779320050874,
  "24": 0.001934842281285531,
  "25": 0.051069798771660145,
  "26": -0.028799413726952206,
  "27": 0.0,
  "28": 0.03431088668058838,
  "29": 0.0009375223543362606,
  "30": 0.0,
  "31": 0.021704866555380037,
  "32": -0.0033789431818987904,
  "33": 0.0,
  "34": -0.0019611522070802057,
  "35": 0.005760594657299516,
  "36": 0.0020458225242024593,
  "37": 0.07027696642124126,
  "38": -0.05952678869079669,
  "39": -0.0009317152603089078,
  "40": -0.0010866435763130593,
  "41": 0.012213407128454238,
  "42": 0.008888352138324679,
  "43": 0.002750419738347821,
  "44": 0.016380995747244834,
  "45": 0.0,
  "46": -0.0013853416968701146,
  "47": 0.009630268126565235,
  "48": 0.0031230326658073897,
  "49": 0.006834973371092447,
  "50": -0.03772661484686739,
  "51": -0.002135848688769162,
  "52": -0.011445424239664046,
  "53": -0.0039824495999634954,
  "54": 0.002749309016651441,
  "55": 0.0,
  "56": -0.022430494455477745,
  "57": -0.0005175444573322527,
  "58": 0.0,
  "59": -0.011615950090553545,
  "60": 0.0006016735416587848,
  "61": -0.14855530177110218,
  "62": 0.2077863843400456,
  "63": 0.002188528419761006
}