epoch,beta,coefficient,loss,expected_cut,best_measured_cut,success_probability_ancilla_1,max_postselected_probability,grad
0,-0.5254081871955265,-0.5046060356351189,-2.9999999999996882,2.9999999999996882,0.0,0.09620951344748899,0.062499999999993505,9.595739279973255e-13
1,-0.5254082300733733,-0.5046060701108981,-2.9999999999996882,2.9999999999996882,0.0,0.09620952615519063,0.062499999999993505,9.585246938887805e-13
2,-0.5254082825662234,-0.5046061123175843,-2.9999999999996874,2.9999999999996874,0.0,0.0962095417124898,0.06249999999999349,9.586061558022745e-13
3,-0.5254083431717789,-0.5046061610472594,-2.9999999999996882,2.9999999999996882,0.0,0.09620955967415072,0.062499999999993505,9.592619315488816e-13
4,-0.5254084109408206,-0.504606215536706,-2.9999999999996874,2.9999999999996874,0.0,0.09620957975885377,0.06249999999999349,9.605453052898861e-13
