epoch,beta,coefficient,loss,expected_cut,best_measured_cut,success_probability_ancilla_1,max_postselected_probability,grad
0,0.2313983919752738,0.1428512853560165,-4.837306129784627,4.837306129784627,4.0,0.04543768757764571,0.07700805311952472,-0.24093167549010142
1,0.24136276677850663,0.14877484877486002,-4.839384826322871,4.839384826322871,4.0,0.04565743118909514,0.07727217399579357,-0.21925051965275297
2,0.251263417155302,0.1546329133717794,-4.841243009762566,4.841243009762566,4.0,0.045883564350177986,0.07751779619233652,-0.19804378362668107
3,0.26106878492269875,0.16040653611282588,-4.842883957071483,4.842883957071483,4.0,0.046115015197285496,0.07774480068023168,-0.17739451999760292
4,0.2707438338561463,0.16607516760927404,-4.844312964117601,4.844312964117601,4.0,0.046350537166283276,0.07795320737590815,-0.15738443602132923
5,0.28025014604490206,0.1716167750247779,-4.845537426064244,4.845537426064244,4.0,0.0465887076941578,0.07814318520712371,-0.13809269531603113
6,0.2895461815091104,0.1770080521676649,-4.846566863536364,4.846566863536364,4.0,0.04682793368736813,0.07831505922900449,-0.11959462425473316
7,0.29858773358786517,0.1822247292796144,-4.847412880330783,4.847412880330783,4.0,0.04706646534183343,0.0784693137579608,-0.1019603542895914
8,0.3073286041700195,0.18724198946123585,-4.848089039877353,4.848089039877353,4.0,0.04730241961132654,0.078606590501762,-0.0852534441760034
9,0.315721507536562,0.19203498989269138,-4.8486106513095155,4.8486106513095155,4.0,0.047533814036164856,0.0787276808093294,-0.06952954096059016
10,0.32371918958682916,0.1965794744231067,-4.8489944621678385,4.8489944621678385,4.0,0.04775861075252463,0.07883351147876412,-0.0548351524067172
11,0.3312757224184803,0.2008524509841194,-4.849258263230687,4.849258263230687,4.0,0.04797476936610346,0.07892512405378053,-0.04120661291424545
12,0.33834790647848256,0.20483289478417246,-4.849420420869189,4.849420420869189,4.0,0.04818030614032488,0.0790036481722267,-0.028669326221418268
13,0.34489668918304495,0.20850242906830058,-4.849499362127672,4.849499362127672,4.0,0.048373355840857404,0.07907027022295644,-0.017237358041626596
14,0.35088849571315706,0.21184593195911944,-4.8495130455065905,4.8495130455065905,4.0,0.048552231844544325,0.07912619919791991,-0.006913428832947319
