epoch,beta,coefficient,loss,expected_cut,best_measured_cut,success_probability_ancilla_1,max_postselected_probability,grad
0,-0.22495621077003594,-0.13900719517088078,-3.999999999985265,3.999999999985265,0.0,0.002714836575858246,0.015624999999942442,1.2657276546835116e-10
1,-0.2249618665491736,-0.13901057486242863,-3.999999999985267,3.999999999985267,0.0,0.0027149684698809426,0.015624999999942449,1.2656804351188304e-10
2,-0.22496879046849833,-0.1390147123377299,-3.9999999999852696,3.9999999999852696,0.0,0.0027151299411143867,0.01562499999994246,1.2655260595169036e-10
3,-0.22497678190725662,-0.1390194877069711,-3.999999999985268,3.999999999985268,0.0,0.0027153163130767383,0.015624999999942452,1.2652224258398404e-10
4,-0.22498571300903766,-0.13902482456186493,-3.9999999999852722,3.9999999999852722,0.0,0.002715524606114075,0.01562499999994247,1.2652119859356428e-10
5,-0.22499549237216557,-0.13903066827825952,-3.9999999999852696,3.9999999999852696,0.0,0.0027157526906750186,0.01562499999994246,1.2649007065926328e-10
6,-0.22500605125949927,-0.1390369777755682,-3.9999999999852722,3.9999999999852722,0.0,0.0027159989657332267,0.01562499999994247,1.2649710166191324e-10
