epoch,beta,coefficient,loss,expected_cut,best_measured_cut,success_probability_ancilla_1,max_postselected_probability,grad
0,0.3132141222588127,0.23825703124315642,-14.499985566698651,14.499985566698651,7.0,0.02805734659370322,0.00781238723987081,0.03221663191247161
1,0.3094013175249252,0.23553490507228214,-14.499907878652879,14.499907878652879,7.0,0.02774708329849979,0.0078117803020135825,-0.011478925479228679
2,0.31133267410597093,0.23691456657087887,-14.499955765498358,14.499955765498358,7.0,0.02790389756460311,0.007812154417993769,-0.029390698212838982
3,0.3151564578244875,0.2396413339672488,-14.49999923479227,14.49999923479227,7.0,0.028216468588927422,0.007812494021852061,-0.02022873048255882
4,0.31867357996440693,0.24214380896671048,-14.499980903373967,14.499980903373967,7.0,0.028506415783471354,0.007812350807646119,-0.0026250665357043096
