epoch,beta,coefficient,loss,expected_cut,best_measured_cut,success_probability_ancilla_1,max_postselected_probability,grad
0,0.45607305513210655,0.4470258527527562,-2.999457204664553,2.999457204664553,3.0,0.1351918798722579,0.12493215058308767,0.06525985390225907
1,0.44628699565471075,0.4386104597196712,-2.999823082449604,2.999823082449604,3.0,0.13281269065525744,0.12497788530621931,0.046978455805786426
2,0.4370599637901265,0.4306123359913104,-2.9999868047143874,2.9999868047143874,3.0,0.13058912584071697,0.12499835058931763,0.027532841696140783
3,0.429007271628925,0.42358233797752204,-2.999974981648508,2.999974981648508,3.0,0.12866519301838572,0.12499687270608295,0.00770671557594472
4,0.4229439665925081,0.4182587272960808,-2.999864836928736,2.999864836928736,3.0,0.12722732626250335,0.12498310461611165,-0.010841399830979466
5,0.419428816080296,0.4151605593622045,-2.9997592792329524,2.9997592792329524,3.0,0.12639812934752312,0.12496990990413882,-0.025606999077666028
