epoch,beta,coefficient,loss,expected_cut,best_measured_cut,success_probability_ancilla_1,max_postselected_probability,grad
0,0.4272820408484985,0.4220702198937431,-3.9999999999996945,3.9999999999996945,3.0,0.13060642048287588,0.031240784482520212,-5.516666243428833e-13
1,0.4272820655292105,0.42207024154078226,-3.9999999999996927,3.9999999999996927,3.0,0.13060642630697702,0.031240784511341654,-5.523321121501837e-13
2,0.4272820958253864,0.42207026811305004,-3.9999999999996962,3.9999999999996962,3.0,0.1306064334562032,0.031240784546720655,-5.557876831554532e-13
3,0.4272821307068478,0.4220702987069941,-3.9999999999996954,3.9999999999996954,3.0,0.13060644168745564,0.031240784587454093,-5.483590719362256e-13
4,0.4272821696862172,0.42207033289514345,-3.9999999999996954,3.9999999999996954,3.0,0.13060645088572392,0.031240784632972838,-5.513877346362808e-13
