{
  "config": {
    "N_VERTICES": 4,
    "PROB_ARESTA": 0.85,
    "COM_PESO": false,
    "PESO_MIN": 1,
    "PESO_MAX": 1,
    "GRAPH_SEED": 104882,
    "GRAPH_EDGES": [
      [
        0,
        1,
        1.0
      ],
      [
        0,
        2,
        1.0
      ],
      [
        0,
        3,
        1.0
      ],
      [
        2,
        3,
        1.0
      ]
    ],
    "REVERSE_BITS": false,
    "ER": 0.75,
    "MAX_TERMS": null,
    "A_MAX": 0.6283185307179586,
    "INIT_BETA": 0.25,
    "MAX_EPOCHS": 200,
    "LR": 0.01,
    "FD_EPS": 0.01,
    "LOSS_TOL_LAST5": 0.002,
    "PATIENCE_LAST5": 7,
    "TRAIN_SEED": 7,
    "INIT_BETA_JITTER": 0.03,
    "OPTIMIZER": "adam",
    "ADAM_BETA1": 0.9,
    "ADAM_BETA2": 0.999,
    "ADAM_EPS": 1e-08,
    "COEF_ZERO_TOL": 0.002,
    "IMPROVEMENT_TOL": 0.002,
    "SATURATION_PATIENCE": 60,
    "INDEX_STRATEGY": "ascending",
    "INDEX_RANDOM_SEED": 42,
    "ENABLE_BACKWARD_PRUNING": false,
    "BACKWARD_PASSES": 1,
    "PRUNE_IMPROVEMENT_TOL": 1e-06,
    "OUTDIR": "benchmark_results_walsh_article/unweighted/coarse_loader/n4/graph07_trainseed07",
    "SHOW_PLOTS": false,
    "name": "coarse_loader"
  },
  "n_qubits_register": 4,
  "graph_edges": [
    [
      0,
      1,
      1.0
    ],
    [
      0,
      2,
      1.0
    ],
    [
      0,
      3,
      1.0
    ],
    [
      2,
      3,
      1.0
    ]
  ],
  "graph_signature": "0c4184843706290033a85b58881df740fdc53f7edeeaffa6a9dd8c38dfc1a494",
  "graph_num_edges": 4,
  "graph_density": 0.6666666666666666,
  "best_cut_bruteforce": 3.0,
  "best_bitstring_bruteforce": "0101",
  "best_index_bruteforce": 5,
  "candidate_order": [
    1,
    2,
    3,
    4,
    5,
    6,
    7,
    8,
    9,
    10,
    11,
    12,
    13,
    14,
    15
  ],
  "total_possible_parameters": 15,
  "visited_parameters": 15,
  "trained_coefficients": {
    "0": 0.0,
    "1": -0.14169253662139572,
    "2": 0.14205984659839396,
    "3": 0.0,
    "4": 0.10510237600575796,
    "5": 0.0,
    "6": 0.0,
    "7": -0.12435678245292504,
    "8": 0.017100758411307877,
    "9": 0.0,
    "10": 0.0,
    "11": -0.019202429535062425,
    "12": 0.0,
    "13": 0.010395160619881239,
    "14": -0.004633646483281174,
    "15": 0.0
  },
  "final_coefficient_vector": [
    0.0,
    -0.14169253662139572,
    0.14205984659839396,
    0.0,
    0.10510237600575796,
    0.0,
    0.0,
    -0.12435678245292504,
    0.017100758411307877,
    0.0,
    0.0,
    -0.019202429535062425,
    0.0,
    0.010395160619881239,
    -0.004633646483281174,
    0.0
  ],
  "active_indices": [
    1,
    2,
    4,
    7,
    8,
    11,
    13,
    14
  ],
  "active_parameter_count": 8,
  "compression_ratio_active_over_total": 0.5333333333333333,
  "final_loss": -2.9960385563180605,
  "final_expected_cut": 2.9960385563180605,
  "best_expected_cut_over_evolution": 2.9960385563180605,
  "final_best_measured_index": 7,
  "final_best_measured_bitstring": "0111",
  "final_best_measured_cut": 3.0,
  "best_measured_cut_over_evolution": 3.0,
  "final_success_probability_ancilla_1": 0.00938554112977686,
  "final_max_postselected_probability": 0.2639564761211904,
  "gap_expected_to_bruteforce": 0.003961443681939514,
  "gap_measured_to_bruteforce": 0.0,
  "approx_ratio_measured": 1.0,
  "n_steps": 15,
  "elapsed_seconds": 19.3190336227417,
  "steps": [
    {
      "visit_idx": 1,
      "j": 1,
      "kept": true,
      "beta": -0.22945451957241253,
      "coefficient": -0.14169253662139572,
      "loss": -2.0,
      "expected_cut": 2.0,
      "best_measured_cut": 0.0,
      "success_probability_ancilla_1": 0.002820640474125703,
      "epochs_run": 7,
      "stop_reason": "loss_plateau_last5",
      "history_path": "benchmark_results_walsh_article/unweighted/coarse_loader/n4/graph07_trainseed07/histories/history_visit001_j001.json",
      "improvement_vs_previous": 2.0
    },
    {
      "visit_idx": 2,
      "j": 2,
      "kept": true,
      "beta": 0.230070519558918,
      "coefficient": 0.14205984659839396,
      "loss": -2.499998318002302,
      "expected_cut": 2.499998318002302,
      "best_measured_cut": 1.0,
      "success_probability_ancilla_1": 0.005639915405928193,
      "epochs_run": 7,
      "stop_reason": "loss_plateau_last5",
      "history_path": "benchmark_results_walsh_article/unweighted/coarse_loader/n4/graph07_trainseed07/histories/history_visit002_j002.json",
      "improvement_vs_previous": 0.499998318002302
    },
    {
      "visit_idx": 3,
      "j": 3,
      "kept": false,
      "beta": -0.002832008032550885,
      "coefficient": 0.0,
      "loss": -2.499998318002302,
      "expected_cut": 2.499998318002302,
      "best_measured_cut": 1.0,
      "success_probability_ancilla_1": 0.005639915405928193,
      "epochs_run": 28,
      "stop_reason": "loss_plateau_last5_and_discarded_near_zero",
      "history_path": "benchmark_results_walsh_article/unweighted/coarse_loader/n4/graph07_trainseed07/histories/history_visit003_j003.json",
      "improvement_vs_previous": 0.0
    },
    {
      "visit_idx": 4,
      "j": 4,
      "kept": true,
      "beta": 0.16886254269915169,
      "coefficient": 0.10510237600575796,
      "loss": -2.681178673927376,
      "expected_cut": 2.681178673927376,
      "best_measured_cut": 3.0,
      "success_probability_ancilla_1": 0.007175013404798092,
      "epochs_run": 20,
      "stop_reason": "loss_plateau_last5",
      "history_path": "benchmark_results_walsh_article/unweighted/coarse_loader/n4/graph07_trainseed07/histories/history_visit004_j004.json",
      "improvement_vs_previous": 0.1811803559250742
    },
    {
      "visit_idx": 5,
      "j": 5,
      "kept": false,
      "beta": 0.0025530592232431886,
      "coefficient": 0.0,
      "loss": -2.681178673927376,
      "expected_cut": 2.681178673927376,
      "best_measured_cut": 3.0,
      "success_probability_ancilla_1": 0.007175013404798092,
      "epochs_run": 32,
      "stop_reason": "loss_plateau_last5_and_discarded_near_zero",
      "history_path": "benchmark_results_walsh_article/unweighted/coarse_loader/n4/graph07_trainseed07/histories/history_visit005_j005.json",
      "improvement_vs_previous": 0.0
    },
    {
      "visit_idx": 6,
      "j": 6,
      "kept": false,
      "beta": -0.0025118279631952825,
      "coefficient": 0.0,
      "loss": -2.681178673927376,
      "expected_cut": 2.681178673927376,
      "best_measured_cut": 3.0,
      "success_probability_ancilla_1": 0.007175013404798092,
      "epochs_run": 32,
      "stop_reason": "loss_plateau_last5_and_discarded_near_zero",
      "history_path": "benchmark_results_walsh_article/unweighted/coarse_loader/n4/graph07_trainseed07/histories/history_visit006_j006.json",
      "improvement_vs_previous": 0.0
    },
    {
      "visit_idx": 7,
      "j": 7,
      "kept": true,
      "beta": -0.2005667874553171,
      "coefficient": -0.12435678245292504,
      "loss": -2.984665726696373,
      "expected_cut": 2.984665726696373,
      "best_measured_cut": 3.0,
      "success_probability_ancilla_1": 0.009275602081838747,
      "epochs_run": 9,
      "stop_reason": "loss_plateau_last5",
      "history_path": "benchmark_results_walsh_article/unweighted/coarse_loader/n4/graph07_trainseed07/histories/history_visit007_j007.json",
      "improvement_vs_previous": 0.3034870527689968
    },
    {
      "visit_idx": 8,
      "j": 8,
      "kept": true,
      "beta": 0.027223425553489156,
      "coefficient": 0.017100758411307877,
      "loss": -2.9897621350237165,
      "expected_cut": 2.9897621350237165,
      "best_measured_cut": 3.0,
      "success_probability_ancilla_1": 0.009315962436311801,
      "epochs_run": 27,
      "stop_reason": "loss_plateau_last5",
      "history_path": "benchmark_results_walsh_article/unweighted/coarse_loader/n4/graph07_trainseed07/histories/history_visit008_j008.json",
      "improvement_vs_previous": 0.005096408327343482
    },
    {
      "visit_idx": 9,
      "j": 9,
      "kept": false,
      "beta": 0.0011109157183851418,