{
  "0": 0.0,
  "1": -0.14169253662139572,
  "2": 0.14205984659839396,
  "3": 0.0,
  "4": 0.10510237600575796,
  "5": 0.0,
  "6": 0.0,
  "7": -0.12435678245292504,
  "8": 0.017100758411307877,
  "9": 0.0,
  "10": 0.0,
  "11": -0.019202429535062425,
  "12": 0.0,
  "13": 0.010395160619881239,
  "14": -0.004633646483281174,
  "15": 0.0
}