epoch,beta,coefficient,loss,expected_cut,best_measured_cut,success_probability_ancilla_1,max_postselected_probability,grad
0,-0.25952968734949017,-0.15950216549953122,-2.4999999999930047,2.4999999999930047,0.0,0.003573367850242231,0.06249999999982511,5.15070373171272e-11
1,-0.2595319896793694,-0.159503518872745,-2.4999999999930056,2.4999999999930056,0.0,0.0035734284180981247,0.06249999999982514,5.150581670227159e-11
2,-0.25953480863180467,-0.1595051759288391,-2.4999999999930047,2.4999999999930047,0.0,0.0035735025774477403,0.06249999999982511,5.150819268951541e-11
3,-0.2595380625805371,-0.15950708868451266,-2.4999999999930034,2.4999999999930034,0.0,0.003573588181246541,0.062499999999825084,5.149933051418874e-11
4,-0.2595416995051389,-0.15950922655962052,-2.4999999999930047,2.4999999999930047,0.0,0.0035736838612885793,0.062499999999825126,5.150178554885928e-11
5,-0.2595456823400432,-0.15951156776491393,-2.4999999999930047,2.4999999999930047,0.0,0.003573788642784079,0.06249999999982511,5.14990386608629e-11
6,-0.25954998291850195,-0.15951409574212636,-2.4999999999930047,2.4999999999930047,0.0,0.003573901785043438,0.062499999999825126,5.1492785526155215e-11
