{
  "0": 0.0,
  "1": -0.1604967194870501,
  "2": 0.15958925790516484,
  "3": 0.0,
  "4": 0.0,
  "5": 0.0,
  "6": 0.0,
  "7": 0.0,
  "8": 0.0,
  "9": 0.0,
  "10": 0.0,
  "11": 0.0,
  "12": 0.0,
  "13": 0.11624441057372824,
  "14": -0.13999839765074854,
  "15": 0.0,
  "16": 0.0,
  "17": 0.0,
  "18": 0.0,
  "19": 0.0,
  "20": 0.0,
  "21": 0.021619336545432813,
  "22": -0.02011086610903852,
  "23": 0.0,
  "24": 0.0,
  "25": 0.01039735861570577,
  "26": -0.004593965748944442,
  "27": 0.0,
  "28": 0.008923780307474361,
  "29": 0.0,
  "30": 0.0,
  "31": 0.005030778159226413,
  "32": 0.0,
  "33": 0.0,
  "34": 0.0,
  "35": 0.0,
  "36": 0.0,
  "37": 0.012922000191146404,
  "38": -0.007840037822395876,
  "39": 0.0,
  "40": 0.0,
  "41": 0.010327260738150167,
  "42": -0.007177731975501242,
  "43": 0.0,
  "44": 0.004470665334628218,
  "45": 0.0,
  "46": 0.0,
  "47": 0.004302384855822227,
  "48": 0.0,
  "49": 0.049924430475269135,
  "50": -0.07430154218739499,
  "51": 0.0,
  "52": 0.003279684875358328,
  "53": 0.0,
  "54": 0.0,
  "55": 0.002513309518169848,
  "56": 0.0,
  "57": 0.0,
  "58": 0.0,
  "59": 0.0,
  "60": 0.0,
  "61": -0.101318891975956,
  "62": 0.11517280932254348,
  "63": 0.0
}