{
  "0": 0.0,
  "1": -0.5080933015913918,
  "2": 0.5137681621791669,
  "3": -0.4290808299763768,
  "4": 0.3747891366714999,
  "5": 0.6633076203203759,
  "6": 0.39575293810401835,
  "7": -0.2821131985821719,
  "8": -0.22064772047826628,
  "9": -0.49854565143135404,
  "10": 0.22464015170814802,
  "11": 0.020959363445592002,
  "12": -0.36706640756733355,
  "13": 0.2858718118467463,
  "14": -0.32036894442206326,
  "15": -0.19220428916601848,
  "16": 0.012679608799047414,
  "17": 0.15746446140914766,
  "18": -0.054943137051065294,
  "19": 0.15348505634656473,
  "20": -0.26454126338980877,
  "21": 0.09726514431015007,
  "22": -0.17351335525133807,
  "23": -0.05917844701944166,
  "24": 0.4053083915007256,
  "25": -0.025068225566696974,
  "26": 0.0507145884103641,
  "27": 0.16687662260803057,
  "28": -0.02508166949000666,
  "29": -0.046164283751432396,
  "30": -0.056764718613663584,
  "31": 0.05709235701975657,
  "32": -0.007881059715383254,
  "33": 0.09414995514756005,
  "34": 0.004465303662488948,
  "35": 0.002657045343724726,
  "36": -0.042704967396984914,
  "37": 0.10070984243378807,
  "38": -0.014783509152801057,
  "39": -0.11089943028010672,
  "40": -0.012186225454725082,
  "41": -0.10020909654904898,
  "42": 0.04277624542957735,
  "43": 0.09397238610414467,
  "44": 0.0509692653322695,
  "45": 0.0721767800518492,
  "46": 0.07437906263889008,
  "47": 0.037728825782227166,
  "48": -0.07959033975990694,
  "49": -0.040113268914622684,
  "50": 0.030353490923957383,
  "51": -0.12852753993584587,
  "52": -0.11576184673267788,
  "53": -0.04028635963656039,
  "54": 0.060108313500980476,
  "55": -0.12678029087671785,
  "56": 0.09726673580785034,
  "57": -0.010294771165711985,
  "58": 0.031794941389960904,
  "59": 0.014336148585095207,
  "60": -0.0887226400971822,
  "61": 0.03647861816915618,
  "62": -0.03857038067165359,
  "63": 0.04810175207001009
}