epoch,beta,coefficient,loss,expected_cut,best_measured_cut,success_probability_ancilla_1,max_postselected_probability,grad
0,-0.33598679840215606,-0.2543825162469805,-2.9712185856370716,2.9712185856370716,3.0,0.04900715649837287,0.2476700448959149,-0.3332235238023457
1,-0.32603265798901065,-0.24736229175583574,-2.973987075738919,2.973987075738919,3.0,0.048230324149244844,0.24807025122111628,-0.29729634488972495
2,-0.31617263234463655,-0.24036490873645672,-2.9763323791202954,2.9763323791202954,3.0,0.04747817549104666,0.2483861583093717,-0.25842646164178146
3,-0.3064746311769476,-0.2334411861635887,-2.978223011703551,2.978223011703551,3.0,0.04675575273597825,0.24861279846926673,-0.21675972483075892
4,-0.2970328649823376,-0.22666193304629584,-2.9796376727345706,2.9796376727345706,3.0,0.046069455919167675,0.2487476746824722,-0.17261118692187244
5,-0.28797492756577064,-0.22012344361656694,-2.9805725373742167,2.9805725373742167,3.0,0.04542729602536688,0.248792312522026,-0.12653446160304396
6,-0.27946675779454827,-0.21395147682724924,-2.9810503230260217,2.9810503230260217,3.0,0.04483896290513675,0.2487541222633287,-0.07940232092499612
7,-0.2717104241909153,-0.20829989983609218,-2.981128979533093,2.981128979533093,3.0,0.044315441852803956,0.24864806328230943,-0.032479209976946824
8,-0.26492804281285626,-0.20333887073215254,-2.980905170922121,2.980905170922121,3.0,0.04386788333032933,0.2484970494883268,0.012557896157586384
9,-0.25932847944430776,-0.19922985476985627,-2.980506277164416,2.980506277164416,3.0,0.04350568834848173,0.24832980943699576,0.05371566226207752
