epoch,beta,coefficient,loss,expected_cut,best_measured_cut,success_probability_ancilla_1,max_postselected_probability,grad
0,-0.3460499401275601,-0.26143374723846496,-3.4774503125565097,3.4774503125565097,4.0,0.0591974810404528,0.24554008407709085,-0.16197158962794952
1,-0.33618485158992273,-0.2545217399413582,-3.478523984870765,3.478523984870765,4.0,0.058444015232561014,0.2455897142777351,-0.12702806594271482
2,-0.3266348494009395,-0.24778825595015516,-3.479207163421258,3.479207163421258,4.0,0.05773029502159277,0.24556644172818864,-0.09025883529311483
3,-0.31769511779813214,-0.2414481636968702,-3.47951033558545,3.47951033558545,4.0,0.05707660135656946,0.24547754094102692,-0.05244902188911429
4,-0.3097995076726167,-0.2358194826774749,-3.47949337204298,3.47949337204298,4.0,0.056511176237778335,0.245342379868939,-0.015051985305915953
5,-0.30346082166119737,-0.23128133040678484,-3.4792779322946426,3.4792779322946426,4.0,0.056065529533388864,0.2451938230677929,0.019604206805662824
