epoch,beta,coefficient,loss,expected_cut,best_measured_cut,success_probability_ancilla_1,max_postselected_probability,grad
0,0.28351599990061177,0.17351398610901428,-2.882884728164165,2.882884728164165,2.0,0.021442225539276237,0.07380277649766892,-0.06742524964254393
1,0.2933027657323863,0.17917874966214245,-2.8832733887409887,2.8832733887409887,2.0,0.021708042212712927,0.07382424841599844,-0.04857129322832853
2,0.30262451041569943,0.18454504323741971,-2.883487526046549,2.883487526046549,2.0,0.021967816382552838,0.07382204852033666,-0.03099997840351119
3,0.3111270574993493,0.18941420876917067,-2.883556422493765,2.883556422493765,2.0,0.022210226006904837,0.07380173335509299,-0.015075605476356144
4,0.31838825386585623,0.19355279796579977,-2.8835241164022554,2.8835241164022554,2.0,0.022421273824333333,0.07377121296584283,-0.0012397337776788757
5,0.3240261822853872,0.19675346592812873,-2.8834434603556858,2.8834434603556858,2.0,0.022587647572510295,0.07373950008781405,0.010058928446958939
6,0.3278328464767536,0.19890814874383392,-2.883362423819359,2.883362423819359,2.0,0.022701199460341978,0.0737142602589427,0.018505732389467486
