epoch,beta,coefficient,loss,expected_cut,best_measured_cut,success_probability_ancilla_1,max_postselected_probability,grad
0,-0.2681456979875737,-0.16455571964021543,-2.961481516692692,2.961481516692692,2.0,0.025600015485157467,0.08888781558247544,0.01428088056634647
1,-0.2729466795158966,-0.1673618079975559,-2.9614454819194274,2.9614454819194274,2.0,0.025720705797967522,0.08892217561136752,-0.0033877164348212565
2,-0.2718958225987893,-0.16674821001951767,-2.961456730253011,2.961456730253011,2.0,0.02569413537934047,0.08891522941701076,-0.011593572182940031
3,-0.2684315912912651,-0.16472301805276798,-2.9614804775781853,2.9614804775781853,2.0,0.025607152119617935,0.0888900508218389,-0.009812906973401684
4,-0.26456467940133593,-0.16245807178514557,-2.961482508658431,2.961482508658431,2.0,0.025511167734167412,0.08885776521313393,-0.0038814239447018894
5,-0.26194916747057734,-0.16092352792632933,-2.961469024230928,2.961469024230928,2.0,0.025446914561910276,0.08883339376321754,0.002850369034998014
6,-0.2614442815881966,-0.1606270695199644,-2.961465026382513,2.961465026382513,2.0,0.02543457394262425,0.08882845155416993,0.007469595953158671
