{
  "config": {
    "N_VERTICES": 4,
    "PROB_ARESTA": 1.0,
    "COM_PESO": false,
    "PESO_MIN": 1,
    "PESO_MAX": 1,
    "GRAPH_SEED": 10414,
    "GRAPH_EDGES": [
      [
        0,
        1,
        1.0
      ],
      [
        0,
        2,
        1.0
      ],
      [
        0,
        3,
        1.0
      ],
      [
        1,
        2,
        1.0
      ],
      [
        1,
        3,
        1.0
      ],
      [
        2,
        3,
        1.0
      ]
    ],
    "REVERSE_BITS": false,
    "ER": 1.25,
    "MAX_TERMS": null,
    "A_MAX": 1.0471975511965976,
    "INIT_BETA": 0.5,
    "MAX_EPOCHS": 200,
    "LR": 0.01,
    "FD_EPS": 0.01,
    "LOSS_TOL_LAST5": 0.0005,
    "PATIENCE_LAST5": 5,
    "TRAIN_SEED": 1,
    "INIT_BETA_JITTER": 0.08,
    "OPTIMIZER": "adam",
    "ADAM_BETA1": 0.9,
    "ADAM_BETA2": 0.999,
    "ADAM_EPS": 1e-08,
    "COEF_ZERO_TOL": 0.0005,
    "IMPROVEMENT_TOL": 0.0005,
    "SATURATION_PATIENCE": 150,
    "INDEX_STRATEGY": "ascending",
    "INDEX_RANDOM_SEED": 42,
    "ENABLE_BACKWARD_PRUNING": false,
    "BACKWARD_PASSES": 1,
    "PRUNE_IMPROVEMENT_TOL": 1e-06,
    "OUTDIR": "benchmark_results_walsh_article/unweighted/aggressive_loader/n4/graph00_trainseed01",
    "SHOW_PLOTS": false,
    "name": "aggressive_loader"
  },
  "n_qubits_register": 4,
  "graph_edges": [
    [
      0,
      1,
      1.0
    ],
    [
      0,
      2,
      1.0
    ],
    [
      0,
      3,
      1.0
    ],
    [
      1,
      2,
      1.0
    ],
    [
      1,
      3,
      1.0
    ],
    [
      2,
      3,
      1.0
    ]
  ],
  "graph_signature": "539b127eb8e4096db3ab2abb5616611adf3c9b3f188a9792b883b1dea6c065fa",
  "graph_num_edges": 6,
  "graph_density": 1.0,
  "best_cut_bruteforce": 4.0,
  "best_bitstring_bruteforce": "0011",
  "best_index_bruteforce": 3,
  "candidate_order": [
    1,
    2,
    3,
    4,
    5,
    6,
    7,
    8,
    9,
    10,
    11,
    12,
    13,
    14,
    15
  ],
  "total_possible_parameters": 15,
  "visited_parameters": 15,
  "trained_coefficients": {
    "0": 0.0,
    "1": -0.5080931289106924,
    "2": 0.5079676993773584,
    "3": -0.002209731083545729,
    "4": 0.00157762846650361,
    "5": -0.002851227551975089,
    "6": 0.008489356136183401,
    "7": -0.004831075876650056,
    "8": 0.006549656055649801,
    "9": -0.004054941921324167,
    "10": 0.004595843700559133,
    "11": -0.0091911193781043,
    "12": -0.0024392928464308803,
    "13": 0.29313668530076636,
    "14": -0.38839243535969087,
    "15": -0.002975581141524195
  },
  "final_coefficient_vector": [
    0.0,
    -0.5080931289106924,
    0.5079676993773584,
    -0.002209731083545729,
    0.00157762846650361,
    -0.002851227551975089,
    0.008489356136183401,
    -0.004831075876650056,
    0.006549656055649801,
    -0.004054941921324167,
    0.004595843700559133,
    -0.0091911193781043,
    -0.0024392928464308803,
    0.29313668530076636,
    -0.38839243535969087,
    -0.002975581141524195
  ],
  "active_indices": [
    1,
    2,
    3,
    4,
    5,
    6,
    7,
    8,
    9,
    10,
    11,
    12,
    13,
    14,
    15
  ],
  "active_parameter_count": 15,
  "compression_ratio_active_over_total": 1.0,
  "final_loss": -3.9323576327491265,
  "final_expected_cut": 3.9323576327491265,
  "best_expected_cut_over_evolution": 3.932362914287772,
  "final_best_measured_index": 5,
  "final_best_measured_bitstring": "0101",
  "final_best_measured_cut": 4.0,
  "best_measured_cut_over_evolution": 4.0,
  "final_success_probability_ancilla_1": 0.2030947148843772,
  "final_max_postselected_probability": 0.23613951267597114,
  "gap_expected_to_bruteforce": 0.06764236725087347,
  "gap_measured_to_bruteforce": 0.0,
  "approx_ratio_measured": 1.0,
  "n_steps": 15,
  "elapsed_seconds": 18.841020822525024,
  "steps": [
    {
      "visit_idx": 1,
      "j": 1,
      "kept": true,
      "beta": -0.5297542270871833,
      "coefficient": -0.5080931289106924,
      "loss": -3.0,
      "expected_cut": 3.0,
      "best_measured_cut": 0.0,
      "success_probability_ancilla_1": 0.09749868072553297,
      "epochs_run": 5,
      "stop_reason": "loss_plateau_last5",
      "history_path": "benchmark_results_walsh_article/unweighted/aggressive_loader/n4/graph00_trainseed01/histories/history_visit001_j001.json",
      "improvement_vs_previous": 3.0
    },
    {
      "visit_idx": 2,
      "j": 2,
      "kept": true,
      "beta": 0.5295975841003684,
      "coefficient": 0.5079676993773584,
      "loss": -3.4999999825359303,
      "expected_cut": 3.4999999825359303,
      "best_measured_cut": 3.0,
      "success_probability_ancilla_1": 0.17594794041489653,
      "epochs_run": 5,
      "stop_reason": "loss_plateau_last5",
      "history_path": "benchmark_results_walsh_article/unweighted/aggressive_loader/n4/graph00_trainseed01/histories/history_visit002_j002.json",
      "improvement_vs_previous": 0.49999998253593025
    },
    {
      "visit_idx": 3,
      "j": 3,
      "kept": true,
      "beta": -0.00211014088103269,
      "coefficient": -0.002209731083545729,
      "loss": -3.499994562260464,
      "expected_cut": 3.499994562260464,
      "best_measured_cut": 3.0,
      "success_probability_ancilla_1": 0.1759491765996699,
      "epochs_run": 52,
      "stop_reason": "loss_plateau_last5",
      "history_path": "benchmark_results_walsh_article/unweighted/aggressive_loader/n4/graph00_trainseed01/histories/history_visit003_j003.json",
      "improvement_vs_previous": -5.420275466239133e-06
    },
    {
      "visit_idx": 4,
      "j": 4,
      "kept": true,
      "beta": 0.0015065253525841887,
      "coefficient": 0.00157762846650361,
      "loss": -3.499992238796139,
      "expected_cut": 3.499992238796139,
      "best_measured_cut": 3.0,
      "success_probability_ancilla_1": 0.1759498067040331,
      "epochs_run": 51,
      "stop_reason": "loss_plateau_last5",
      "history_path": "benchmark_results_walsh_article/unweighted/aggressive_loader/n4/graph00_trainseed01/histories/history_visit004_j004.json",
      "improvement_vs_previous": -2.3234643249381293e-06
    },
    {
      "visit_idx": 5,
      "j": 5,
      "kept": true,
      "beta": -0.0027227284807292006,
      "coefficient": -0.002851227551975089,
      "loss": -3.4999692275828833,
      "expected_cut": 3.4999692275828833,
      "best_measured_cut": 3.0,
      "success_probability_ancilla_1": 0.17595186016514586,
      "epochs_run": 58,
      "stop_reason": "loss_plateau_last5",
      "history_path": "benchmark_results_walsh_article/unweighted/aggressive_loader/n4/graph00_trainseed01/histories/history_visit005_j005.json",
      "improvement_vs_previous": -2.3011213255763607e-05
    },
    {
      "visit_idx": 6,
      "j": 6,
      "kept": true,
      "beta": 0.008106915552894726,
      "coefficient": 0.008489356136183401,
      "loss": -3.499984612888711,
      "expected_cut": 3.499984612888711,
      "best_measured_cut": 3.0,
      "success_probability_ancilla_1": 0.17596343715612323,
      "epochs_run": 58,
      "stop_reason": "loss_plateau_last5",
      "history_path": "benchmark_results_walsh_article/unweighted/aggressive_loader/n4/graph00_trainseed01/histories/history_visit006_j006.json",
      "improvement_vs_previous": 1.5385305827564366e-05
    },
    {
      "visit_idx": 7,
      "j": 7,
      "kept": true,
      "beta": -0.004613370366119984,
      "coefficient": -0.004831075876650056,
      "loss": -3.499974282116921,
      "expected_cut": 3.499974282116921,
      "best_measured_cut": 3.0,
      "success_probability_ancilla_1": 0.17596719378542602,
      "epochs_run": 53,
      "stop_reason": "loss_plateau_last5",
      "history_path": "benchmark_results_walsh_article/unweighted/aggressive_loader/n4/graph00_trainseed01/histories/history_visit007_j007.json",
      "improvement_vs_previous": -1.0330771790023618e-05
    },
    {
      "visit_idx": 8,
      "j": 8,
      "kept": true,
      "beta": 0.006254542377348356,
      "coefficient": 0.006549656055649801,