epoch,beta,coefficient,loss,expected_cut,best_measured_cut,success_probability_ancilla_1,max_postselected_probability,grad
0,0.2651936594454228,0.16282679117709786,-5.183241172541948,5.183241172541948,5.0,0.04899486744982762,0.07365186680120867,0.10860846696395772
1,0.255239948924357,0.1569778035922091,-5.184144701612489,5.184144701612489,5.0,0.048756391822918715,0.0734204731371495,0.09682441684738018
2,0.24537639466830902,0.15115302345694945,-5.184918349555179,5.184918349555179,5.0,0.04852753283491416,0.07317642970073401,0.0846481608292673
3,0.23565993957598758,0.14538801525565226,-5.185557929753097,5.185557929753097,5.0,0.048309506265226086,0.07292146282098885,0.07215113897516941
4,0.22616351941812357,0.13972844759024564,-5.186061760754247,5.186061760754247,5.0,0.048103681350062065,0.07265812355882106,0.0594308912198106
5,0.21697878261421563,0.13423183641591052,-5.186431669478818,5.186431669478818,5.0,0.047911576393761784,0.07238997741169438,0.04661684493601362
6,0.20821765483613647,0.1289685823296533,-5.186674089904594,5.186674089904594,5.0,0.04773482788664831,0.07212176083901638,0.0338757715324916
7,0.20001127029426002,0.12402137665561191,-5.1868010380291345,5.1868010380291345,5.0,0.04757511799804755,0.07185943161718031,0.02141524263473199
8,0.19250447047788014,0.1194818413184349,-5.186830577566337,5.186830577566337,5.0,0.04743404864574403,0.07161001333057962,0.009482393605440474
