epoch,beta,coefficient,loss,expected_cut,best_measured_cut,success_probability_ancilla_1,max_postselected_probability,grad
0,-0.24653348526084184,-0.1518377792909185,-5.730834671494021,5.730834671494021,6.0,0.07044776865145339,0.11313593932368284,-0.09874126736221016
1,-0.236618801917033,-0.14595810185556737,-5.731573073034356,5.731573073034356,6.0,0.07024958252226436,0.1129647829278976,-0.08263743099480157
2,-0.22688059246120348,-0.14015664756428733,-5.73213814283863,5.73213814283863,6.0,0.07006222391033637,0.1127817341905223,-0.06624406056255586
3,-0.217447331578495,-0.1345127697703028,-5.732530560829749,5.732530560829749,6.0,0.06988776516179024,0.11259010723734497,-0.04974340357853235
4,-0.20849356543182548,-0.12913462873579998,-5.7327589438895075,5.7327589438895075,6.0,0.06972869138787571,0.1123950373375973,-0.033397276313373345
5,-0.20024203709937313,-0.1241607161711454,-5.73284279993865,5.73284279993865,6.0,0.06958780477926968,0.11220378224411179,-0.017566573388550034
6,-0.19294954056035532,-0.11975135191494213,-5.732814161066924,5.732814161066924,6.0,0.06946791749547657,0.11202550950217179,-0.0027179343580736198
7,-0.18686882330368862,-0.11606528098002199,-5.7327155718660325,5.7327155718660325,6.0,0.06937130923670339,0.11187018338038517,0.010602385384140087
