epoch,beta,coefficient,loss,expected_cut,best_measured_cut,success_probability_ancilla_1,max_postselected_probability,grad
0,-0.26006533605268856,-0.15981699197453472,-5.24717152878951,5.24717152878951,5.0,0.05177219243143466,0.07302342034547613,-0.07626104469336141
1,-0.2501557515378149,-0.15397892193303336,-5.247734296905579,5.247734296905579,5.0,0.051542269580926066,0.07278145491528788,-0.06336046895913969
2,-0.24043623106918857,-0.14822520812935486,-5.248157133259211,5.248157133259211,5.0,0.05132408118723557,0.07253045872003328,-0.05015027219197433
3,-0.2310504036562309,-0.1426439233919768,-5.248440481240751,5.248440481240751,5.0,0.051120414752664545,0.07227507198174297,-0.03679212127603095
4,-0.2221967116917286,-0.1373572119160889,-5.2485922016167965,5.2485922016167965,5.0,0.050934751176810115,0.07202232874325855,-0.023526829881685675
5,-0.21412973377827646,-0.1325223920894892,-5.248630442821952,5.248630442821952,5.0,0.0507711380364355,0.07178195483275576,-0.010695438742051687
6,-0.20713833756951539,-0.12831885536951393,-5.248584894508044,5.248584894508044,5.0,0.05063368806457588,0.0715657982652606,0.0012548713738379691
