epoch,beta,coefficient,loss,expected_cut,best_measured_cut,success_probability_ancilla_1,max_postselected_probability,grad
0,-0.26120765859698997,-0.16048810311098302,-5.423222722158418,5.423222722158418,5.0,0.05780428608968048,0.0895208316050417,-0.023058993229027148
1,-0.2524588944485349,-0.1553383508474992,-5.423232342231545,5.423232342231545,5.0,0.05760012313916596,0.08934538458833127,-0.007886500124695302
2,-0.24734281164105698,-0.152316503939477,-5.4231822474694305,5.4231822474694305,5.0,0.057483393689439194,0.08923740498943161,0.0057414979044061835
3,-0.24649494720496973,-0.1518149789697533,-5.423169921637523,5.423169921637523,5.0,0.05746424043431057,0.08921912329302106,0.013859826794221552
4,-0.2484263491854637,-0.15295713310240427,-5.4231963282721445,5.4231963282721445,5.0,0.05750795040335217,0.08926060788268884,0.015215670292496371
5,-0.25181802294923017,-0.15496023163917008,-5.423228338801909,5.423228338801909,5.0,0.05758539256370186,0.08933207714559654,0.012131406605280448
6,-0.2556965676076896,-0.15724676673746377,-5.423242693816912,5.423242693816912,5.0,0.057675013156795685,0.08941166020574359,0.006752492805353475
