epoch,beta,coefficient,loss,expected_cut,best_measured_cut,success_probability_ancilla_1,max_postselected_probability,grad
0,0.2697109569300648,0.16547136691374398,-4.524746647564173,4.524746647564173,2.0,0.01314679515493877,0.06185757297170499,-0.040446366200178135
1,0.27967606255010014,0.17128292547478366,-4.525096920240248,4.525096920240248,2.0,0.01341613097148904,0.06174825380986647,-0.03686499797076318
2,0.28958087867507365,0.17702812262837891,-4.52541230274635,4.52541230274635,2.0,0.01369147766819367,0.061613028536098895,-0.03346276155411192
3,0.2993986188633766,0.18269125943001793,-4.52569429351214,4.52569429351214,2.0,0.013971728086586643,0.06145513079909745,-0.03024761571123619
4,0.30910153585663,0.18825649036400705,-4.52594460337499,4.52594460337499,2.0,0.014255675362997778,0.06127785348941864,-0.02722467361021755
5,0.3186613287818467,0.19370808118821875,-4.526165117681462,4.526165117681462,2.0,0.014542029578449335,0.061084491943451655,-0.024396324501387387
6,0.3280495872410103,0.19903067467184762,-4.5263578553663395,4.5263578553663395,2.0,0.014829437833847752,0.06087828884102194,-0.021762421284820057
