epoch,beta,coefficient,loss,expected_cut,best_measured_cut,success_probability_ancilla_1,max_postselected_probability,grad
0,-0.23227777659176999,-0.1433751535346628,-4.499999999995201,4.499999999995201,2.0,0.009373403800847623,0.04666883036824178,1.2123677675517385e-11
1,-0.23227831840624202,-0.14337547624037833,-4.4999999999952,4.4999999999952,2.0,0.009373416619226378,0.04666883310177463,1.2114840473625199e-11
2,-0.2322789817370761,-0.14337587132135834,-4.4999999999952,4.4999999999952,2.0,0.009373432312503647,0.046668836448232075,1.2115080415072539e-11
3,-0.2322797474363508,-0.1433763273730081,-4.4999999999951985,4.4999999999951985,2.0,0.009373450427691447,0.04666884031093508,1.211485429750354e-11
4,-0.23228060333971356,-0.1433768371501609,-4.4999999999951985,4.4999999999951985,2.0,0.009373470677020329,0.046668844628439746,1.2119517519499012e-11
5,-0.23228154073359092,-0.14337739546294137,-4.499999999995198,4.499999999995198,2.0,0.009373492854359969,0.04666884935671273,1.2119909967443715e-11
6,-0.2322825529616052,-0.14337799834674442,-4.499999999995197,4.499999999995197,2.0,0.00937351680224951,0.0466688544621003,1.2117188960857686e-11
