epoch,beta,coefficient,loss,expected_cut,best_measured_cut,success_probability_ancilla_1,max_postselected_probability,grad
0,-0.5780193758331278,-0.5458248952534588,-3.499999999999687,3.499999999999687,0.0,0.11193182740593953,0.015624999999998602,8.380536975200294e-13
1,-0.5780194133468344,-0.5458249238651739,-3.4999999999996865,3.4999999999996865,0.0,0.11193183868190835,0.015624999999998598,8.399370105224743e-13
2,-0.5780194593824771,-0.5458249589765704,-3.499999999999688,3.499999999999688,0.0,0.11193185251942307,0.015624999999998605,8.441163441581593e-13
3,-0.5780195124660431,-0.5458249994634178,-3.499999999999687,3.499999999999687,0.0,0.11193186847542137,0.015624999999998605,8.376245621808667e-13
4,-0.578019571725034,-0.5458250446602608,-3.499999999999688,3.499999999999688,0.0,0.11193188628764533,0.015624999999998605,8.355896894223896e-13
