epoch,beta,coefficient,loss,expected_cut,best_measured_cut,success_probability_ancilla_1,max_postselected_probability,grad
0,0.5769955848717359,0.5450436329437689,-3.4999999999998215,3.4999999999998215,3.0,0.19856737919791298,0.031249981235510718,-2.0822958270407494e-13
1,0.5769955941574197,0.5450436400335199,-3.4999999999998246,3.4999999999998246,3.0,0.19856738136390265,0.031249981235851487,-2.0719739129566793e-13
2,0.5769956054714636,0.5450436486719524,-3.4999999999998233,3.4999999999998233,3.0,0.19856738400302995,0.031249981236266638,-2.0492881605963044e-13
3,0.5769956185605586,0.5450436586656613,-3.499999999999826,3.499999999999826,3.0,0.1985673870562078,0.03124998123674697,-2.0819409345811198e-13
4,0.5769956331617933,0.5450436698139103,-3.4999999999998233,3.4999999999998233,3.0,0.19856739046210928,0.031249981237282714,-2.0542192613442815e-13
