epoch,beta,coefficient,loss,expected_cut,best_measured_cut,success_probability_ancilla_1,max_postselected_probability,grad
0,0.4434719810573992,0.436176862657857,-3.7257306825115357,3.7257306825115357,3.0,0.4708947271996688,0.03161935592152505,-0.010533051263407906
1,0.4532604560855338,0.4446143328496401,-3.7257913752211747,3.7257913752211747,3.0,0.47155134036775537,0.03164851258732481,-0.007602180604008122
2,0.46257563291480686,0.45257898519838713,-3.725824109538781,3.725824109538781,3.0,0.4721740630421221,0.0316742291334381,-0.004811627220728613
3,0.47103300674038256,0.45975489728684127,-3.7258332548501207,3.7258332548501207,3.0,0.47273748104964036,0.031695900080756206,-0.002228310217167951
4,0.47815958505315065,0.46576045628651175,-3.7258261344983117,3.7258261344983117,3.0,0.4732106965267357,0.03171294677954611,5.591166715448559e-05
