{
  "0": 0.0,
  "1": -0.14171906594902925,
  "2": 0.14435866083558416,
  "3": -0.14033494057284407,
  "4": 0.11961866537551255,
  "5": 0.23319927690709777,
  "6": 0.1937535039471601,
  "7": -0.012067233582445281,
  "8": 0.03511762010015553,
  "9": -0.22308732064876988,
  "10": -0.03775385917564892,
  "11": -0.11961449542048953,
  "12": 0.021875603609784293,
  "13": 0.07032119298820831,
  "14": -0.03713654902539554,
  "15": 0.1310253668450896,
  "16": -0.011217498849788997,
  "17": -0.016246785074016716,
  "18": -0.01489647576372113,
  "19": -0.01199530393522223,
  "20": -0.12965531595435353,
  "21": -0.015026034790469147,
  "22": -0.035374613420201456,
  "23": -0.09579612478215045,
  "24": 0.19480612867977645,
  "25": 0.026311362050516852,
  "26": 0.029285444177093358,
  "27": 0.07079761824938073,
  "28": -0.11005063787952911,
  "29": -0.07072253450060485,
  "30": -0.17141310076636737,
  "31": 0.06907396838354825,
  "32": -0.1059704701376726,
  "33": 0.04885646958223263,
  "34": -0.048141480864825906,
  "35": 0.09825709522867798,
  "36": -0.037392129330685954,
  "37": 0.043978753627724375,
  "38": -0.07085436555527976,
  "39": -0.0481554279321834,
  "40": -0.06130922881961203,
  "41": 0.07252189094332526,
  "42": -0.06053694213338331,
  "43": 0.08077703416714786,
  "44": 0.010604552937539513,
  "45": -0.03160607989995551,
  "46": 0.02346849873767087,
  "47": -0.01290033829848801,
  "48": 0.011067298733270515,
  "49": 0.03675066428806973,
  "50": -0.021485592389810362,
  "51": 0.057821527856884825,
  "52": 0.018600158161980764,
  "53": -0.026729829583696862,
  "54": 0.03655011408264012,
  "55": -0.009546745786334623,
  "56": 0.018676835616678624,
  "57": 0.08650661328743678,
  "58": -0.028802985765945987,
  "59": 0.004267764409640589,
  "60": 0.04981325385357839,
  "61": -0.11350839185138999,
  "62": 0.09245987089262427,
  "63": -0.07056602829726827
}