epoch,beta,coefficient,loss,expected_cut,best_measured_cut,success_probability_ancilla_1,max_postselected_probability,grad
0,-0.3320330831562284,-0.2515994803878539,-1.8679150662480488,1.8679150662480488,2.0,0.14309280661322082,0.4352454965272874,-0.07754327897668066
1,-0.32213613033875166,-0.2446021600034655,-1.868470389776139,1.868470389776139,2.0,0.1428444903487182,0.43581567854026415,-0.06331610401724214
2,-0.3124586295656672,-0.2377181501966279,-1.8688730657335175,1.8688730657335175,2.0,0.1426172597942681,0.43631596411421864,-0.04884060824912563
3,-0.3031706987296371,-0.23107320999511063,-1.869125813748425,1.869125813748425,2.0,0.14241398457078458,0.4367413429315458,-0.03431901889237876
4,-0.2945079772441814,-0.22484273083117556,-1.86924088656176,1.86924088656176,2.0,0.14223773068422474,0.43708848790480925,-0.020053500395901324
5,-0.2867672447350115,-0.21924914298148912,-1.8692432804275319,1.8692432804275319,2.0,0.142091324588132,0.43735726553594456,-0.0064701026614825225
