{
  "config": {
    "N_VERTICES": 4,
    "PROB_ARESTA": 1.0,
    "COM_PESO": false,
    "PESO_MIN": 1,
    "PESO_MAX": 1,
    "GRAPH_SEED": 10414,
    "GRAPH_EDGES": [
      [
        0,
        1,
        1.0
      ],
      [
        0,
        2,
        1.0
      ],
      [
        0,
        3,
        1.0
      ],
      [
        1,
        2,
        1.0
      ],
      [
        1,
        3,
        1.0
      ],
      [
        2,
        3,
        1.0
      ]
    ],
    "REVERSE_BITS": false,
    "ER": 1.25,
    "MAX_TERMS": null,
    "A_MAX": 1.0471975511965976,
    "INIT_BETA": 0.5,
    "MAX_EPOCHS": 200,
    "LR": 0.01,
    "FD_EPS": 0.01,
    "LOSS_TOL_LAST5": 0.0005,
    "PATIENCE_LAST5": 5,
    "TRAIN_SEED": 3,
    "INIT_BETA_JITTER": 0.08,
    "OPTIMIZER": "adam",
    "ADAM_BETA1": 0.9,
    "ADAM_BETA2": 0.999,
    "ADAM_EPS": 1e-08,
    "COEF_ZERO_TOL": 0.0005,
    "IMPROVEMENT_TOL": 0.0005,
    "SATURATION_PATIENCE": 150,
    "INDEX_STRATEGY": "ascending",
    "INDEX_RANDOM_SEED": 42,
    "ENABLE_BACKWARD_PRUNING": false,
    "BACKWARD_PASSES": 1,
    "PRUNE_IMPROVEMENT_TOL": 1e-06,
    "OUTDIR": "benchmark_results_walsh_article/unweighted/aggressive_loader/n4/graph00_trainseed03",
    "SHOW_PLOTS": false,
    "name": "aggressive_loader"
  },
  "n_qubits_register": 4,
  "graph_edges": [
    [
      0,
      1,
      1.0
    ],
    [
      0,
      2,
      1.0
    ],
    [
      0,
      3,
      1.0
    ],
    [
      1,
      2,
      1.0
    ],
    [
      1,
      3,
      1.0
    ],
    [
      2,
      3,
      1.0
    ]
  ],
  "graph_signature": "539b127eb8e4096db3ab2abb5616611adf3c9b3f188a9792b883b1dea6c065fa",
  "graph_num_edges": 6,
  "graph_density": 1.0,
  "best_cut_bruteforce": 4.0,
  "best_bitstring_bruteforce": "0011",
  "best_index_bruteforce": 3,
  "candidate_order": [
    1,
    2,
    3,
    4,
    5,
    6,
    7,
    8,
    9,
    10,
    11,
    12,
    13,
    14,
    15
  ],
  "total_possible_parameters": 15,
  "visited_parameters": 15,
  "trained_coefficients": {
    "0": 0.0,
    "1": -0.4276420030769561,
    "2": 0.43061233259899284,
    "3": 0.0007303927373075703,
    "4": -0.0034759789177715135,
    "5": 0.0,
    "6": -0.0020324177108154598,
    "7": -0.0011335221226768605,
    "8": 0.0006509826381158518,
    "9": -0.0006299522857665177,
    "10": 0.0028796989538525087,
    "11": -0.00327628850109208,
    "12": 0.0012712424318667406,
    "13": 0.2714482498736201,
    "14": -0.34472458049299437,
    "15": 0.0
  },
  "final_coefficient_vector": [
    0.0,
    -0.4276420030769561,
    0.43061233259899284,
    0.0007303927373075703,
    -0.0034759789177715135,
    0.0,
    -0.0020324177108154598,
    -0.0011335221226768605,
    0.0006509826381158518,
    -0.0006299522857665177,
    0.0028796989538525087,
    -0.00327628850109208,
    0.0012712424318667406,
    0.2714482498736201,
    -0.34472458049299437,
    0.0
  ],
  "active_indices": [
    1,
    2,
    3,
    4,
    6,
    7,
    8,
    9,
    10,
    11,
    12,
    13,
    14
  ],
  "active_parameter_count": 13,
  "compression_ratio_active_over_total": 0.8666666666666667,
  "final_loss": -3.95510159371665,
  "final_expected_cut": 3.95510159371665,
  "best_expected_cut_over_evolution": 3.95510159371665,
  "final_best_measured_index": 10,
  "final_best_measured_bitstring": "1010",
  "final_best_measured_cut": 4.0,
  "best_measured_cut_over_evolution": 4.0,
  "final_success_probability_ancilla_1": 0.16534628792925044,
  "final_max_postselected_probability": 0.24204465082492138,
  "gap_expected_to_bruteforce": 0.044898406283349956,
  "gap_measured_to_bruteforce": 0.0,
  "approx_ratio_measured": 1.0,
  "n_steps": 15,
  "elapsed_seconds": 15.046761274337769,
  "steps": [
    {
      "visit_idx": 1,
      "j": 1,
      "kept": true,
      "beta": -0.4336510614957399,
      "coefficient": -0.4276420030769561,
      "loss": -3.0,
      "expected_cut": 3.0,
      "best_measured_cut": 0.0,
      "success_probability_ancilla_1": 0.0697516524821327,
      "epochs_run": 5,
      "stop_reason": "loss_plateau_last5",
      "history_path": "benchmark_results_walsh_article/unweighted/aggressive_loader/n4/graph00_trainseed03/histories/history_visit001_j001.json",
      "improvement_vs_previous": 3.0
    },
    {
      "visit_idx": 2,
      "j": 2,
      "kept": true,
      "beta": 0.4370599598914837,
      "coefficient": 0.43061233259899284,
      "loss": -3.499986804318172,
      "expected_cut": 3.499986804318172,
      "best_measured_cut": 3.0,
      "success_probability_ancilla_1": 0.13058911182305089,
      "epochs_run": 6,
      "stop_reason": "loss_plateau_last5",
      "history_path": "benchmark_results_walsh_article/unweighted/aggressive_loader/n4/graph00_trainseed03/histories/history_visit002_j002.json",
      "improvement_vs_previous": 0.4999868043181719
    },
    {
      "visit_idx": 3,
      "j": 3,
      "kept": true,
      "beta": 0.0006974738003454554,
      "coefficient": 0.0007303927373075703,
      "loss": -3.4999860064631934,
      "expected_cut": 3.4999860064631934,
      "best_measured_cut": 3.0,
      "success_probability_ancilla_1": 0.1305892657847107,
      "epochs_run": 60,
      "stop_reason": "loss_plateau_last5",
      "history_path": "benchmark_results_walsh_article/unweighted/aggressive_loader/n4/graph00_trainseed03/histories/history_visit003_j003.json",
      "improvement_vs_previous": -7.978549785292444e-07
    },
    {
      "visit_idx": 4,
      "j": 4,
      "kept": true,
      "beta": -0.003319327551737767,
      "coefficient": -0.0034759789177715135,
      "loss": -3.499998819752429,
      "expected_cut": 3.499998819752429,
      "best_measured_cut": 3.0,
      "success_probability_ancilla_1": 0.1305927527941696,
      "epochs_run": 50,
      "stop_reason": "loss_plateau_last5",
      "history_path": "benchmark_results_walsh_article/unweighted/aggressive_loader/n4/graph00_trainseed03/histories/history_visit004_j004.json",
      "improvement_vs_previous": 1.2813289235857894e-05
    },
    {
      "visit_idx": 5,
      "j": 5,
      "kept": false,
      "beta": -0.00027025423884780367,
      "coefficient": 0.0,
      "loss": -3.499998819752429,
      "expected_cut": 3.499998819752429,
      "best_measured_cut": 3.0,
      "success_probability_ancilla_1": 0.1305927527941696,
      "epochs_run": 60,
      "stop_reason": "loss_plateau_last5_and_discarded_near_zero",
      "history_path": "benchmark_results_walsh_article/unweighted/aggressive_loader/n4/graph00_trainseed03/histories/history_visit005_j005.json",
      "improvement_vs_previous": 0.0
    },
    {
      "visit_idx": 6,
      "j": 6,
      "kept": true,
      "beta": -0.0019408183874951462,
      "coefficient": -0.0020324177108154598,
      "loss": -3.4999970822166238,
      "expected_cut": 3.4999970822166238,
      "best_measured_cut": 4.0,
      "success_probability_ancilla_1": 0.13059394712155017,
      "epochs_run": 51,
      "stop_reason": "loss_plateau_last5",
      "history_path": "benchmark_results_walsh_article/unweighted/aggressive_loader/n4/graph00_trainseed03/histories/history_visit006_j006.json",
      "improvement_vs_previous": -1.7375358054572132e-06
    },
    {
      "visit_idx": 7,
      "j": 7,
      "kept": true,
      "beta": -0.001082434316317834,
      "coefficient": -0.0011335221226768605,
      "loss": -3.499993446246984,
      "expected_cut": 3.499993446246984,
      "best_measured_cut": 4.0,
      "success_probability_ancilla_1": 0.1305951211413095,
      "epochs_run": 63,
      "stop_reason": "loss_plateau_last5",
      "history_path": "benchmark_results_walsh_article/unweighted/aggressive_loader/n4/graph00_trainseed03/histories/history_visit007_j007.json",
      "improvement_vs_previous": -3.6359696395926733e-06
    },
    {
      "visit_idx": 8,
      "j": 8,
      "kept": true,
      "beta": 0.0006216427084146277,
      "coefficient": 0.0006509826381158518,
      "loss": -3.499992607450827,
      "expected_cut": 3.499992607450827,