{
  "config": {
    "N_VERTICES": 4,
    "PROB_ARESTA": 1.0,
    "COM_PESO": false,
    "PESO_MIN": 1,
    "PESO_MAX": 1,
    "GRAPH_SEED": 10414,
    "GRAPH_EDGES": [
      [
        0,
        1,
        1.0
      ],
      [
        0,
        2,
        1.0
      ],
      [
        0,
        3,
        1.0
      ],
      [
        1,
        2,
        1.0
      ],
      [
        1,
        3,
        1.0
      ],
      [
        2,
        3,
        1.0
      ]
    ],
    "REVERSE_BITS": false,
    "ER": 1.0,
    "MAX_TERMS": null,
    "A_MAX": 0.7853981633974483,
    "INIT_BETA": 0.35,
    "MAX_EPOCHS": 100,
    "LR": 0.2,
    "FD_EPS": 0.01,
    "LOSS_TOL_LAST5": 0.001,
    "PATIENCE_LAST5": 5,
    "TRAIN_SEED": 9,
    "INIT_BETA_JITTER": 0.05,
    "COEF_ZERO_TOL": 0.001,
    "IMPROVEMENT_TOL": 0.001,
    "SATURATION_PATIENCE": 100,
    "INDEX_STRATEGY": "ascending",
    "INDEX_RANDOM_SEED": 42,
    "ENABLE_BACKWARD_PRUNING": false,
    "BACKWARD_PASSES": 1,
    "PRUNE_IMPROVEMENT_TOL": 1e-06,
    "OUTDIR": "benchmark_results_walsh_article/unweighted/runs_4/n4_graph00_trainseed09",
    "SHOW_PLOTS": false
  },
  "n_qubits_register": 4,
  "graph_edges": [
    [
      0,
      1,
      1.0
    ],
    [
      0,
      2,
      1.0
    ],
    [
      0,
      3,
      1.0
    ],
    [
      1,
      2,
      1.0
    ],
    [
      1,
      3,
      1.0
    ],
    [
      2,
      3,
      1.0
    ]
  ],
  "graph_signature": "539b127eb8e4096db3ab2abb5616611adf3c9b3f188a9792b883b1dea6c065fa",
  "graph_num_edges": 6,
  "graph_density": 1.0,
  "best_cut_bruteforce": 4.0,
  "best_bitstring_bruteforce": "0011",
  "candidate_order": [
    1,
    2,
    3,
    4,
    5,
    6,
    7,
    8,
    9,
    10,
    11,
    12,
    13,
    14,
    15
  ],
  "total_possible_parameters": 15,
  "visited_parameters": 15,
  "trained_coefficients": {
    "0": 0.0,
    "1": -0.2701872341059482,
    "2": 0.27013583892528276,
    "3": 0.0,
    "4": 0.0,
    "5": 0.0,
    "6": 0.0,
    "7": 0.0,
    "8": 0.0,
    "9": 0.0,
    "10": 0.0,
    "11": 0.0,
    "12": 0.0,
    "13": 0.19207048724551853,
    "14": -0.23526679509382378,
    "15": 0.0
  },
  "final_coefficient_vector": [
    0.0,
    -0.2701872341059482,
    0.27013583892528276,
    0.0,
    0.0,
    0.0,
    0.0,
    0.0,
    0.0,
    0.0,
    0.0,
    0.0,
    0.0,
    0.19207048724551853,
    -0.23526679509382378,
    0.0
  ],
  "active_indices": [
    1,
    2,
    13,
    14
  ],
  "active_parameter_count": 4,
  "compression_ratio_active_over_total": 0.26666666666666666,
  "final_loss": -3.979191634353209,
  "final_expected_cut": 3.979191634353209,
  "best_expected_cut_over_evolution": 3.979191634353209,
  "final_best_measured_index": 5,
  "final_best_measured_bitstring": "0101",
  "final_best_measured_cut": 4.0,
  "best_measured_cut_over_evolution": 4.0,
  "final_success_probability_ancilla_1": 0.05512672737777647,
  "gap_expected_to_bruteforce": 0.020808365646790783,
  "gap_measured_to_bruteforce": 0.0,
  "approx_ratio_measured": 1.0,
  "n_steps": 15,
  "elapsed_seconds": 0.8276429176330566,
  "steps": [
    {
      "visit_idx": 1,
      "j": 1,
      "kept": true,
      "beta": -0.3586371914598696,
      "coefficient": -0.2701872341059482,
      "loss": -3.0,
      "expected_cut": 3.0,
      "best_measured_cut": 0.0,
      "success_probability_ancilla_1": 0.018139530874582376,
      "epochs_run": 5,
      "stop_reason": "loss_plateau_last5",
      "history_path": "benchmark_results_walsh_article/unweighted/runs_4/n4_graph00_trainseed09/histories/history_visit001_j001.json",
      "improvement_vs_previous": 3.0
    },
    {
      "visit_idx": 2,
      "j": 2,
      "kept": true,
      "beta": 0.35856297115236924,
      "coefficient": 0.27013583892528276,
      "loss": -3.499999990728936,
      "expected_cut": 3.499999990728936,
      "best_measured_cut": 3.0,
      "success_probability_ancilla_1": 0.035614367047371434,
      "epochs_run": 5,
      "stop_reason": "loss_plateau_last5",
      "history_path": "benchmark_results_walsh_article/unweighted/runs_4/n4_graph00_trainseed09/histories/history_visit002_j002.json",
      "improvement_vs_previous": 0.4999999907289361
    },
    {
      "visit_idx": 3,
      "j": 3,
      "kept": false,
      "beta": -3.2352308582672684e-06,
      "coefficient": 0.0,
      "loss": -3.499999990728936,
      "expected_cut": 3.499999990728936,
      "best_measured_cut": 3.0,
      "success_probability_ancilla_1": 0.035614367047371434,
      "epochs_run": 7,
      "stop_reason": "loss_plateau_last5_and_discarded_near_zero",
      "history_path": "benchmark_results_walsh_article/unweighted/runs_4/n4_graph00_trainseed09/histories/history_visit003_j003.json",
      "improvement_vs_previous": 0.0
    },
    {
      "visit_idx": 4,
      "j": 4,
      "kept": false,
      "beta": 6.899387901365683e-05,
      "coefficient": 0.0,
      "loss": -3.499999990728936,
      "expected_cut": 3.499999990728936,
      "best_measured_cut": 3.0,
      "success_probability_ancilla_1": 0.035614367047371434,
      "epochs_run": 7,
      "stop_reason": "loss_plateau_last5_and_discarded_near_zero",
      "history_path": "benchmark_results_walsh_article/unweighted/runs_4/n4_graph00_trainseed09/histories/history_visit004_j004.json",
      "improvement_vs_previous": 0.0
    },
    {
      "visit_idx": 5,
      "j": 5,
      "kept": false,
      "beta": -1.089254298092257e-06,
      "coefficient": 0.0,
      "loss": -3.499999990728936,
      "expected_cut": 3.499999990728936,
      "best_measured_cut": 3.0,
      "success_probability_ancilla_1": 0.035614367047371434,
      "epochs_run": 8,
      "stop_reason": "loss_plateau_last5_and_discarded_near_zero",
      "history_path": "benchmark_results_walsh_article/unweighted/runs_4/n4_graph00_trainseed09/histories/history_visit005_j005.json",
      "improvement_vs_previous": 0.0
    },
    {
      "visit_idx": 6,
      "j": 6,
      "kept": false,
      "beta": 1.3254870888101955e-06,
      "coefficient": 0.0,
      "loss": -3.499999990728936,
      "expected_cut": 3.499999990728936,
      "best_measured_cut": 3.0,
      "success_probability_ancilla_1": 0.035614367047371434,
      "epochs_run": 8,
      "stop_reason": "loss_plateau_last5_and_discarded_near_zero",
      "history_path": "benchmark_results_walsh_article/unweighted/runs_4/n4_graph00_trainseed09/histories/history_visit006_j006.json",
      "improvement_vs_previous": 0.0
    },
    {
      "visit_idx": 7,
      "j": 7,
      "kept": false,
      "beta": 5.825197035730367e-05,
      "coefficient": 0.0,
      "loss": -3.499999990728936,
      "expected_cut": 3.499999990728936,
      "best_measured_cut": 3.0,
      "success_probability_ancilla_1": 0.035614367047371434,
      "epochs_run": 7,
      "stop_reason": "loss_plateau_last5_and_discarded_near_zero",
      "history_path": "benchmark_results_walsh_article/unweighted/runs_4/n4_graph00_trainseed09/histories/history_visit007_j007.json",
      "improvement_vs_previous": 0.0
    },
    {
      "visit_idx": 8,
      "j": 8,
      "kept": false,
      "beta": 6.696265796590772e-05,
      "coefficient": 0.0,
      "loss": -3.499999990728936,
      "expected_cut": 3.499999990728936,
      "best_measured_cut": 3.0,
      "success_probability_ancilla_1": 0.035614367047371434,
      "epochs_run": 8,
      "stop_reason": "loss_plateau_last5_and_discarded_near_zero",
      "history_path": "benchmark_results_walsh_article/unweighted/runs_4/n4_graph00_trainseed09/histories/history_visit008_j008.json",
      "improvement_vs_previous": 0.0
    },
    {
      "visit_idx": 9,
      "j": 9,
      "kept": false,
      "beta": -5.956182197730531e-06,
      "coefficient": 0.0,
      "loss": -3.499999990728936,
      "expected_cut": 3.499999990728936,
      "best_measured_cut": 3.0,
      "success_probability_ancilla_1": 0.035614367047371434,
      "epochs_run": 7,
      "stop_reason": "loss_plateau_last5_and_discarded_near_zero",