{
  "0": 0.0,
  "1": -0.5046061973844715,
  "2": 0.45196320591676126,
  "3": -0.44416724404677344,
  "4": 0.5997222017573138,
  "5": 0.6174461847304538,
  "6": 0.451993825564358,
  "7": -0.4516495416436147,
  "8": -0.06896228946372843,
  "9": -0.6577805171564969,
  "10": 0.36640383594239345,
  "11": -0.048552760114624116,
  "12": 0.09727845877549067,
  "13": -0.07880003837440121,
  "14": 0.0998233253452438,
  "15": -0.3709801900352245,
  "16": 0.06250239011639559,
  "17": -0.3006372040485635,
  "18": 0.1480730359091601,
  "19": -0.06295329214523313,
  "20": 0.1094839762685869,
  "21": -0.0032603377799829063,
  "22": 0.0014192078154820942,
  "23": -0.13854350946558003,
  "24": 0.3286207242063392,
  "25": -0.07820354294374784,
  "26": 0.0918284364556209,
  "27": 0.12360907249760233,
  "28": 0.12778567008766994,
  "29": -0.07333465908373253,
  "30": -0.24390597465403396,
  "31": -0.1110983017028129,
  "32": -0.07749959427144153,
  "33": -0.05090177341065352,
  "34": -0.04934469022141373,
  "35": 0.08372926323805857,
  "36": 0.020370108614048546,
  "37": 0.053729048542435064,
  "38": -0.09095692920895322,
  "39": -0.08859475562250553,
  "40": 0.11153918141622349,
  "41": 0.012785670719585914,
  "42": 0.05150507260107095,
  "43": 0.212322276982643,
  "44": 0.029645556993459565,
  "45": -0.152243535139756,
  "46": 0.00592314415334962,
  "47": -0.051585217156641,
  "48": -0.006308228792715794,
  "49": 0.05194812966658509,
  "50": -0.046659993581768824,
  "51": 0.09311839851402061,
  "52": -0.07420441347024273,
  "53": -0.08853940479589381,
  "54": -0.10200518091713795,
  "55": 0.035574142073971735,
  "56": 0.056883681783689834,
  "57": 0.14602963913164693,
  "58": -0.03294908715852532,
  "59": -0.03254578756825565,
  "60": 0.03158616848991889,
  "61": -0.09075742988793523,
  "62": 0.08137885408046376,
  "63": -0.009828809215012432
}