epoch,beta,coefficient,loss,expected_cut,best_measured_cut,success_probability_ancilla_1,max_postselected_probability,grad
0,-0.521722451319714,-0.5016372736963043,-2.999999999999824,2.999999999999824,1.0,0.17178783849959842,0.06555367989175646,-1.4515997128243072e-14
1,-0.521722450666954,-0.5016372731695928,-2.999999999999824,2.999999999999824,1.0,0.1717878385090319,0.06555367991502317,-1.4675236909456896e-14
2,-0.5217224498663031,-0.5016372725235484,-2.999999999999827,2.999999999999827,1.0,0.17178783852060256,0.06555367994356134,-1.4668435019116747e-14
3,-0.521722448939824,-0.5016372717759732,-2.999999999999826,2.999999999999826,1.0,0.17178783853399177,0.0655536799765844,-1.474475003251239e-14
4,-0.5217224479044686,-0.5016372709405459,-2.999999999999826,2.999999999999826,1.0,0.17178783854895432,0.06555368001348823,-1.4647104515753666e-14
