epoch,beta,coefficient,loss,expected_cut,best_measured_cut,success_probability_ancilla_1,max_postselected_probability,grad
0,-0.4716732897991087,-0.46029600820116445,-2.999999999999851,2.999999999999851,1.0,0.2009742556251312,0.04405284221218133,1.5336412048207447e-13
1,-0.47167329661294743,-0.4602960139580017,-2.9999999999998517,2.9999999999998517,1.0,0.2009742570207284,0.04405284218350992,1.5153281319254717e-13
2,-0.47167330494761617,-0.4602960209997489,-2.9999999999998512,2.9999999999998512,1.0,0.20097425872781907,0.0440528421484391,1.5198159219369288e-13
3,-0.47167331455509165,-0.46029602911685785,-2.9999999999998512,2.9999999999998512,1.0,0.2009742606956034,0.044052842108012545,1.514750155309824e-13
4,-0.4716733252776826,-0.4602960381760991,-2.9999999999998517,2.9999999999998517,1.0,0.20097426289178363,0.044052842062893775,1.5108207072449616e-13
