epoch,beta,coefficient,loss,expected_cut,best_measured_cut,success_probability_ancilla_1,max_postselected_probability,grad
0,0.4904190662098669,0.4760025755590049,-2.9999999999997917,2.9999999999997917,1.0,0.1435888620293394,0.03114901498631336,-3.663160360901873e-13
1,0.490419082553266,0.47600258913760857,-2.9999999999997904,2.9999999999997904,1.0,0.1435888661237707,0.031149014932953408,-3.64844432293229e-13
2,0.4904191025800851,0.4760026057765117,-2.9999999999997913,2.9999999999997913,1.0,0.14358887114099117,0.03114901486756737,-3.663006855612482e-13
3,0.49041912568404356,0.4760026249719973,-2.9999999999997913,2.9999999999997913,1.0,0.14358887692911224,0.03114901479213468,-3.649927136998981e-13
4,0.49041915153382076,0.47600264644879386,-2.9999999999997913,2.9999999999997913,1.0,0.14358888340512993,0.03114901470773707,-3.670431603497278e-13
