epoch,beta,coefficient,loss,expected_cut,best_measured_cut,success_probability_ancilla_1,max_postselected_probability,grad
0,0.4975456604404217,0.4819043534001635,-2.9900324874013715,2.9900324874013715,3.0,0.22955673043313074,0.06371508260894843,0.006228932198255254
1,0.48753470322122733,0.4736030178102847,-2.9901008487599374,2.9901008487599374,3.0,0.2276416086553184,0.06407527846469159,0.006624612453497369
2,0.4775050970300733,0.46521049885739013,-2.99017353094139,2.99017353094139,3.0,0.22573526254645063,0.0644338490369148,0.007035097987739918
3,0.467449823897323,0.4567210951070348,-2.990250759244904,2.990250759244904,3.0,0.2238376182891253,0.0647905155779816,0.007460855647949133
4,0.4573620934620389,0.44812914129844483,-2.9903327720671804,2.9903327720671804,3.0,0.22194871571608737,0.06514494955025484,0.007902349106272941
