epoch,beta,coefficient,loss,expected_cut,best_measured_cut,success_probability_ancilla_1,max_postselected_probability,grad
0,-0.4749718664759762,-0.46307884595312193,-2.9999999999998845,2.9999999999998845,1.0,0.2599347169453513,0.05962008717038143,2.728822110368026e-14
1,-0.4749718677016827,-0.46307884698568214,-2.9999999999998845,2.9999999999998845,1.0,0.25993471702101395,0.059620087160011485,2.7528127197148504e-14
2,-0.47497186919733947,-0.46307884824565415,-2.9999999999998854,2.9999999999998854,1.0,0.25993471711334065,0.05962008714735767,2.7159768209775563e-14
3,-0.4749718709240221,-0.463078849700247,-2.9999999999998845,2.9999999999998845,1.0,0.25993471721992856,0.05962008713274923,2.7324775294994692e-14
4,-0.47497187285685877,-0.4630788513285081,-2.9999999999998854,2.9999999999998854,1.0,0.2599347173392423,0.05962008711639671,2.748575522239019e-14
