{
  "0": 0.0,
  "1": -0.1604599599516005,
  "2": 0.1620254290884694,
  "3": -0.13947435981032155,
  "4": 0.137075460993248,
  "5": -0.15325605310610732,
  "6": 0.15405190446044412,
  "7": -0.14253739646951483,
  "8": -0.28542981053071603,
  "9": 0.223767489442373,
  "10": -0.18329636078974257,
  "11": 0.15190139308837136,
  "12": 0.03226770879488462,
  "13": 0.15160047529816878,
  "14": -0.1424931262167668,
  "15": 0.11776699029465948,
  "16": -0.14246918568978809,
  "17": 0.13173024233623673,
  "18": -0.019811553286612143,
  "19": 0.13076725134113307,
  "20": -0.016782773531479073,
  "21": 0.11995801184347568,
  "22": -0.11249080875554295,
  "23": 0.108023016216065,
  "24": 0.03112336401551532,
  "25": -0.19485908030195545,
  "26": 0.23804986635193903,
  "27": -0.1803664705367657,
  "28": 0.2138244188883852,
  "29": -0.16426872633412692,
  "30": 0.03830601490629835,
  "31": -0.14576091941504016,
  "32": 0.06796112801022045,
  "33": 0.015423997415297167,
  "34": -0.016892226847850654,
  "35": -0.01248892938376917,
  "36": -0.08564383424606287,
  "37": -0.002089895137248254,
  "38": -0.005857737694295402,
  "39": 0.0057007746966411706,
  "40": 0.08627429039312513,
  "41": 0.07387249311837722,
  "42": -0.04182933450451212,
  "43": 0.029798806811240492,
  "44": -0.04905660628938299,
  "45": -0.047187266266496435,
  "46": 0.033565398381915364,
  "47": 0.006919408519560195,
  "48": 0.11401928838024762,
  "49": 0.027259238606804032,
  "50": -0.051793569065002674,
  "51": -0.024024248109117494,
  "52": -0.030699720823457795,
  "53": -0.025641587261904766,
  "54": 0.06277428801851337,
  "55": -0.004075849408284644,
  "56": 0.10194863521625733,
  "57": 0.009608258870345538,
  "58": -0.04814357699824672,
  "59": -0.05468748394554015,
  "60": -0.12838524683451705,
  "61": -0.04634987465964886,
  "62": 0.03019612681432048,
  "63": 0.04154776910942852
}