{
  "0": 0.0,
  "1": -0.16384346026386762,
  "2": 0.15763302944790192,
  "3": -0.1563856595617272,
  "4": 0.17974853226811668,
  "5": 0.25794969344195523,
  "6": 0.21930332066211664,
  "7": -0.009220537908245228,
  "8": -0.17298201492814333,
  "9": -0.1211073279500115,
  "10": -0.05394712867050338,
  "11": 0.006933876621598049,
  "12": -0.2104989211115252,
  "13": 0.10728813130276078,
  "14": -0.10595045437710247,
  "15": -0.10227160041651437,
  "16": 0.0,
  "17": -0.09073727655311459,
  "18": -0.0861507738412124,
  "19": -0.006540766570028629,
  "20": 0.2204821844778809,
  "21": 0.026848758393980467,
  "22": -0.016593050827480943,
  "23": 0.18243746471735459,
  "24": 0.058983810161109686,
  "25": 0.004563176144329006,
  "26": -0.013286281861748335,
  "27": 0.08495000327778492,
  "28": 0.0049592953746378215,
  "29": -0.236916851689076,
  "30": -0.18919921629204545,
  "31": -0.006260061498533655,
  "32": -0.04658414693421973,
  "33": 0.04010660121752898,
  "34": -0.007681619371709666,
  "35": 0.05376806769606431,
  "36": -0.062175931840934,
  "37": 0.0,
  "38": -0.05370253600598224,
  "39": -0.0869346656518559,
  "40": 0.05076416644001657,
  "41": -0.004902353388570092,
  "42": 0.08455580208768322,
  "43": 0.06914646469056424,
  "44": 0.0454325830355381,
  "45": 0.009797250308470347,
  "46": 0.07106020911198385,
  "47": -0.06884190061240432,
  "48": 0.01681362951608826,
  "49": 0.0,
  "50": -0.0021843367068864884,
  "51": 0.011867206056474096,
  "52": 0.008895570100532197,
  "53": -0.07137684378955687,
  "54": -0.07508483639435196,
  "55": -0.01220054598437962,
  "56": 0.007213806212838772,
  "57": -0.007652071629744071,
  "58": 0.007324561704406004,
  "59": 0.004712531069828792,
  "60": 0.09126656793758214,
  "61": 0.0,
  "62": -0.0044180321528530285,
  "63": 0.09032333805303445
}