epoch,beta,coefficient,loss,expected_cut,best_measured_cut,success_probability_ancilla_1,max_postselected_probability,grad
0,-0.35604992652594536,-0.2683940899326079,-2.9999999999996803,2.9999999999996803,1.0,0.09407730967642114,0.10480051482103077,1.8727030570560072e-13
1,-0.35604993490576214,-0.268394095745518,-2.9999999999996803,2.9999999999996803,1.0,0.0940773101383314,0.10480051477233228,1.8756502067537213e-13
2,-0.35604994515065697,-0.2683941028521951,-2.999999999999681,2.999999999999681,1.0,0.09407731070304814,0.10480051471279506,1.866494575602794e-13
3,-0.35604995698014036,-0.2683941110580694,-2.999999999999681,2.999999999999681,1.0,0.09407731135511019,0.10480051464404909,1.872836452667832e-13
4,-0.3560499701882506,-0.2683941202202692,-2.999999999999681,2.999999999999681,1.0,0.09407731208316465,0.10480051456729131,1.8634938869704128e-13
