{
  "config": {
    "N_VERTICES": 4,
    "PROB_ARESTA": 0.85,
    "COM_PESO": false,
    "PESO_MIN": 1,
    "PESO_MAX": 1,
    "GRAPH_SEED": 104882,
    "GRAPH_EDGES": [
      [
        0,
        1,
        1.0
      ],
      [
        0,
        2,
        1.0
      ],
      [
        0,
        3,
        1.0
      ],
      [
        2,
        3,
        1.0
      ]
    ],
    "REVERSE_BITS": false,
    "ER": 0.75,
    "MAX_TERMS": null,
    "A_MAX": 0.6283185307179586,
    "INIT_BETA": 0.25,
    "MAX_EPOCHS": 200,
    "LR": 0.01,
    "FD_EPS": 0.01,
    "LOSS_TOL_LAST5": 0.002,
    "PATIENCE_LAST5": 7,
    "TRAIN_SEED": 3,
    "INIT_BETA_JITTER": 0.03,
    "OPTIMIZER": "adam",
    "ADAM_BETA1": 0.9,
    "ADAM_BETA2": 0.999,
    "ADAM_EPS": 1e-08,
    "COEF_ZERO_TOL": 0.002,
    "IMPROVEMENT_TOL": 0.002,
    "SATURATION_PATIENCE": 60,
    "INDEX_STRATEGY": "ascending",
    "INDEX_RANDOM_SEED": 42,
    "ENABLE_BACKWARD_PRUNING": false,
    "BACKWARD_PASSES": 1,
    "PRUNE_IMPROVEMENT_TOL": 1e-06,
    "OUTDIR": "benchmark_results_walsh_article/unweighted/coarse_loader/n4/graph07_trainseed03",
    "SHOW_PLOTS": false,
    "name": "coarse_loader"
  },
  "n_qubits_register": 4,
  "graph_edges": [
    [
      0,
      1,
      1.0
    ],
    [
      0,
      2,
      1.0
    ],
    [
      0,
      3,
      1.0
    ],
    [
      2,
      3,
      1.0
    ]
  ],
  "graph_signature": "0c4184843706290033a85b58881df740fdc53f7edeeaffa6a9dd8c38dfc1a494",
  "graph_num_edges": 4,
  "graph_density": 0.6666666666666666,
  "best_cut_bruteforce": 3.0,
  "best_bitstring_bruteforce": "0101",
  "best_index_bruteforce": 5,
  "candidate_order": [
    1,
    2,
    3,
    4,
    5,
    6,
    7,
    8,
    9,
    10,
    11,
    12,
    13,
    14,
    15
  ],
  "total_possible_parameters": 15,
  "visited_parameters": 15,
  "trained_coefficients": {
    "0": 0.0,
    "1": -0.13910948897896497,
    "2": 0.1395767741532289,
    "3": 0.0,
    "4": 0.1034382875998834,
    "5": 0.0,
    "6": 0.0,
    "7": -0.12549533243841957,
    "8": 0.019646386010744088,
    "9": 0.0,
    "10": 0.0,
    "11": -0.01607198288641257,
    "12": 0.0,
    "13": 0.0095747508706882,
    "14": -0.004458139787184275,
    "15": 0.0
  },
  "final_coefficient_vector": [
    0.0,
    -0.13910948897896497,
    0.1395767741532289,
    0.0,
    0.1034382875998834,
    0.0,
    0.0,
    -0.12549533243841957,
    0.019646386010744088,
    0.0,
    0.0,
    -0.01607198288641257,
    0.0,
    0.0095747508706882,
    -0.004458139787184275,
    0.0
  ],
  "active_indices": [
    1,
    2,
    4,
    7,
    8,
    11,
    13,
    14
  ],
  "active_parameter_count": 8,
  "compression_ratio_active_over_total": 0.5333333333333333,
  "final_loss": -2.9953347085738056,
  "final_expected_cut": 2.9953347085738056,
  "best_expected_cut_over_evolution": 2.9953347085738056,
  "final_best_measured_index": 7,
  "final_best_measured_bitstring": "0111",
  "final_best_measured_cut": 3.0,
  "best_measured_cut_over_evolution": 3.0,
  "final_success_probability_ancilla_1": 0.009176367648350899,
  "final_max_postselected_probability": 0.26483377293598886,
  "gap_expected_to_bruteforce": 0.004665291426194429,
  "gap_measured_to_bruteforce": 0.0,
  "approx_ratio_measured": 1.0,
  "n_steps": 15,
  "elapsed_seconds": 5.520667314529419,
  "steps": [
    {
      "visit_idx": 1,
      "j": 1,
      "kept": true,
      "beta": -0.22512740165271722,
      "coefficient": -0.13910948897896497,
      "loss": -2.0,
      "expected_cut": 2.0,
      "best_measured_cut": 0.0,
      "success_probability_ancilla_1": 0.0027188300540932965,
      "epochs_run": 7,
      "stop_reason": "loss_plateau_last5",
      "history_path": "benchmark_results_walsh_article/unweighted/coarse_loader/n4/graph07_trainseed03/histories/history_visit001_j001.json",
      "improvement_vs_previous": 2.0
    },
    {
      "visit_idx": 2,
      "j": 2,
      "kept": true,
      "beta": 0.22590957863954653,
      "coefficient": 0.1395767741532289,
      "loss": -2.4999971782838974,
      "expected_cut": 2.4999971782838974,
      "best_measured_cut": 1.0,
      "success_probability_ancilla_1": 0.005441056344056469,
      "epochs_run": 7,
      "stop_reason": "loss_plateau_last5",
      "history_path": "benchmark_results_walsh_article/unweighted/coarse_loader/n4/graph07_trainseed03/histories/history_visit002_j002.json",
      "improvement_vs_previous": 0.49999717828389745
    },
    {
      "visit_idx": 3,
      "j": 3,
      "kept": false,
      "beta": -0.0005850773594870294,
      "coefficient": 0.0,
      "loss": -2.4999971782838974,
      "expected_cut": 2.4999971782838974,
      "best_measured_cut": 1.0,
      "success_probability_ancilla_1": 0.005441056344056469,
      "epochs_run": 32,
      "stop_reason": "loss_plateau_last5_and_discarded_near_zero",
      "history_path": "benchmark_results_walsh_article/unweighted/coarse_loader/n4/graph07_trainseed03/histories/history_visit003_j003.json",
      "improvement_vs_previous": 0.0
    },
    {
      "visit_idx": 4,
      "j": 4,
      "kept": true,
      "beta": 0.16613905756416394,
      "coefficient": 0.1034382875998834,
      "loss": -2.681106037481974,
      "expected_cut": 2.681106037481974,
      "best_measured_cut": 3.0,
      "success_probability_ancilla_1": 0.0069285509845153845,
      "epochs_run": 14,
      "stop_reason": "loss_plateau_last5",
      "history_path": "benchmark_results_walsh_article/unweighted/coarse_loader/n4/graph07_trainseed03/histories/history_visit004_j004.json",
      "improvement_vs_previous": 0.18110885919807673
    },
    {
      "visit_idx": 5,
      "j": 5,
      "kept": false,
      "beta": 0.0012801450535649761,
      "coefficient": 0.0,
      "loss": -2.681106037481974,
      "expected_cut": 2.681106037481974,
      "best_measured_cut": 3.0,
      "success_probability_ancilla_1": 0.0069285509845153845,
      "epochs_run": 32,
      "stop_reason": "loss_plateau_last5_and_discarded_near_zero",
      "history_path": "benchmark_results_walsh_article/unweighted/coarse_loader/n4/graph07_trainseed03/histories/history_visit005_j005.json",
      "improvement_vs_previous": 0.0
    },
    {
      "visit_idx": 6,
      "j": 6,
      "kept": false,
      "beta": -0.000986480626868869,
      "coefficient": 0.0,
      "loss": -2.681106037481974,
      "expected_cut": 2.681106037481974,
      "best_measured_cut": 3.0,
      "success_probability_ancilla_1": 0.0069285509845153845,
      "epochs_run": 28,
      "stop_reason": "loss_plateau_last5_and_discarded_near_zero",
      "history_path": "benchmark_results_walsh_article/unweighted/coarse_loader/n4/graph07_trainseed03/histories/history_visit006_j006.json",
      "improvement_vs_previous": 0.0
    },
    {
      "visit_idx": 7,
      "j": 7,
      "kept": true,
      "beta": -0.20245342892711082,
      "coefficient": -0.12549533243841957,
      "loss": -2.984828889660158,
      "expected_cut": 2.984828889660158,
      "best_measured_cut": 3.0,
      "success_probability_ancilla_1": 0.00907133276666967,
      "epochs_run": 17,
      "stop_reason": "loss_plateau_last5",
      "history_path": "benchmark_results_walsh_article/unweighted/coarse_loader/n4/graph07_trainseed03/histories/history_visit007_j007.json",
      "improvement_vs_previous": 0.3037228521781836
    },
    {
      "visit_idx": 8,
      "j": 8,
      "kept": true,
      "beta": 0.03127839076145863,
      "coefficient": 0.019646386010744088,
      "loss": -2.9897689875493945,
      "expected_cut": 2.9897689875493945,
      "best_measured_cut": 3.0,
      "success_probability_ancilla_1": 0.009124625551133091,
      "epochs_run": 28,
      "stop_reason": "loss_plateau_last5",
      "history_path": "benchmark_results_walsh_article/unweighted/coarse_loader/n4/graph07_trainseed03/histories/history_visit008_j008.json",
      "improvement_vs_previous": 0.004940097889236661
    },
    {
      "visit_idx": 9,
      "j": 9,
      "kept": false,
      "beta": 0.002541170712862381,