epoch,beta,coefficient,loss,expected_cut,best_measured_cut,success_probability_ancilla_1,max_postselected_probability,grad
0,-0.30811978969235326,-0.23461856466852035,-6.478636369914743,6.478636369914743,5.0,0.05709209092143149,0.015356733053009839,-0.003150055677227312
1,-0.31502276140673086,-0.23954610098534326,-6.478811497823848,6.478811497823848,5.0,0.05758205378486446,0.015365754889266484,0.04074560332965559
2,-0.3217457924878847,-0.24432529096260125,-6.478783006796903,6.478783006796903,5.0,0.05806752807537414,0.015372069378451406,0.010185065015278197
3,-0.3244510771159412,-0.2462427807237696,-6.478717782177213,6.478717782177213,5.0,0.05826514637044826,0.015373941434745134,-0.018480475682000157
4,-0.323408415906901,-0.24550413244876412,-6.478746516832468,6.478746516832468,5.0,0.05818882822578404,0.015373264692326253,-0.02971061583622944
