epoch,beta,coefficient,loss,expected_cut,best_measured_cut,success_probability_ancilla_1,max_postselected_probability,grad
0,0.3630418145005349,0.27323258216265917,-5.999950362406391,5.999950362406391,3.0,0.03690907116730878,0.007812112206310503,0.01375218860901451
1,0.36489510219874866,0.2745111607879194,-5.999978079861333,5.999978079861333,3.0,0.03707538008969091,0.007812328748927202,-0.01802192913766434
2,0.369135286744622,0.27743021854064387,-5.999999545033042,5.999999545033042,3.0,0.03745790722425982,0.007812496445581046,-0.011907202931622288
3,0.3722172577080417,0.2795464550193201,-5.999979537770732,5.999979537770732,3.0,0.03773769344324837,0.007812340138844178,0.0016928946579799248
4,0.3724106639193069,0.2796791030722293,-5.999977305967312,5.999977305967312,3.0,0.03775529971603543,0.00781232270287997,0.011244284686714212
