epoch,beta,coefficient,loss,expected_cut,best_measured_cut,success_probability_ancilla_1,max_postselected_probability,grad
0,-0.259529687355641,-0.15950216550314686,-2.4999999999930034,2.4999999999930034,0.0,0.003573367850404043,0.062499999999825084,5.150723188667406e-11
1,-0.25953198972239144,-0.15950351889803455,-2.499999999993004,2.499999999993004,0.0,0.003573428419229919,0.0624999999998251,5.1507209172244604e-11
2,-0.25953480862834316,-0.15950517592680433,-2.4999999999930047,2.4999999999930047,0.0,0.003573502577356675,0.06249999999982511,5.1504479628663124e-11
3,-0.25953806252944883,-0.15950708865448168,-2.4999999999930047,2.4999999999930047,0.0,0.003573588179902522,0.06249999999982511,5.1498809277839086e-11
4,-0.25954169942400707,-0.15950922651192923,-2.4999999999930047,2.4999999999930047,0.0,0.0035736838591541543,0.062499999999825126,5.1502376557533386e-11
5,-0.2595456822380185,-0.15951156770494138,-2.4999999999930047,2.4999999999930047,0.0,0.003573788640099969,0.06249999999982511,5.1499340829223287e-11
6,-0.25954998275556596,-0.15951409564634897,-2.4999999999930056,2.4999999999930056,0.0,0.0035739017807567886,0.06249999999982514,5.149011843072876e-11
