{
  "config": {
    "N_VERTICES": 4,
    "PROB_ARESTA": 0.85,
    "COM_PESO": false,
    "PESO_MIN": 1,
    "PESO_MAX": 1,
    "GRAPH_SEED": 104781,
    "GRAPH_EDGES": [
      [
        0,
        2,
        1.0
      ],
      [
        0,
        3,
        1.0
      ],
      [
        1,
        2,
        1.0
      ],
      [
        1,
        3,
        1.0
      ],
      [
        2,
        3,
        1.0
      ]
    ],
    "REVERSE_BITS": false,
    "ER": 0.75,
    "MAX_TERMS": null,
    "A_MAX": 0.6283185307179586,
    "INIT_BETA": 0.25,
    "MAX_EPOCHS": 200,
    "LR": 0.01,
    "FD_EPS": 0.01,
    "LOSS_TOL_LAST5": 0.002,
    "PATIENCE_LAST5": 7,
    "TRAIN_SEED": 2,
    "INIT_BETA_JITTER": 0.03,
    "OPTIMIZER": "adam",
    "ADAM_BETA1": 0.9,
    "ADAM_BETA2": 0.999,
    "ADAM_EPS": 1e-08,
    "COEF_ZERO_TOL": 0.002,
    "IMPROVEMENT_TOL": 0.002,
    "SATURATION_PATIENCE": 60,
    "INDEX_STRATEGY": "ascending",
    "INDEX_RANDOM_SEED": 42,
    "ENABLE_BACKWARD_PRUNING": false,
    "BACKWARD_PASSES": 1,
    "PRUNE_IMPROVEMENT_TOL": 1e-06,
    "OUTDIR": "benchmark_results_walsh_article/unweighted/coarse_loader/n4/graph06_trainseed02",
    "SHOW_PLOTS": false,
    "name": "coarse_loader"
  },
  "n_qubits_register": 4,
  "graph_edges": [
    [
      0,
      2,
      1.0
    ],
    [
      0,
      3,
      1.0
    ],
    [
      1,
      2,
      1.0
    ],
    [
      1,
      3,
      1.0
    ],
    [
      2,
      3,
      1.0
    ]
  ],
  "graph_signature": "d0a2f764541f34d9979e15c4cf98ceeae9b64c9a96b6d443de24544368e1cb36",
  "graph_num_edges": 5,
  "graph_density": 0.8333333333333334,
  "best_cut_bruteforce": 4.0,
  "best_bitstring_bruteforce": "0011",
  "best_index_bruteforce": 3,
  "candidate_order": [
    1,
    2,
    3,
    4,
    5,
    6,
    7,
    8,
    9,
    10,
    11,
    12,
    13,
    14,
    15
  ],
  "total_possible_parameters": 15,
  "visited_parameters": 15,
  "trained_coefficients": {
    "0": 0.0,
    "1": -0.13901398330592035,
    "2": 0.15176383503288016,
    "3": -0.14759743074776194,
    "4": -0.16627731748422575,
    "5": 0.24068159474141368,
    "6": 0.19970384934488,
    "7": -0.018108049789715284,
    "8": 0.17776114451109976,
    "9": -0.1048879867483898,
    "10": -0.04751432021614885,
    "11": 0.0,
    "12": -0.2012059673914691,
    "13": 0.09938661475738393,
    "14": -0.09754942690882448,
    "15": -0.09585015852117801
  },
  "final_coefficient_vector": [
    0.0,
    -0.13901398330592035,
    0.15176383503288016,
    -0.14759743074776194,
    -0.16627731748422575,
    0.24068159474141368,
    0.19970384934488,
    -0.018108049789715284,
    0.17776114451109976,
    -0.1048879867483898,
    -0.04751432021614885,
    0.0,
    -0.2012059673914691,
    0.09938661475738393,
    -0.09754942690882448,
    -0.09585015852117801
  ],
  "active_indices": [
    1,
    2,
    3,
    4,
    5,
    6,
    7,
    8,
    9,
    10,
    12,
    13,
    14,
    15
  ],
  "active_parameter_count": 14,
  "compression_ratio_active_over_total": 0.9333333333333333,
  "final_loss": -3.18305839906993,
  "final_expected_cut": 3.18305839906993,
  "best_expected_cut_over_evolution": 3.18305839906993,
  "final_best_measured_index": 10,
  "final_best_measured_bitstring": "1010",
  "final_best_measured_cut": 3.0,
  "best_measured_cut_over_evolution": 4.0,
  "final_success_probability_ancilla_1": 0.04096285687135462,
  "final_max_postselected_probability": 0.27312459810444645,
  "gap_expected_to_bruteforce": 0.8169416009300701,
  "gap_measured_to_bruteforce": 1.0,
  "approx_ratio_measured": 0.75,
  "n_steps": 15,
  "elapsed_seconds": 9.331908226013184,
  "steps": [
    {
      "visit_idx": 1,
      "j": 1,
      "kept": true,
      "beta": -0.22496757045787902,
      "coefficient": -0.13901398330592035,
      "loss": -2.5,
      "expected_cut": 2.5,
      "best_measured_cut": 0.0,
      "success_probability_ancilla_1": 0.002715101489197491,
      "epochs_run": 7,
      "stop_reason": "loss_plateau_last5",
      "history_path": "benchmark_results_walsh_article/unweighted/coarse_loader/n4/graph06_trainseed02/histories/history_visit001_j001.json",
      "improvement_vs_previous": 2.5
    },
    {
      "visit_idx": 2,
      "j": 2,
      "kept": true,
      "beta": 0.24640850419537608,
      "coefficient": 0.15176383503288016,
      "loss": -2.5,
      "expected_cut": 2.5,
      "best_measured_cut": 2.0,
      "success_probability_ancilla_1": 0.005932948971928727,
      "epochs_run": 7,
      "stop_reason": "loss_plateau_last5",
      "history_path": "benchmark_results_walsh_article/unweighted/coarse_loader/n4/graph06_trainseed02/histories/history_visit002_j002.json",
      "improvement_vs_previous": 0.0
    },
    {
      "visit_idx": 3,
      "j": 3,
      "kept": true,
      "beta": -0.23937847452151848,
      "coefficient": -0.14759743074776194,
      "loss": -2.5000000000000004,
      "expected_cut": 2.5000000000000004,
      "best_measured_cut": 2.0,
      "success_probability_ancilla_1": 0.00895702345736596,
      "epochs_run": 7,
      "stop_reason": "loss_plateau_last5",
      "history_path": "benchmark_results_walsh_article/unweighted/coarse_loader/n4/graph06_trainseed02/histories/history_visit003_j003.json",
      "improvement_vs_previous": 4.440892098500626e-16
    },
    {
      "visit_idx": 4,
      "j": 4,
      "kept": true,
      "beta": -0.27108976255699524,
      "coefficient": -0.16627731748422575,
      "loss": -2.5231417003180745,
      "expected_cut": 2.5231417003180745,
      "best_measured_cut": 3.0,
      "success_probability_ancilla_1": 0.012770447779649996,
      "epochs_run": 52,
      "stop_reason": "loss_plateau_last5",
      "history_path": "benchmark_results_walsh_article/unweighted/coarse_loader/n4/graph06_trainseed02/histories/history_visit004_j004.json",
      "improvement_vs_previous": 0.023141700318074054
    },
    {
      "visit_idx": 5,
      "j": 5,
      "kept": true,
      "beta": 0.40363705005197364,
      "coefficient": 0.24068159474141368,
      "loss": -2.7535737396018494,
      "expected_cut": 2.7535737396018494,
      "best_measured_cut": 3.0,
      "success_probability_ancilla_1": 0.020547596540721066,
      "epochs_run": 79,
      "stop_reason": "loss_plateau_last5",
      "history_path": "benchmark_results_walsh_article/unweighted/coarse_loader/n4/graph06_trainseed02/histories/history_visit005_j005.json",
      "improvement_vs_previous": 0.23043203928377487
    },
    {
      "visit_idx": 6,
      "j": 6,
      "kept": true,
      "beta": 0.3292409231875004,
      "coefficient": 0.19970384934488,
      "loss": -2.850192036085347,
      "expected_cut": 2.850192036085347,
      "best_measured_cut": 4.0,
      "success_probability_ancilla_1": 0.026175848174083353,
      "epochs_run": 7,
      "stop_reason": "loss_plateau_last5",
      "history_path": "benchmark_results_walsh_article/unweighted/coarse_loader/n4/graph06_trainseed02/histories/history_visit006_j006.json",
      "improvement_vs_previous": 0.09661829648349762
    },
    {
      "visit_idx": 7,
      "j": 7,
      "kept": true,
      "beta": -0.02882783942162338,
      "coefficient": -0.018108049789715284,
      "loss": -2.8503045119338335,
      "expected_cut": 2.8503045119338335,
      "best_measured_cut": 4.0,
      "success_probability_ancilla_1": 0.026208295150719048,
      "epochs_run": 26,
      "stop_reason": "loss_plateau_last5",
      "history_path": "benchmark_results_walsh_article/unweighted/coarse_loader/n4/graph06_trainseed02/histories/history_visit007_j007.json",
      "improvement_vs_previous": 0.00011247584848650405
    },
    {
      "visit_idx": 8,
      "j": 8,
      "kept": true,
      "beta": 0.2908485689798314,
      "coefficient": 0.17776114451109976,
      "loss": -2.9238460257692136,
      "expected_cut": 2.9238460257692136,
      "best_measured_cut": 3.0,
      "success_probability_ancilla_1": 0.030412755734534197,
      "epochs_run": 7,
      "stop_reason": "loss_plateau_last5",