{
  "0": 0.0,
  "1": -0.13901398330592035,
  "2": 0.15176383503288016,
  "3": -0.14759743074776194,
  "4": -0.16627731748422575,
  "5": 0.24068159474141368,
  "6": 0.19970384934488,
  "7": -0.018108049789715284,
  "8": 0.17776114451109976,
  "9": -0.1048879867483898,
  "10": -0.04751432021614885,
  "11": 0.0,
  "12": -0.2012059673914691,
  "13": 0.09938661475738393,
  "14": -0.09754942690882448,
  "15": -0.09585015852117801
}