epoch,beta,coefficient,loss,expected_cut,best_measured_cut,success_probability_ancilla_1,max_postselected_probability,grad
0,0.2364071640317718,0.14583229546120008,-2.999427061919251,2.999427061919251,3.0,0.005687001836177223,0.12492838274034603,0.17050007500029746
1,0.22689405666820672,0.14016468640303711,-2.999983273166567,2.999983273166567,3.0,0.005460732578078989,0.12499790914627866,0.09762805277755934
2,0.2190035667288249,0.13544545476786585,-2.9998293504882385,2.9998293504882385,3.0,0.005279143290232697,0.12497866881150335,0.01745265266784327
3,0.2144399112768823,0.1327086003741975,-2.999458112402797,2.999458112402797,3.0,0.005176672226050198,0.12493226405083248,-0.05785812701728627
4,0.21349929500929118,0.1321438468909707,-2.9993542730120275,2.9993542730120275,3.0,0.005155786667675196,0.1249192841269884,-0.105328152228147
5,0.2151129502444471,0.13311256067128124,-2.999526579903614,2.999526579903614,3.0,0.005191665835049535,0.12494082248843329,-0.11548343437277686
6,0.2182320069877016,0.13498312046813965,-2.999781698510435,2.999781698510435,3.0,0.0052616866172836676,0.1249727123142796,-0.09814051991968471
