{
  "config": {
    "N_VERTICES": 4,
    "PROB_ARESTA": 0.55,
    "COM_PESO": false,
    "PESO_MIN": 1,
    "PESO_MAX": 1,
    "GRAPH_SEED": 105087,
    "GRAPH_EDGES": [
      [
        0,
        1,
        1.0
      ],
      [
        1,
        2,
        1.0
      ],
      [
        1,
        3,
        1.0
      ]
    ],
    "REVERSE_BITS": false,
    "ER": 1.0,
    "MAX_TERMS": null,
    "A_MAX": 0.7853981633974483,
    "INIT_BETA": 0.35,
    "MAX_EPOCHS": 200,
    "LR": 0.01,
    "FD_EPS": 0.01,
    "LOSS_TOL_LAST5": 0.001,
    "PATIENCE_LAST5": 5,
    "TRAIN_SEED": 8,
    "INIT_BETA_JITTER": 0.05,
    "OPTIMIZER": "adam",
    "ADAM_BETA1": 0.9,
    "ADAM_BETA2": 0.999,
    "ADAM_EPS": 1e-08,
    "COEF_ZERO_TOL": 0.001,
    "IMPROVEMENT_TOL": 0.001,
    "SATURATION_PATIENCE": 100,
    "INDEX_STRATEGY": "ascending",
    "INDEX_RANDOM_SEED": 42,
    "ENABLE_BACKWARD_PRUNING": true,
    "BACKWARD_PASSES": 2,
    "PRUNE_IMPROVEMENT_TOL": 0.0001,
    "OUTDIR": "benchmark_results_walsh_article/unweighted/with_pruning/n4/graph09_trainseed08",
    "SHOW_PLOTS": false,
    "name": "with_pruning"
  },
  "n_qubits_register": 4,
  "graph_edges": [
    [
      0,
      1,
      1.0
    ],
    [
      1,
      2,
      1.0
    ],
    [
      1,
      3,
      1.0
    ]
  ],
  "graph_signature": "e05b7736fa85fadb9e519d205bc71874029e7ff2544024339aba6060afa201c5",
  "graph_num_edges": 3,
  "graph_density": 0.5,
  "best_cut_bruteforce": 3.0,
  "best_bitstring_bruteforce": "0100",
  "best_index_bruteforce": 4,
  "candidate_order": [
    1,
    2,
    3,
    4,
    5,
    6,
    7,
    8,
    9,
    10,
    11,
    12,
    13,
    14,
    15
  ],
  "total_possible_parameters": 15,
  "visited_parameters": 15,
  "trained_coefficients": {
    "0": 0.0,
    "1": -0.2975790887999113,
    "2": 0.2992009149715794,
    "3": 0.0,
    "4": -0.19875220156527657,
    "5": 0.0,
    "6": 0.0,
    "7": 0.23809679404009984,
    "8": -0.1178014158711807,
    "9": 0.0,
    "10": 0.0,
    "11": 0.15396293121747603,
    "12": 0.0,
    "13": -0.14146797874242045,
    "14": 0.16005886725614335,
    "15": 0.0
  },
  "final_coefficient_vector": [
    0.0,
    -0.2975790887999113,
    0.2992009149715794,
    0.0,
    -0.19875220156527657,
    0.0,
    0.0,
    0.23809679404009984,
    -0.1178014158711807,
    0.0,
    0.0,
    0.15396293121747603,
    0.0,
    -0.14146797874242045,
    0.16005886725614335,
    0.0
  ],
  "active_indices": [
    1,
    2,
    4,
    7,
    8,
    11,
    13,
    14
  ],
  "active_parameter_count": 8,
  "compression_ratio_active_over_total": 0.5333333333333333,
  "final_loss": -2.859941791623485,
  "final_expected_cut": 2.859941791623485,
  "best_expected_cut_over_evolution": 2.8599249732853105,
  "final_best_measured_index": 4,
  "final_best_measured_bitstring": "0100",
  "final_best_measured_cut": 3.0,
  "best_measured_cut_over_evolution": 3.0,
  "final_success_probability_ancilla_1": 0.0733134585317726,
  "final_max_postselected_probability": 0.4416464036712801,
  "gap_expected_to_bruteforce": 0.14005820837651495,
  "gap_measured_to_bruteforce": 0.0,
  "approx_ratio_measured": 1.0,
  "n_steps": 15,
  "elapsed_seconds": 23.508445501327515,
  "steps": [
    {
      "visit_idx": 1,
      "j": 1,
      "kept": true,
      "beta": -0.39876232700626707,
      "coefficient": -0.2975790887999113,
      "loss": -1.5,
      "expected_cut": 1.5,
      "best_measured_cut": 0.0,
      "success_probability_ancilla_1": 0.0219754414585098,
      "epochs_run": 5,
      "stop_reason": "loss_plateau_last5",
      "history_path": "benchmark_results_walsh_article/unweighted/with_pruning/n4/graph09_trainseed08/histories/history_visit001_j001.json",
      "improvement_vs_previous": 1.5
    },
    {
      "visit_idx": 2,
      "j": 2,
      "kept": true,
      "beta": 0.40117564107203574,
      "coefficient": 0.2992009149715794,
      "loss": -1.9999923914040374,
      "expected_cut": 1.9999923914040374,
      "best_measured_cut": 3.0,
      "success_probability_ancilla_1": 0.043212958862088785,
      "epochs_run": 5,
      "stop_reason": "loss_plateau_last5",
      "history_path": "benchmark_results_walsh_article/unweighted/with_pruning/n4/graph09_trainseed08/histories/history_visit002_j002.json",
      "improvement_vs_previous": 0.4999923914040374
    },
    {
      "visit_idx": 3,
      "j": 3,
      "kept": true,
      "beta": -0.002536891585312023,
      "coefficient": -0.001992465717461487,
      "loss": -1.99998090823232,
      "expected_cut": 1.99998090823232,
      "best_measured_cut": 1.0,
      "success_probability_ancilla_1": 0.043213865565710684,
      "epochs_run": 39,
      "stop_reason": "loss_plateau_last5",
      "history_path": "benchmark_results_walsh_article/unweighted/with_pruning/n4/graph09_trainseed08/histories/history_visit003_j003.json",
      "improvement_vs_previous": -1.1483171717285856e-05
    },
    {
      "visit_idx": 4,
      "j": 4,
      "kept": true,
      "beta": -0.25867859444485086,
      "coefficient": -0.19875220156527657,
      "loss": -2.1721588450834766,
      "expected_cut": 2.1721588450834766,
      "best_measured_cut": 2.0,
      "success_probability_ancilla_1": 0.05220628801488934,
      "epochs_run": 74,
      "stop_reason": "loss_plateau_last5",
      "history_path": "benchmark_results_walsh_article/unweighted/with_pruning/n4/graph09_trainseed08/histories/history_visit004_j004.json",
      "improvement_vs_previous": 0.17217793685115645
    },
    {
      "visit_idx": 5,
      "j": 5,
      "kept": false,
      "beta": -0.00014270824292474376,
      "coefficient": 0.0,
      "loss": -2.1721588450834766,
      "expected_cut": 2.1721588450834766,
      "best_measured_cut": 2.0,
      "success_probability_ancilla_1": 0.05220628801488934,
      "epochs_run": 38,
      "stop_reason": "loss_plateau_last5_and_discarded_near_zero",
      "history_path": "benchmark_results_walsh_article/unweighted/with_pruning/n4/graph09_trainseed08/histories/history_visit005_j005.json",
      "improvement_vs_previous": 0.0
    },
    {
      "visit_idx": 6,
      "j": 6,
      "kept": false,
      "beta": 0.0006120134608510507,
      "coefficient": 0.0,
      "loss": -2.1721588450834766,
      "expected_cut": 2.1721588450834766,
      "best_measured_cut": 2.0,
      "success_probability_ancilla_1": 0.05220628801488934,
      "epochs_run": 36,
      "stop_reason": "loss_plateau_last5_and_discarded_near_zero",
      "history_path": "benchmark_results_walsh_article/unweighted/with_pruning/n4/graph09_trainseed08/histories/history_visit006_j006.json",
      "improvement_vs_previous": 0.0
    },
    {
      "visit_idx": 7,
      "j": 7,
      "kept": true,
      "beta": 0.31298943906806087,
      "coefficient": 0.23809679404009984,
      "loss": -2.469839587088374,
      "expected_cut": 2.469839587088374,
      "best_measured_cut": 2.0,
      "success_probability_ancilla_1": 0.06282684634287516,
      "epochs_run": 84,
      "stop_reason": "loss_plateau_last5",
      "history_path": "benchmark_results_walsh_article/unweighted/with_pruning/n4/graph09_trainseed08/histories/history_visit007_j007.json",
      "improvement_vs_previous": 0.29768074200489725
    },
    {
      "visit_idx": 8,
      "j": 8,
      "kept": true,
      "beta": -0.15112961356322135,
      "coefficient": -0.1178014158711807,
      "loss": -2.532761662042674,
      "expected_cut": 2.532761662042674,
      "best_measured_cut": 3.0,
      "success_probability_ancilla_1": 0.06585670395789009,
      "epochs_run": 61,
      "stop_reason": "loss_plateau_last5",
      "history_path": "benchmark_results_walsh_article/unweighted/with_pruning/n4/graph09_trainseed08/histories/history_visit008_j008.json",
      "improvement_vs_previous": 0.06292207495430002
    },
    {
      "visit_idx": 9,
      "j": 9,
      "kept": true,
      "beta": 0.0013152154637866838,
      "coefficient": 0.0010329672141240098,
      "loss": -2.532764371490292,
      "expected_cut": 2.532764371490292,