{
  "0": 0.0,
  "1": -0.23491474888582575,
  "2": 0.24931585651556,
  "3": -0.2825566816117576,
  "4": -0.21956822302494752,
  "5": 0.3902616976289631,
  "6": 0.2833970267114289,
  "7": 0.005016550308880135,
  "8": -0.18670730380162234,
  "9": 0.19553195340670604,
  "10": -0.01804380951873622,
  "11": 0.18912962245615111,
  "12": -0.23975613845385096,
  "13": -0.04423710290253707,
  "14": 0.13787826993137917,
  "15": -0.308803082560136,
  "16": 0.11984807551825268,
  "17": -0.1639497837587478,
  "18": -0.07450500706475374,
  "19": -0.10006517633874691,
  "20": 0.175287822258398,
  "21": 0.10077639059368142,
  "22": -0.0734691210918019,
  "23": 0.19057383787807794,
  "24": 0.046897792323962746,
  "25": 0.14755973117056997,
  "26": -0.12143335872797813,
  "27": 0.14380329075026693,
  "28": 0.1147898422481785,
  "29": -0.22890382047096197,
  "30": -0.11739010748559497,
  "31": -0.1246951310051432,
  "32": -0.013546393916074942,
  "33": 0.02277088126537911,
  "34": 0.010291745077666472,
  "35": 0.006776521636383619,
  "36": -0.013384902559971861,
  "37": 0.00659014428873684,
  "38": 0.03447601669127122,
  "39": -0.03940797070869491,
  "40": 0.017839132360965033,
  "41": 0.0,
  "42": -0.016183481496582275,
  "43": 0.021782573684857115,
  "44": 0.021498805745702492,
  "45": -0.03505458861452951,
  "46": -0.011953440994468472,
  "47": 0.00889303009859413,
  "48": 0.01588229379776203,
  "49": -0.024466982870390997,
  "50": 0.0,
  "51": 0.0,
  "52": -0.006398327408504533,
  "53": 0.007385414797414048,
  "54": -0.01648949138968443,
  "55": 0.0,
  "56": 0.0,
  "57": 0.005428079756316957,
  "58": 0.011547667684666862,
  "59": -0.01677783543439525,
  "60": -0.014103419164958664,
  "61": 0.006525881695258758,
  "62": -0.005971149167731926,
  "63": 0.0
}