epoch,beta,coefficient,loss,expected_cut,best_measured_cut,success_probability_ancilla_1,max_postselected_probability,grad
0,0.24640770839841697,0.1517633641903291,-2.499999999995785,2.499999999995785,2.0,0.0059329290269784845,0.12475920454658213,-1.7801895821016858e-11
1,0.24640850419537608,0.15176383503288016,-2.4999999999957865,2.4999999999957865,2.0,0.005932948971928727,0.12475918757048633,-1.7799106650247365e-11
2,0.2464094785943305,0.15176441154713807,-2.4999999999957856,2.4999999999957856,2.0,0.005932973393229785,0.12475916678369113,-1.7801010349194258e-11
3,0.2464106034471899,0.15176507707882786,-2.4999999999957865,2.4999999999957865,2.0,0.005933001585448383,0.1247591427862769,-1.7801296593187736e-11
4,0.24641186069958668,0.1517658209457467,-2.4999999999957856,2.4999999999957856,2.0,0.005933033096127828,0.12475911596301228,-1.7798490854659795e-11
5,0.2464132376029949,0.15176663560495654,-2.4999999999957865,2.4999999999957865,2.0,0.005933067605790522,0.12475908658548585,-1.7801049327961032e-11
6,0.24641472433502704,0.15176751524480456,-2.4999999999957865,2.4999999999957865,2.0,0.005933104868295871,0.12475905486286902,-1.7793824379410843e-11
