epoch,beta,coefficient,loss,expected_cut,best_measured_cut,success_probability_ancilla_1,max_postselected_probability,grad
0,-0.2141108219812558,-0.13251103801692257,-2.945949709061197,2.945949709061197,3.0,0.03249096162918885,0.30672717511953584,-0.07247521602035553
1,-0.20420637094844074,-0.12655242894416682,-2.9464776669900132,2.9464776669900132,3.0,0.032298121088247825,0.30539915219378444,-0.05978478068144231
2,-0.1945053274224761,-0.12069309322925757,-2.946867498317724,2.946867498317724,3.0,0.03211760193772122,0.3040044302716577,-0.04674956635169009
3,-0.18516556052730204,-0.11503128303942498,-2.947119980249844,2.947119980249844,3.0,0.03195175207603433,0.3025727827272156,-0.0335495927609174
4,-0.17640714023257242,-0.10970424937328516,-2.9472441490697814,2.9472441490697814,3.0,0.03180341451921663,0.3011503397785712,-0.02045481541109849
5,-0.16851152988196394,-0.1048879867483898,-2.9472603910618287,2.9472603910618287,3.0,0.031675732863275484,0.2998013183848788,-0.007848065097147321
6,-0.16179058444468392,-0.10077822290949387,-2.9472012718683676,2.9472012718683676,3.0,0.031571612653108996,0.2986029588574094,0.003773186458261187
