epoch,beta,coefficient,loss,expected_cut,best_measured_cut,success_probability_ancilla_1,max_postselected_probability,grad
0,-0.22495471050041202,-0.13900629866193454,-2.4999999999907923,2.4999999999907923,0.0,0.0027148015897189765,0.06249999999976981,7.909921321706687e-11
1,-0.22495824579935994,-0.13900841123267318,-2.499999999990792,2.499999999990792,0.0,0.002714884032863029,0.062499999999769795,7.909960995428214e-11
2,-0.22496257412969475,-0.13901099768667297,-2.499999999990792,2.499999999990792,0.0,0.0027149849710171197,0.062499999999769795,7.909530674812314e-11
3,-0.22496757045787902,-0.13901398330592035,-2.499999999990793,2.499999999990793,0.0,0.002715101489197491,0.06249999999976982,7.909713903575943e-11
4,-0.22497315455738365,-0.13901732014756044,-2.4999999999907923,2.4999999999907923,0.0,0.0027152317172987423,0.06249999999976981,7.908371423526006e-11
5,-0.22497926958458755,-0.1390209742415769,-2.499999999990793,2.499999999990793,0.0,0.0027153743304937517,0.06249999999976985,7.908251439139484e-11
6,-0.22498587231481837,-0.13902491975618098,-2.499999999990793,2.499999999990793,0.0,0.0027155283215419064,0.06249999999976984,7.907415888853645e-11
