epoch,beta,coefficient,loss,expected_cut,best_measured_cut,success_probability_ancilla_1,max_postselected_probability,grad
0,-0.23937772131718693,-0.1475969836104743,-2.4999999999972085,2.4999999999972085,2.0,0.00895700515361458,0.1868767198518153,7.572609210196074e-12
1,-0.2393780599181106,-0.14759718461982466,-2.499999999997208,2.499999999997208,2.0,0.00895701338200935,0.18687671800841874,7.574295649619928e-12
2,-0.23937847452151848,-0.14759743074776194,-2.4999999999972093,2.4999999999972093,2.0,0.00895702345736596,0.18687671575104292,7.574015859645686e-12
3,-0.23937895312979235,-0.14759771487191595,-2.4999999999972076,2.4999999999972076,2.0,0.008957035088135416,0.18687671314489462,7.573047285423778e-12
4,-0.239379488078621,-0.1475980324423707,-2.4999999999972093,2.4999999999972093,2.0,0.008957048088072907,0.18687671023159305,7.57264682944004e-12
5,-0.23938007393842725,-0.14759838023585325,-2.499999999997209,2.499999999997209,2.0,0.008957062325240175,0.1868767070405916,7.57342215263809e-12
6,-0.23938070658582972,-0.14759875580450982,-2.499999999997209,2.499999999997209,2.0,0.008957077699440963,0.18687670359423414,7.573791278655093e-12
