epoch,beta,coefficient,loss,expected_cut,best_measured_cut,success_probability_ancilla_1,max_postselected_probability,grad
0,0.3988158530375478,0.2976150922787555,-1.4999999999996487,1.4999999999996487,2.0,0.04269756272854946,0.12499833931857704,-7.754146745295077e-13
1,0.39881588771555093,0.2976151156039187,-1.4999999999996487,1.4999999999996487,2.0,0.0426975660002796,0.12499833928233715,-7.758054429994417e-13
2,0.39881593021862083,0.2976151441923875,-1.4999999999996492,1.4999999999996492,2.0,0.04269757001027354,0.12499833923791936,-7.77700147492012e-13
3,0.39881597925351314,0.29761517717429786,-1.4999999999996485,1.4999999999996485,2.0,0.04269757463651899,0.12499833918667463,-7.746940145586827e-13
4,0.39881603408647703,0.2976152140561129,-1.4999999999996485,1.4999999999996485,2.0,0.042697579809789644,0.12499833912936967,-7.772877528598421e-13
