{
  "0": 0.0,
  "1": -0.1638419279445765,
  "2": 0.16350354104949014,
  "3": 0.0,
  "4": -0.1188711962454455,
  "5": 0.0,
  "6": 0.0,
  "7": 0.14236315871809044,
  "8": -0.07643204559638757,
  "9": 0.0,
  "10": 0.0,
  "11": 0.10080127943249041,
  "12": 0.0,
  "13": -0.09410583146276426,
  "14": 0.10292509606640095,
  "15": 0.0
}