{
  "config": {
    "N_VERTICES": 4,
    "PROB_ARESTA": 0.85,
    "COM_PESO": false,
    "PESO_MIN": 1,
    "PESO_MAX": 1,
    "GRAPH_SEED": 104375,
    "GRAPH_EDGES": [
      [
        0,
        1,
        1.0
      ],
      [
        0,
        3,
        1.0
      ],
      [
        1,
        2,
        1.0
      ],
      [
        1,
        3,
        1.0
      ],
      [
        2,
        3,
        1.0
      ]
    ],
    "REVERSE_BITS": false,
    "ER": 1.0,
    "MAX_TERMS": null,
    "A_MAX": 0.7853981633974483,
    "INIT_BETA": 0.35,
    "MAX_EPOCHS": 200,
    "LR": 0.01,
    "FD_EPS": 0.01,
    "LOSS_TOL_LAST5": 0.001,
    "PATIENCE_LAST5": 5,
    "TRAIN_SEED": 6,
    "INIT_BETA_JITTER": 0.05,
    "OPTIMIZER": "adam",
    "ADAM_BETA1": 0.9,
    "ADAM_BETA2": 0.999,
    "ADAM_EPS": 1e-08,
    "COEF_ZERO_TOL": 0.001,
    "IMPROVEMENT_TOL": 0.001,
    "SATURATION_PATIENCE": 100,
    "INDEX_STRATEGY": "ascending",
    "INDEX_RANDOM_SEED": 42,
    "ENABLE_BACKWARD_PRUNING": true,
    "BACKWARD_PASSES": 2,
    "PRUNE_IMPROVEMENT_TOL": 0.0001,
    "OUTDIR": "benchmark_results_walsh_article/unweighted/with_pruning/n4/graph02_trainseed06",
    "SHOW_PLOTS": false,
    "name": "with_pruning"
  },
  "n_qubits_register": 4,
  "graph_edges": [
    [
      0,
      1,
      1.0
    ],
    [
      0,
      3,
      1.0
    ],
    [
      1,
      2,
      1.0
    ],
    [
      1,
      3,
      1.0
    ],
    [
      2,
      3,
      1.0
    ]
  ],
  "graph_signature": "088078414915f783002f6e924a47ca164ddb929b0c303d60c8d30a073f7782ae",
  "graph_num_edges": 5,
  "graph_density": 0.8333333333333334,
  "best_cut_bruteforce": 4.0,
  "best_bitstring_bruteforce": "0101",
  "best_index_bruteforce": 5,
  "candidate_order": [
    1,
    2,
    3,
    4,
    5,
    6,
    7,
    8,
    9,
    10,
    11,
    12,
    13,
    14,
    15
  ],
  "total_possible_parameters": 15,
  "visited_parameters": 15,
  "trained_coefficients": {
    "0": 0.0,
    "1": -0.23926198245475294,
    "2": 0.2392101413121146,
    "3": 0.0,
    "4": -0.16774993152133535,
    "5": 0.0,
    "6": 0.0,
    "7": 0.20164890891444603,
    "8": 0.06973067752218941,
    "9": 0.0,
    "10": 0.0,
    "11": -0.11297429640579022,
    "12": 0.0,
    "13": 0.12361917641793428,
    "14": -0.1614643803444167,
    "15": 0.0
  },
  "final_coefficient_vector": [
    0.0,
    -0.23926198245475294,
    0.2392101413121146,
    0.0,
    -0.16774993152133535,
    0.0,
    0.0,
    0.20164890891444603,
    0.06973067752218941,
    0.0,
    0.0,
    -0.11297429640579022,
    0.0,
    0.12361917641793428,
    -0.1614643803444167,
    0.0
  ],
  "active_indices": [
    1,
    2,
    4,
    7,
    8,
    11,
    13,
    14
  ],
  "active_parameter_count": 8,
  "compression_ratio_active_over_total": 0.5333333333333333,
  "final_loss": -3.8744970876418723,
  "final_expected_cut": 3.8744970876418723,
  "best_expected_cut_over_evolution": 3.8744733626247214,
  "final_best_measured_index": 5,
  "final_best_measured_bitstring": "0101",
  "final_best_measured_cut": 4.0,
  "best_measured_cut_over_evolution": 4.0,
  "final_success_probability_ancilla_1": 0.05313615845140238,
  "final_max_postselected_probability": 0.4396854046207226,
  "gap_expected_to_bruteforce": 0.12550291235812772,
  "gap_measured_to_bruteforce": 0.0,
  "approx_ratio_measured": 1.0,
  "n_steps": 15,
  "elapsed_seconds": 35.12421202659607,
  "steps": [
    {
      "visit_idx": 1,
      "j": 1,
      "kept": true,
      "beta": -0.31462395563923734,
      "coefficient": -0.23926198245475294,
      "loss": -2.5,
      "expected_cut": 2.5,
      "best_measured_cut": 0.0,
      "success_probability_ancilla_1": 0.014243430492153177,
      "epochs_run": 5,
      "stop_reason": "loss_plateau_last5",
      "history_path": "benchmark_results_walsh_article/unweighted/with_pruning/n4/graph02_trainseed06/histories/history_visit001_j001.json",
      "improvement_vs_previous": 2.5
    },
    {
      "visit_idx": 2,
      "j": 2,
      "kept": true,
      "beta": 0.31455119876583904,
      "coefficient": 0.2392101413121146,
      "loss": -2.9999999880343258,
      "expected_cut": 2.9999999880343258,
      "best_measured_cut": 3.0,
      "success_probability_ancilla_1": 0.02807514317863581,
      "epochs_run": 5,
      "stop_reason": "loss_plateau_last5",
      "history_path": "benchmark_results_walsh_article/unweighted/with_pruning/n4/graph02_trainseed06/histories/history_visit002_j002.json",
      "improvement_vs_previous": 0.49999998803432577
    },
    {
      "visit_idx": 3,
      "j": 3,
      "kept": true,
      "beta": 0.0015406175998765037,
      "coefficient": 0.0012099972761303866,
      "loss": -2.999993469478172,
      "expected_cut": 2.999993469478172,
      "best_measured_cut": 3.0,
      "success_probability_ancilla_1": 0.028075488649629696,
      "epochs_run": 41,
      "stop_reason": "loss_plateau_last5",
      "history_path": "benchmark_results_walsh_article/unweighted/with_pruning/n4/graph02_trainseed06/histories/history_visit003_j003.json",
      "improvement_vs_previous": -6.5185561539671255e-06
    },
    {
      "visit_idx": 4,
      "j": 4,
      "kept": true,
      "beta": -0.2169255994605455,
      "coefficient": -0.16774993152133535,
      "loss": -3.175756883706386,
      "expected_cut": 3.175756883706386,
      "best_measured_cut": 3.0,
      "success_probability_ancilla_1": 0.03469991965706376,
      "epochs_run": 62,
      "stop_reason": "loss_plateau_last5",
      "history_path": "benchmark_results_walsh_article/unweighted/with_pruning/n4/graph02_trainseed06/histories/history_visit004_j004.json",
      "improvement_vs_previous": 0.1757634142282143
    },
    {
      "visit_idx": 5,
      "j": 5,
      "kept": false,
      "beta": -0.0002109174794408487,
      "coefficient": 0.0,
      "loss": -3.175756883706386,
      "expected_cut": 3.175756883706386,
      "best_measured_cut": 3.0,
      "success_probability_ancilla_1": 0.03469991965706376,
      "epochs_run": 44,
      "stop_reason": "loss_plateau_last5_and_discarded_near_zero",
      "history_path": "benchmark_results_walsh_article/unweighted/with_pruning/n4/graph02_trainseed06/histories/history_visit005_j005.json",
      "improvement_vs_previous": 0.0
    },
    {
      "visit_idx": 6,
      "j": 6,
      "kept": false,
      "beta": 0.0008357561966826467,
      "coefficient": 0.0,
      "loss": -3.175756883706386,
      "expected_cut": 3.175756883706386,
      "best_measured_cut": 3.0,
      "success_probability_ancilla_1": 0.03469991965706376,
      "epochs_run": 37,
      "stop_reason": "loss_plateau_last5_and_discarded_near_zero",
      "history_path": "benchmark_results_walsh_article/unweighted/with_pruning/n4/graph02_trainseed06/histories/history_visit006_j006.json",
      "improvement_vs_previous": 0.0
    },
    {
      "visit_idx": 7,
      "j": 7,
      "kept": true,
      "beta": 0.2626230993714051,
      "coefficient": 0.20164890891444603,
      "loss": -3.477808917098313,
      "expected_cut": 3.477808917098313,
      "best_measured_cut": 3.0,
      "success_probability_ancilla_1": 0.04318914403559036,
      "epochs_run": 68,
      "stop_reason": "loss_plateau_last5",
      "history_path": "benchmark_results_walsh_article/unweighted/with_pruning/n4/graph02_trainseed06/histories/history_visit007_j007.json",
      "improvement_vs_previous": 0.30205203339192677
    },
    {
      "visit_idx": 8,
      "j": 8,
      "kept": true,
      "beta": 0.08901824741453586,
      "coefficient": 0.06973067752218941,
      "loss": -3.5073574806303984,
      "expected_cut": 3.5073574806303984,
      "best_measured_cut": 4.0,
      "success_probability_ancilla_1": 0.044299285204218886,
      "epochs_run": 25,
      "stop_reason": "loss_plateau_last5",
      "history_path": "benchmark_results_walsh_article/unweighted/with_pruning/n4/graph02_trainseed06/histories/history_visit008_j008.json",
      "improvement_vs_previous": 0.02954856353208557
    },
    {
      "visit_idx": 9,