{
  "0": 0.0,
  "1": -0.23926198245475294,
  "2": 0.2392101413121146,
  "3": 0.0,
  "4": -0.16774993152133535,
  "5": 0.0,
  "6": 0.0,
  "7": 0.20164890891444603,
  "8": 0.06973067752218941,
  "9": 0.0,
  "10": 0.0,
  "11": -0.11297429640579022,
  "12": 0.0,
  "13": 0.12361917641793428,
  "14": -0.1614643803444167,
  "15": 0.0
}