epoch,beta,coefficient,loss,expected_cut,best_measured_cut,success_probability_ancilla_1,max_postselected_probability,grad
0,-0.44518121798521737,-0.4376551908156202,-2.999999999999588,2.999999999999588,0.0,0.07297356990430051,0.015624999999997856,1.5862472760350252e-12
1,-0.44518128889417125,-0.4376552521014012,-2.9999999999995897,2.9999999999995897,0.0,0.0729735898293138,0.015624999999997863,1.5857398284189984e-12
2,-0.44518137570373106,-0.4376553271298854,-2.9999999999995897,2.9999999999995897,0.0,0.07297361422230886,0.015624999999997863,1.585288681422285e-12
3,-0.44518147588882223,-0.4376554137186777,-2.9999999999995897,2.9999999999995897,0.0,0.07297364237375502,0.015624999999997863,1.5841596938866114e-12
4,-0.445181587866412,-0.4376555104995786,-2.999999999999587,2.999999999999587,0.0,0.07297367383883,0.015624999999997849,1.5850018377605284e-12
