epoch,beta,coefficient,loss,expected_cut,best_measured_cut,success_probability_ancilla_1,max_postselected_probability,grad
0,0.5355063344552811,0.5126858246664809,-2.999999999999881,2.999999999999881,1.0,0.25131766979880793,0.05152693300431569,-8.787947624353025e-14
1,0.5355063383770434,0.5126858277889779,-2.99999999999988,2.99999999999988,1.0,0.25131767052278414,0.051526932947294296,-8.756742236174249e-14
2,0.5355063431872623,0.5126858316188615,-2.999999999999882,2.999999999999882,1.0,0.2513176714107736,0.05152693287735503,-8.812421245461877e-14
3,0.535506348714836,0.5126858360199013,-2.999999999999881,2.999999999999881,1.0,0.25131767243119035,0.05152693279698556,-8.648398435281288e-14
4,0.5355063548983232,0.5126858409431776,-2.9999999999998814,2.9999999999998814,1.0,0.25131767357269186,0.051526932707079316,-8.775506586428903e-14
