epoch,beta,coefficient,loss,expected_cut,best_measured_cut,success_probability_ancilla_1,max_postselected_probability,grad
0,-0.4391243786258505,-0.4324071146504748,-2.999999999999843,2.999999999999843,1.0,0.18976115792919956,0.044325168999185316,1.675961198415306e-13
1,-0.4391243861087141,-0.4324071211504546,-2.999999999999843,2.999999999999843,1.0,0.18976115944191568,0.04432516897936202,1.671548802563238e-13
2,-0.43912439530050057,-0.4324071291348879,-2.999999999999841,2.999999999999841,1.0,0.18976116130010326,0.04432516895501147,1.6882322976399099e-13
3,-0.4391244059350045,-0.4324071383725359,-2.999999999999842,2.999999999999842,1.0,0.18976116344994676,0.044325168926838965,1.6917559937146196e-13
4,-0.4391244178208364,-0.43240714869714814,-2.9999999999998437,2.9999999999998437,1.0,0.18976116585275543,0.044325168895351465,1.6821857913468499e-13
