epoch,beta,coefficient,loss,expected_cut,best_measured_cut,success_probability_ancilla_1,max_postselected_probability,grad
0,-0.48552232188889943,-0.4719251652962174,-3.002004704525122,3.002004704525122,3.0,0.2483965755017188,0.06228592445877653,9.702952115138708e-05
1,-0.49490397591248775,-0.4797211721698349,-3.0020049931412034,3.0020049931412034,3.0,0.24935861918278696,0.06198395959465989,5.152558931123298e-05
2,-0.5027171435071539,-0.486162891067334,-3.002004942801265,3.002004942801265,3.0,0.25017150391824233,0.061729580813765526,1.0253942323002525e-05
3,-0.5078005365393161,-0.4903290091128141,-3.0020047723629943,3.0020047723629943,3.0,0.2507058580122802,0.06156277223569634,-2.2965541001775667e-05
4,-0.5098201058572766,-0.4919786688830179,-3.0020046751324645,3.0020046751324645,3.0,0.2509193158168687,0.06149623144599361,-4.40177453986624e-05
