epoch,beta,coefficient,loss,expected_cut,best_measured_cut,success_probability_ancilla_1,max_postselected_probability,grad
0,0.49100923801912566,0.4764927770739234,-3.001229844644001,3.001229844644001,3.0,0.22904271239991064,0.06508747071032765,-0.0009120742079655151
1,0.5009871563376669,0.48474057301793866,-3.0012381757115243,3.0012381757115243,3.0,0.2309502902408228,0.06469419955428825,-0.0008601349194880646
2,0.5109322693862146,0.49288579060178384,-3.0012459908859377,3.0012459908859377,3.0,0.23286221022878187,0.06430119897015892,-0.00081005917000013
3,0.5208304185108534,0.5009171857206243,-3.0012533019924965,3.0012533019924965,3.0,0.2347745280919488,0.06390948011529013,-0.0007618906652398726
4,0.5306673031988078,0.5088238814752726,-3.0012601227267264,3.0012601227267264,3.0,0.23668326692558544,0.06352002669458404,-0.0007156593618981599
