{
  "config": {
    "N_VERTICES": 4,
    "PROB_ARESTA": 1.0,
    "COM_PESO": false,
    "PESO_MIN": 1,
    "PESO_MAX": 1,
    "GRAPH_SEED": 10414,
    "GRAPH_EDGES": [
      [
        0,
        1,
        1.0
      ],
      [
        0,
        2,
        1.0
      ],
      [
        0,
        3,
        1.0
      ],
      [
        1,
        2,
        1.0
      ],
      [
        1,
        3,
        1.0
      ],
      [
        2,
        3,
        1.0
      ]
    ],
    "REVERSE_BITS": false,
    "ER": 1.0,
    "MAX_TERMS": null,
    "A_MAX": 0.7853981633974483,
    "INIT_BETA": 0.35,
    "MAX_EPOCHS": 200,
    "LR": 0.01,
    "FD_EPS": 0.01,
    "LOSS_TOL_LAST5": 0.001,
    "PATIENCE_LAST5": 5,
    "TRAIN_SEED": 0,
    "INIT_BETA_JITTER": 0.05,
    "OPTIMIZER": "adam",
    "ADAM_BETA1": 0.9,
    "ADAM_BETA2": 0.999,
    "ADAM_EPS": 1e-08,
    "COEF_ZERO_TOL": 0.001,
    "IMPROVEMENT_TOL": 0.001,
    "SATURATION_PATIENCE": 100,
    "INDEX_STRATEGY": "ascending",
    "INDEX_RANDOM_SEED": 42,
    "ENABLE_BACKWARD_PRUNING": false,
    "BACKWARD_PASSES": 1,
    "PRUNE_IMPROVEMENT_TOL": 1e-06,
    "OUTDIR": "benchmark_results_walsh_article/unweighted/baseline/n4/graph00_trainseed00",
    "SHOW_PLOTS": false,
    "name": "baseline"
  },
  "n_qubits_register": 4,
  "graph_edges": [
    [
      0,
      1,
      1.0
    ],
    [
      0,
      2,
      1.0
    ],
    [
      0,
      3,
      1.0
    ],
    [
      1,
      2,
      1.0
    ],
    [
      1,
      3,
      1.0
    ],
    [
      2,
      3,
      1.0
    ]
  ],
  "graph_signature": "539b127eb8e4096db3ab2abb5616611adf3c9b3f188a9792b883b1dea6c065fa",
  "graph_num_edges": 6,
  "graph_density": 1.0,
  "best_cut_bruteforce": 4.0,
  "best_bitstring_bruteforce": "0011",
  "best_index_bruteforce": 3,
  "candidate_order": [
    1,
    2,
    3,
    4,
    5,
    6,
    7,
    8,
    9,
    10,
    11,
    12,
    13,
    14,
    15
  ],
  "total_possible_parameters": 15,
  "visited_parameters": 15,
  "trained_coefficients": {
    "0": 0.0,
    "1": -0.2954847940397639,
    "2": 0.2971023745922963,
    "3": 0.0,
    "4": 0.0,
    "5": 0.0,
    "6": 0.0,
    "7": -0.001582166153734004,
    "8": 0.0,
    "9": 0.0015895173996708007,
    "10": -0.002290649584155675,
    "11": 0.0,
    "12": 0.0019100893488076406,
    "13": 0.19666414339448654,
    "14": -0.23668600019777875,
    "15": 0.0
  },
  "final_coefficient_vector": [
    0.0,
    -0.2954847940397639,
    0.2971023745922963,
    0.0,
    0.0,
    0.0,
    0.0,
    -0.001582166153734004,
    0.0,
    0.0015895173996708007,
    -0.002290649584155675,
    0.0,
    0.0019100893488076406,
    0.19666414339448654,
    -0.23668600019777875,
    0.0
  ],
  "active_indices": [
    1,
    2,
    7,
    9,
    10,
    12,
    13,
    14
  ],
  "active_parameter_count": 8,
  "compression_ratio_active_over_total": 0.5333333333333333,
  "final_loss": -3.9694903498326077,
  "final_expected_cut": 3.9694903498326077,
  "best_expected_cut_over_evolution": 3.9694903498326077,
  "final_best_measured_index": 5,
  "final_best_measured_bitstring": "0101",
  "final_best_measured_cut": 4.0,
  "best_measured_cut_over_evolution": 4.0,
  "final_success_probability_ancilla_1": 0.061997586024902046,
  "final_max_postselected_probability": 0.24461930945691424,
  "gap_expected_to_bruteforce": 0.030509650167392266,
  "gap_measured_to_bruteforce": 0.0,
  "approx_ratio_measured": 1.0,
  "n_steps": 15,
  "elapsed_seconds": 10.072350978851318,
  "steps": [
    {
      "visit_idx": 1,
      "j": 1,
      "kept": true,
      "beta": -0.39565248052065954,
      "coefficient": -0.2954847940397639,
      "loss": -3.0,
      "expected_cut": 3.0,
      "best_measured_cut": 0.0,
      "success_probability_ancilla_1": 0.021669459528130583,
      "epochs_run": 5,
      "stop_reason": "loss_plateau_last5",
      "history_path": "benchmark_results_walsh_article/unweighted/baseline/n4/graph00_trainseed00/histories/history_visit001_j001.json",
      "improvement_vs_previous": 3.0
    },
    {
      "visit_idx": 2,
      "j": 2,
      "kept": true,
      "beta": 0.3980538050150959,
      "coefficient": 0.2971023745922963,
      "loss": -3.4999923269115047,
      "expected_cut": 3.4999923269115047,
      "best_measured_cut": 3.0,
      "success_probability_ancilla_1": 0.04262570207216812,
      "epochs_run": 5,
      "stop_reason": "loss_plateau_last5",
      "history_path": "benchmark_results_walsh_article/unweighted/baseline/n4/graph00_trainseed00/histories/history_visit002_j002.json",
      "improvement_vs_previous": 0.49999232691150475
    },
    {
      "visit_idx": 3,
      "j": 3,
      "kept": false,
      "beta": 0.001255016649024606,
      "coefficient": 0.0,
      "loss": -3.4999923269115047,
      "expected_cut": 3.4999923269115047,
      "best_measured_cut": 3.0,
      "success_probability_ancilla_1": 0.04262570207216812,
      "epochs_run": 38,
      "stop_reason": "loss_plateau_last5_and_discarded_near_zero",
      "history_path": "benchmark_results_walsh_article/unweighted/baseline/n4/graph00_trainseed00/histories/history_visit003_j003.json",
      "improvement_vs_previous": 0.0
    },
    {
      "visit_idx": 4,
      "j": 4,
      "kept": false,
      "beta": -0.001079167007421957,
      "coefficient": 0.0,
      "loss": -3.4999923269115047,
      "expected_cut": 3.4999923269115047,
      "best_measured_cut": 3.0,
      "success_probability_ancilla_1": 0.04262570207216812,
      "epochs_run": 44,
      "stop_reason": "loss_plateau_last5_and_discarded_near_zero",
      "history_path": "benchmark_results_walsh_article/unweighted/baseline/n4/graph00_trainseed00/histories/history_visit004_j004.json",
      "improvement_vs_previous": 0.0
    },
    {
      "visit_idx": 5,
      "j": 5,
      "kept": false,
      "beta": 0.0006689765691284839,
      "coefficient": 0.0,
      "loss": -3.4999923269115047,
      "expected_cut": 3.4999923269115047,
      "best_measured_cut": 3.0,
      "success_probability_ancilla_1": 0.04262570207216812,
      "epochs_run": 39,
      "stop_reason": "loss_plateau_last5_and_discarded_near_zero",
      "history_path": "benchmark_results_walsh_article/unweighted/baseline/n4/graph00_trainseed00/histories/history_visit005_j005.json",
      "improvement_vs_previous": 0.0
    },
    {
      "visit_idx": 6,
      "j": 6,
      "kept": false,
      "beta": 6.706248458908989e-05,
      "coefficient": 0.0,
      "loss": -3.4999923269115047,
      "expected_cut": 3.4999923269115047,
      "best_measured_cut": 3.0,
      "success_probability_ancilla_1": 0.04262570207216812,
      "epochs_run": 42,
      "stop_reason": "loss_plateau_last5_and_discarded_near_zero",
      "history_path": "benchmark_results_walsh_article/unweighted/baseline/n4/graph00_trainseed00/histories/history_visit006_j006.json",
      "improvement_vs_previous": 0.0
    },
    {
      "visit_idx": 7,
      "j": 7,
      "kept": true,
      "beta": -0.0020144792382751717,
      "coefficient": -0.001582166153734004,
      "loss": -3.4999999963221633,
      "expected_cut": 3.4999999963221633,
      "best_measured_cut": 4.0,
      "success_probability_ancilla_1": 0.042626274533094435,
      "epochs_run": 41,
      "stop_reason": "loss_plateau_last5",
      "history_path": "benchmark_results_walsh_article/unweighted/baseline/n4/graph00_trainseed00/histories/history_visit007_j007.json",
      "improvement_vs_previous": 7.669410658550646e-06
    },
    {
      "visit_idx": 8,
      "j": 8,
      "kept": false,
      "beta": -0.0009801150950587666,
      "coefficient": 0.0,
      "loss": -3.4999999963221633,
      "expected_cut": 3.4999999963221633,
      "best_measured_cut": 4.0,
      "success_probability_ancilla_1": 0.042626274533094435,
      "epochs_run": 42,
      "stop_reason": "loss_plateau_last5_and_discarded_near_zero",
      "history_path": "benchmark_results_walsh_article/unweighted/baseline/n4/graph00_trainseed00/histories/history_visit008_j008.json",