{
  "0": 0.0,
  "1": -0.2954847940397639,
  "2": 0.2971023745922963,
  "3": 0.0,
  "4": 0.0,
  "5": 0.0,
  "6": 0.0,
  "7": -0.0015821661537340297,
  "8": 0.0,
  "9": 0.0015895173996707925,
  "10": -0.0022906495841556592,
  "11": 0.0,
  "12": 0.0019100893488076286,
  "13": 0.19666414339448648,
  "14": -0.2366860001977788,
  "15": 0.0
}