epoch,beta,coefficient,loss,expected_cut,best_measured_cut,success_probability_ancilla_1,max_postselected_probability,grad
0,-0.3987625769433918,-0.2975792569197479,-7.499999999996588,7.499999999996588,0.0,0.021975466105435878,0.015624999999992888,1.5293866467249188e-11
1,-0.3987632610700185,-0.29757971709634695,-7.499999999996588,7.499999999996588,0.0,0.021975533568921842,0.015624999999992888,1.5310097458979682e-11
2,-0.3987640993527335,-0.29758028096544825,-7.4999999999965885,7.4999999999965885,0.0,0.021975616234226395,0.015624999999992891,1.5333326316398543e-11
3,-0.39876506702577513,-0.2975809318682348,-7.499999999996589,7.499999999996589,0.0,0.02197571165918146,0.015624999999992895,1.531174987950179e-11
4,-0.398766148377655,-0.2975816592362353,-7.499999999996588,7.499999999996588,0.0,0.0219758182944827,0.015624999999992888,1.5298327907569632e-11
