{
  "0": 0.0,
  "1": -0.2400587774125924,
  "2": 0.24536666513305735,
  "3": -0.2373573938002495,
  "4": 0.24449666221722557,
  "5": 0.37870815025295296,
  "6": 0.3121283823053236,
  "7": -0.06310176663368172,
  "8": 0.025036230220221868,
  "9": -0.3638121444772613,
  "10": 0.0,
  "11": -0.18666829391538675,
  "12": 0.0,
  "13": 0.042738103908119184,
  "14": -0.008463560410508929,
  "15": 0.13003421105833238,
  "16": -0.025851362897568633,
  "17": -0.07827568637727343,
  "18": -0.06965550057979797,
  "19": -0.037733471692168716,
  "20": -0.09207561616056005,
  "21": -0.007465953358404048,
  "22": -0.012527653896013057,
  "23": -0.05583286307055491,
  "24": 0.3244891141466905,
  "25": 0.07440906495720577,
  "26": 0.0,
  "27": 0.065655042967837,
  "28": -0.11850549971815118,
  "29": -0.12605890472774317,
  "30": -0.2479954469899938,
  "31": 0.11738807812371801,
  "32": -0.1538320092026035,
  "33": 0.076641945547037,
  "34": -0.06276003996240591,
  "35": 0.16265088165539102,
  "36": -0.10164983253563074,
  "37": 0.10374377563633576,
  "38": -0.18010540676719353,
  "39": -0.08285400493609697,
  "40": -0.06956812377238865,
  "41": 0.09005868311197775,
  "42": -0.0458713964165107,
  "43": 0.15714440479345662,
  "44": -0.038139740474825094,
  "45": -0.015039792484023618,
  "46": 0.007064750817039202,
  "47": 0.030966104886910834,
  "48": 0.022720377527677863,
  "49": 0.031244555713242358,
  "50": 0.0,
  "51": 0.07701397394881337,
  "52": -0.018904393802015123,
  "53": -0.0383571954587204,
  "54": 0.03814334685095127,
  "55": 0.0,
  "56": 0.10414825847720602,
  "57": 0.13826801122411075,
  "58": -0.038122817583431313,
  "59": -0.07089835206678588,
  "60": 0.02118018821858208,
  "61": -0.13367767925496427,
  "62": 0.07902925795764344,
  "63": -0.09388341028134661
}