epoch,beta,coefficient,loss,expected_cut,best_measured_cut,success_probability_ancilla_1,max_postselected_probability,grad
0,-0.31685124891008415,-0.24084787231745997,-6.129905534589105,6.129905534589105,7.0,0.14475350336072995,0.06896560812399997,0.06541967296888274
1,-0.3267512203013136,-0.24787055304778857,-6.13037988037982,6.13037988037982,7.0,0.14516800899809873,0.06913137579859577,0.053635041727287835
2,-0.33645230430085293,-0.2547097204418837,-6.130736560131299,6.130736560131299,7.0,0.14558850273694385,0.06928317542800835,0.04223833611657868
3,-0.3458246898997606,-0.26127642625205144,-6.1309819885685135,6.1309819885685135,7.0,0.14600784471602873,0.06942000132865088,0.03134102524000547
4,-0.35470517439994825,-0.26746083415915406,-6.131126862099254,6.131126862099254,7.0,0.14641673145991302,0.06954088944409256,0.02107520859806299
5,-0.3629014533973403,-0.27313568010739026,-6.131186746300656,6.131186746300656,7.0,0.14680382646146112,0.0696450365168822,0.011592221422815642
