{
  "0": 0.0,
  "1": 0.0,
  "2": 0.24536691912077663,
  "3": -0.23735750186518237,
  "4": 0.0,
  "5": 0.37870853600376764,
  "6": 0.3121284052020786,
  "7": -0.06310212034229572,
  "8": -0.2366516335829753,
  "9": 0.0,
  "10": 0.0,
  "11": 0.0,
  "12": -0.2957961689511202,
  "13": 0.0,
  "14": -0.15599400845252892,
  "15": -0.13210474846434445,
  "16": -0.0846849118884447,
  "17": -0.21929261254835286,
  "18": -0.10286290506404219,
  "19": 0.013584210841551363,
  "20": 0.18393147287959452,
  "21": 0.1224808571622,
  "22": -0.056685815742752964,
  "23": 0.20851325229988826,
  "24": 0.1447205401655714,
  "25": -0.11824102583289764,
  "26": 0.1245925808119004,
  "27": 0.029283636226802332,
  "28": 0.1212467017523291,
  "29": -0.03214813241170306,
  "30": -0.11689403881742187,
  "31": -0.07449279462533479,
  "32": 0.0,
  "33": 0.0,
  "34": 0.0,
  "35": -0.01636864126377182,
  "36": -0.18165472129381777,
  "37": -0.04022369669208081,
  "38": -0.017782424151164454,
  "39": -0.19332403814757243,
  "40": 0.19986163826559764,
  "41": 0.057062527875290786,
  "42": 0.07528973787765736,
  "43": 0.1481363019887268,
  "44": 0.0,
  "45": 0.08343134078686697,
  "46": 0.0854378571786778,
  "47": 0.0,
  "48": 0.07229622738060872,
  "49": 0.0,
  "50": 0.016533965583728764,
  "51": 0.042696316859022816,
  "52": -0.019871821726453496,
  "53": -0.12446423576976637,
  "54": -0.0922646805328726,
  "55": -0.03409576273603689,
  "56": 0.0,
  "57": 0.0,
  "58": 0.0,
  "59": 0.0,
  "60": 0.0,
  "61": 0.0,
  "62": 0.0,
  "63": 0.0
}