{
  "0": 0.0,
  "1": -0.28363529074660504,
  "2": 0.2715324401716322,
  "3": -0.2690932007877755,
  "4": 0.4189585086466538,
  "5": -0.016597877620011338,
  "6": 0.31201653081547676,
  "7": -0.27753108828788503,
  "8": -0.13013846075403487,
  "9": 0.11772410282698008,
  "10": 0.09589846926977674,
  "11": 0.11806124676804514,
  "12": -0.2133085041111833,
  "13": 0.18822920499286624,
  "14": -0.24958498200099868,
  "15": -0.08242314831435524,
  "16": 0.008025523632912333,
  "17": -0.012327241597559673,
  "18": 0.014393598758522103,
  "19": -0.013248454935946723,
  "20": 0.0188913285389617,
  "21": -0.01487895479681763,
  "22": 0.019600399401340965,
  "23": -0.019715637000729588,
  "24": 0.00791276435098491,
  "25": -0.00965493141069967,
  "26": 0.010996521932285811,
  "27": -0.010760061470760376,
  "28": 0.01314855036165294,
  "29": -0.01253746041241829,
  "30": 0.013835059231368595,
  "31": -0.014092687100331448,
  "32": 0.003860291129713929,
  "33": 0.11505008002454846,
  "34": 0.024780379870547927,
  "35": 0.005106435766376513,
  "36": -0.1338836770704291,
  "37": -0.09063422384005872,
  "38": -0.004806942261043774,
  "39": -0.05691655832599202,
  "40": -0.02613016390616928,
  "41": 0.06395532378098086,
  "42": -0.032788759678928664,
  "43": -0.08126669898556424,
  "44": -0.11682666475756291,
  "45": 0.10100003717812796,
  "46": 0.13192931544232134,
  "47": 0.1170052251325923,
  "48": 0.0016404024334498728,
  "49": -0.0012916583964021032,
  "50": 0.005491514811561453,
  "51": -0.006895941380601525,
  "52": 0.0,
  "53": 0.0,
  "54": 0.004941287920959406,
  "55": -0.008789594497411046,
  "56": 0.007399845381097661,
  "57": -0.003005828809391646,
  "58": 0.0062723753705203715,
  "59": -0.0046629708495036365,
  "60": 0.001191766373541493,
  "61": -0.0051029398967791595,
  "62": 0.005871751925439277,
  "63": -0.0054626370651594995
}