{
  "0": 0.0,
  "1": -0.23926999620648212,
  "2": 0.23921014136344243,
  "3": 0.0012093447755800347,
  "4": -0.0010331294790177034,
  "5": 0.0,
  "6": -0.002979040782282278,
  "7": 0.001879371489752772,
  "8": 0.0019612631860026694,
  "9": 0.0,
  "10": 0.0027637301745897756,
  "11": -0.002123377735214455,
  "12": 0.001074452847445379,
  "13": 0.1684941050655664,
  "14": -0.20137998974871993,
  "15": -0.001510053152663738,
  "16": 0.0,
  "17": 0.0,
  "18": 0.0,
  "19": 0.0,
  "20": 0.0,
  "21": 0.10262496320547551,
  "22": -0.13533980974446022,
  "23": 0.001826899097642075,
  "24": -0.002247103853956635,
  "25": -0.10055176933930265,
  "26": 0.15535581466114273,
  "27": 0.001222326019839385,
  "28": 0.0035622723818825425,
  "29": 0.0,
  "30": 0.0,
  "31": 0.0034114253606187,
  "32": 0.0,
  "33": 0.0,
  "34": -0.0015427168318931893,
  "35": 0.0016934939584906247,
  "36": 0.0017548299418997802,
  "37": -0.06337104979357916,
  "38": 0.10147781448041947,
  "39": 0.0,
  "40": -0.001748430314300634,
  "41": 0.09884952614896521,
  "42": -0.14604602778481002,
  "43": -0.0016190600660313567,
  "44": 0.011888170557057915,
  "45": 0.0,
  "46": 0.002069146756919103,
  "47": 0.006816627748088476,
  "48": 0.001309950975252024,
  "49": 0.0843930561974448,
  "50": -0.12793146523575422,
  "51": 0.0,
  "52": 0.00798193364538059,
  "53": 0.0,
  "54": 0.0,
  "55": 0.007598553645245413,
  "56": 0.005358072241286533,
  "57": 0.0,
  "58": 0.0,
  "59": 0.005178322658704145,
  "60": 0.0,
  "61": -0.10415705650839592,
  "62": 0.1393974644912166,
  "63": -0.001218694993570351,
  "64": 0.0,
  "65": -0.001619751998434673,
  "66": 0.0014145202888439332,
  "67": 0.0,
  "68": 0.0,
  "69": -0.00781998789584077,
  "70": 0.008512188783142569,
  "71": -0.0010916066529482137,
  "72": 0.0,
  "73": 0.0,
  "74": -0.0028040866689617336,
  "75": 0.0,
  "76": 0.003751954550964739,
  "77": 0.0012864862115786891,
  "78": -0.0014876298872888924,
  "79": 0.0038240512799638587,
  "80": 0.0,
  "81": 0.035860217421032584,
  "82": -0.034709245526347327,
  "83": 0.0,
  "84": 0.00474998118677064,
  "85": 0.0011113912953583114,
  "86": 0.0,
  "87": 0.004745993759382,
  "88": -0.014972349833315857,
  "89": 0.0,
  "90": 0.0,
  "91": -0.010578057161171498,
  "92": -0.0015969821741406833,
  "93": -0.020528537654746874,
  "94": 0.02593369982418785,
  "95": 0.0,
  "96": 0.0011380740696577683,
  "97": 0.027916327530238032,
  "98": -0.024728252802553072,
  "99": 0.0,
  "100": -0.013663486575701317,
  "101": 0.0,
  "102": 0.0,
  "103": -0.009653360427917076,
  "104": 0.01478105521125593,
  "105": 0.0,
  "106": 0.0,
  "107": 0.010257023339334266,
  "108": 0.0,
  "109": -0.02190698167760453,
  "110": 0.011355562441561554,
  "111": 0.001486488620337449,
  "112": 0.015621068253382255,
  "113": 0.0,
  "114": -0.0012371477579972954,
  "115": 0.010411112516449546,
  "116": 0.0,
  "117": -0.016015296990547677,
  "118": 0.0031547749199547655,
  "119": 0.0,
  "120": 0.0,
  "121": -0.006855323498232888,
  "122": -0.003779110759154878,
  "123": 0.0010332342427530803,
  "124": -0.01208037840878747,
  "125": 0.0,
  "126": 0.0,
  "127": -0.00814846077495553,
  "128": 0.030402721320331054,
  "129": 0.0012122029191325343,
  "130": 0.0,
  "131": -0.0382244719433721,
  "132": -0.0012818316436810217,
  "133": -0.01910793268835899,
  "134": 0.024651310445184437,
  "135": 0.0,
  "136": 0.0,
  "137": 0.03496461229178145,
  "138": -0.03000007613173742,
  "139": 0.0,
  "140": -0.027193402799345075,
  "141": 0.0,
  "142": 0.0,
  "143": 0.03288257436476624,
  "144": 0.0,
  "145": 0.0023829169955296822,
  "146": -0.0018624904989557737,
  "147": 0.0,
  "148": -0.011797095814094034,
  "149": 0.0014759339788551022,
  "150": 0.0,
  "151": 0.013482178680721707,
  "152": 0.008694396588646361,
  "153": 0.001286043169838545,
  "154": 0.0,
  "155": -0.024365893563997064,
  "156": 0.0012481342542191604,
  "157": -0.00219657849997673,
  "158": 0.002223773523599037,
  "159": -0.0019283602129454042,
  "160": 0.0,
  "161": 0.01820553641472348,
  "162": -0.011120108662833939,
  "163": 0.0,
  "164": -0.0018037288237871673,
  "165": 0.0,
  "166": 0.0,
  "167": -0.011765361212696663,
  "168": -0.014437381566083908,
  "169": 0.0011840491690743391,
  "170": 0.0,
  "171": 0.025092758032898083,
  "172": 0.0,
  "173": -0.01952701298283975,
  "174": 0.016214559799205427,
  "175": 0.0014390092379664929,
  "176": -0.010522032400817893,
  "177": 0.0,
  "178": 0.0012909486917000012,
  "179": 0.01945097261110268,
  "180": -0.001970658849074222,
  "181": 0.004896065449028161,
  "182": -0.006519926844744837,
  "183": 0.0015696189520075937,
  "184": -0.0015469845806817166,
  "185": -0.003979139432099019,
  "186": 0.0,
  "187": 0.0,
  "188": 0.01758091689652515,
  "189": 0.0,
  "190": 0.001644922385290467,
  "191": -0.028679957483370367,
  "192": 0.0,
  "193": 0.02108207463587223,
  "194": -0.02506520733219174,
  "195": -0.0011440651223679256,
  "196": 0.006535300754419053,
  "197": 0.0,
  "198": 0.0,
  "199": -0.0015167915466891724,
  "200": -0.0019368802448209504,
  "201": 0.0,
  "202": 0.0,
  "203": -0.0013847691692756296,
  "204": 0.0,
  "205": -0.011841986058026792,
  "206": 0.020645583387118263,
  "207": 0.0,
  "208": -0.012270010148837442,
  "209": -0.0014044007271832699,
  "210": 0.0,
  "211": 0.01291782741665368,
  "212": 0.0,
  "213": 0.0030378949495614197,
  "214": 0.0,
  "215": 0.0,
  "216": 0.0015252940966132525,
  "217": -0.0023330258101770195,
  "218": 0.0036521193593479634,
  "219": 0.0,
  "220": 0.006729017144316001,
  "221": 0.001670986994435733,
  "222": -0.002056733563936442,
  "223": -0.010052164819119342,
  "224": -0.012671112934230021,
  "225": 0.0,
  "226": 0.0,
  "227": 0.0074186184348968625,
  "228": 0.0,
  "229": 0.010194802016319315,
  "230": -0.009976914288663331,
  "231": 0.0,
  "232": -0.0012709958272804865,
  "233": -0.022061275557038157,
  "234": 0.02999183557924803,
  "235": 0.0010243744509576436,
  "236": 0.0027401165177161533,
  "237": 0.0,
  "238": 0.0,
  "239": -0.005585241887656041,
  "240": 0.0,
  "241": -0.018135210985857023,
  "242": 0.025279909726210716,
  "243": 0.0,
  "244": 0.004832670551244988,
  "245": 0.0,
  "246": 0.0,
  "247": -0.004442537435116145,
  "248": -0.0013886512134040063,
  "249": 0.0,
  "250": 0.0,
  "251": -0.0034010407154885817,
  "252": 0.0010247734405000502,
  "253": 0.029373633813790028,
  "254": -0.03359342818830306,
  "255": 0.0
}