{
  "config": {
    "N_VERTICES": 4,
    "PROB_ARESTA": 0.4,
    "COM_PESO": false,
    "PESO_MIN": 1,
    "PESO_MAX": 1,
    "GRAPH_SEED": 104678,
    "GRAPH_EDGES": [
      [
        1,
        2,
        1.0
      ],
      [
        1,
        3,
        1.0
      ],
      [
        2,
        3,
        1.0
      ]
    ],
    "REVERSE_BITS": false,
    "ER": 1.0,
    "MAX_TERMS": null,
    "A_MAX": 0.7853981633974483,
    "INIT_BETA": 0.35,
    "MAX_EPOCHS": 200,
    "LR": 0.01,
    "FD_EPS": 0.01,
    "LOSS_TOL_LAST5": 0.001,
    "PATIENCE_LAST5": 5,
    "TRAIN_SEED": 5,
    "INIT_BETA_JITTER": 0.05,
    "OPTIMIZER": "adam",
    "ADAM_BETA1": 0.9,
    "ADAM_BETA2": 0.999,
    "ADAM_EPS": 1e-08,
    "COEF_ZERO_TOL": 0.005,
    "IMPROVEMENT_TOL": 0.003,
    "SATURATION_PATIENCE": 40,
    "INDEX_STRATEGY": "ascending",
    "INDEX_RANDOM_SEED": 42,
    "ENABLE_BACKWARD_PRUNING": false,
    "BACKWARD_PASSES": 1,
    "PRUNE_IMPROVEMENT_TOL": 1e-06,
    "OUTDIR": "benchmark_results_walsh_article/unweighted/sparse_threshold/n4/graph05_trainseed05",
    "SHOW_PLOTS": false,
    "name": "sparse_threshold"
  },
  "n_qubits_register": 4,
  "graph_edges": [
    [
      1,
      2,
      1.0
    ],
    [
      1,
      3,
      1.0
    ],
    [
      2,
      3,
      1.0
    ]
  ],
  "graph_signature": "be861fe0b30163c15a2bc45387e42148d677589ca12d320c9ad2ad740a6f1fe8",
  "graph_num_edges": 3,
  "graph_density": 0.5,
  "best_cut_bruteforce": 2.0,
  "best_bitstring_bruteforce": "0001",
  "best_index_bruteforce": 1,
  "candidate_order": [
    1,
    2,
    3,
    4,
    5,
    6,
    7,
    8,
    9,
    10,
    11,
    12,
    13,
    14,
    15
  ],
  "total_possible_parameters": 15,
  "visited_parameters": 15,
  "trained_coefficients": {
    "0": 0.0,
    "1": -0.2836348325444587,
    "2": 0.2715324263016555,
    "3": -0.2690930771771998,
    "4": -0.3785578859019262,
    "5": 0.2751108090048269,
    "6": 0.03009181106746757,
    "7": 0.24749749726550252,
    "8": 0.11289052483969178,
    "9": -0.024046479715023984,
    "10": -0.013994117215616076,
    "11": 0.018053755844039274,
    "12": 0.0,
    "13": 0.0,
    "14": 0.00765116555836344,
    "15": 0.0
  },
  "final_coefficient_vector": [
    0.0,
    -0.2836348325444587,
    0.2715324263016555,
    -0.2690930771771998,
    -0.3785578859019262,
    0.2751108090048269,
    0.03009181106746757,
    0.24749749726550252,
    0.11289052483969178,
    -0.024046479715023984,
    -0.013994117215616076,
    0.018053755844039274,
    0.0,
    0.0,
    0.00765116555836344,
    0.0
  ],
  "active_indices": [
    1,
    2,
    3,
    4,
    5,
    6,
    7,
    8,
    9,
    10,
    11,
    14
  ],
  "active_parameter_count": 12,
  "compression_ratio_active_over_total": 0.8,
  "final_loss": -1.9987464134807373,
  "final_expected_cut": 1.9987464134807373,
  "best_expected_cut_over_evolution": 1.998915269645896,
  "final_best_measured_index": 10,
  "final_best_measured_bitstring": "1010",
  "final_best_measured_cut": 2.0,
  "best_measured_cut_over_evolution": 2.0,
  "final_success_probability_ancilla_1": 0.10903585919558528,
  "final_max_postselected_probability": 0.349644955228797,
  "gap_expected_to_bruteforce": 0.0012535865192626616,
  "gap_measured_to_bruteforce": 0.0,
  "approx_ratio_measured": 1.0,
  "n_steps": 15,
  "elapsed_seconds": 11.18963885307312,
  "steps": [
    {
      "visit_idx": 1,
      "j": 1,
      "kept": true,
      "beta": -0.37819061034274615,
      "coefficient": -0.2836348325444587,
      "loss": -1.5,
      "expected_cut": 1.5,
      "best_measured_cut": 0.0,
      "success_probability_ancilla_1": 0.01997770735572593,
      "epochs_run": 5,
      "stop_reason": "loss_plateau_last5",
      "history_path": "benchmark_results_walsh_article/unweighted/sparse_threshold/n4/graph05_trainseed05/histories/history_visit001_j001.json",
      "improvement_vs_previous": 1.5
    },
    {
      "visit_idx": 2,
      "j": 2,
      "kept": true,
      "beta": 0.36058114849492123,
      "coefficient": 0.2715324263016555,
      "loss": -1.5,
      "expected_cut": 1.5,
      "best_measured_cut": 2.0,
      "success_probability_ancilla_1": 0.037565235192721425,
      "epochs_run": 5,
      "stop_reason": "loss_plateau_last5",
      "history_path": "benchmark_results_walsh_article/unweighted/sparse_threshold/n4/graph05_trainseed05/histories/history_visit002_j002.json",
      "improvement_vs_previous": 0.0
    },
    {
      "visit_idx": 3,
      "j": 3,
      "kept": true,
      "beta": -0.357057925024541,
      "coefficient": -0.2690930771771998,
      "loss": -1.5,
      "expected_cut": 1.5,
      "best_measured_cut": 0.0,
      "success_probability_ancilla_1": 0.054207150312642345,
      "epochs_run": 5,
      "stop_reason": "loss_plateau_last5",
      "history_path": "benchmark_results_walsh_article/unweighted/sparse_threshold/n4/graph05_trainseed05/histories/history_visit003_j003.json",
      "improvement_vs_previous": 0.0
    },
    {
      "visit_idx": 4,
      "j": 4,
      "kept": true,
      "beta": -0.5255795997060841,
      "coefficient": -0.3785578859019262,
      "loss": -1.7673993037179896,
      "expected_cut": 1.7673993037179896,
      "best_measured_cut": 2.0,
      "success_probability_ancilla_1": 0.08576991738131799,
      "epochs_run": 107,
      "stop_reason": "loss_plateau_last5",
      "history_path": "benchmark_results_walsh_article/unweighted/sparse_threshold/n4/graph05_trainseed05/histories/history_visit004_j004.json",
      "improvement_vs_previous": 0.2673993037179896
    },
    {
      "visit_idx": 5,
      "j": 5,
      "kept": true,
      "beta": 0.3657651137386905,
      "coefficient": 0.2751108090048269,
      "loss": -1.883909774469287,
      "expected_cut": 1.883909774469287,
      "best_measured_cut": 2.0,
      "success_probability_ancilla_1": 0.09791057459406646,
      "epochs_run": 85,
      "stop_reason": "loss_plateau_last5",
      "history_path": "benchmark_results_walsh_article/unweighted/sparse_threshold/n4/graph05_trainseed05/histories/history_visit005_j005.json",
      "improvement_vs_previous": 0.11651047075129739
    },
    {
      "visit_idx": 6,
      "j": 6,
      "kept": true,
      "beta": 0.03833284831667517,
      "coefficient": 0.03009181106746757,
      "loss": -1.8838173071703792,
      "expected_cut": 1.8838173071703792,
      "best_measured_cut": 2.0,
      "success_probability_ancilla_1": 0.09875087694960465,
      "epochs_run": 32,
      "stop_reason": "loss_plateau_last5",
      "history_path": "benchmark_results_walsh_article/unweighted/sparse_threshold/n4/graph05_trainseed05/histories/history_visit006_j006.json",
      "improvement_vs_previous": -9.246729890777239e-05
    },
    {
      "visit_idx": 7,
      "j": 7,
      "kept": true,
      "beta": 0.32622377510574274,
      "coefficient": 0.24749749726550252,
      "loss": -1.983897943958565,
      "expected_cut": 1.983897943958565,
      "best_measured_cut": 2.0,
      "success_probability_ancilla_1": 0.10616704591104872,
      "epochs_run": 81,
      "stop_reason": "loss_plateau_last5",
      "history_path": "benchmark_results_walsh_article/unweighted/sparse_threshold/n4/graph05_trainseed05/histories/history_visit007_j007.json",
      "improvement_vs_previous": 0.10008063678818568
    },
    {
      "visit_idx": 8,
      "j": 8,
      "kept": true,
      "beta": 0.1447390129415638,
      "coefficient": 0.11289052483969178,
      "loss": -1.997376058519425,
      "expected_cut": 1.997376058519425,
      "best_measured_cut": 2.0,
      "success_probability_ancilla_1": 0.10867393870578389,
      "epochs_run": 21,
      "stop_reason": "loss_plateau_last5",
      "history_path": "benchmark_results_walsh_article/unweighted/sparse_threshold/n4/graph05_trainseed05/histories/history_visit008_j008.json",
      "improvement_vs_previous": 0.01347811456086001
    },
    {
      "visit_idx": 9,
      "j": 9,
      "kept": true,
      "beta": -0.030626501001439505,
      "coefficient": -0.024046479715023984,