epoch,beta,coefficient,loss,expected_cut,best_measured_cut,success_probability_ancilla_1,max_postselected_probability,grad
0,-0.5297542418147632,-0.5080931407026859,-4.499999999999537,4.499999999999537,0.0,0.09749868509793953,0.015624999999998394,1.4030209704142977e-12
1,-0.5297543047441385,-0.5080931910886122,-4.49999999999954,4.49999999999954,0.0,0.09749870378076599,0.0156249999999984,1.4115394566481578e-12
2,-0.5297543816835815,-0.5080932526920339,-4.499999999999537,4.499999999999537,0.0,0.09749872662298069,0.015624999999998394,1.401880305657627e-12
3,-0.529754470605565,-0.50809332388956,-4.499999999999542,4.499999999999542,0.0,0.09749875302264019,0.015624999999998408,1.4109947919926523e-12
4,-0.5297545698813626,-0.5080934033771092,-4.499999999999538,4.499999999999538,0.0,0.09749878249619952,0.015624999999998397,1.4002616307781258e-12
