epoch,beta,coefficient,loss,expected_cut,best_measured_cut,success_probability_ancilla_1,max_postselected_probability,grad
0,0.2716052889263466,0.1665785062291821,-1.3876205396417802,1.3876205396417802,2.0,0.024446937752274574,0.29589257871590313,-0.06651407449567447
1,0.2814265291420012,0.1723005555558579,-1.3880295827594147,1.3880295827594147,2.0,0.024701563364197,0.29632518343494535,-0.049646578860077874
2,0.2908668121011618,0.17777168947557864,-1.388278838433862,1.388278838433862,2.0,0.024953209880347618,0.2966497290272085,-0.033765088896061266
3,0.29964440937153175,0.18283262773522654,-1.3883893846175528,1.3883893846175528,2.0,0.02519311094309311,0.29687441891084304,-0.019148251033851666
4,0.30741174138756855,0.18728958596044612,-1.3883938069793071,1.3883938069793071,2.0,0.025410046817908604,0.2970137132727072,-0.006132599853826663
5,0.3138165449358409,0.190949242328647,-1.3883339883271228,1.3883339883271228,2.0,0.02559214015162766,0.2970880289881921,0.004921302072438291
6,0.31859992925272074,0.1936731688099818,-1.3882531129602553,1.3882531129602553,2.0,0.025729994584041238,0.2971203612586561,0.013708735607977097
