epoch,beta,coefficient,loss,expected_cut,best_measured_cut,success_probability_ancilla_1,max_postselected_probability,grad
0,0.23172156320827345,0.1430438297415063,-1.5579806373012928,1.5579806373012928,2.0,0.03460549304291485,0.4562306104016231,0.08484762434659965
1,0.22181467644192943,0.1371286246756568,-1.5586023346737021,1.5586023346737021,2.0,0.03439671985565509,0.45550155102600814,0.07022751988174572
2,0.21210553725787593,0.13130661299556481,-1.5590645343280853,1.5590645343280853,2.0,0.034200184259484796,0.45466504920483625,0.055190154274683656
3,0.2027469532315628,0.12567239149781537,-1.559367628223079,1.559367628223079,2.0,0.03401844396003071,0.45374188846351904,0.03993511352495143
4,0.19395199153005682,0.120358214913263,-1.5595212384036363,1.5595212384036363,2.0,0.03385465226543763,0.45276772649496455,0.02476344370520254
5,0.18599437351824052,0.11553451057837812,-1.5595478024938312,1.5595478024938312,2.0,0.033712388895514894,0.45179583767580794,0.010104746165495794
6,0.17918081665291527,0.11139305155549374,-1.559483822599114,1.559483822599114,2.0,0.033595115814572356,0.4508944590249917,-0.0034776485546724853
