epoch,beta,coefficient,loss,expected_cut,best_measured_cut,success_probability_ancilla_1,max_postselected_probability,grad
0,0.24109227279932385,0.14861441089179533,-1.879041419583629,1.879041419583629,2.0,0.04411307105624597,0.5982701322389997,-0.08971929802861088
1,0.2509389822451889,0.15444139634038692,-1.8796204337902416,1.8796204337902416,2.0,0.04429560989857671,0.5988514036834074,-0.06887134825150223
2,0.260459612276916,0.16004867225498354,-1.8799947236034882,1.8799947236034882,2.0,0.04447948347382616,0.5992974297220313,-0.0488145306613661
3,0.2694097673257972,0.16529523513530323,-1.8801842924452896,1.8801842924452896,2.0,0.044658824177108924,0.5996151140629794,-0.02989137812897481
4,0.27747576307044064,0.1700024082890437,-1.8802236821129432,1.8802236821129432,2.0,0.04482572759813816,0.599818987067707,-0.012542140692109764
5,0.2843145530956535,0.17397736536574104,-1.880161723034391,1.880161723034391,2.0,0.04497108676443908,0.5999319660952014,0.002714491397198491
6,0.28963609136904056,0.17706005941925626,-1.8800542233480142,1.8800542233480142,2.0,0.0450866014024162,0.5999826082468263,0.015360609847913454
