epoch,beta,coefficient,loss,expected_cut,best_measured_cut,success_probability_ancilla_1,max_postselected_probability,grad
0,0.2514593433684552,0.15474855568166476,-1.52561848757927,1.52561848757927,2.0,0.032538592841089405,0.4102200843520337,0.04115326929457648
1,0.24181269517062104,0.14904166892191797,-1.5257985772820315,1.5257985772820315,2.0,0.03230961005271788,0.4097392746822539,0.02614518423450261
2,0.23312292172272514,0.1438784264444446,-1.5258344460915803,1.5258344460915803,2.0,0.03210982287334326,0.4092131071562908,0.011100354740111555
3,0.22635582682669478,0.13984329732642023,-1.5257769058145767,1.5257769058145767,2.0,0.031958571233756096,0.40874075875194454,-0.0029174479534162068
4,0.22233532254787886,0.13744013899743146,-1.5257064853687072,1.5257064853687072,2.0,0.03187052854917519,0.40843369720390665,-0.014131268037584577
5,0.22107152483468262,0.1366838576680928,-1.5256786961639652,1.5256786961639652,2.0,0.0318431358267496,0.40833306329575925,-0.020914180988283636
6,0.22198085295657938,0.13722805953642947,-1.5256989652057575,1.5256989652057575,2.0,0.031862831775502434,0.4084056706899525,-0.023064563281252615
