epoch,beta,coefficient,loss,expected_cut,best_measured_cut,success_probability_ancilla_1,max_postselected_probability,grad
0,-0.37661265494145524,-0.28255652643111157,-3.499999999999263,3.499999999999263,1.0,0.04745392762050638,0.04607371014279352,1.394346647054581e-12
1,-0.3766127173405694,-0.2825565690961942,-3.499999999999262,3.499999999999262,1.0,0.04745393322606363,0.04607370957377075,1.396812132625407e-12
2,-0.37661279369227985,-0.2825566213012924,-3.499999999999262,3.499999999999262,1.0,0.04745394008503814,0.04607370887751251,1.3930665154754255e-12
3,-0.3766128818983673,-0.2825566816117576,-3.4999999999992637,3.4999999999992637,1.0,0.04745394800893902,0.046073708073152364,1.398222908900936e-12
4,-0.3766129804912214,-0.2825567490241175,-3.499999999999262,3.499999999999262,1.0,0.04745395686592549,0.04607370717407318,1.39573095498117e-12
