{
  "0": 0.0,
  "1": -0.15695748618655941,
  "2": 0.14332920708150665,
  "3": -0.13692281765621245,
  "4": -0.21908939317038614,
  "5": 0.15814249970871483,
  "6": 0.003998730339170653,
  "7": 0.146614091921771,
  "8": 0.074835674904942,
  "9": -0.021282984334742617,
  "10": -0.0020506227555969364,
  "11": 0.008890438444674647,
  "12": 0.0,
  "13": 0.0,
  "14": 0.0,
  "15": 0.0,
  "16": -0.05262488200264925,
  "17": 0.1220193212728647,
  "18": 0.11276655259896436,
  "19": 0.0,
  "20": -0.16381703368480363,
  "21": 0.043823246214017605,
  "22": 0.0733469165130572,
  "23": -0.15533937620725605,
  "24": 0.04129984240863576,
  "25": 0.012919325215348774,
  "26": -0.11139829390274848,
  "27": 0.07980777425151522,
  "28": 0.14014908825384947,
  "29": -0.08598889945357636,
  "30": 0.01240122167749103,
  "31": -0.09932867615105578,
  "32": 0.08617183493132738,
  "33": -0.05018872745852835,
  "34": 0.0,
  "35": -0.05082446960416349,
  "36": 0.009120371804742518,
  "37": 0.08114602043794436,
  "38": -0.08418911508024712,
  "39": 0.06394714220383067,
  "40": -0.012990292644556676,
  "41": 0.014586036912243186,
  "42": -0.04162508789809649,
  "43": 0.023139485384900727,
  "44": 0.016433211588880087,
  "45": -0.031995277683298705,
  "46": 0.0,
  "47": -0.04266394328689155,
  "48": -0.013139104761111704,
  "49": 0.03181093204109243,
  "50": -0.019080711866034057,
  "51": 0.0,
  "52": 0.008351644662912498,
  "53": 0.029442835673679772,
  "54": 0.04342617998696982,
  "55": -0.050708949085210106,
  "56": -0.039208293848259156,
  "57": -0.04717365196282784,
  "58": -0.08803718116286519,
  "59": 0.08750155884388842,
  "60": 0.09150249209339029,
  "61": -0.06940762621404387,
  "62": 0.057216907779557666,
  "63": 0.03856884954709046
}