epoch,beta,coefficient,loss,expected_cut,best_measured_cut,success_probability_ancilla_1,max_postselected_probability,grad
0,0.23640716403781287,0.14583229546479132,-3.499427754222328,3.499427754222328,3.0,0.0056871578309483925,0.12492846927834061,0.17044455846188514
1,0.22689443040260876,0.1401649095414157,-3.499983384946603,3.499983384946603,3.0,0.00546089737664451,0.12499792311889758,0.09756922004771963
2,0.21900571765814614,0.13544674343377786,-3.499829096517119,3.499829096517119,3.0,0.005279348153726596,0.12497863706523166,0.01739421355871852
3,0.21444576005466076,0.13271211132590205,-3.4994580548936627,3.4994580548936627,3.0,0.0051769585004028265,0.12493225686231132,-0.05790052541643711
4,0.21350886461517227,0.1321495936851631,-3.4993546430084437,3.4993546430084437,3.0,0.005156154909146946,0.12491933037666147,-0.10533068825601152
5,0.21512522562374647,0.13311992732745936,-3.4995271547447806,3.4995271547447806,3.0,0.005192095832391064,0.12494089434369943,-0.1154449820679115
6,0.21824593153574176,0.1349914657004563,-3.4997821848821915,3.4997821848821915,3.0,0.0052621573155193805,0.12497277311086799,-0.09807514044961207
