epoch,beta,coefficient,loss,expected_cut,best_measured_cut,success_probability_ancilla_1,max_postselected_probability,grad
0,0.323214214452116,0.24536650185315476,-5.999999999997925,5.999999999997925,4.0,0.02888407421902312,0.03124618636688836,-6.019479141850367e-12
1,0.3232144834054092,0.24536669247193837,-5.9999999999979226,5.9999999999979226,4.0,0.02888409670692757,0.03124618609606478,-6.012192980227994e-12
2,0.32321481261451357,0.2453669257965671,-5.99999999999792,5.99999999999792,4.0,0.02888412423299977,0.03124618576455364,-6.010410209222483e-12
3,0.3232151926446635,0.24536719514019348,-5.999999999997927,5.999999999997927,4.0,0.02888415600838319,0.03124618538184869,-6.013123344995305e-12
4,0.3232156172123407,0.24536749604939534,-5.99999999999792,5.99999999999792,4.0,0.02888419150770534,0.03124618495427058,-6.001316424183946e-12
