epoch,beta,coefficient,loss,expected_cut,best_measured_cut,success_probability_ancilla_1,max_postselected_probability,grad
0,-0.31195281792951807,-0.23735722492426706,-5.999999999998571,5.999999999998571,4.0,0.04209293614501887,0.04640599623665312,2.6753338490104083e-12
1,-0.311952937649822,-0.23735731036455263,-5.999999999998575,5.999999999998575,4.0,0.04209294560972936,0.04640599629165385,2.6798845284357947e-12
2,-0.3119530841456137,-0.23735741491357945,-5.9999999999985745,5.9999999999985745,4.0,0.0420929571912293,0.04640599635895182,2.6730762100010966e-12
3,-0.3119532533116838,-0.23735753564159565,-5.999999999998575,5.999999999998575,4.0,0.042092970564975615,0.04640599643665913,2.678731002062034e-12
4,-0.31195344242870987,-0.23735767060790955,-5.999999999998574,5.999999999998574,4.0,0.0420929855159891,0.04640599652352464,2.6786144859278053e-12
