{
  "0": 0.0,
  "1": -0.4376552869499006,
  "2": 0.4479413089157818,
  "3": -0.43240711620578953,
  "4": 0.471767130520069,
  "5": 0.6490248464269212,
  "6": 0.4503277998911492,
  "7": -0.3336493348985765,
  "8": -0.30186155560651523,
  "9": -0.5016425977180469,
  "10": 0.16943924658149903,
  "11": 0.07877458348293487,
  "12": -0.34894703703829766,
  "13": 0.2384139051830837,
  "14": -0.26818323478323686,
  "15": -0.18652123726959827,
  "16": 0.007302161633064739,
  "17": -0.20094968530337964,
  "18": -0.06737732747638837,
  "19": 0.0022936348594949736,
  "20": 0.14113423360548047,
  "21": -0.015915618329430534,
  "22": 0.07012812550051754,
  "23": 0.18242104548285734,
  "24": 0.12905733214650938,
  "25": -0.022127826734349737,
  "26": -0.023197443320590604,
  "27": -0.1963348404710249,
  "28": 0.021756947957002813,
  "29": 0.13522376245283832,
  "30": 0.030158046675668758,
  "31": -0.0514285516340651,
  "32": 0.05414805798084996,
  "33": 0.055307543142833406,
  "34": 0.0988533981078942,
  "35": -0.014762009646699336,
  "36": -0.23513856697337776,
  "37": 0.024206164400832075,
  "38": 0.008575612009356989,
  "39": -0.20177433798478783,
  "40": 0.27084908586766787,
  "41": -0.08450882502908724,
  "42": 0.10522685062603564,
  "43": 0.030965019596205155,
  "44": 0.050630409254245834,
  "45": 0.07591898748314332,
  "46": 0.21380370410222418,
  "47": -0.10653389804983193,
  "48": -0.05170490319590225,
  "49": -0.08525499473476919,
  "50": 0.018753738768111376,
  "51": -0.11681296868412723,
  "52": 0.07399696577881691,
  "53": -0.027527207251071998,
  "54": 0.1174913173743645,
  "55": -0.09288290702721257,
  "56": 0.05648172738165584,
  "57": -0.01977088792580771,
  "58": 0.13091702817806955,
  "59": -0.05870589454949899,
  "60": 0.016126164274973848,
  "61": -0.004144785262673624,
  "62": 0.18689544328427937,
  "63": -0.21701493862406157
}