epoch,beta,coefficient,loss,expected_cut,best_measured_cut,success_probability_ancilla_1,max_postselected_probability,grad
0,0.3791946397148263,0.28432030337399367,-2.8445348075156094,2.8445348075156094,4.0,0.11150054266564807,0.1828212136515309,0.0025740317968772127
1,0.382385580709081,0.28649551112980526,-2.8445456679203893,2.8445456679203893,4.0,0.11178781450506847,0.18292176563027654,-0.004563021100693072
2,0.38717355393956077,0.2897498905668844,-2.844548249362761,2.844548249362761,4.0,0.11222103807340358,0.1830664975070063,-0.0022496040604361783
3,0.3898583832588679,0.2915697492990525,-2.8445426115922645,2.8445426115922645,4.0,0.11246508873734548,0.18314446981026192,0.0011587433796744638
4,0.3893423955468886,0.29122027802984934,-2.8445440860499653,2.8445440860499653,4.0,0.11241812358523584,0.1831296607335903,0.003037048918992297
