epoch,beta,coefficient,loss,expected_cut,best_measured_cut,success_probability_ancilla_1,max_postselected_probability,grad
0,-0.4451812095864264,-0.43765518355664285,-2.499999999999657,2.499999999999657,0.0,0.07297356754428805,0.06249999999999144,1.3206517427770167e-12
1,-0.44518126852190354,-0.4376552344938885,-2.499999999999658,2.499999999999658,0.0,0.0729735841048222,0.06249999999999145,1.3159453331018799e-12
2,-0.44518134069422755,-0.4376552968715828,-2.499999999999657,2.499999999999657,0.0,0.07297360438483627,0.06249999999999144,1.3186469700727835e-12
3,-0.4451814240633237,-0.4376553689265116,-2.499999999999657,2.499999999999657,0.0,0.07297362781108165,0.062499999999991424,1.321211165072833e-12
4,-0.44518151727946575,-0.4376554494921203,-2.499999999999657,2.499999999999657,0.0,0.07297365400429344,0.062499999999991424,1.320922959444096e-12
