{
  "0": 0.0,
  "1": -0.2751914494032558,
  "2": 0.24745097909099373,
  "3": -0.243414475847794,
  "4": 0.31538129826409167,
  "5": 0.3809091714573106,
  "6": 0.3247919000832928,
  "7": -0.05046068962947562,
  "8": -0.27315285177020454,
  "9": -0.19871985458340352,
  "10": -0.05144511445556168,
  "11": 0.043116913170603254,
  "12": -0.3024543686375401,
  "13": 0.15861369474160644,
  "14": -0.18808476388307968,
  "15": -0.13350022953655144,
  "16": 0.0,
  "17": -0.10456480607058752,
  "18": -0.10876341296212008,
  "19": -0.009927247251152667,
  "20": 0.272731870844635,
  "21": 0.039233979930789524,
  "22": -0.012742098343779944,
  "23": 0.21938608145823876,
  "24": 0.027228554969336047,
  "25": -0.00978388591163097,
  "26": -0.03317200105496295,
  "27": 0.060504582113320764,
  "28": 0.020245695354034973,
  "29": -0.23667070628459622,
  "30": -0.20034353650077638,
  "31": 0.0,
  "32": -0.05379732559082032,
  "33": 0.048296422965058004,
  "34": -0.009605745639665899,
  "35": 0.09032579482209473,
  "36": -0.050545998135270956,
  "37": 0.005478841309671169,
  "38": -0.08237593284716883,
  "39": -0.11092955074323443,
  "40": 0.0777679108769387,
  "41": -0.031270665593653074,
  "42": 0.13910133405300518,
  "43": 0.13580699703915078,
  "44": 0.07624882886116259,
  "45": -0.04112263523563212,
  "46": 0.06563094847196137,
  "47": -0.13608073185893632,
  "48": 0.018654341537973115,
  "49": 0.012528202938250533,
  "50": 0.0,
  "51": -0.016939336487309165,
  "52": 0.009064775786214889,
  "53": -0.05552355218656619,
  "54": -0.05601702330245754,
  "55": -0.010690240642442646,
  "56": 0.006342053120186441,
  "57": 0.0312659667877692,
  "58": 0.048820177495697725,
  "59": 0.005296002715522503,
  "60": 0.03614705886819968,
  "61": -0.01933500503684897,
  "62": -0.01847610346185223,
  "63": 0.03251925967805905
}