epoch,beta,coefficient,loss,expected_cut,best_measured_cut,success_probability_ancilla_1,max_postselected_probability,grad
0,0.232730702757942,0.1436448893455746,-2.999931449268497,2.999931449268497,2.0,0.005687228223555807,0.12499143115900169,-0.05645048548635724
1,0.23458019722303783,0.14474575723146665,-2.999853510569102,2.999853510569102,2.0,0.005731536928093718,0.12498168882157393,0.03438334363111326
2,0.23187378405257827,0.1431345126202461,-2.9999577934022685,2.9999577934022685,2.0,0.005666800454233012,0.12499472417572467,0.049829804181109445
3,0.2279579334256498,0.14079972384437153,-2.9999969659824055,2.9999969659824055,2.0,0.005574274414023759,0.1249996207482492,0.027087600805873798
4,0.22512229370711226,0.1391064368771754,-2.999939126798711,2.999939126798711,2.0,0.005508119089891424,0.12499239085029275,-0.007396319288005153
5,0.22471641844005366,0.13886389606288282,-2.9999247252205716,2.9999247252205716,2.0,0.005498708516494115,0.12499059065302616,-0.033569209775583274
6,0.22626921918012743,0.13979157476657308,-2.999971470317462,2.999971470317462,2.0,0.0055347908050810595,0.12499643379013445,-0.03739988564218934
