epoch,beta,coefficient,loss,expected_cut,best_measured_cut,success_probability_ancilla_1,max_postselected_probability,grad
0,-0.21233627724038637,-0.13144525287506484,-3.4843857539471124,3.4843857539471124,4.0,0.009457501189729111,0.24676918500860645,-0.21226500598942216
1,-0.20287922589599028,-0.12575217391856822,-3.4850305314732646,3.4850305314732646,4.0,0.009256697605678984,0.24668488133982006,-0.11666820764051758
2,-0.19510542425799618,-0.12105619075657549,-3.4848405987484576,3.4848405987484576,4.0,0.009097796584457325,0.2464736995163599,-0.018408487547905073
3,-0.19054658026329652,-0.11829570738125098,-3.4844093696812077,3.4844093696812077,4.0,0.009007230075784228,0.2462869986434924,0.06814542862588312
4,-0.18944290497738217,-0.11762668999473457,-3.484268206463261,3.484268206463261,4.0,0.008985597637553279,0.24623458638979304,0.12133774667279357
5,-0.19085021227301058,-0.11847971200028151,-3.4844456651748548,3.4844456651748548,4.0,0.009013201474522538,0.24630091973390142,0.13448548578655758
6,-0.19379737270855368,-0.12026462706148563,-3.4847416155646083,3.4847416155646083,4.0,0.009071611602414428,0.24642498804182766,0.11773912267920773
