epoch,beta,coefficient,loss,expected_cut,best_measured_cut,success_probability_ancilla_1,max_postselected_probability,grad
0,0.2923307156266781,0.22327188219008864,-4.816838397958996,4.816838397958996,4.0,0.1704428916981453,0.07269449798476528,0.07815927119455776
1,0.2824035634937332,0.21608516013426257,-4.817441771632737,4.817441771632737,4.0,0.16992275569453774,0.07264856749763753,0.0666423377274886
2,0.27262457025824827,0.20896720505853852,-4.817920149145531,4.817920149145531,4.0,0.16942440075826948,0.07259423560878177,0.05486067343161209
3,0.2630977119829915,0.20199705430216283,-4.81827243864964,4.81827243864964,4.0,0.16895262456474314,0.0725324487279488,0.042922881591333874
4,0.253962669347001,0.19528139877937886,-4.818502127218137,4.818502127218137,4.0,0.16851328676170796,0.07246483644154432,0.03098417532380675
5,0.24539874895897346,0.18895782017852142,-4.818619123510494,4.818619123510494,4.0,0.16811326451941305,0.07239388406268098,0.01925853693585132
6,0.23761992624611972,0.18319130517947912,-4.818641242186702,4.818641242186702,4.0,0.1677600502267748,0.07232299352866961,0.008026563677201592
