epoch,beta,coefficient,loss,expected_cut,best_measured_cut,success_probability_ancilla_1,max_postselected_probability,grad
0,0.37919463952800037,0.28432030324649016,-4.344535017574335,4.344535017574335,6.0,0.11150053945513311,0.045705339954881775,0.0025744233924304616
1,0.3823846101807948,0.2864948503055264,-4.344545874534376,4.344545874534376,6.0,0.11178772376683647,0.04573047036270643,-0.004562624892403228
2,0.38717218575723866,0.2897489622501425,-4.344548457860174,4.344548457860174,6.0,0.11222091073411199,0.045766650671423666,-0.0022499077327445436
3,0.3898573143595354,0.29156902548679103,-4.3445428206985035,4.3445428206985035,6.0,0.1124649882461486,0.04578614612030836,0.0011581727531753774
4,0.3893417751442007,0.2912198577592488,-4.344544293773322,4.344544293773322,6.0,0.11241806396300068,0.04578244704607895,0.003036697082449453
