epoch,beta,coefficient,loss,expected_cut,best_measured_cut,success_probability_ancilla_1,max_postselected_probability,grad
0,0.3080188119635487,0.23454633195077154,-5.193091821065183,5.193091821065183,5.0,0.18366444073797222,0.08506027277406929,0.15484570348159765
1,0.29805736834429275,0.22739934148372545,-5.194412118962947,5.194412118962947,5.0,0.1831572927761152,0.08528707081406149,0.14009013981815052
2,0.2881693027938147,0.22026410611955363,-5.195570856856744,5.195570856856744,5.0,0.18266712312139555,0.08550501626103474,0.12491248531028519
3,0.27839823687340703,0.21317431297164233,-5.196562841578548,5.196562841578548,5.0,0.18219607700254503,0.0857130459212323,0.1093821378813087
4,0.26879828526674904,0.2061719531402233,-5.197385139581904,5.197385139581904,5.0,0.18174651997722807,0.08591003743784001,0.09359027303485964
5,0.2594357112766712,0.19930865301671408,-5.198037889666583,5.198037889666583,5.0,0.18132103366168104,0.08609482672459975,0.07765404082007824
6,0.25039016960223176,0.19264669682491198,-5.198525212937806,5.198525212937806,5.0,0.1809223865384138,0.08626623813086873,0.061720679308428665
7,0.24175496738030128,0.18625929738368277,-5.198856116357275,5.198856116357275,5.0,0.1805534662313888,0.08642313123980204,0.045970754933429545
8,0.23363557706898855,0.18022951395003087,-5.199045197197393,5.199045197197393,5.0,0.18021715959186196,0.08656446653318152,0.030619249472840077
9,0.22614559694527553,0.17464717929907198,-5.1991128652680745,5.1991128652680745,5.0,0.179916173375944,0.08668938768162975,0.015912745383729957
10,0.2193996823554163,0.169603444507507,-5.199084765221093,5.199084765221093,5.0,0.17965280436735956,0.08679731066770553,0.002120831032469049
