epoch,beta,coefficient,loss,expected_cut,best_measured_cut,success_probability_ancilla_1,max_postselected_probability,grad
0,0.4434719810569432,0.4361768626574623,-5.72573068868965,5.72573068868965,5.0,0.4708947216014325,0.03161935668999682,-0.010533035262159504
1,0.45326045550678207,0.444614332352825,-5.725791381240857,5.725791381240857,5.0,0.471551334712231,0.0316485133457982,-0.007602164668624506
2,0.4625756302232273,0.45257898290623416,-5.725824115407782,5.725824115407782,5.0,0.47217405722879185,0.03167422987846749,-0.004811611517465664
3,0.4710329988926481,0.4597548906527612,-5.7258332605922595,5.7258332605922595,5.0,0.4727374748792347,0.03169590080632361,-0.002228295158289019
4,0.47815956746550564,0.46576044151215157,-5.7258261401621855,5.7258261401621855,5.0,0.4732106897001645,0.03171294747767536,5.5925301614823704e-05
