epoch,beta,coefficient,loss,expected_cut,best_measured_cut,success_probability_ancilla_1,max_postselected_probability,grad
0,-0.4925083842440291,-0.4777367963831744,-5.499999999999781,5.499999999999781,3.0,0.2507364331706558,0.04300307032871092,1.5495750928579834e-13
1,-0.49250839114590883,-0.4777368021065694,-5.4999999999997815,5.4999999999997815,3.0,0.2507364343832798,0.04300307032691537,1.538401507133176e-13
2,-0.49250839955758535,-0.47773680908196564,-5.499999999999778,5.499999999999778,3.0,0.25073643586116723,0.04300307032472702,1.524264158084538e-13
3,-0.4925084092799711,-0.47773681714426963,-5.4999999999997815,5.4999999999997815,3.0,0.2507364375693393,0.0430030703221977,1.5429713556715676e-13
4,-0.49250842014202156,-0.47773682615164226,-5.4999999999997815,5.4999999999997815,3.0,0.2507364394777445,0.043003070319371894,1.5353906800794448e-13
