{
  "config": {
    "N_VERTICES": 4,
    "PROB_ARESTA": 0.4,
    "COM_PESO": false,
    "PESO_MIN": 1,
    "PESO_MAX": 1,
    "GRAPH_SEED": 104678,
    "GRAPH_EDGES": [
      [
        1,
        2,
        1.0
      ],
      [
        1,
        3,
        1.0
      ],
      [
        2,
        3,
        1.0
      ]
    ],
    "REVERSE_BITS": false,
    "ER": 1.0,
    "MAX_TERMS": null,
    "A_MAX": 0.7853981633974483,
    "INIT_BETA": 0.35,
    "MAX_EPOCHS": 200,
    "LR": 0.01,
    "FD_EPS": 0.01,
    "LOSS_TOL_LAST5": 0.001,
    "PATIENCE_LAST5": 5,
    "TRAIN_SEED": 9,
    "INIT_BETA_JITTER": 0.05,
    "OPTIMIZER": "adam",
    "ADAM_BETA1": 0.9,
    "ADAM_BETA2": 0.999,
    "ADAM_EPS": 1e-08,
    "COEF_ZERO_TOL": 0.001,
    "IMPROVEMENT_TOL": 0.001,
    "SATURATION_PATIENCE": 100,
    "INDEX_STRATEGY": "ascending",
    "INDEX_RANDOM_SEED": 42,
    "ENABLE_BACKWARD_PRUNING": false,
    "BACKWARD_PASSES": 1,
    "PRUNE_IMPROVEMENT_TOL": 1e-06,
    "OUTDIR": "benchmark_results_walsh_article/unweighted/baseline/n4/graph05_trainseed09",
    "SHOW_PLOTS": false,
    "name": "baseline"
  },
  "n_qubits_register": 4,
  "graph_edges": [
    [
      1,
      2,
      1.0
    ],
    [
      1,
      3,
      1.0
    ],
    [
      2,
      3,
      1.0
    ]
  ],
  "graph_signature": "be861fe0b30163c15a2bc45387e42148d677589ca12d320c9ad2ad740a6f1fe8",
  "graph_num_edges": 3,
  "graph_density": 0.5,
  "best_cut_bruteforce": 2.0,
  "best_bitstring_bruteforce": "0001",
  "best_index_bruteforce": 1,
  "candidate_order": [
    1,
    2,
    3,
    4,
    5,
    6,
    7,
    8,
    9,
    10,
    11,
    12,
    13,
    14,
    15
  ],
  "total_possible_parameters": 15,
  "visited_parameters": 15,
  "trained_coefficients": {
    "0": 0.0,
    "1": -0.2701874566257574,
    "2": 0.2433207715541812,
    "3": -0.2305546012754755,
    "4": -0.3511601648443292,
    "5": 0.24705327615455178,
    "6": 0.02597039661722882,
    "7": 0.23977208859858656,
    "8": 0.11656700491688769,
    "9": -0.028882975543199886,
    "10": -0.012389500895094297,
    "11": 0.013610847849469088,
    "12": 0.0014834461501659116,
    "13": 0.0070270546281290674,
    "14": 0.003097701643488093,
    "15": -0.002265327557241425
  },
  "final_coefficient_vector": [
    0.0,
    -0.2701874566257574,
    0.2433207715541812,
    -0.2305546012754755,
    -0.3511601648443292,
    0.24705327615455178,
    0.02597039661722882,
    0.23977208859858656,
    0.11656700491688769,
    -0.028882975543199886,
    -0.012389500895094297,
    0.013610847849469088,
    0.0014834461501659116,
    0.0070270546281290674,
    0.003097701643488093,
    -0.002265327557241425
  ],
  "active_indices": [
    1,
    2,
    3,
    4,
    5,
    6,
    7,
    8,
    9,
    10,
    11,
    12,
    13,
    14,
    15
  ],
  "active_parameter_count": 15,
  "compression_ratio_active_over_total": 1.0,
  "final_loss": -1.9991099385812294,
  "final_expected_cut": 1.9991099385812294,
  "best_expected_cut_over_evolution": 1.9992737203247857,
  "final_best_measured_index": 10,
  "final_best_measured_bitstring": "1010",
  "final_best_measured_cut": 2.0,
  "best_measured_cut_over_evolution": 2.0,
  "final_success_probability_ancilla_1": 0.09505500140686002,
  "final_max_postselected_probability": 0.36318430257615053,
  "gap_expected_to_bruteforce": 0.0008900614187705713,
  "gap_measured_to_bruteforce": 0.0,
  "approx_ratio_measured": 1.0,
  "n_steps": 15,
  "elapsed_seconds": 14.443837404251099,
  "steps": [
    {
      "visit_idx": 1,
      "j": 1,
      "kept": true,
      "beta": -0.35863751281124806,
      "coefficient": -0.2701874566257574,
      "loss": -1.5,
      "expected_cut": 1.5,
      "best_measured_cut": 0.0,
      "success_probability_ancilla_1": 0.018139560571184914,
      "epochs_run": 5,
      "stop_reason": "loss_plateau_last5",
      "history_path": "benchmark_results_walsh_article/unweighted/baseline/n4/graph05_trainseed09/histories/history_visit001_j001.json",
      "improvement_vs_previous": 1.5
    },
    {
      "visit_idx": 2,
      "j": 2,
      "kept": true,
      "beta": 0.32033038701128236,
      "coefficient": 0.2433207715541812,
      "loss": -1.5,
      "expected_cut": 1.5,
      "best_measured_cut": 2.0,
      "success_probability_ancilla_1": 0.03233359610202321,
      "epochs_run": 5,
      "stop_reason": "loss_plateau_last5",
      "history_path": "benchmark_results_walsh_article/unweighted/baseline/n4/graph05_trainseed09/histories/history_visit002_j002.json",
      "improvement_vs_previous": 0.0
    },
    {
      "visit_idx": 3,
      "j": 3,
      "kept": true,
      "beta": -0.3024479658154511,
      "coefficient": -0.2305546012754755,
      "loss": -1.5,
      "expected_cut": 1.5,
      "best_measured_cut": 0.0,
      "success_probability_ancilla_1": 0.04470813863941246,
      "epochs_run": 5,
      "stop_reason": "loss_plateau_last5",
      "history_path": "benchmark_results_walsh_article/unweighted/baseline/n4/graph05_trainseed09/histories/history_visit003_j003.json",
      "improvement_vs_previous": 0.0
    },
    {
      "visit_idx": 4,
      "j": 4,
      "kept": true,
      "beta": -0.4810835985568749,
      "coefficient": -0.3511601648443292,
      "loss": -1.7681506101881308,
      "expected_cut": 1.7681506101881308,
      "best_measured_cut": 2.0,
      "success_probability_ancilla_1": 0.07249266013572589,
      "epochs_run": 98,
      "stop_reason": "loss_plateau_last5",
      "history_path": "benchmark_results_walsh_article/unweighted/baseline/n4/graph05_trainseed09/histories/history_visit004_j004.json",
      "improvement_vs_previous": 0.2681506101881308
    },
    {
      "visit_idx": 5,
      "j": 5,
      "kept": true,
      "beta": 0.3255959413446088,
      "coefficient": 0.24705327615455178,
      "loss": -1.8738372054615215,
      "expected_cut": 1.8738372054615215,
      "best_measured_cut": 2.0,
      "success_probability_ancilla_1": 0.08324127897322711,
      "epochs_run": 82,
      "stop_reason": "loss_plateau_last5",
      "history_path": "benchmark_results_walsh_article/unweighted/baseline/n4/graph05_trainseed09/histories/history_visit005_j005.json",
      "improvement_vs_previous": 0.10568659527339075
    },
    {
      "visit_idx": 6,
      "j": 6,
      "kept": true,
      "beta": 0.033078595481852685,
      "coefficient": 0.02597039661722882,
      "loss": -1.8737887370708592,
      "expected_cut": 1.8737887370708592,
      "best_measured_cut": 2.0,
      "success_probability_ancilla_1": 0.08382482571676085,
      "epochs_run": 38,
      "stop_reason": "loss_plateau_last5",
      "history_path": "benchmark_results_walsh_article/unweighted/baseline/n4/graph05_trainseed09/histories/history_visit006_j006.json",
      "improvement_vs_previous": -4.846839066230402e-05
    },
    {
      "visit_idx": 7,
      "j": 7,
      "kept": true,
      "beta": 0.31534004042345537,
      "coefficient": 0.23977208859858656,
      "loss": -1.98169559637325,
      "expected_cut": 1.98169559637325,
      "best_measured_cut": 2.0,
      "success_probability_ancilla_1": 0.09202370664895068,
      "epochs_run": 82,
      "stop_reason": "loss_plateau_last5",
      "history_path": "benchmark_results_walsh_article/unweighted/baseline/n4/graph05_trainseed09/histories/history_visit007_j007.json",
      "improvement_vs_previous": 0.10790685930239086
    },
    {
      "visit_idx": 8,
      "j": 8,
      "kept": true,
      "beta": 0.14952212696751654,
      "coefficient": 0.11656700491688769,
      "loss": -1.9974319596620311,
      "expected_cut": 1.9974319596620311,
      "best_measured_cut": 2.0,
      "success_probability_ancilla_1": 0.09479233327268287,
      "epochs_run": 25,
      "stop_reason": "loss_plateau_last5",
      "history_path": "benchmark_results_walsh_article/unweighted/baseline/n4/graph05_trainseed09/histories/history_visit008_j008.json",
      "improvement_vs_previous": 0.01573636328878103
    },
    {
      "visit_idx": 9,
      "j": 9,
      "kept": true,