{
  "config": {
    "N_VERTICES": 4,
    "PROB_ARESTA": 0.7,
    "COM_PESO": false,
    "PESO_MIN": 1,
    "PESO_MAX": 1,
    "GRAPH_SEED": 104476,
    "GRAPH_EDGES": [
      [
        0,
        1,
        1.0
      ],
      [
        0,
        2,
        1.0
      ],
      [
        0,
        3,
        1.0
      ],
      [
        1,
        2,
        1.0
      ],
      [
        1,
        3,
        1.0
      ]
    ],
    "REVERSE_BITS": false,
    "ER": 1.0,
    "MAX_TERMS": null,
    "A_MAX": 0.7853981633974483,
    "INIT_BETA": 0.35,
    "MAX_EPOCHS": 200,
    "LR": 0.01,
    "FD_EPS": 0.01,
    "LOSS_TOL_LAST5": 0.001,
    "PATIENCE_LAST5": 5,
    "TRAIN_SEED": 5,
    "INIT_BETA_JITTER": 0.05,
    "OPTIMIZER": "adam",
    "ADAM_BETA1": 0.9,
    "ADAM_BETA2": 0.999,
    "ADAM_EPS": 1e-08,
    "COEF_ZERO_TOL": 0.001,
    "IMPROVEMENT_TOL": 0.001,
    "SATURATION_PATIENCE": 100,
    "INDEX_STRATEGY": "ascending",
    "INDEX_RANDOM_SEED": 42,
    "ENABLE_BACKWARD_PRUNING": false,
    "BACKWARD_PASSES": 1,
    "PRUNE_IMPROVEMENT_TOL": 1e-06,
    "OUTDIR": "benchmark_results_walsh_article/unweighted/baseline/n4/graph03_trainseed05",
    "SHOW_PLOTS": false,
    "name": "baseline"
  },
  "n_qubits_register": 4,
  "graph_edges": [
    [
      0,
      1,
      1.0
    ],
    [
      0,
      2,
      1.0
    ],
    [
      0,
      3,
      1.0
    ],
    [
      1,
      2,
      1.0
    ],
    [
      1,
      3,
      1.0
    ]
  ],
  "graph_signature": "37c67a7d685a1ea528dadea71897f720cb7ad726475a7878001b269ff86755a3",
  "graph_num_edges": 5,
  "graph_density": 0.8333333333333334,
  "best_cut_bruteforce": 4.0,
  "best_bitstring_bruteforce": "0011",
  "best_index_bruteforce": 3,
  "candidate_order": [
    1,
    2,
    3,
    4,
    5,
    6,
    7,
    8,
    9,
    10,
    11,
    12,
    13,
    14,
    15
  ],
  "total_possible_parameters": 15,
  "visited_parameters": 15,
  "trained_coefficients": {
    "0": 0.0,
    "1": -0.2836348842528262,
    "2": 0.2846069782148858,
    "3": -0.0012883065034782787,
    "4": 0.0,
    "5": 0.0028316243137272317,
    "6": -0.0024544757993980593,
    "7": 0.0,
    "8": -0.0013852854382826285,
    "9": 0.002676419611907648,
    "10": 0.0,
    "11": 0.0,
    "12": -0.0014064853411362374,
    "13": 0.0,
    "14": 0.0,
    "15": -0.0012060795779953283
  },
  "final_coefficient_vector": [
    0.0,
    -0.2836348842528262,
    0.2846069782148858,
    -0.0012883065034782787,
    0.0,
    0.0028316243137272317,
    -0.0024544757993980593,
    0.0,
    -0.0013852854382826285,
    0.002676419611907648,
    0.0,
    0.0,
    -0.0014064853411362374,
    0.0,
    0.0,
    -0.0012060795779953283
  ],
  "active_indices": [
    1,
    2,
    3,
    5,
    6,
    8,
    9,
    12,
    15
  ],
  "active_parameter_count": 9,
  "compression_ratio_active_over_total": 0.6,
  "final_loss": -3.0000250088916656,
  "final_expected_cut": 3.0000250088916656,
  "best_expected_cut_over_evolution": 3.0000250088916656,
  "final_best_measured_index": 11,
  "final_best_measured_bitstring": "1011",
  "final_best_measured_cut": 3.0,
  "best_measured_cut_over_evolution": 3.0,
  "final_success_probability_ancilla_1": 0.039294306052407704,
  "final_max_postselected_probability": 0.12948230758381152,
  "gap_expected_to_bruteforce": 0.9999749911083344,
  "gap_measured_to_bruteforce": 1.0,
  "approx_ratio_measured": 0.75,
  "n_steps": 15,
  "elapsed_seconds": 16.90611982345581,
  "steps": [
    {
      "visit_idx": 1,
      "j": 1,
      "kept": true,
      "beta": -0.37819068605404393,
      "coefficient": -0.2836348842528262,
      "loss": -2.5,
      "expected_cut": 2.5,
      "best_measured_cut": 0.0,
      "success_probability_ancilla_1": 0.019977714590944676,
      "epochs_run": 5,
      "stop_reason": "loss_plateau_last5",
      "history_path": "benchmark_results_walsh_article/unweighted/baseline/n4/graph03_trainseed05/histories/history_visit001_j001.json",
      "improvement_vs_previous": 2.5
    },
    {
      "visit_idx": 2,
      "j": 2,
      "kept": true,
      "beta": 0.37961475726555827,
      "coefficient": 0.2846069782148858,
      "loss": -2.999996993464015,
      "expected_cut": 2.999996993464015,
      "best_measured_cut": 3.0,
      "success_probability_ancilla_1": 0.03928801290723675,
      "epochs_run": 5,
      "stop_reason": "loss_plateau_last5",
      "history_path": "benchmark_results_walsh_article/unweighted/baseline/n4/graph03_trainseed05/histories/history_visit002_j002.json",
      "improvement_vs_previous": 0.49999699346401494
    },
    {
      "visit_idx": 3,
      "j": 3,
      "kept": true,
      "beta": -0.0016403242571534108,
      "coefficient": -0.0012883065034782787,
      "loss": -2.999991712886165,
      "expected_cut": 2.999991712886165,
      "best_measured_cut": 3.0,
      "success_probability_ancilla_1": 0.03928839523677713,
      "epochs_run": 41,
      "stop_reason": "loss_plateau_last5",
      "history_path": "benchmark_results_walsh_article/unweighted/baseline/n4/graph03_trainseed05/histories/history_visit003_j003.json",
      "improvement_vs_previous": -5.280577850097501e-06
    },
    {
      "visit_idx": 4,
      "j": 4,
      "kept": false,
      "beta": 0.0009277466601038753,
      "coefficient": 0.0,
      "loss": -2.999991712886165,
      "expected_cut": 2.999991712886165,
      "best_measured_cut": 3.0,
      "success_probability_ancilla_1": 0.03928839523677713,
      "epochs_run": 36,
      "stop_reason": "loss_plateau_last5_and_discarded_near_zero",
      "history_path": "benchmark_results_walsh_article/unweighted/baseline/n4/graph03_trainseed05/histories/history_visit004_j004.json",
      "improvement_vs_previous": 0.0
    },
    {
      "visit_idx": 5,
      "j": 5,
      "kept": true,
      "beta": 0.0036053516734507003,
      "coefficient": 0.0028316243137272317,
      "loss": -2.9999894159635088,
      "expected_cut": 2.9999894159635088,
      "best_measured_cut": 3.0,
      "success_probability_ancilla_1": 0.039290242250539176,
      "epochs_run": 36,
      "stop_reason": "loss_plateau_last5",
      "history_path": "benchmark_results_walsh_article/unweighted/baseline/n4/graph03_trainseed05/histories/history_visit005_j005.json",
      "improvement_vs_previous": -2.2969226560753953e-06
    },
    {
      "visit_idx": 6,
      "j": 6,
      "kept": true,
      "beta": -0.0031251458232994783,
      "coefficient": -0.0024544757993980593,
      "loss": -2.9999943525269757,
      "expected_cut": 2.9999943525269757,
      "best_measured_cut": 3.0,
      "success_probability_ancilla_1": 0.0392913569564195,
      "epochs_run": 37,
      "stop_reason": "loss_plateau_last5",
      "history_path": "benchmark_results_walsh_article/unweighted/baseline/n4/graph03_trainseed05/histories/history_visit006_j006.json",
      "improvement_vs_previous": 4.936563466895194e-06
    },
    {
      "visit_idx": 7,
      "j": 7,
      "kept": false,
      "beta": 0.0004145863634544599,
      "coefficient": 0.0,
      "loss": -2.9999943525269757,
      "expected_cut": 2.9999943525269757,
      "best_measured_cut": 3.0,
      "success_probability_ancilla_1": 0.0392913569564195,
      "epochs_run": 36,
      "stop_reason": "loss_plateau_last5_and_discarded_near_zero",
      "history_path": "benchmark_results_walsh_article/unweighted/baseline/n4/graph03_trainseed05/histories/history_visit007_j007.json",
      "improvement_vs_previous": 0.0
    },
    {
      "visit_idx": 8,
      "j": 8,
      "kept": true,
      "beta": -0.0017638020298262422,
      "coefficient": -0.0013852854382826285,
      "loss": -2.999996815692841,
      "expected_cut": 2.999996815692841,
      "best_measured_cut": 3.0,
      "success_probability_ancilla_1": 0.03929179900991886,
      "epochs_run": 38,
      "stop_reason": "loss_plateau_last5",
      "history_path": "benchmark_results_walsh_article/unweighted/baseline/n4/graph03_trainseed05/histories/history_visit008_j008.json",