epoch,beta,coefficient,loss,expected_cut,best_measured_cut,success_probability_ancilla_1,max_postselected_probability,grad
0,0.22392849633211337,0.13839292952338156,-1.999861128805517,1.999861128805517,3.0,0.00549618517737108,0.12498264110091699,0.03862516030243289
1,0.22581567086291204,0.13952068069622414,-1.9999404008945667,1.9999404008945667,3.0,0.005539931588360089,0.12499255011204648,-0.050980452062901443
2,0.23004916570426748,0.14204711538006967,-1.9999983890144015,1.9999983890144015,3.0,0.005639217929017895,0.12499979862702187,-0.03310770787756385
3,0.23307755263237553,0.14385141468397394,-1.9999423607769684,1.9999423607769684,3.0,0.005711211538877568,0.1249927950973399,0.005337388277016879
4,0.23324098190420814,0.14394871425416206,-1.9999371034179776,1.9999371034179776,3.0,0.005715119626318197,0.12499213792746597,0.03147911454022328
5,0.23135802952165352,0.14282723554700963,-1.9999838967420658,1.9999838967420658,3.0,0.005670234535613977,0.12499798709297871,0.03285838707993534
6,0.22876638431931584,0.14128209297103192,-1.9999979380067958,1.9999979380067958,3.0,0.005608965944022395,0.12499974225107233,0.016772479140092413
