{
  "0": 0.0,
  "1": -0.14129595106005832,
  "2": 0.13767690936192759,
  "3": -0.15997869285104652,
  "4": -0.2212017282763212,
  "5": 0.17536613165272227,
  "6": 0.0,
  "7": 0.13274568570102532,
  "8": 0.0855603803881362,
  "9": -0.016968123963834958,
  "10": 0.0028798435405301436,
  "11": 0.008078672779491746,
  "12": 0.0,
  "13": -0.0020446260584969173,
  "14": -0.0024425448808482794,
  "15": 0.0024899221216974467
}