{
  "0": 0.0,
  "1": -0.5202921941226026,
  "2": 0.49776123141369993,
  "3": -0.49317953732417125,
  "4": 0.47092826103040214,
  "5": 0.6676442577897737,
  "6": 0.42700410987723836,
  "7": -0.35840575077317244,
  "8": -0.21250275341486247,
  "9": -0.5155339071417206,
  "10": 0.2991870251618669,
  "11": 0.0061843063180469955,
  "12": -0.3026888010588994,
  "13": 0.21521223635770187,
  "14": -0.2023660381227,
  "15": -0.29609675709168715,
  "16": 0.018617660076620673,
  "17": 0.11233212792162102,
  "18": 0.06093946003221,
  "19": -0.015168460900561946,
  "20": 0.1332402650390596,
  "21": -0.0108918268511071,
  "22": 0.04286144574570596,
  "23": -0.22102814069743668,
  "24": -0.10463641692170318,
  "25": -0.05215488519006502,
  "26": 0.06694649534558948,
  "27": 0.20206084680465716,
  "28": 0.021710156262460607,
  "29": -0.32116690061653563,
  "30": -0.04540852480981296,
  "31": -0.13545575668681295,
  "32": 0.009473851457069473,
  "33": -0.048651784126421516,
  "34": 0.0038623646969217023,
  "35": 0.05008305162211717,
  "36": 0.2657052328069316,
  "37": -0.06844403237737884,
  "38": 0.11909055354009399,
  "39": -0.09523783320345,
  "40": 0.05064517984119892,
  "41": -0.03344349182302858,
  "42": 0.04121363324430737,
  "43": 0.026596223322681606,
  "44": 0.07704415034453847,
  "45": -0.19547915345138794,
  "46": 0.0486088677586674,
  "47": -0.26914598917904675,
  "48": 0.13273074136469473,
  "49": -0.04200017288875307,
  "50": 0.12708784680248067,
  "51": -0.01582107984689252,
  "52": 0.06295387419554896,
  "53": -0.1748629736005413,
  "54": -0.032517890666046524,
  "55": -0.08684000106992289,
  "56": -0.004130319341104203,
  "57": 0.056395617997332975,
  "58": 0.11115073400814583,
  "59": -0.05714589103537653,
  "60": 0.15730175766128768,
  "61": 0.0015571170830939887,
  "62": 0.041913807623669405,
  "63": -0.05942905409925393
}