epoch,beta,coefficient,loss,expected_cut,best_measured_cut,success_probability_ancilla_1,max_postselected_probability,grad
0,0.3045514180218128,0.23206335415998833,-4.49999999999835,4.49999999999835,2.0,0.027264748230728223,0.03124257407227715,-4.8508423596709204e-12
1,0.30455163485670733,0.23206350959371083,-4.49999999999835,4.49999999999835,2.0,0.02726476559535668,0.031242574397649894,-4.849039341438058e-12
2,0.30455190027812107,0.23206369985567282,-4.499999999998351,4.499999999998351,2.0,0.027264786850915913,0.031242574795919353,-4.8460156823716805e-12
3,0.30455220666180555,0.23206391948057145,-4.49999999999835,4.49999999999835,2.0,0.027264811386845448,0.031242575255639653,-4.847335783129698e-12
4,0.30455254912306373,0.2320641649668964,-4.499999999998348,4.499999999998348,2.0,0.027264838811974064,0.03124257576947594,-4.848176940866676e-12
