{
  "0": 0.0,
  "1": -0.2954847717377695,
  "2": 0.29710232440815787,
  "3": 0.0,
  "4": 0.20721779572245322,
  "5": 0.001021081458146697,
  "6": 0.0,
  "7": -0.25876296032470364,
  "8": -0.07723744340938768,
  "9": 0.0,
  "10": 0.0,
  "11": 0.1265716649034257,
  "12": 0.0,
  "13": 0.15244752194985547,
  "14": -0.1754838533085577,
  "15": -0.0011955381592887657
}