epoch,beta,coefficient,loss,expected_cut,best_measured_cut,success_probability_ancilla_1,max_postselected_probability,grad
0,-0.3685972312897141,-0.27706028891257667,-10.499999999994497,10.499999999994497,0.0,0.019068154882656847,0.003906249999997953,2.713103326193694e-11
1,-0.3685984445898489,-0.27706112325168925,-10.499999999994497,10.499999999994497,0.0,0.019068268990893086,0.003906249999997952,2.7148628209390718e-11
2,-0.3685999306230885,-0.2770621451377322,-10.499999999994497,10.499999999994497,0.0,0.0190684087494071,0.003906249999997952,2.716317312477561e-11
3,-0.36860164620558306,-0.27706332487434926,-10.499999999994493,10.499999999994493,0.0,0.01906857009702106,0.0039062499999979513,2.715566945680654e-11
4,-0.3686035639212532,-0.27706464360807637,-10.499999999994497,10.499999999994497,0.0,0.019068750455477297,0.003906249999997953,2.715969526178706e-11
