{
  "0": 0.0,
  "1": -0.2701881262713216,
  "2": 0.24332072336723773,
  "3": -0.23055464748700494,
  "4": 0.3077434059677509,
  "5": 0.37343639238645004,
  "6": 0.3138741327244317,
  "7": -0.0495567153798443,
  "8": -0.25061235287820194,
  "9": 0.1733550010509496,
  "10": -0.01645330631404046,
  "11": 0.20942780202536143,
  "12": -0.2885281761704702,
  "13": 0.07778678066248451,
  "14": -0.15877858345036705,
  "15": -0.2882942709309177,
  "16": 0.025319514741910944,
  "17": -0.22901628442499883,
  "18": -0.03771820521465431,
  "19": -0.06344007596973725,
  "20": 0.1884435409016755,
  "21": 0.022677883614465676,
  "22": -0.06069754795021189,
  "23": 0.2027305182031695,
  "24": 0.0042511175759271085,
  "25": 0.048894087584813464,
  "26": -0.09745189425017502,
  "27": 0.18091386563993256,
  "28": 0.06249200530612862,
  "29": -0.2240687291914377,
  "30": -0.12148213269407585,
  "31": -0.019514226616085466,
  "32": 0.012599467494687957,
  "33": 0.012491535372774257,
  "34": 0.014617605001983027,
  "35": 0.0101853747982161,
  "36": -0.0016497603895775418,
  "37": -0.028018515724067085,
  "38": -0.049432301763935954,
  "39": -0.051138613223369954,
  "40": 0.0239549537421003,
  "41": 0.02728368628440758,
  "42": 0.022932517796204647,
  "43": 0.02323375503581215,
  "44": -0.044691631949828024,
  "45": -0.0399839344193699,
  "46": -0.011397347848316383,
  "47": -0.024243622567747175,
  "48": 0.017564988108008064,
  "49": -0.003822416864172511,
  "50": 0.0529025692762305,
  "51": 0.020805209414355378,
  "52": 0.01840794024112887,
  "53": 0.0,
  "54": -0.02034607291281811,
  "55": -0.02446027836095191,
  "56": 0.027252966076888107,
  "57": 0.010423537589994092,
  "58": 0.019587529405425547,
  "59": 0.0066216634850747875,
  "60": -0.023413002472329063,
  "61": -0.011489170372741908,
  "62": -0.0035707586184883983,
  "63": -0.0033050076125142203
}