{
  "config": {
    "N_VERTICES": 4,
    "PROB_ARESTA": 0.4,
    "COM_PESO": false,
    "PESO_MIN": 1,
    "PESO_MAX": 1,
    "GRAPH_SEED": 104678,
    "GRAPH_EDGES": [
      [
        1,
        2,
        1.0
      ],
      [
        1,
        3,
        1.0
      ],
      [
        2,
        3,
        1.0
      ]
    ],
    "REVERSE_BITS": false,
    "ER": 0.75,
    "MAX_TERMS": null,
    "A_MAX": 0.6283185307179586,
    "INIT_BETA": 0.25,
    "MAX_EPOCHS": 200,
    "LR": 0.01,
    "FD_EPS": 0.01,
    "LOSS_TOL_LAST5": 0.002,
    "PATIENCE_LAST5": 7,
    "TRAIN_SEED": 8,
    "INIT_BETA_JITTER": 0.03,
    "OPTIMIZER": "adam",
    "ADAM_BETA1": 0.9,
    "ADAM_BETA2": 0.999,
    "ADAM_EPS": 1e-08,
    "COEF_ZERO_TOL": 0.002,
    "IMPROVEMENT_TOL": 0.002,
    "SATURATION_PATIENCE": 60,
    "INDEX_STRATEGY": "ascending",
    "INDEX_RANDOM_SEED": 42,
    "ENABLE_BACKWARD_PRUNING": false,
    "BACKWARD_PASSES": 1,
    "PRUNE_IMPROVEMENT_TOL": 1e-06,
    "OUTDIR": "benchmark_results_walsh_article/unweighted/coarse_loader/n4/graph05_trainseed08",
    "SHOW_PLOTS": false,
    "name": "coarse_loader"
  },
  "n_qubits_register": 4,
  "graph_edges": [
    [
      1,
      2,
      1.0
    ],
    [
      1,
      3,
      1.0
    ],
    [
      2,
      3,
      1.0
    ]
  ],
  "graph_signature": "be861fe0b30163c15a2bc45387e42148d677589ca12d320c9ad2ad740a6f1fe8",
  "graph_num_edges": 3,
  "graph_density": 0.5,
  "best_cut_bruteforce": 2.0,
  "best_bitstring_bruteforce": "0001",
  "best_index_bruteforce": 1,
  "candidate_order": [
    1,
    2,
    3,
    4,
    5,
    6,
    7,
    8,
    9,
    10,
    11,
    12,
    13,
    14,
    15
  ],
  "total_possible_parameters": 15,
  "visited_parameters": 15,
  "trained_coefficients": {
    "0": 0.0,
    "1": -0.1710431307805059,
    "2": 0.1708168974962071,
    "3": -0.15222709198517376,
    "4": -0.24182689936890217,
    "5": 0.16644551825211693,
    "6": 0.004363409179537445,
    "7": 0.1536606076704518,
    "8": 0.07305531353436355,
    "9": -0.016348435811975814,
    "10": 0.0,
    "11": 0.011728303777866248,
    "12": 0.0,
    "13": 0.0027836627684486377,
    "14": 0.0024446653627433167,
    "15": 0.0
  },
  "final_coefficient_vector": [
    0.0,
    -0.1710431307805059,
    0.1708168974962071,
    -0.15222709198517376,
    -0.24182689936890217,
    0.16644551825211693,
    0.004363409179537445,
    0.1536606076704518,
    0.07305531353436355,
    -0.016348435811975814,
    0.0,
    0.011728303777866248,
    0.0,
    0.0027836627684486377,
    0.0024446653627433167,
    0.0
  ],
  "active_indices": [
    1,
    2,
    3,
    4,
    5,
    6,
    7,
    8,
    9,
    11,
    13,
    14
  ],
  "active_parameter_count": 12,
  "compression_ratio_active_over_total": 0.8,
  "final_loss": -1.9998628442400381,
  "final_expected_cut": 1.9998628442400381,
  "best_expected_cut_over_evolution": 1.9999049908436057,
  "final_best_measured_index": 10,
  "final_best_measured_bitstring": "1010",
  "final_best_measured_cut": 2.0,
  "best_measured_cut_over_evolution": 2.0,
  "final_success_probability_ancilla_1": 0.026645259952807292,
  "final_max_postselected_probability": 0.39636021136058136,
  "gap_expected_to_bruteforce": 0.00013715575996187113,
  "gap_measured_to_bruteforce": 0.0,
  "approx_ratio_measured": 1.0,
  "n_steps": 15,
  "elapsed_seconds": 33.80249571800232,
  "steps": [
    {
      "visit_idx": 1,
      "j": 1,
      "kept": true,
      "beta": -0.2792638254794698,
      "coefficient": -0.1710431307805059,
      "loss": -1.5,
      "expected_cut": 1.5,
      "best_measured_cut": 0.0,
      "success_probability_ancilla_1": 0.004108451388765024,
      "epochs_run": 7,
      "stop_reason": "loss_plateau_last5",
      "history_path": "benchmark_results_walsh_article/unweighted/coarse_loader/n4/graph05_trainseed08/histories/history_visit001_j001.json",
      "improvement_vs_previous": 1.5
    },
    {
      "visit_idx": 2,
      "j": 2,
      "kept": true,
      "beta": 0.27887498697478735,
      "coefficient": 0.1708168974962071,
      "loss": -1.5,
      "expected_cut": 1.5,
      "best_measured_cut": 2.0,
      "success_probability_ancilla_1": 0.008172386965898296,
      "epochs_run": 7,
      "stop_reason": "loss_plateau_last5",
      "history_path": "benchmark_results_walsh_article/unweighted/coarse_loader/n4/graph05_trainseed08/histories/history_visit002_j002.json",
      "improvement_vs_previous": 0.0
    },
    {
      "visit_idx": 3,
      "j": 3,
      "kept": true,
      "beta": -0.24719162873058848,
      "coefficient": -0.15222709198517376,
      "loss": -1.5,
      "expected_cut": 1.5,
      "best_measured_cut": 0.0,
      "success_probability_ancilla_1": 0.011374359060020106,
      "epochs_run": 7,
      "stop_reason": "loss_plateau_last5",
      "history_path": "benchmark_results_walsh_article/unweighted/coarse_loader/n4/graph05_trainseed08/histories/history_visit003_j003.json",
      "improvement_vs_previous": 0.0
    },
    {
      "visit_idx": 4,
      "j": 4,
      "kept": true,
      "beta": -0.4057750716504086,
      "coefficient": -0.24182689936890217,
      "loss": -1.792785142511075,
      "expected_cut": 1.792785142511075,
      "best_measured_cut": 2.0,
      "success_probability_ancilla_1": 0.019389056976476964,
      "epochs_run": 81,
      "stop_reason": "loss_plateau_last5",
      "history_path": "benchmark_results_walsh_article/unweighted/coarse_loader/n4/graph05_trainseed08/histories/history_visit004_j004.json",
      "improvement_vs_previous": 0.292785142511075
    },
    {
      "visit_idx": 5,
      "j": 5,
      "kept": true,
      "beta": 0.2713776441735402,
      "coefficient": 0.16644551825211693,
      "loss": -1.8946374509244133,
      "expected_cut": 1.8946374509244133,
      "best_measured_cut": 2.0,
      "success_probability_ancilla_1": 0.02296691033345269,
      "epochs_run": 63,
      "stop_reason": "loss_plateau_last5",
      "history_path": "benchmark_results_walsh_article/unweighted/coarse_loader/n4/graph05_trainseed08/histories/history_visit005_j005.json",
      "improvement_vs_previous": 0.10185230841333826
    },
    {
      "visit_idx": 6,
      "j": 6,
      "kept": true,
      "beta": 0.006944693039053482,
      "coefficient": 0.004363409179537445,
      "loss": -1.8946283839707792,
      "expected_cut": 1.8946283839707792,
      "best_measured_cut": 2.0,
      "success_probability_ancilla_1": 0.022976951857403664,
      "epochs_run": 25,
      "stop_reason": "loss_plateau_last5",
      "history_path": "benchmark_results_walsh_article/unweighted/coarse_loader/n4/graph05_trainseed08/histories/history_visit006_j006.json",
      "improvement_vs_previous": -9.066953634118136e-06
    },
    {
      "visit_idx": 7,
      "j": 7,
      "kept": true,
      "beta": 0.2496168401743133,
      "coefficient": 0.1536606076704518,
      "loss": -1.9848835930663695,
      "expected_cut": 1.9848835930663695,
      "best_measured_cut": 2.0,
      "success_probability_ancilla_1": 0.02587914802678066,
      "epochs_run": 64,
      "stop_reason": "loss_plateau_last5",
      "history_path": "benchmark_results_walsh_article/unweighted/coarse_loader/n4/graph05_trainseed08/histories/history_visit007_j007.json",
      "improvement_vs_previous": 0.09025520909559037
    },
    {
      "visit_idx": 8,
      "j": 8,
      "kept": true,
      "beta": 0.11679938986228476,
      "coefficient": 0.07305531353436355,
      "loss": -1.998605117254709,
      "expected_cut": 1.998605117254709,
      "best_measured_cut": 2.0,
      "success_probability_ancilla_1": 0.026590650727004245,
      "epochs_run": 15,
      "stop_reason": "loss_plateau_last5",
      "history_path": "benchmark_results_walsh_article/unweighted/coarse_loader/n4/graph05_trainseed08/histories/history_visit008_j008.json",
      "improvement_vs_previous": 0.013721524188339496
    },
    {
      "visit_idx": 9,
      "j": 9,
      "kept": true,
      "beta": -0.02602521785199482,
      "coefficient": -0.016348435811975814,