epoch,beta,coefficient,loss,expected_cut,best_measured_cut,success_probability_ancilla_1,max_postselected_probability,grad
0,-0.30853229820351263,-0.23491360041190773,-2.999999999997814,2.999999999997814,0.0,0.013732772379599632,0.015624999999988617,1.3236721169231562e-11
1,-0.30853289034201337,-0.23491402387091995,-2.9999999999978164,2.9999999999978164,0.0,0.013732821661582824,0.015624999999988627,1.3251909525726524e-11
2,-0.308533615219511,-0.23491454225604075,-2.999999999997816,2.999999999997816,0.0,0.013732881991145642,0.015624999999988624,1.323728067162268e-11
3,-0.30853445187105394,-0.234915140574391,-2.9999999999978137,2.9999999999978137,0.0,0.013732951623485139,0.015624999999988613,1.3234008474343626e-11
4,-0.3085353870954616,-0.23491580938523934,-2.9999999999978133,2.9999999999978133,0.0,0.01373302945995347,0.01562499999998861,1.3243281280623032e-11
