epoch,beta,coefficient,loss,expected_cut,best_measured_cut,success_probability_ancilla_1,max_postselected_probability,grad
0,0.3659859158613336,0.2752629369224687,-3.4917132873098415,3.4917132873098415,6.0,0.13687180712970273,0.1135286871880646,0.046583943382283007
1,0.3560731750507121,0.2684102168378727,-3.492059545082329,3.492059545082329,6.0,0.13619690639773435,0.11403172206195837,0.0388790791300542
2,0.3463445002967241,0.26163944060820676,-3.492321293429643,3.492321293429643,6.0,0.1355468547435263,0.11451685836493689,0.030930558010519506
3,0.33694057128077126,0.2550528172622033,-3.492498059551329,3.492498059551329,6.0,0.1349305153275975,0.11497710912380744,0.02282971166077537
4,0.32805778028365223,0.2487941324483189,-3.492593837173451,3.492593837173451,6.0,0.13435953694326705,0.11540344772613759,0.01471858031066555
