epoch,beta,coefficient,loss,expected_cut,best_measured_cut,success_probability_ancilla_1,max_postselected_probability,grad
0,0.3056141287955833,0.23282489758867828,-2.999999999999497,2.999999999999497,1.0,0.059664176068037464,0.06015050736483333,-6.301999450719502e-13
1,0.305614156951138,0.23282491775872952,-2.9999999999994973,2.9999999999994973,1.0,0.059664178174087035,0.06015050746346319,-6.293195304279597e-13
2,0.30561419144707686,0.232824942470899,-2.999999999999497,2.999999999999497,1.0,0.059664180754400664,0.060150507584303396,-6.307865150023352e-13
3,0.30561423130339027,0.23282497102312819,-2.999999999999496,2.999999999999496,1.0,0.059664183735673296,0.06015050772392083,-6.319639092764985e-13
4,0.30561427587596135,0.2328250029539849,-2.9999999999994977,2.9999999999994977,1.0,0.05966418706972476,0.060150507880059066,-6.319932337493326e-13
