epoch,beta,coefficient,loss,expected_cut,best_measured_cut,success_probability_ancilla_1,max_postselected_probability,grad
0,0.3287957262736692,0.24931543318182672,-2.9999999999989573,2.9999999999989573,1.0,0.0287674446245871,0.03122183814676845,-3.070645637286865e-12
1,0.32879586364176755,0.24931553019885297,-2.9999999999989573,2.9999999999989573,1.0,0.02876745626487289,0.03122183777873692,-3.0740824050207124e-12
2,0.32879603186064804,0.24931564900441375,-2.9999999999989573,2.9999999999989573,1.0,0.028767470519394177,0.031221837328048088,-3.0734734288409782e-12
3,0.32879622606149544,0.24931578615987376,-2.9999999999989573,2.9999999999989573,1.0,0.028767486975580184,0.031221836807744718,-3.0732369944179746e-12
4,0.32879644310633793,0.24931593944901595,-2.9999999999989555,2.9999999999989555,1.0,0.028767505367528114,0.03122183622623238,-3.0715834699940775e-12
