{
  "0": 0.0,
  "1": -0.1604811712502961,
  "2": 0.16202550671131255,
  "3": -0.13947446938820388,
  "4": 0.09429569726351332,
  "5": 0.23771018062006138,
  "6": 0.20048148367739926,
  "7": -0.008134867773095683,
  "8": 0.09026387943841402,
  "9": -0.22819463880313798,
  "10": -0.042811909407478005,
  "11": -0.13723901861777238,
  "12": 0.0307659276218565,
  "13": 0.07124043818468946,
  "14": -0.07172893913075785,
  "15": 0.1268642366449399,
  "16": -0.01774864027109022,
  "17": -0.013650000998066349,
  "18": -0.02070916895259492,
  "19": -0.014495512915742588,
  "20": -0.12937087328828573,
  "21": 0.011171317711171544,
  "22": -0.021763943404104744,
  "23": -0.09785246710034874,
  "24": 0.19114799023363516,
  "25": 0.0,
  "26": 0.04373434157414925,
  "27": 0.07863041221991886,
  "28": -0.12553609760146767,
  "29": -0.08169691509807664,
  "30": -0.1663144545324054,
  "31": 0.08489788930712462,
  "32": -0.1163344317774654,
  "33": 0.044157101402915996,
  "34": -0.043536503745931876,
  "35": 0.108464927180661,
  "36": -0.042404232056242296,
  "37": 0.03858918595346561,
  "38": -0.06046679396715403,
  "39": -0.04214384731897412,
  "40": -0.05288164615858176,
  "41": 0.09294898628119895,
  "42": -0.08196120208197309,
  "43": 0.07304442292245102,
  "44": 0.021066239547123732,
  "45": -0.018298835406592398,
  "46": 0.01258105740685091,
  "47": -0.017255163725272527,
  "48": 0.016958992523265173,
  "49": 0.03719483319363926,
  "50": -0.030655861514420985,
  "51": 0.04984446730396099,
  "52": 0.0303671736138277,
  "53": -0.02078256914833847,
  "54": 0.033248250877990146,
  "55": -0.026980650004209156,
  "56": -0.002852401982439405,
  "57": 0.07313536004066934,
  "58": -0.012236391248608864,
  "59": 0.021892044086632964,
  "60": 0.03079941212501926,
  "61": -0.12437685537100411,
  "62": 0.11042833350107695,
  "63": -0.056025014344003025
}