epoch,beta,coefficient,loss,expected_cut,best_measured_cut,success_probability_ancilla_1,max_postselected_probability,grad
0,-0.26034070284043054,-0.15997880489100247,-5.499999999993896,5.499999999993896,3.0,0.009009356753871179,0.046572794966521794,1.767197582797051e-11
1,-0.2603414929883131,-0.15997926917047345,-5.499999999993895,5.499999999993895,3.0,0.009009377366310451,0.04657278603759886,1.767593385297593e-11
2,-0.26034246041412895,-0.1599798376156404,-5.499999999993897,5.499999999993897,3.0,0.009009402603435617,0.04657277510515578,1.767184724790203e-11
3,-0.26034357727569446,-0.15998049386670557,-5.499999999993896,5.499999999993896,3.0,0.009009431738969391,0.046572762483701236,1.7677071906403574e-11
4,-0.2603448255508321,-0.15998122733396838,-5.499999999993894,5.499999999993894,3.0,0.00900946430280619,0.046572748376777925,1.7669393943935234e-11
5,-0.26034619270818454,-0.15998203065405633,-5.499999999993895,5.499999999993895,3.0,0.009009499968077978,0.04657273292588187,1.7679103274130676e-11
6,-0.26034766916300867,-0.15998289819498593,-5.499999999993896,5.499999999993896,3.0,0.009009538484784209,0.04657271623921235,1.7683232473856694e-11
