epoch,beta,coefficient,loss,expected_cut,best_measured_cut,success_probability_ancilla_1,max_postselected_probability,grad
0,-0.22057671395856734,-0.13638763971341292,-6.919966255483194,6.919966255483194,7.0,0.07096490157640295,0.14436889955398097,-0.13223659160675366
1,-0.2106460823069952,-0.1304293917713271,-6.920997024527478,6.920997024527478,7.0,0.07079177427856095,0.1442529818191865,-0.11336196830955905
2,-0.20085471859875412,-0.12453059825578511,-6.921824479151761,6.921824479151761,7.0,0.07062881757230621,0.14411976223194156,-0.09415690682879073
3,-0.19129720537072084,-0.11875055680038524,-6.922447384846656,6.922447384846656,7.0,0.07047729325422687,0.14397133479957372,-0.0747908256003831
4,-0.1820983984529054,-0.11316768114242366,-6.9228711183547595,6.9228711183547595,7.0,0.0703386011016178,0.14381110095628996,-0.05549525853743848
5,-0.17341667959676377,-0.10788162159698318,-6.923110099722939,6.923110099722939,7.0,0.0702142253840336,0.14364406738452626,-0.03657773597948397
6,-0.16544083770384252,-0.10301142393787448,-6.92318981406524,6.92318981406524,7.0,0.07010561338010378,0.14347696130784696,-0.018430194963231963
7,-0.15837582107525494,-0.09868672323919069,-6.9231471329949095,6.9231471329949095,7.0,0.07001397456892287,0.14331793636061108,-0.00152235218030215
8,-0.1524154666566459,-0.09503072954720553,-6.923027476442851,6.923027476442851,7.0,0.06994003389515159,0.14317569114767387,0.01363149366780699
