epoch,beta,coefficient,loss,expected_cut,best_measured_cut,success_probability_ancilla_1,max_postselected_probability,grad
0,-0.22877940482250939,-0.14128986033209726,-5.499999999980391,5.499999999980391,0.0,0.002804646271276155,0.015624999999944291,1.6543779192728906e-10
1,-0.22878679582803793,-0.14129426940479006,-5.499999999980391,5.499999999980391,0.0,0.00280482115300739,0.015624999999944291,1.6542585829381142e-10
2,-0.22879584411660828,-0.14129966710262898,-5.499999999980394,5.499999999980394,0.0,0.002805035255029486,0.015624999999944301,1.6542934628457974e-10
3,-0.22880628765981761,-0.14130589710326116,-5.499999999980398,5.499999999980398,0.0,0.002805282380832081,0.015624999999944312,1.6540618775797832e-10
4,-0.22881795863250087,-0.1413128592811463,-5.499999999980393,5.499999999980393,0.0,0.002805558562796385,0.015624999999944298,1.6537069992268794e-10
5,-0.22883073788194566,-0.14132048254623603,-5.499999999980396,5.499999999980396,0.0,0.0028058609849135395,0.015624999999944308,1.6534713808673676e-10
6,-0.22884453525812035,-0.14132871310999878,-5.499999999980398,5.499999999980398,0.0,0.002806187517388536,0.015624999999944312,1.653386130328504e-10
