{
  "config": {
    "N_VERTICES": 4,
    "PROB_ARESTA": 1.0,
    "COM_PESO": false,
    "PESO_MIN": 1,
    "PESO_MAX": 1,
    "GRAPH_SEED": 10414,
    "GRAPH_EDGES": [
      [
        0,
        1,
        1.0
      ],
      [
        0,
        2,
        1.0
      ],
      [
        0,
        3,
        1.0
      ],
      [
        1,
        2,
        1.0
      ],
      [
        1,
        3,
        1.0
      ],
      [
        2,
        3,
        1.0
      ]
    ],
    "REVERSE_BITS": false,
    "ER": 1.25,
    "MAX_TERMS": null,
    "A_MAX": 1.0471975511965976,
    "INIT_BETA": 0.5,
    "MAX_EPOCHS": 200,
    "LR": 0.01,
    "FD_EPS": 0.01,
    "LOSS_TOL_LAST5": 0.0005,
    "PATIENCE_LAST5": 5,
    "TRAIN_SEED": 4,
    "INIT_BETA_JITTER": 0.08,
    "OPTIMIZER": "adam",
    "ADAM_BETA1": 0.9,
    "ADAM_BETA2": 0.999,
    "ADAM_EPS": 1e-08,
    "COEF_ZERO_TOL": 0.0005,
    "IMPROVEMENT_TOL": 0.0005,
    "SATURATION_PATIENCE": 150,
    "INDEX_STRATEGY": "ascending",
    "INDEX_RANDOM_SEED": 42,
    "ENABLE_BACKWARD_PRUNING": false,
    "BACKWARD_PASSES": 1,
    "PRUNE_IMPROVEMENT_TOL": 1e-06,
    "OUTDIR": "benchmark_results_walsh_article/unweighted/aggressive_loader/n4/graph00_trainseed04",
    "SHOW_PLOTS": false,
    "name": "aggressive_loader"
  },
  "n_qubits_register": 4,
  "graph_edges": [
    [
      0,
      1,
      1.0
    ],
    [
      0,
      2,
      1.0
    ],
    [
      0,
      3,
      1.0
    ],
    [
      1,
      2,
      1.0
    ],
    [
      1,
      3,
      1.0
    ],
    [
      2,
      3,
      1.0
    ]
  ],
  "graph_signature": "539b127eb8e4096db3ab2abb5616611adf3c9b3f188a9792b883b1dea6c065fa",
  "graph_num_edges": 6,
  "graph_density": 1.0,
  "best_cut_bruteforce": 4.0,
  "best_bitstring_bruteforce": "0011",
  "best_index_bruteforce": 3,
  "candidate_order": [
    1,
    2,
    3,
    4,
    5,
    6,
    7,
    8,
    9,
    10,
    11,
    12,
    13,
    14,
    15
  ],
  "total_possible_parameters": 15,
  "visited_parameters": 15,
  "trained_coefficients": {
    "0": 0.0,
    "1": -0.5046060356351189,
    "2": 0.5047724501944961,
    "3": -0.00163480723522214,
    "4": 0.00305147528691973,
    "5": -0.0024002845312390314,
    "6": 0.0067155940666273695,
    "7": -0.006608351281335388,
    "8": 0.003287161340944669,
    "9": -0.0024185668761883498,
    "10": 0.005445629967939542,
    "11": -0.004646725611090074,
    "12": -0.002544340406604685,
    "13": 0.2897838081974296,
    "14": -0.3853767532034417,
    "15": -0.003697283652789488
  },
  "final_coefficient_vector": [
    0.0,
    -0.5046060356351189,
    0.5047724501944961,
    -0.00163480723522214,
    0.00305147528691973,
    -0.0024002845312390314,
    0.0067155940666273695,
    -0.006608351281335388,
    0.003287161340944669,
    -0.0024185668761883498,
    0.005445629967939542,
    -0.004646725611090074,
    -0.002544340406604685,
    0.2897838081974296,
    -0.3853767532034417,
    -0.003697283652789488
  ],
  "active_indices": [
    1,
    2,
    3,
    4,
    5,
    6,
    7,
    8,
    9,
    10,
    11,
    12,
    13,
    14,
    15
  ],
  "active_parameter_count": 15,
  "compression_ratio_active_over_total": 1.0,
  "final_loss": -3.9321194581130614,
  "final_expected_cut": 3.9321194581130614,
  "best_expected_cut_over_evolution": 3.9321198725057034,
  "final_best_measured_index": 9,
  "final_best_measured_bitstring": "1001",
  "final_best_measured_cut": 4.0,
  "best_measured_cut_over_evolution": 4.0,
  "final_success_probability_ancilla_1": 0.20132023959469264,
  "final_max_postselected_probability": 0.23492596319055775,
  "gap_expected_to_bruteforce": 0.0678805418869386,
  "gap_measured_to_bruteforce": 0.0,
  "approx_ratio_measured": 1.0,
  "n_steps": 15,
  "elapsed_seconds": 42.28773045539856,
  "steps": [
    {
      "visit_idx": 1,
      "j": 1,
      "kept": true,
      "beta": -0.5254081871955265,
      "coefficient": -0.5046060356351189,
      "loss": -3.0,
      "expected_cut": 3.0,
      "best_measured_cut": 0.0,
      "success_probability_ancilla_1": 0.09620951344748899,
      "epochs_run": 5,
      "stop_reason": "loss_plateau_last5",
      "history_path": "benchmark_results_walsh_article/unweighted/aggressive_loader/n4/graph00_trainseed04/histories/history_visit001_j001.json",
      "improvement_vs_previous": 3.0
    },
    {
      "visit_idx": 2,
      "j": 2,
      "kept": true,
      "beta": 0.5256151791708114,
      "coefficient": 0.5047724501944961,
      "loss": -3.4999999689062435,
      "expected_cut": 3.4999999689062435,
      "best_measured_cut": 3.0,
      "success_probability_ancilla_1": 0.17395603006283655,
      "epochs_run": 8,
      "stop_reason": "loss_plateau_last5",
      "history_path": "benchmark_results_walsh_article/unweighted/aggressive_loader/n4/graph00_trainseed04/histories/history_visit002_j002.json",
      "improvement_vs_previous": 0.49999996890624354
    },
    {
      "visit_idx": 3,
      "j": 3,
      "kept": true,
      "beta": -0.0015611271831438497,
      "coefficient": -0.00163480723522214,
      "loss": -3.499996968211789,
      "expected_cut": 3.499996968211789,
      "best_measured_cut": 3.0,
      "success_probability_ancilla_1": 0.17395671083086908,
      "epochs_run": 54,
      "stop_reason": "loss_plateau_last5",
      "history_path": "benchmark_results_walsh_article/unweighted/aggressive_loader/n4/graph00_trainseed04/histories/history_visit003_j003.json",
      "improvement_vs_previous": -3.0006944546911996e-06
    },
    {
      "visit_idx": 4,
      "j": 4,
      "kept": true,
      "beta": 0.0029139525013608535,
      "coefficient": 0.00305147528691973,
      "loss": -3.499985373521184,
      "expected_cut": 3.499985373521184,
      "best_measured_cut": 3.0,
      "success_probability_ancilla_1": 0.1739590826659248,
      "epochs_run": 61,
      "stop_reason": "loss_plateau_last5",
      "history_path": "benchmark_results_walsh_article/unweighted/aggressive_loader/n4/graph00_trainseed04/histories/history_visit004_j004.json",
      "improvement_vs_previous": -1.1594690604965763e-05
    },
    {
      "visit_idx": 5,
      "j": 5,
      "kept": true,
      "beta": -0.002292106901889099,
      "coefficient": -0.0024002845312390314,
      "loss": -3.4999700940173946,
      "expected_cut": 3.4999700940173946,
      "best_measured_cut": 3.0,
      "success_probability_ancilla_1": 0.17396054462602673,
      "epochs_run": 57,
      "stop_reason": "loss_plateau_last5",
      "history_path": "benchmark_results_walsh_article/unweighted/aggressive_loader/n4/graph00_trainseed04/histories/history_visit005_j005.json",
      "improvement_vs_previous": -1.5279503789322746e-05
    },
    {
      "visit_idx": 6,
      "j": 6,
      "kept": true,
      "beta": 0.006413007862786889,
      "coefficient": 0.0067155940666273695,
      "loss": -3.499980308131378,
      "expected_cut": 3.499980308131378,
      "best_measured_cut": 3.0,
      "success_probability_ancilla_1": 0.17396763533509624,
      "epochs_run": 59,
      "stop_reason": "loss_plateau_last5",
      "history_path": "benchmark_results_walsh_article/unweighted/aggressive_loader/n4/graph00_trainseed04/histories/history_visit006_j006.json",
      "improvement_vs_previous": 1.0214113983497697e-05
    },
    {
      "visit_idx": 7,
      "j": 7,
      "kept": true,
      "beta": -0.006310594401538049,
      "coefficient": -0.006608351281335388,
      "loss": -3.4999790284807424,
      "expected_cut": 3.4999790284807424,
      "best_measured_cut": 3.0,
      "success_probability_ancilla_1": 0.1739732318584259,
      "epochs_run": 59,
      "stop_reason": "loss_plateau_last5",
      "history_path": "benchmark_results_walsh_article/unweighted/aggressive_loader/n4/graph00_trainseed04/histories/history_visit007_j007.json",
      "improvement_vs_previous": -1.279650635677143e-06
    },
    {
      "visit_idx": 8,
      "j": 8,
      "kept": true,
      "beta": 0.0031390181669081396,
      "coefficient": 0.003287161340944669,