{
  "0": 0.0,
  "1": -0.2751901777283186,
  "2": 0.2737438502340463,
  "3": -0.0011047572598516695,
  "4": 0.0,
  "5": 0.0024066901473479238,
  "6": -0.0010823650423427472,
  "7": 0.0,
  "8": 0.0,
  "9": 0.0018202275811457088,
  "10": -0.002419480918885314,
  "11": 0.0014332167496427886,
  "12": 0.0,
  "13": -0.0023863285318934916,
  "14": 0.0,
  "15": 0.0
}