epoch,beta,coefficient,loss,expected_cut,best_measured_cut,success_probability_ancilla_1,max_postselected_probability,grad
0,0.2239284968576494,0.13839292983756607,-2.9998597189074623,2.9998597189074623,3.0,0.005496853182618515,0.12498246486388771,0.03837879966891207
1,0.2258697297243317,0.13955297168814368,-2.99994126576478,2.99994126576478,3.0,0.005541857324697571,0.12499265822104859,-0.051238408469118445
2,0.23012311768016003,0.14209120519753585,-2.999998136723301,2.999998136723301,3.0,0.005641634170886964,0.12499976709085568,-0.03285831376635789
3,0.2331337689215687,0.14388488454539133,-2.9999414943650016,2.9999414943650016,3.0,0.005713223276964904,0.12499268679606271,0.005738157127212902
4,0.23326655418248263,0.14396393835655208,-2.999937209803438,2.999937209803438,3.0,0.005716399044932219,0.12499215122586703,0.031706589276072686
5,0.23136226211855226,0.14282975754391417,-2.999984302216373,2.999984302216373,3.0,0.005671002839359053,0.12499803777748744,0.03282675169914029
6,0.22876398241988058,0.1412806601166654,-2.9999977477903648,2.9999977477903648,3.0,0.005609577276882663,0.12499971847424127,0.016559663009200656
