epoch,beta,coefficient,loss,expected_cut,best_measured_cut,success_probability_ancilla_1,max_postselected_probability,grad
0,-0.27928886674995757,-0.1710576986044317,-1.472799583580245,1.472799583580245,1.0,0.029665766729417606,0.35744354152705915,0.03853488445822355
1,-0.2888307631918336,-0.17659413341378088,-1.472944263370329,1.472944263370329,1.0,0.029910420107499683,0.35778238780305843,0.022546403668224784
2,-0.2972049129394072,-0.18142863903016868,-1.4729579799706276,1.4729579799706276,1.0,0.030130684515749687,0.35800461131712685,0.007874739093647888
3,-0.30345271105005805,-0.18502041017806534,-1.4729016030887006,1.4729016030887006,1.0,0.030298328563678745,0.3581260875649875,-0.004523982462464646
4,-0.3069654171469057,-0.1870340353089335,-1.4728455741938031,1.4728455741938031,1.0,0.030393804621447196,0.35817816178456385,-0.013481051228642642
5,-0.3078980211078985,-0.18756793641910754,-1.4728278044091707,1.4728278044091707,1.0,0.03041929919859342,0.35819005492078826,-0.018406357508172152
6,-0.3068275212177746,-0.18695506687731245,-1.4728480991296666,1.4728480991296666,1.0,0.030390040152703864,0.35817633477935795,-0.019700594676508115
