{
  "config": {
    "N_VERTICES": 4,
    "PROB_ARESTA": 0.85,
    "COM_PESO": false,
    "PESO_MIN": 1,
    "PESO_MAX": 1,
    "GRAPH_SEED": 104781,
    "GRAPH_EDGES": [
      [
        0,
        2,
        1.0
      ],
      [
        0,
        3,
        1.0
      ],
      [
        1,
        2,
        1.0
      ],
      [
        1,
        3,
        1.0
      ],
      [
        2,
        3,
        1.0
      ]
    ],
    "REVERSE_BITS": false,
    "ER": 1.25,
    "MAX_TERMS": null,
    "A_MAX": 1.0471975511965976,
    "INIT_BETA": 0.5,
    "MAX_EPOCHS": 200,
    "LR": 0.01,
    "FD_EPS": 0.01,
    "LOSS_TOL_LAST5": 0.0005,
    "PATIENCE_LAST5": 5,
    "TRAIN_SEED": 4,
    "INIT_BETA_JITTER": 0.08,
    "OPTIMIZER": "adam",
    "ADAM_BETA1": 0.9,
    "ADAM_BETA2": 0.999,
    "ADAM_EPS": 1e-08,
    "COEF_ZERO_TOL": 0.0005,
    "IMPROVEMENT_TOL": 0.0005,
    "SATURATION_PATIENCE": 150,
    "INDEX_STRATEGY": "ascending",
    "INDEX_RANDOM_SEED": 42,
    "ENABLE_BACKWARD_PRUNING": false,
    "BACKWARD_PASSES": 1,
    "PRUNE_IMPROVEMENT_TOL": 1e-06,
    "OUTDIR": "benchmark_results_walsh_article/unweighted/aggressive_loader/n4/graph06_trainseed04",
    "SHOW_PLOTS": false,
    "name": "aggressive_loader"
  },
  "n_qubits_register": 4,
  "graph_edges": [
    [
      0,
      2,
      1.0
    ],
    [
      0,
      3,
      1.0
    ],
    [
      1,
      2,
      1.0
    ],
    [
      1,
      3,
      1.0
    ],
    [
      2,
      3,
      1.0
    ]
  ],
  "graph_signature": "d0a2f764541f34d9979e15c4cf98ceeae9b64c9a96b6d443de24544368e1cb36",
  "graph_num_edges": 5,
  "graph_density": 0.8333333333333334,
  "best_cut_bruteforce": 4.0,
  "best_bitstring_bruteforce": "0011",
  "best_index_bruteforce": 3,
  "candidate_order": [
    1,
    2,
    3,
    4,
    5,
    6,
    7,
    8,
    9,
    10,
    11,
    12,
    13,
    14,
    15
  ],
  "total_possible_parameters": 15,
  "visited_parameters": 15,
  "trained_coefficients": {
    "0": 0.0,
    "1": -0.504606060274958,
    "2": 0.45196312926209115,
    "3": -0.4441672417688118,
    "4": 0.5997222003917885,
    "5": 0.6174462000573469,
    "6": 0.4519938342468561,
    "7": -0.4516495388034964,
    "8": -0.25592269815370866,
    "9": -0.5328279582102667,
    "10": 0.2884727203456011,
    "11": 0.07622227330261289,
    "12": -0.27710626206325417,
    "13": 0.15983043599893693,
    "14": -0.13811685772542848,
    "15": -0.37939827901055095
  },
  "final_coefficient_vector": [
    0.0,
    -0.504606060274958,
    0.45196312926209115,
    -0.4441672417688118,
    0.5997222003917885,
    0.6174462000573469,
    0.4519938342468561,
    -0.4516495388034964,
    -0.25592269815370866,
    -0.5328279582102667,
    0.2884727203456011,
    0.07622227330261289,
    -0.27710626206325417,
    0.15983043599893693,
    -0.13811685772542848,
    -0.37939827901055095
  ],
  "active_indices": [
    1,
    2,
    3,
    4,
    5,
    6,
    7,
    8,
    9,
    10,
    11,
    12,
    13,
    14,
    15
  ],
  "active_parameter_count": 15,
  "compression_ratio_active_over_total": 1.0,
  "final_loss": -3.0690771165207216,
  "final_expected_cut": 3.0690771165207216,
  "best_expected_cut_over_evolution": 3.0690771165207216,
  "final_best_measured_index": 8,
  "final_best_measured_bitstring": "1000",
  "final_best_measured_cut": 2.0,
  "best_measured_cut_over_evolution": 3.0,
  "final_success_probability_ancilla_1": 0.48400447278158104,
  "final_max_postselected_probability": 0.12890553229410753,
  "gap_expected_to_bruteforce": 0.9309228834792784,
  "gap_measured_to_bruteforce": 2.0,
  "approx_ratio_measured": 0.5,
  "n_steps": 15,
  "elapsed_seconds": 39.02740740776062,
  "steps": [
    {
      "visit_idx": 1,
      "j": 1,
      "kept": true,
      "beta": -0.5254082178403232,
      "coefficient": -0.504606060274958,
      "loss": -2.5,
      "expected_cut": 2.5,
      "best_measured_cut": 0.0,
      "success_probability_ancilla_1": 0.09620952252968318,
      "epochs_run": 5,
      "stop_reason": "loss_plateau_last5",
      "history_path": "benchmark_results_walsh_article/unweighted/aggressive_loader/n4/graph06_trainseed04/histories/history_visit001_j001.json",
      "improvement_vs_previous": 2.5
    },
    {
      "visit_idx": 2,
      "j": 2,
      "kept": true,
      "beta": 0.46185268486352127,
      "coefficient": 0.45196312926209115,
      "loss": -2.5000000000000004,
      "expected_cut": 2.5000000000000004,
      "best_measured_cut": 2.0,
      "success_probability_ancilla_1": 0.15895320200755964,
      "epochs_run": 5,
      "stop_reason": "loss_plateau_last5",
      "history_path": "benchmark_results_walsh_article/unweighted/aggressive_loader/n4/graph06_trainseed04/histories/history_visit002_j002.json",
      "improvement_vs_previous": 4.440892098500626e-16
    },
    {
      "visit_idx": 3,
      "j": 3,
      "kept": true,
      "beta": -0.45273974413728757,
      "coefficient": -0.4441672417688118,
      "loss": -2.4999999999999996,
      "expected_cut": 2.4999999999999996,
      "best_measured_cut": 2.0,
      "success_probability_ancilla_1": 0.2101817518260361,
      "epochs_run": 5,
      "stop_reason": "loss_plateau_last5",
      "history_path": "benchmark_results_walsh_article/unweighted/aggressive_loader/n4/graph06_trainseed04/histories/history_visit003_j003.json",
      "improvement_vs_previous": -8.881784197001252e-16
    },
    {
      "visit_idx": 4,
      "j": 4,
      "kept": true,
      "beta": 0.6515202754015613,
      "coefficient": 0.5997222003917885,
      "loss": -2.5330656690955005,
      "expected_cut": 2.5330656690955005,
      "best_measured_cut": 2.0,
      "success_probability_ancilla_1": 0.28787462699112065,
      "epochs_run": 13,
      "stop_reason": "loss_plateau_last5",
      "history_path": "benchmark_results_walsh_article/unweighted/aggressive_loader/n4/graph06_trainseed04/histories/history_visit004_j004.json",
      "improvement_vs_previous": 0.033065669095500905
    },
    {
      "visit_idx": 5,
      "j": 5,
      "kept": true,
      "beta": 0.6770798140200361,
      "coefficient": 0.6174462000573469,
      "loss": -2.6838836887628656,
      "expected_cut": 2.6838836887628656,
      "best_measured_cut": 3.0,
      "success_probability_ancilla_1": 0.40213282872317035,
      "epochs_run": 168,
      "stop_reason": "loss_plateau_last5",
      "history_path": "benchmark_results_walsh_article/unweighted/aggressive_loader/n4/graph06_trainseed04/histories/history_visit005_j005.json",
      "improvement_vs_previous": 0.1508180196673652
    },
    {
      "visit_idx": 6,
      "j": 6,
      "kept": true,
      "beta": 0.46188871849537133,
      "coefficient": 0.4519938342468561,
      "loss": -2.7283351650807726,
      "expected_cut": 2.7283351650807726,
      "best_measured_cut": 3.0,
      "success_probability_ancilla_1": 0.41968461430795767,
      "epochs_run": 5,
      "stop_reason": "loss_plateau_last5",
      "history_path": "benchmark_results_walsh_article/unweighted/aggressive_loader/n4/graph06_trainseed04/histories/history_visit006_j006.json",
      "improvement_vs_previous": 0.04445147631790691
    },
    {
      "visit_idx": 7,
      "j": 7,
      "kept": true,
      "beta": -0.4614847370017944,
      "coefficient": -0.4516495388034964,
      "loss": -2.7775352299242266,
      "expected_cut": 2.7775352299242266,
      "best_measured_cut": 2.0,
      "success_probability_ancilla_1": 0.45515950423161367,
      "epochs_run": 5,
      "stop_reason": "loss_plateau_last5",
      "history_path": "benchmark_results_walsh_article/unweighted/aggressive_loader/n4/graph06_trainseed04/histories/history_visit007_j007.json",
      "improvement_vs_previous": 0.04920006484345407
    },
    {
      "visit_idx": 8,
      "j": 8,
      "kept": true,
      "beta": -0.24943573829204127,
      "coefficient": -0.25592269815370866,
      "loss": -2.8039229358015274,
      "expected_cut": 2.8039229358015274,
      "best_measured_cut": 3.0,