epoch,beta,coefficient,loss,expected_cut,best_measured_cut,success_probability_ancilla_1,max_postselected_probability,grad
0,0.36667287479721544,0.27573608625711976,-4.007560222967042,4.007560222967042,3.0,0.062353063789549815,0.060059907650083,-0.008636031780731456
1,0.37664871319872584,0.2825811807651825,-4.007637860997846,4.007637860997846,3.0,0.06321093371315643,0.05996860484127343,-0.008060514313239587
2,0.3865838115566288,0.28934966136034634,-4.007709816243732,4.007709816243732,3.0,0.06407932555029089,0.05986481507168317,-0.007508366379264354
3,0.3964607238493433,0.29602957017337,-4.007776256508016,4.007776256508016,3.0,0.06495593403354187,0.05974983937401668,-0.0069803224518090725
4,0.4062616369423167,0.30260910237148164,-4.007837373956331,4.007837373956331,3.0,0.06583834697896962,0.059624999871921644,-0.006476892022189534
