epoch,beta,coefficient,loss,expected_cut,best_measured_cut,success_probability_ancilla_1,max_postselected_probability,grad
0,-0.33136954684091224,-0.25113172118220417,-4.767357097086254,4.767357097086254,4.0,0.18499872733926215,0.05746091022709616,-0.06771191474919089
1,-0.321436466205847,-0.2441058361625579,-4.767888127906725,4.767888127906725,4.0,0.18445747101639764,0.057351598093299275,-0.05827445668044494
2,-0.3116383053765186,-0.237132746736643,-4.768316333745354,4.768316333745354,4.0,0.18393568281941225,0.057236944214963226,-0.04859727249791931
3,-0.30206791968226915,-0.23028180468533385,-4.768640208350784,4.768640208350784,4.0,0.18343800141965444,0.05711830169608269,-0.03876027574502113
4,-0.29284917596648524,-0.22364611738597806,-4.768861574855119,4.768861574855119,4.0,0.1829701218020005,0.0569977067047054,-0.028877656395322054
5,-0.284141121557527,-0.21734593130038532,-4.768986966050321,4.768986966050321,4.0,0.18253881659249105,0.0568780269928951,-0.01910704168094014
6,-0.2761359001309076,-0.2115273685920911,-4.769028870592262,4.769028870592262,4.0,0.182151675161706,0.05676300714867188,-0.009656478100362206
