epoch,beta,coefficient,loss,expected_cut,best_measured_cut,success_probability_ancilla_1,max_postselected_probability,grad
0,-0.24363029533841568,-0.15011897613368305,-1.4728863002770591,1.4728863002770591,1.0,0.024980502130855682,0.35329649036080457,-0.009219795947919013
1,-0.244194492533559,-0.1504531907122952,-1.4728912410139714,1.4728912410139714,1.0,0.02499348653367251,0.3533312569755601,0.009289948178820853
2,-0.24796432902070845,-0.15268401021900477,-1.4729089156278214,1.4729089156278214,1.0,0.02508091939374975,0.3535530576089476,0.008224685379750268
3,-0.2514828242102081,-0.15476241412376276,-1.4729016014512744,1.4729016014512744,1.0,0.025163574912714815,0.353743739741054,0.0011707380395028588
4,-0.2525251088300137,-0.1553774110276468,-1.4728950731184547,1.4728950731184547,1.0,0.02518825379094289,0.35379722854993695,-0.005311987935596752
5,-0.2512402398286958,-0.15461923258805443,-1.4729028362352818,1.4729028362352818,1.0,0.02515784375565689,0.3537310948734523,-0.007213541435969418
6,-0.24882650575494106,-0.1531936357263057,-1.4729092358912388,1.4729092358912388,1.0,0.025101079780678295,0.35360123300640456,-0.004868177526032667
