epoch,beta,coefficient,loss,expected_cut,best_measured_cut,success_probability_ancilla_1,max_postselected_probability,grad
0,0.2631971554204725,0.1616559910951957,-1.4021983457873388,1.4021983457873388,1.0,0.02146651010196353,0.2933907530805942,-0.0646709118447548
1,0.27294323641689583,0.16735979812361085,-1.4025441575623097,1.4025441575623097,1.0,0.021715161743702936,0.2937480722067067,-0.04480183290111587
2,0.2821148441692557,0.17270043883853672,-1.4027086576082386,1.4027086576082386,1.0,0.021955916042871344,0.29398782030559595,-0.026306436108419595
3,0.290252083014948,0.1774163012927527,-1.402729786656247,1.402729786656247,1.0,0.022174881964319944,0.2941255120523838,-0.009693659567954786
4,0.29683293587519083,0.18121438307887147,-1.4026645803329434,1.4026645803329434,1.0,0.022355579485085646,0.29418730952013267,0.004399097751887131
5,0.3014665147509127,0.18387999427190277,-1.4025760564556806,1.4025760564556806,1.0,0.022484713270773657,0.2942051169396893,0.015351666424535854
6,0.30405793457826047,0.18536764713741297,-1.4025115882450963,1.4025115882450963,1.0,0.022557611466354537,0.2942060413378339,0.022825324673810578
