{
  "config": {
    "N_VERTICES": 4,
    "PROB_ARESTA": 0.55,
    "COM_PESO": false,
    "PESO_MIN": 1,
    "PESO_MAX": 1,
    "GRAPH_SEED": 105087,
    "GRAPH_EDGES": [
      [
        0,
        1,
        1.0
      ],
      [
        1,
        2,
        1.0
      ],
      [
        1,
        3,
        1.0
      ]
    ],
    "REVERSE_BITS": false,
    "ER": 1.0,
    "MAX_TERMS": null,
    "A_MAX": 0.7853981633974483,
    "INIT_BETA": 0.35,
    "MAX_EPOCHS": 200,
    "LR": 0.01,
    "FD_EPS": 0.01,
    "LOSS_TOL_LAST5": 0.001,
    "PATIENCE_LAST5": 5,
    "TRAIN_SEED": 2,
    "INIT_BETA_JITTER": 0.05,
    "OPTIMIZER": "adam",
    "ADAM_BETA1": 0.9,
    "ADAM_BETA2": 0.999,
    "ADAM_EPS": 1e-08,
    "COEF_ZERO_TOL": 0.005,
    "IMPROVEMENT_TOL": 0.003,
    "SATURATION_PATIENCE": 40,
    "INDEX_STRATEGY": "ascending",
    "INDEX_RANDOM_SEED": 42,
    "ENABLE_BACKWARD_PRUNING": false,
    "BACKWARD_PASSES": 1,
    "PRUNE_IMPROVEMENT_TOL": 1e-06,
    "OUTDIR": "benchmark_results_walsh_article/unweighted/sparse_threshold/n4/graph09_trainseed02",
    "SHOW_PLOTS": false,
    "name": "sparse_threshold"
  },
  "n_qubits_register": 4,
  "graph_edges": [
    [
      0,
      1,
      1.0
    ],
    [
      1,
      2,
      1.0
    ],
    [
      1,
      3,
      1.0
    ]
  ],
  "graph_signature": "e05b7736fa85fadb9e519d205bc71874029e7ff2544024339aba6060afa201c5",
  "graph_num_edges": 3,
  "graph_density": 0.5,
  "best_cut_bruteforce": 3.0,
  "best_bitstring_bruteforce": "0100",
  "best_index_bruteforce": 4,
  "candidate_order": [
    1,
    2,
    3,
    4,
    5,
    6,
    7,
    8,
    9,
    10,
    11,
    12,
    13,
    14,
    15
  ],
  "total_possible_parameters": 15,
  "visited_parameters": 15,
  "trained_coefficients": {
    "0": 0.0,
    "1": -0.2347146987318715,
    "2": 0.2332630774221532,
    "3": 0.0,
    "4": -0.1652790168854014,
    "5": 0.0,
    "6": 0.0,
    "7": 0.19906381542897236,
    "8": -0.09977495630867358,
    "9": 0.0,
    "10": 0.0,
    "11": 0.132179503110761,
    "12": 0.0,
    "13": -0.12216198153835324,
    "14": 0.1334894316936419,
    "15": 0.0
  },
  "final_coefficient_vector": [
    0.0,
    -0.2347146987318715,
    0.2332630774221532,
    0.0,
    -0.1652790168854014,
    0.0,
    0.0,
    0.19906381542897236,
    -0.09977495630867358,
    0.0,
    0.0,
    0.132179503110761,
    0.0,
    -0.12216198153835324,
    0.1334894316936419,
    0.0
  ],
  "active_indices": [
    1,
    2,
    4,
    7,
    8,
    11,
    13,
    14
  ],
  "active_parameter_count": 8,
  "compression_ratio_active_over_total": 0.5333333333333333,
  "final_loss": -2.892556672902156,
  "final_expected_cut": 2.892556672902156,
  "best_expected_cut_over_evolution": 2.892556672902156,
  "final_best_measured_index": 4,
  "final_best_measured_bitstring": "0100",
  "final_best_measured_cut": 3.0,
  "best_measured_cut_over_evolution": 3.0,
  "final_success_probability_ancilla_1": 0.05165703091784464,
  "final_max_postselected_probability": 0.4547743288835952,
  "gap_expected_to_bruteforce": 0.10744332709784388,
  "gap_measured_to_bruteforce": 0.0,
  "approx_ratio_measured": 1.0,
  "n_steps": 15,
  "elapsed_seconds": 7.315474271774292,
  "steps": [
    {
      "visit_idx": 1,
      "j": 1,
      "kept": true,
      "beta": -0.3082541897576786,
      "coefficient": -0.2347146987318715,
      "loss": -1.5,
      "expected_cut": 1.5,
      "best_measured_cut": 0.0,
      "success_probability_ancilla_1": 0.013709633924500333,
      "epochs_run": 5,
      "stop_reason": "loss_plateau_last5",
      "history_path": "benchmark_results_walsh_article/unweighted/sparse_threshold/n4/graph09_trainseed02/histories/history_visit001_j001.json",
      "improvement_vs_previous": 1.5
    },
    {
      "visit_idx": 2,
      "j": 2,
      "kept": true,
      "beta": 0.3062258989380135,
      "coefficient": 0.2332630774221532,
      "loss": -1.9999902007602115,
      "expected_cut": 1.9999902007602115,
      "best_measured_cut": 3.0,
      "success_probability_ancilla_1": 0.026879687892343355,
      "epochs_run": 6,
      "stop_reason": "loss_plateau_last5",
      "history_path": "benchmark_results_walsh_article/unweighted/sparse_threshold/n4/graph09_trainseed02/histories/history_visit002_j002.json",
      "improvement_vs_previous": 0.4999902007602115
    },
    {
      "visit_idx": 3,
      "j": 3,
      "kept": false,
      "beta": -0.001343931571464562,
      "coefficient": 0.0,
      "loss": -1.9999902007602115,
      "expected_cut": 1.9999902007602115,
      "best_measured_cut": 3.0,
      "success_probability_ancilla_1": 0.026879687892343355,
      "epochs_run": 38,
      "stop_reason": "loss_plateau_last5_and_discarded_near_zero",
      "history_path": "benchmark_results_walsh_article/unweighted/sparse_threshold/n4/graph09_trainseed02/histories/history_visit003_j003.json",
      "improvement_vs_previous": 0.0
    },
    {
      "visit_idx": 4,
      "j": 4,
      "kept": true,
      "beta": -0.21363146031917774,
      "coefficient": -0.1652790168854014,
      "loss": -2.175230866913289,
      "expected_cut": 2.175230866913289,
      "best_measured_cut": 3.0,
      "success_probability_ancilla_1": 0.03332714072873545,
      "epochs_run": 63,
      "stop_reason": "loss_plateau_last5",
      "history_path": "benchmark_results_walsh_article/unweighted/sparse_threshold/n4/graph09_trainseed02/histories/history_visit004_j004.json",
      "improvement_vs_previous": 0.17524066615307765
    },
    {
      "visit_idx": 5,
      "j": 5,
      "kept": false,
      "beta": -0.0016798770637073811,
      "coefficient": 0.0,
      "loss": -2.175230866913289,
      "expected_cut": 2.175230866913289,
      "best_measured_cut": 3.0,
      "success_probability_ancilla_1": 0.03332714072873545,
      "epochs_run": 39,
      "stop_reason": "loss_plateau_last5_and_discarded_near_zero",
      "history_path": "benchmark_results_walsh_article/unweighted/sparse_threshold/n4/graph09_trainseed02/histories/history_visit005_j005.json",
      "improvement_vs_previous": 0.0
    },
    {
      "visit_idx": 6,
      "j": 6,
      "kept": false,
      "beta": -0.0018343665222785126,
      "coefficient": 0.0,
      "loss": -2.175230866913289,
      "expected_cut": 2.175230866913289,
      "best_measured_cut": 3.0,
      "success_probability_ancilla_1": 0.03332714072873545,
      "epochs_run": 44,
      "stop_reason": "loss_plateau_last5_and_discarded_near_zero",
      "history_path": "benchmark_results_walsh_article/unweighted/sparse_threshold/n4/graph09_trainseed02/histories/history_visit006_j006.json",
      "improvement_vs_previous": 0.0
    },
    {
      "visit_idx": 7,
      "j": 7,
      "kept": true,
      "beta": 0.25910254550517464,
      "coefficient": 0.19906381542897236,
      "loss": -2.4789067446035262,
      "expected_cut": 2.4789067446035262,
      "best_measured_cut": 3.0,
      "success_probability_ancilla_1": 0.041668401448790984,
      "epochs_run": 70,
      "stop_reason": "loss_plateau_last5",
      "history_path": "benchmark_results_walsh_article/unweighted/sparse_threshold/n4/graph09_trainseed02/histories/history_visit007_j007.json",
      "improvement_vs_previous": 0.3036758776902371
    },
    {
      "visit_idx": 8,
      "j": 8,
      "kept": true,
      "beta": -0.12772751267074067,
      "coefficient": -0.09977495630867358,
      "loss": -2.542516774963929,
      "expected_cut": 2.542516774963929,
      "best_measured_cut": 3.0,
      "success_probability_ancilla_1": 0.043947864629841,
      "epochs_run": 56,
      "stop_reason": "loss_plateau_last5",
      "history_path": "benchmark_results_walsh_article/unweighted/sparse_threshold/n4/graph09_trainseed02/histories/history_visit008_j008.json",
      "improvement_vs_previous": 0.0636100303604028
    },
    {
      "visit_idx": 9,
      "j": 9,
      "kept": false,
      "beta": -0.0019373228784434994,
      "coefficient": 0.0,
      "loss": -2.542516774963929,
      "expected_cut": 2.542516774963929,