epoch,beta,coefficient,loss,expected_cut,best_measured_cut,success_probability_ancilla_1,max_postselected_probability,grad
0,-0.24719097651044958,-0.1522267062377189,-5.499999999995163,5.499999999995163,2.0,0.01137494488098741,0.046621513222248945,1.057047219884656e-11
1,-0.2471914489098108,-0.15222698563243295,-5.499999999995166,5.499999999995166,2.0,0.011374956621861537,0.04662151722161128,1.0562567416719664e-11
2,-0.24719202728371253,-0.152227327704381,-5.4999999999951665,5.4999999999951665,2.0,0.011374970996621134,0.046621522118066694,1.0564132232609774e-11
3,-0.24719269482856265,-0.1522277225152424,-5.499999999995165,5.499999999995165,2.0,0.011374987587648053,0.046621527769305816,1.0558382718400318e-11
4,-0.24719344101694476,-0.15222816383866355,-5.499999999995164,5.499999999995164,2.0,0.011375006133310023,0.046621534086154964,1.0565924811234016e-11
5,-0.24719425824621952,-0.1522286471781143,-5.4999999999951665,5.4999999999951665,2.0,0.011375026444666156,0.04662154100420249,1.0565915419718289e-11
6,-0.24719514071278137,-0.15222916910108114,-5.499999999995165,5.499999999995165,2.0,0.01137504837748809,0.04662154847426785,1.0563464832108953e-11
