{
  "0": 0.0,
  "1": -0.2836350651458651,
  "2": 0.2715326056467374,
  "3": -0.26909310585353363,
  "4": 0.27029817010195567,
  "5": 0.40012263190463465,
  "6": 0.32998869669311237,
  "7": -0.06274746367384737,
  "8": -0.2395652905694507,
  "9": 0.0,
  "10": -0.036384197842192385,
  "11": 0.04261207835980489,
  "12": -0.3188333870907148,
  "13": 0.17237013467201093,
  "14": -0.18703067178109622,
  "15": -0.13249201413891465,
  "16": 0.0,
  "17": 0.0,
  "18": 0.0,
  "19": 0.0,
  "20": -0.20190816818857402,
  "21": 0.0,
  "22": -0.12173799531630627,
  "23": -0.1688454342986429,
  "24": 0.3276184451912282,
  "25": 0.07921286869555025,
  "26": 0.0,
  "27": 0.22460006653689268,
  "28": 0.005098231036767632,
  "29": 0.0,
  "30": 0.0,
  "31": 0.0,
  "32": 0.04642959836689508,
  "33": 0.12088716512831524,
  "34": 0.04810191509671205,
  "35": -0.06067993321813193,
  "36": -0.10544812377879614,
  "37": -0.03619930761729477,
  "38": 0.08532048420186407,
  "39": -0.1626861069897315,
  "40": 0.0,
  "41": 0.08259377253645007,
  "42": -0.1285249472044032,
  "43": 0.07692168785700697,
  "44": -0.05507489343154234,
  "45": 0.06260593841244456,
  "46": 0.13764781188793707,
  "47": 0.08090711110248629,
  "48": -0.11297133614085565,
  "49": 0.0,
  "50": 0.0,
  "51": -0.10215877909755917,
  "52": -0.022010032851975486,
  "53": 0.1093650535458346,
  "54": 0.10775898743914837,
  "55": -0.057459924488209864,
  "56": 0.04374444455973677,
  "57": -0.15766475571893407,
  "58": -0.09984291840468541,
  "59": 0.01941640639010343,
  "60": 0.04234254376302346,
  "61": -0.02514926139097763,
  "62": 0.03085051404278931,
  "63": 0.0
}