{
  "config": {
    "N_VERTICES": 4,
    "PROB_ARESTA": 0.4,
    "COM_PESO": false,
    "PESO_MIN": 1,
    "PESO_MAX": 1,
    "GRAPH_SEED": 104678,
    "GRAPH_EDGES": [
      [
        1,
        2,
        1.0
      ],
      [
        1,
        3,
        1.0
      ],
      [
        2,
        3,
        1.0
      ]
    ],
    "REVERSE_BITS": false,
    "ER": 1.25,
    "MAX_TERMS": null,
    "A_MAX": 1.0471975511965976,
    "INIT_BETA": 0.5,
    "MAX_EPOCHS": 200,
    "LR": 0.01,
    "FD_EPS": 0.01,
    "LOSS_TOL_LAST5": 0.0005,
    "PATIENCE_LAST5": 5,
    "TRAIN_SEED": 9,
    "INIT_BETA_JITTER": 0.08,
    "OPTIMIZER": "adam",
    "ADAM_BETA1": 0.9,
    "ADAM_BETA2": 0.999,
    "ADAM_EPS": 1e-08,
    "COEF_ZERO_TOL": 0.0005,
    "IMPROVEMENT_TOL": 0.0005,
    "SATURATION_PATIENCE": 150,
    "INDEX_STRATEGY": "ascending",
    "INDEX_RANDOM_SEED": 42,
    "ENABLE_BACKWARD_PRUNING": false,
    "BACKWARD_PASSES": 1,
    "PRUNE_IMPROVEMENT_TOL": 1e-06,
    "OUTDIR": "benchmark_results_walsh_article/unweighted/aggressive_loader/n4/graph05_trainseed09",
    "SHOW_PLOTS": false,
    "name": "aggressive_loader"
  },
  "n_qubits_register": 4,
  "graph_edges": [
    [
      1,
      2,
      1.0
    ],
    [
      1,
      3,
      1.0
    ],
    [
      2,
      3,
      1.0
    ]
  ],
  "graph_signature": "be861fe0b30163c15a2bc45387e42148d677589ca12d320c9ad2ad740a6f1fe8",
  "graph_num_edges": 3,
  "graph_density": 0.5,
  "best_cut_bruteforce": 2.0,
  "best_bitstring_bruteforce": "0001",
  "best_index_bruteforce": 1,
  "candidate_order": [
    1,
    2,
    3,
    4,
    5,
    6,
    7,
    8,
    9,
    10,
    11,
    12,
    13,
    14,
    15
  ],
  "total_possible_parameters": 15,
  "visited_parameters": 15,
  "trained_coefficients": {
    "0": 0.0,
    "1": -0.4952363086372753,
    "2": 0.4439857217009557,
    "3": -0.41911442520476294,
    "4": -0.6160519068917365,
    "5": 0.40829037545104974,
    "6": 0.12183747062195681,
    "7": 0.45487013983595104,
    "8": 0.18043844133625997,
    "9": -0.004992259133746855,
    "10": -0.10136592692412416,
    "11": 0.02358111569865529,
    "12": -0.003603677778792553,
    "13": 0.00274482685684399,
    "14": 0.005214210761605985,
    "15": 0.0
  },
  "final_coefficient_vector": [
    0.0,
    -0.4952363086372753,
    0.4439857217009557,
    -0.41911442520476294,
    -0.6160519068917365,
    0.40829037545104974,
    0.12183747062195681,
    0.45487013983595104,
    0.18043844133625997,
    -0.004992259133746855,
    -0.10136592692412416,
    0.02358111569865529,
    -0.003603677778792553,
    0.00274482685684399,
    0.005214210761605985,
    0.0
  ],
  "active_indices": [
    1,
    2,
    3,
    4,
    5,
    6,
    7,
    8,
    9,
    10,
    11,
    12,
    13,
    14
  ],
  "active_parameter_count": 14,
  "compression_ratio_active_over_total": 0.9333333333333333,
  "final_loss": -1.9993744989139328,
  "final_expected_cut": 1.9993744989139328,
  "best_expected_cut_over_evolution": 1.9994519770874184,
  "final_best_measured_index": 11,
  "final_best_measured_bitstring": "1011",
  "final_best_measured_cut": 2.0,
  "best_measured_cut_over_evolution": 2.0,
  "final_success_probability_ancilla_1": 0.286011299365249,
  "final_max_postselected_probability": 0.2168344956259322,
  "gap_expected_to_bruteforce": 0.0006255010860671817,
  "gap_measured_to_bruteforce": 0.0,
  "approx_ratio_measured": 1.0,
  "n_steps": 15,
  "elapsed_seconds": 41.65115404129028,
  "steps": [
    {
      "visit_idx": 1,
      "j": 1,
      "kept": true,
      "beta": -0.5138195226256168,
      "coefficient": -0.4952363086372753,
      "loss": -1.5,
      "expected_cut": 1.5,
      "best_measured_cut": 0.0,
      "success_probability_ancilla_1": 0.09278362492185106,
      "epochs_run": 5,
      "stop_reason": "loss_plateau_last5",
      "history_path": "benchmark_results_walsh_article/unweighted/aggressive_loader/n4/graph05_trainseed09/histories/history_visit001_j001.json",
      "improvement_vs_previous": 1.5
    },
    {
      "visit_idx": 2,
      "j": 2,
      "kept": true,
      "beta": 0.45252839946243884,
      "coefficient": 0.4439857217009557,
      "loss": -1.5,
      "expected_cut": 1.5,
      "best_measured_cut": 2.0,
      "success_probability_ancilla_1": 0.1539027937954193,
      "epochs_run": 5,
      "stop_reason": "loss_plateau_last5",
      "history_path": "benchmark_results_walsh_article/unweighted/aggressive_loader/n4/graph05_trainseed09/histories/history_visit002_j002.json",
      "improvement_vs_previous": 0.0
    },
    {
      "visit_idx": 3,
      "j": 3,
      "kept": true,
      "beta": -0.42391657189111087,
      "coefficient": -0.41911442520476294,
      "loss": -1.5,
      "expected_cut": 1.5,
      "best_measured_cut": 0.0,
      "success_probability_ancilla_1": 0.2003219607972984,
      "epochs_run": 5,
      "stop_reason": "loss_plateau_last5",
      "history_path": "benchmark_results_walsh_article/unweighted/aggressive_loader/n4/graph05_trainseed09/histories/history_visit003_j003.json",
      "improvement_vs_previous": 0.0
    },
    {
      "visit_idx": 4,
      "j": 4,
      "kept": true,
      "beta": -0.6750412589824859,
      "coefficient": -0.6160519068917365,
      "loss": -1.7270268174030385,
      "expected_cut": 1.7270268174030385,
      "best_measured_cut": 2.0,
      "success_probability_ancilla_1": 0.28487147445006894,
      "epochs_run": 148,
      "stop_reason": "loss_plateau_last5",
      "history_path": "benchmark_results_walsh_article/unweighted/aggressive_loader/n4/graph05_trainseed09/histories/history_visit004_j004.json",
      "improvement_vs_previous": 0.22702681740303854
    },
    {
      "visit_idx": 5,
      "j": 5,
      "kept": true,
      "beta": 0.4116686446067462,
      "coefficient": 0.40829037545104974,
      "loss": -1.8147030124251016,
      "expected_cut": 1.8147030124251016,
      "best_measured_cut": 2.0,
      "success_probability_ancilla_1": 0.2757811073287606,
      "epochs_run": 110,
      "stop_reason": "loss_plateau_last5",
      "history_path": "benchmark_results_walsh_article/unweighted/aggressive_loader/n4/graph05_trainseed09/histories/history_visit005_j005.json",
      "improvement_vs_previous": 0.08767619502206303
    },
    {
      "visit_idx": 6,
      "j": 6,
      "kept": true,
      "beta": 0.11687549087319454,
      "coefficient": 0.12183747062195681,
      "loss": -1.8198465292195163,
      "expected_cut": 1.8198465292195163,
      "best_measured_cut": 2.0,
      "success_probability_ancilla_1": 0.2967867446147747,
      "epochs_run": 47,
      "stop_reason": "loss_plateau_last5",
      "history_path": "benchmark_results_walsh_article/unweighted/aggressive_loader/n4/graph05_trainseed09/histories/history_visit006_j006.json",
      "improvement_vs_previous": 0.005143516794414715
    },
    {
      "visit_idx": 7,
      "j": 7,
      "kept": true,
      "beta": 0.4652691784201331,
      "coefficient": 0.45487013983595104,
      "loss": -1.9677619716093595,
      "expected_cut": 1.9677619716093595,
      "best_measured_cut": 2.0,
      "success_probability_ancilla_1": 0.27675931877701543,
      "epochs_run": 118,
      "stop_reason": "loss_plateau_last5",
      "history_path": "benchmark_results_walsh_article/unweighted/aggressive_loader/n4/graph05_trainseed09/histories/history_visit007_j007.json",
      "improvement_vs_previous": 0.14791544238984322
    },
    {
      "visit_idx": 8,
      "j": 8,
      "kept": true,
      "beta": 0.17404227343482778,
      "coefficient": 0.18043844133625997,
      "loss": -1.9885132321996,
      "expected_cut": 1.9885132321996,
      "best_measured_cut": 2.0,
      "success_probability_ancilla_1": 0.2824136286553336,
      "epochs_run": 43,
      "stop_reason": "loss_plateau_last5",
      "history_path": "benchmark_results_walsh_article/unweighted/aggressive_loader/n4/graph05_trainseed09/histories/history_visit008_j008.json",
      "improvement_vs_previous": 0.02075126059024046
    },
    {
      "visit_idx": 9,