epoch,beta,coefficient,loss,expected_cut,best_measured_cut,success_probability_ancilla_1,max_postselected_probability,grad
0,-0.5117225774557359,-0.4935298182432333,-1.4442189707553847,1.4442189707553847,2.0,0.2541908695349775,0.2184390621482885,-0.02516163081454632
1,-0.5020437119904517,-0.48560949699730743,-1.444335897088099,1.444335897088099,2.0,0.25402436392478966,0.21934453365225293,-0.016422605035350694
2,-0.4932101322432253,-0.47831853571346483,-1.4443678415597434,1.4443678415597434,2.0,0.25389240098987376,0.22015227449221828,-0.007694777000402733
3,-0.4860685623999478,-0.4723809027638981,-1.4443401596292942,1.4443401596292942,2.0,0.25380003436914594,0.22079161043798398,0.0004980626090113295
4,-0.4814403833205965,-0.4685124390173724,-1.4442961656817028,1.4442961656817028,2.0,0.2537471521723457,0.2211991449491341,0.007277234481317496
