epoch,beta,coefficient,loss,expected_cut,best_measured_cut,success_probability_ancilla_1,max_postselected_probability,grad
0,-0.4716732865356292,-0.46029600544393445,-0.9999999999999504,0.9999999999999504,2.0,0.20097424634010763,0.17621136912896335,5.01637685635211e-14
1,-0.4716732887893068,-0.4602960073480088,-0.99999999999995,0.99999999999995,2.0,0.20097424680170148,0.176211369091031,5.062472714337719e-14
2,-0.47167329155606746,-0.46029600968557366,-0.9999999999999504,0.9999999999999504,2.0,0.200974247368384,0.17621136904446286,5.0766294121119166e-14
3,-0.47167329475137326,-0.4602960123852054,-0.99999999999995,0.99999999999995,2.0,0.20097424802284036,0.17621136899068168,5.0611262004516025e-14
4,-0.4716732983231202,-0.46029601540288256,-0.9999999999999504,0.9999999999999504,2.0,0.20097424875439862,0.1762113689305646,5.0570542837776185e-14
