{
  "0": 0.0,
  "1": -0.2770600086778334,
  "2": 0.28011187800208465,
  "3": -0.23565090513510956,
  "4": 0.1943611548555834,
  "5": 0.3845574470882517,
  "6": 0.30984834505330566,
  "7": -0.05978680046717824,
  "8": 0.14258466713403592,
  "9": -0.37258318083029396,
  "10": 0.0,
  "11": -0.22863145654791603,
  "12": 0.023373370033166686,
  "13": 0.038747572205851497,
  "14": -0.05737906040377129,
  "15": 0.11953673006886946,
  "16": -0.04017001401010187,
  "17": -0.0669408188425082,
  "18": -0.07370265983121148,
  "19": -0.02283501788156757,
  "20": -0.10400357949558314,
  "21": 0.0283628067728239,
  "22": -0.0028278858146455177,
  "23": -0.06647849344436714,
  "24": 0.3148470022872891,
  "25": 0.039812045306471464,
  "26": 0.028407452094731153,
  "27": 0.0833037922369084,
  "28": -0.15905836484743302,
  "29": -0.15344801605276306,
  "30": -0.224564791614043,
  "31": 0.13250105822520858,
  "32": -0.1659357679796115,
  "33": 0.05397587660004011,
  "34": -0.03516483318640121,
  "35": 0.17210115152732333,
  "36": -0.10921987670710065,
  "37": 0.10587273073888681,
  "38": -0.16502190528764946,
  "39": -0.07570720017040262,
  "40": -0.04532665344797729,
  "41": 0.12125953798261399,
  "42": -0.08935570990504073,
  "43": 0.13173517733693216,
  "44": -0.03313634406719644,
  "45": 0.015398575110722821,
  "46": -0.024801233684026158,
  "47": 0.04225882690012516,
  "48": 0.04338896450764266,
  "49": 0.020774874134755966,
  "50": -0.014906670103329637,
  "51": 0.056701274044107464,
  "52": 0.009952499527077998,
  "53": -0.024994892396378112,
  "54": 0.023566808224155637,
  "55": -0.013053707302951138,
  "56": 0.06882453208456844,
  "57": 0.11391167147847767,
  "58": -0.007212093576014067,
  "59": -0.05037873449156507,
  "60": -0.029263752094431664,
  "61": -0.14266225227493237,
  "62": 0.1064335319353991,
  "63": -0.05086606339890931
}