{
  "0": 0.0,
  "1": -0.542020158715608,
  "2": 0.5458904671736148,
  "3": -0.4550707987848918,
  "4": 0.4940785169155077,
  "5": 0.6874539374766043,
  "6": 0.4454035380762942,
  "7": -0.42724326603048146,
  "8": -0.16090378709488534,
  "9": -0.5863115152142152,
  "10": 0.312630477160829,
  "11": -0.019417413796086563,
  "12": -0.2647187879010288,
  "13": 0.15865664286571932,
  "14": -0.1338456397927766,
  "15": -0.44115533393157885,
  "16": 0.0972640345920816,
  "17": 0.03211415714853875,
  "18": 0.2179301907581976,
  "19": -0.05020093227043688,
  "20": -0.1028665423011923,
  "21": -0.04260361481370459,
  "22": 0.11972275822146063,
  "23": -0.3576449015902382,
  "24": 0.48340444906842056,
  "25": -0.13051583402130124,
  "26": 0.1661204504905232,
  "27": 0.06571604981660682,
  "28": 0.07492536279791034,
  "29": -0.1442203959334145,
  "30": 0.19365314519404522,
  "31": -0.20658732794218132,
  "32": -0.014164603444349671,
  "33": 0.05510679106790763,
  "34": 0.04746387430182239,
  "35": 0.0016676541192005697,
  "36": 0.05756815612231253,
  "37": 0.04445178205885798,
  "38": 0.0056616861180719645,
  "39": -0.1474699552954534,
  "40": -0.11377558138867928,
  "41": -0.03966295129163524,
  "42": -0.0019549580436807068,
  "43": 0.1877445005186803,
  "44": 0.06197703870402827,
  "45": 0.057983246962023616,
  "46": 0.06638715350468254,
  "47": 0.014390379606469043,
  "48": -0.1044393515144626,
  "49": -0.01809224396917095,
  "50": 0.032810506817312526,
  "51": -0.133229242401556,
  "52": -0.06210228070296162,
  "53": -0.059807643809929756,
  "54": -0.003936041564783255,
  "55": -0.09835750071279825,
  "56": 0.10592708868985945,
  "57": -0.01982537682413246,
  "58": 0.009087561263395817,
  "59": 0.05284570181648385,
  "60": 0.04837950790981171,
  "61": -0.0555868440925826,
  "62": -0.011333695210362033,
  "63": -0.007589639307110709
}