epoch,beta,coefficient,loss,expected_cut,best_measured_cut,success_probability_ancilla_1,max_postselected_probability,grad
0,0.3790829405823987,0.28424406876354824,-2.655619605065745,2.655619605065745,3.0,0.060978445203474736,0.1847017201450083,0.2752092749607594
1,0.36910143354384173,0.27740694756994394,-2.658136558732925,2.658136558732925,3.0,0.060111768212698376,0.18464018761104437,0.26023323555387046
2,0.3591554845879996,0.2705460622871817,-2.660474459688358,2.660474459688358,3.0,0.059262749286822285,0.18452823050720152,0.24384515252228614
3,0.34926679165811036,0.26367790610665676,-2.6626156039857567,2.6626156039857567,3.0,0.05843360979936143,0.18436370758418336,0.22602266877071436
4,0.33946273272960986,0.25682336198928035,-2.6645427740345853,2.6645427740345853,3.0,0.0576268809818931,0.18414512108592987,0.20676616704877582
5,0.32977760526957606,0.2500086747232008,-2.6662400248252793,2.6662400248252793,3.0,0.05684544673502599,0.18387189996971645,0.1861063381623294
6,0.32025401694935685,0.24326654630399533,-2.667693729691262,2.667693729691262,3.0,0.056092585105451315,0.1835447509750316,0.16411330404830765
7,0.31094433685041295,0.23663728727444197,-2.6688939151987525,2.6688939151987525,3.0,0.055372001317711875,0.1831660754779846,0.14090724453929027
8,0.3019120167999374,0.23016988022086374,-2.669835877131662,2.669835877131662,3.0,0.05468784044316677,0.1827404334582257,0.11667014015660603
9,0.29323244919206387,0.22392270076063212,-2.670521994390268,2.670521994390268,3.0,0.05404466183257173,0.18227500766722377,0.09165766382354232
10,0.2849928565677113,0.21796350749022267,-2.670963534272948,2.670963534272948,3.0,0.053447351872199775,0.18177998036394152,0.0662093759300307
11,0.2772905686344624,0.21236820024246753,-2.671182077894785,2.671182077894785,3.0,0.05290095003550138,0.1812686883199056,0.0407542495755593
12,0.2702290539835144,0.2072178474723208,-2.671210035484894,2.671210035484894,3.0,0.05241037128655761,0.18075738935649202,0.015807471429483876
13,0.26391139238136013,0.2025937202745015,-2.671089671433807,2.671089671433807,3.0,0.05198003108761674,0.18026449058187827,-0.008045896143079111
