epoch,beta,coefficient,loss,expected_cut,best_measured_cut,success_probability_ancilla_1,max_postselected_probability,grad
0,0.25634929578636384,0.1576311379526309,-3.999999999994472,3.999999999994472,3.0,0.007233760882185991,0.031238304558525318,-1.9753937184974375e-11
1,0.2563501789380852,0.15763165792786168,-3.9999999999944693,3.9999999999944693,3.0,0.0072337837076082425,0.031238306555444132,-1.9755113462699668e-11
2,0.25635126034643235,0.1576322946307794,-3.9999999999944693,3.9999999999944693,3.0,0.007233811657143443,0.031238309000404616,-1.975775662468507e-11
3,0.2563525088290726,0.15763302970192733,-3.9999999999944684,3.9999999999944684,3.0,0.0072338439249175195,0.031238311822772837,-1.976187656553089e-11
4,0.25635390438978156,0.15763385136792316,-3.99999999999447,3.99999999999447,3.0,0.007233879994164828,0.03123831497721133,-1.9762394953566444e-11
5,0.2563554326239873,0.15763475114759698,-3.999999999994472,3.999999999994472,3.0,0.007233919492637604,0.03123831843102797,-1.9751219811611845e-11
6,0.2563570828138534,0.1576357227304275,-3.9999999999944693,3.9999999999944693,3.0,0.00723396214337292,0.03123832215986779,-1.9753413961351798e-11
