epoch,beta,coefficient,loss,expected_cut,best_measured_cut,success_probability_ancilla_1,max_postselected_probability,grad
0,0.226455857253942,0.1399030335627304,-5.027171852735223,5.027171852735223,5.0,0.06260295570416124,0.08792248452304834,0.023825698422414193
1,0.2178011347554693,0.13472486632071978,-5.027176305303906,5.027176305303906,5.0,0.06243154858458182,0.08769986907390023,0.007646911382497866
2,0.21298237159844827,0.13183338675294934,-5.027124736125835,5.027124736125835,5.0,0.06233870651135817,0.08757124014304439,-0.006664712234805875
3,0.21243350006180736,0.1315036650995922,-5.027116384520966,5.027116384520966,5.0,0.06232825025754135,0.08755637558225131,-0.014752769679132966
4,0.2145659242193483,0.1327842425238985,-5.027145984931813,5.027145984931813,5.0,0.062369010278097256,0.08761388122194035,-0.015679320129896885
5,0.21806175429903643,0.1348810809304248,-5.027177985563732,5.027177985563732,5.0,0.06243662305051578,0.08770673018109972,-0.012085608043285257
6,0.2219395665675208,0.13720335571825215,-5.0271896320701295,5.0271896320701295,5.0,0.06251276797372488,0.08780766102493284,-0.00622967940210305
