epoch,beta,coefficient,loss,expected_cut,best_measured_cut,success_probability_ancilla_1,max_postselected_probability,grad
0,-0.2542350327144922,-0.1563856594667035,-3.9999999999962346,3.9999999999962346,3.0,0.010619312168025802,0.046743517330229335,9.042635247902594e-12
1,-0.25423543696331435,-0.15638589772885042,-3.9999999999962337,3.9999999999962337,3.0,0.010619322472351405,0.04674351808674805,9.041247107886458e-12
2,-0.25423593192860894,-0.15638618945874772,-3.9999999999962337,3.9999999999962337,3.0,0.01061933508906353,0.04674351901296939,9.041502849020294e-12
3,-0.2542365032477869,-0.1563865261911261,-3.9999999999962332,3.9999999999962332,3.0,0.010619349652068621,0.046743520081980364,9.037930914321378e-12
4,-0.25423714188416846,-0.15638690259978036,-3.9999999999962337,3.9999999999962337,3.0,0.010619365931030614,0.04674352127683599,9.043313713032289e-12
5,-0.25423784136274585,-0.15638731486834181,-3.9999999999962315,3.9999999999962315,3.0,0.010619383760910489,0.04674352258538555,9.045325727795038e-12
6,-0.2542385967086123,-0.1563877600645938,-3.9999999999962337,3.9999999999962337,3.0,0.010619403014906771,0.046743523998286136,9.043131454381907e-12
