epoch,beta,coefficient,loss,expected_cut,best_measured_cut,success_probability_ancilla_1,max_postselected_probability,grad
0,-0.23260430729455003,-0.14356962136077142,-5.621302751684405,5.621302751684405,7.0,0.08042343238239752,0.1364492273926245,0.0037536892942303325
1,-0.22684364849724725,-0.140134589829414,-5.621364020338592,5.621364020338592,7.0,0.08033970964508558,0.13636219206353214,-0.016409951741995145
2,-0.22079817017493913,-0.13652022209418924,-5.621356236869749,5.621356236869749,7.0,0.08025462320456202,0.13626502981392338,-0.004840034781364379
3,-0.21851392337941897,-0.13515206830556478,-5.621333912036677,5.621333912036677,7.0,0.08022321998479254,0.13622675577263496,0.007437806977465344
4,-0.21981753430840448,-0.13593303401955592,-5.621347960594928,5.621347960594928,7.0,0.08024109134463361,0.13624870386402518,0.012112144652595361
5,-0.22287221125811787,-0.1377612973328809,-5.62136727634574,5.62136727634574,7.0,0.08028349187887601,0.13629903848806735,0.00944218491598264
6,-0.22617732272216975,-0.13973669152005727,-5.621366796864997,5.621366796864997,7.0,0.08033019158505983,0.1363517762265568,0.0032102229498175952
