epoch,beta,coefficient,loss,expected_cut,best_measured_cut,success_probability_ancilla_1,max_postselected_probability,grad
0,-0.2689234156344621,-0.16501076404822493,-4.4356854565523,4.4356854565523,4.0,0.03821180095234864,0.07125754539072833,-0.09378420654375065
1,-0.2589636640565969,-0.1591693933704544,-4.436480288618908,4.436480288618908,4.0,0.037967596050185855,0.07103323382364961,-0.0845688014556535
2,-0.24908188610738727,-0.15334454783706133,-4.4371723909468415,4.4371723909468415,4.0,0.037732912361533685,0.07079268567662805,-0.07497055956048046
3,-0.23932668654798206,-0.14756668661812622,-4.43775743012731,4.43775743012731,4.0,0.037508837544569004,0.07053729386407405,-0.06503856745374764
4,-0.22975995695756085,-0.14187467634346002,-4.438232760837328,4.438232760837328,4.0,0.037296584332879926,0.07026923619455465,-0.054841143389057434
5,-0.22045928226178158,-0.13631733001647178,-4.438598139365373,4.438598139365373,4.0,0.0370974882699786,0.06999166869810104,-0.04447006856936305
6,-0.21151972918364206,-0.13095457078429754,-4.438856537621183,4.438856537621183,4.0,0.036912987637547856,0.06970890738626269,-0.034044801584937924
7,-0.20305403368623623,-0.1258576056156913,-4.439014946470717,4.439014946470717,4.0,0.036744574980951954,0.06942654439440457,-0.023715764673711927
8,-0.19518985307661513,-0.12110726893940707,-4.439084952496645,4.439084952496645,4.0,0.03659371021372259,0.0691514164171355,-0.013665156800331424
