epoch,beta,coefficient,loss,expected_cut,best_measured_cut,success_probability_ancilla_1,max_postselected_probability,grad
0,0.24530700859863322,0.15111194926944485,-5.3736343730479605,5.3736343730479605,7.0,0.0764309529966892,0.11728112087108405,0.12013400085591595
1,0.23537168970161965,0.14521658829159664,-5.37458259226014,5.37458259226014,7.0,0.07621043297036031,0.11806864278977192,0.10376014029878762
2,0.22556554330099182,0.13937126185355717,-5.375353544815267,5.375353544815267,7.0,0.07599996434057366,0.11884090027530761,0.08704521628507016
3,0.21597528196652593,0.13362996675492048,-5.375945131643947,5.375945131643947,7.0,0.07580117423456492,0.11959077106213346,0.07012459775995485
4,0.2067149832444936,0.12806392640850092,-5.3763605244683115,5.3763605244683115,7.0,0.07561596097656648,0.1203092750723632,0.05318445293000664
5,0.197929588831705,0.12276386250270041,-5.376610183079919,5.376610183079919,7.0,0.07544647213712555,0.12098542444448102,0.03647367739894865
6,0.18979351683690396,0.11783925123029355,-5.3767136871219545,5.3767136871219545,7.0,0.07529500208013865,0.12160644595354286,0.020312506974463896
7,0.18250022312426023,0.11341194700494682,-5.376700444742335,5.376700444742335,7.0,0.07516377362492088,0.1221586446851515,0.005090862831755792
8,0.17624011761064162,0.1096025022055706,-5.376608077891998,5.376608077891998,7.0,0.07505460804728967,0.12262903940322326,-0.008752803058456876
