epoch,beta,coefficient,loss,expected_cut,best_measured_cut,success_probability_ancilla_1,max_postselected_probability,grad
0,-0.392148126313965,-0.2931189437720512,-1.47654140599351,1.47654140599351,2.0,0.12214113604383722,0.3425021952783024,0.02598259599788409
1,-0.4018036830532922,-0.29962249164190174,-1.4766595979177881,1.4766595979177881,2.0,0.1226965674774396,0.34250841907853896,0.016629505406114388
2,-0.41062007606862344,-0.3055191418752498,-1.4766951108948618,1.4766951108948618,2.0,0.12321396193851841,0.3424724712802987,0.007902100201029426
3,-0.4178775985232393,-0.31034295127758355,-1.4766740968263137,1.4766740968263137,2.0,0.12364696452645207,0.3424140163203014,0.00019596440934740525
4,-0.4229018863324113,-0.31366626755798954,-1.476633674443597,1.476633674443597,2.0,0.12395037299677178,0.34235869756721227,-0.0059584160884702045
