epoch,beta,coefficient,loss,expected_cut,best_measured_cut,success_probability_ancilla_1,max_postselected_probability,grad
0,0.33032644973472297,0.25039598976607264,-1.4951707157662248,1.4951707157662248,2.0,0.13496426953288715,0.3638641988667843,0.12198040697886924
1,0.32034661130013864,0.24333229100126177,-1.4962803034757437,1.4962803034757437,2.0,0.13431389435178032,0.3642741381831609,0.11487110049730145
2,0.3104039405822758,0.23625132732952017,-1.497310329854184,1.497310329854184,2.0,0.13368024265596234,0.3646325019659635,0.10743857859772184
3,0.3005187019415224,0.22916914984184955,-1.4982564837763017,1.4982564837763017,2.0,0.13306485427755352,0.36493735407297617,0.09969891077372658
4,0.29071487129368506,0.2221048258745559,-1.499114908139796,1.499114908139796,2.0,0.1324693520529437,0.3651871775047658,0.09167407474546586
5,0.28102063813441225,0.21508084806918523,-1.4998823812943909,1.4998823812943909,2.0,0.13189543543000998,0.365381003186284,0.08339284570675173
6,0.2714689036254123,0.2081235413924114,-1.5005565269434848,1.5005565269434848,2.0,0.13134486937456896,0.3655185556829497,0.0748917144564732
7,0.262097729154446,0.20126343205126548,-1.5011360490514971,1.5011360490514971,2.0,0.1308194670582919,0.3656004120912661,0.06621578678600983
8,0.2529506669403083,0.19453552406316077,-1.501620983182195,1.501620983182195,2.0,0.13032106461235327,0.365628166455274,0.05741958868472543
9,0.2440768782235746,0.18797940842573485,-1.5020129484911462,1.5020129484911462,2.0,0.12985148624201145,0.36560458679754104,0.048567667928521345
10,0.23553091975935309,0.1816391098299115,-1.5023153755178085,1.5023153755178085,2.0,0.12941249838380917,0.36553374550541723,0.03973484454522674
11,0.2273720641511821,0.17556256333505646,-1.50253367508846,1.50253367508846,2.0,0.12900575254884736,0.36542109735243566,0.031005927322336726
12,0.2196630265549642,0.16980061831895588,-1.5026753055191784,1.5026753055191784,2.0,0.12863271818939853,0.3652734747905807,0.022474693534886674
13,0.21246801364451,0.16440550069484067,-1.5027496928320718,1.5027496928320718,2.0,0.1282946093353114,0.3650989701937964,0.0142419427632884
