epoch,beta,coefficient,loss,expected_cut,best_measured_cut,success_probability_ancilla_1,max_postselected_probability,grad
0,0.25042663901035533,0.15413889302877729,-5.017147596919855,5.017147596919855,5.0,0.06014782879433185,0.07760356885343797,0.0688666172825102
1,0.24057500567265985,0.14830754749071842,-5.017593324660268,5.017593324660268,5.0,0.059932514029509464,0.07736099279005301,0.05316352028443829
2,0.23105906661359962,0.14264908593971753,-5.017873096182866,5.017873096182866,5.0,0.05973162952260472,0.07711451884410649,0.03725289688108989
3,0.22217013982954553,0.13734131412407685,-5.017997305167653,5.017997305167653,5.0,0.05955040240843659,0.07687338503501424,0.021483213659038825
4,0.21431328516753165,0.13263258610100961,-5.017994441789732,5.017994441789732,5.0,0.05939547141605053,0.07665141567191101,0.006409571778388747
5,0.20794530305980605,0.12880465921861978,-5.017913181169314,5.017913181169314,5.0,0.05927357069958199,0.07646539317433687,-0.007179067388368639
6,0.2034203244003951,0.1260785023206143,-5.017811896283438,5.017811896283438,5.0,0.059188970648676086,0.07632986744378116,-0.018368235896037866
