epoch,beta,coefficient,loss,expected_cut,best_measured_cut,success_probability_ancilla_1,max_postselected_probability,grad
0,-0.2776045257393783,-0.1700773869403996,-4.729265964786624,4.729265964786624,4.0,0.047913407777682576,0.06683879507817236,0.000580632663113711
1,-0.27044855191814954,-0.16590258486386547,-4.729328814265579,4.729328814265579,4.0,0.04773421746498986,0.06667644827599713,-0.013936243223609453
2,-0.26349888574162117,-0.16183301070750855,-4.729318183705102,4.729318183705102,4.0,0.04756381140562767,0.06651196623257218,-0.0035895082086550207
3,-0.26078491991607755,-0.16023979093847962,-4.729294520326298,4.729294520326298,4.0,0.04749824615941782,0.06644589302030034,0.006685696950480065
4,-0.26194890252810443,-0.16092337237775597,-4.729306023079321,4.729306023079321,4.0,0.047526298230165354,0.06647435805319779,0.010758078181657455
5,-0.26507865282505594,-0.16275938120339942,-4.729326883787531,4.729326883787531,4.0,0.04760223103577055,0.06654994941130589,0.00900741524541931
6,-0.2687718596165648,-0.16492210283449268,-4.72933277331465,4.72933277331465,4.0,0.047692776229958316,0.0666373826576185,0.004330580727535956
