epoch,beta,coefficient,loss,expected_cut,best_measured_cut,success_probability_ancilla_1,max_postselected_probability,grad
0,0.2634508662498222,0.16180484039781595,-3.998319121865751,3.998319121865751,3.0,0.014683400805427842,0.061805380452111966,0.0028516795668379275
1,0.25343889703676376,0.15591632830322097,-3.998351189345324,3.998351189345324,3.0,0.014426747543296313,0.06179080325941194,0.0030833211581664014
2,0.2434059037371002,0.14998602779141063,-3.998385782208866,3.998385782208866,3.0,0.014177844804600156,0.06174350523071704,0.0033239150394440953
3,0.2333441289833737,0.14401012035042302,-3.9984230255833904,3.9984230255833904,3.0,0.013936749688719548,0.06166105821643888,0.0035732321084377926
4,0.22324614487926447,0.13798493385650043,-3.998463045893175,3.998463045893175,3.0,0.013703551429022208,0.06154089420161557,0.003830935438538585
5,0.2131049130841887,0.13190699030236727,-3.9985059691770344,3.9985059691770344,3.0,0.013478372419977815,0.061380315191404085,0.004096559803040372
6,0.20291382837134422,0.12577304427052705,-3.998551919104002,3.998551919104002,3.0,0.01326136844635105,0.06117650855291234,0.004369491885687768
