epoch,beta,coefficient,loss,expected_cut,best_measured_cut,success_probability_ancilla_1,max_postselected_probability,grad
0,0.22562035821138274,0.13940400808673126,-5.376157893664323,5.376157893664323,7.0,0.0733243898125627,0.10638086811321214,0.06954614083766092
1,0.21580738725254578,0.13352924340856037,-5.376574005994364,5.376574005994364,7.0,0.07311876435830118,0.10715080766498875,0.05145738864291678
2,0.20643316921243782,0.1278942035950655,-5.376803143951237,5.376803143951237,7.0,0.07292931646565079,0.10788188370019937,0.0332826452310783
3,0.19789814263224886,0.12274485843053345,-5.376865791370782,5.376865791370782,7.0,0.07276286756231808,0.10854331343158351,0.015544312432762131
4,0.1907374341255014,0.11841136955576796,-5.376809178227781,5.376809178227781,7.0,0.07262772836958778,0.10909486556287146,-0.0009116177107489567
5,0.18546353969947105,0.11521222364855671,-5.376702923385594,5.376702923385594,7.0,0.07253085995147576,0.10949897796368308,-0.014932414542710323
6,0.18232204584531636,0.11330363889270942,-5.376613357257492,5.376613357257492,7.0,0.07247424102012272,0.10973880323619135,-0.02537884715881007
