epoch,beta,coefficient,loss,expected_cut,best_measured_cut,success_probability_ancilla_1,max_postselected_probability,grad
0,-0.23706474687104875,-0.1462231496500601,-3.9999999999963936,3.9999999999963936,3.0,0.011087784046248373,0.04652687212464613,7.810513511306009e-12
1,-0.2370650959381803,-0.14622335709689716,-3.9999999999963918,3.9999999999963918,3.0,0.011087792421978073,0.046526876153918574,7.804983478609102e-12
2,-0.23706552335147757,-0.14622361110397086,-3.9999999999963913,3.9999999999963913,3.0,0.011087802677607731,0.04652688108748358,7.807867415210385e-12
3,-0.23706601674722974,-0.146223904323637,-3.9999999999963936,3.9999999999963936,3.0,0.011087814516482386,0.04652688678259836,7.80704759914084e-12
4,-0.23706656820438599,-0.14622423204847695,-3.9999999999963918,3.9999999999963918,3.0,0.011087827748546792,0.046526893147802235,7.805481252049313e-12
5,-0.23706717214534537,-0.14622459096375953,-3.9999999999963918,3.9999999999963918,3.0,0.011087842239975765,0.046526900118685446,7.807258726128782e-12
6,-0.23706782433529763,-0.14622497855275965,-3.999999999996393,3.999999999996393,3.0,0.011087857889163798,0.04652690764633821,7.808645493554013e-12
