epoch,beta,coefficient,loss,expected_cut,best_measured_cut,success_probability_ancilla_1,max_postselected_probability,grad
0,-0.25308437578506915,-0.1557072742212036,-5.6203628298901265,5.6203628298901265,7.0,0.07850549024230925,0.1268218954882082,-0.04636451294089213
1,-0.24356637915029997,-0.15008110829226023,-5.620525483753441,5.620525483753441,7.0,0.07834862747013713,0.1266709567524852,-0.026645637659272067
2,-0.23539553808458283,-0.1452307721861619,-5.620518176876207,5.620518176876207,7.0,0.07821942152132438,0.12653021129175018,-0.0074673806179988145
3,-0.22978780194942622,-0.1418912797385048,-5.620433363364507,5.620433363364507,7.0,0.07813370656171774,0.12642758110240163,0.0093018844226957
4,-0.2273148436548399,-0.14041589398473794,-5.620375106136208,5.620375106136208,7.0,0.07809668057788476,0.1263807505169876,0.020967734517154925
5,-0.2274983402409413,-0.14052542567794143,-5.620379869505763,5.620379869505763,7.0,0.07809941161166764,0.12638425855197033,0.02615164492067227
6,-0.2295359704568427,-0.1417411102143686,-5.62042801670029,5.62042801670029,7.0,0.07812991432463993,0.12642285624923913,0.02576617701867739
