epoch,beta,coefficient,loss,expected_cut,best_measured_cut,success_probability_ancilla_1,max_postselected_probability,grad
0,0.23389709179094106,0.14433926373267406,-5.516013484970088,5.516013484970088,7.0,0.07750497343387563,0.11238658632932799,0.14445438170208597
1,0.22395419690947982,0.13840829417233436,-5.517178287081853,5.517178287081853,7.0,0.07733672379272089,0.11218459694996254,0.12634161067922572
2,0.21412337740353013,0.1325185759239,-5.518147428501811,5.518147428501811,7.0,0.0771779204200733,0.11197091341529491,0.10788369637397123
3,0.20447666572079617,0.12671536160897037,-5.518918078103426,5.518918078103426,7.0,0.07702951882801029,0.1117475933966097,0.08921181957246392
4,0.19510681251962275,0.12105703064770516,-5.519492122703316,5.519492122703316,7.0,0.0768925371717735,0.1115176398299931,0.07050000194611625
5,0.18613010065897545,0.11561690496334799,-5.519877855152391,5.519877855152391,7.0,0.07676802277471012,0.11128519527201154,0.05197398076300017
6,0.1776865552441515,0.11048344870542914,-5.5200916227088985,5.5200916227088985,7.0,0.07665698847797076,0.11105565478335704,0.03391807710516649
7,0.16993512833749352,0.10575732647871475,-5.520158857808946,5.520158857808946,7.0,0.07656031273551711,0.11083558677695568,0.01667598544197696
8,0.16304167486064455,0.10154392930661015,-5.520113655688986,5.520113655688986,7.0,0.07647861076425908,0.11063234163145945,0.0006397824698439103
9,0.15715970653010336,0.09794132395581416,-5.51999615824128,5.51999615824128,7.0,0.07641210667027518,0.11045329929338203,-0.013778069442295085
