{
  "0": 0.0,
  "1": -0.2751903505581637,
  "2": 0.24745113364954602,
  "3": -0.24341481424046962,
  "4": -0.3595575166898681,
  "5": 0.2590233979416022,
  "6": 0.025956569822164686,
  "7": 0.24200732945028164,
  "8": 0.11805411494044964,
  "9": -0.028420882828113083,
  "10": -0.009911023847745363,
  "11": 0.014489720378171003,
  "12": -0.0023961040335403394,
  "13": 0.007212269174761591,
  "14": 0.0062309171680560065,
  "15": 0.0,
  "16": -0.04137849670958842,
  "17": 0.1811335120777074,
  "18": 0.19596909453986458,
  "19": -0.0073843488221202154,
  "20": -0.25961589505768695,
  "21": 0.05975604643691004,
  "22": 0.06179747575589444,
  "23": -0.21538590027476479,
  "24": 0.06935946532544318,
  "25": 0.0166434390022082,
  "26": -0.12467672101263352,
  "27": 0.07687833798638287,
  "28": 0.1720067037310322,
  "29": -0.08976407770967834,
  "30": 0.02720302833997951,
  "31": -0.17863175029508888,
  "32": 0.11468317378001701,
  "33": -0.06212130746835701,
  "34": -0.012967597463698282,
  "35": -0.06208850455124695,
  "36": 0.04263707793700166,
  "37": 0.10448367125392886,
  "38": -0.10091610091702545,
  "39": 0.07362028411443394,
  "40": -0.020674800362929513,
  "41": 0.023150150134899645,
  "42": -0.08472760498898592,
  "43": 0.045667590515857885,
  "44": 0.045566376735956406,
  "45": -0.06476332525268469,
  "46": 0.003196260280338641,
  "47": -0.07632369720509516,
  "48": -0.0059824218416581225,
  "49": 0.03402160371070219,
  "50": -0.02875600194619556,
  "51": 0.0014642724298720626,
  "52": 0.037735894604106326,
  "53": 0.017499126047155825,
  "54": 0.033617243179012,
  "55": -0.038769895933470286,
  "56": -0.04962753341026569,
  "57": -0.08442930457802644,
  "58": -0.09423690348280654,
  "59": 0.10253711770181032,
  "60": 0.08726480763295623,
  "61": -0.06381102446906502,
  "62": 0.08920606678186013,
  "63": 0.0655094141541912
}