epoch,beta,coefficient,loss,expected_cut,best_measured_cut,success_probability_ancilla_1,max_postselected_probability,grad
0,0.3954868123271404,0.29537308861061795,-2.9999999999995355,2.9999999999995355,1.0,0.06458275083067427,0.05992849976370818,-6.423690963961511e-13
1,0.395486841026802,0.2953731079632027,-2.9999999999995355,2.9999999999995355,1.0,0.06458275339462212,0.059928499405702565,-6.414897468310879e-13
2,0.39548687617577194,0.295373131664646,-2.9999999999995355,2.9999999999995355,1.0,0.06458275653473336,0.05992849896724681,-6.423031103407022e-13
3,0.3954869167742248,0.2953731590407513,-2.999999999999535,2.999999999999535,1.0,0.06458276016168643,0.05992849846081284,-6.432544961033061e-13
4,0.39548696216902096,0.29537318965109705,-2.999999999999535,2.999999999999535,1.0,0.06458276421713176,0.059928497894548044,-6.433129660721481e-13
