{
  "0": 0.0,
  "1": -0.27018863601691945,
  "2": 0.24332089639836038,
  "3": -0.23055456898709661,
  "4": 0.30774341121028503,
  "5": 0.3734363043526586,
  "6": 0.31387412976099643,
  "7": -0.04955662492910013,
  "8": 0.0,
  "9": -0.37594398630711756,
  "10": 0.0,
  "11": -0.20034764276887942,
  "12": 0.006242155732584626,
  "13": 0.0,
  "14": 0.012049624073366107,
  "15": 0.12450709851635293,
  "16": 0.0,
  "17": -0.07955713467691523,
  "18": 0.0,
  "19": -0.055251277675860924,
  "20": -0.08370840222497496,
  "21": 0.0,
  "22": 0.0,
  "23": 0.0,
  "24": 0.3404807169811678,
  "25": 0.09742370192477917,
  "26": -0.006425221736938815,
  "27": 0.04866516410852813,
  "28": -0.13055489988591626,
  "29": -0.12615714838903322,
  "30": -0.24083034257268285,
  "31": 0.12845508666926245,
  "32": -0.16012104640455782,
  "33": 0.08548808452106661,
  "34": -0.06813679570163565,
  "35": 0.1750473899628499,
  "36": -0.1062068236229645,
  "37": 0.09659638119382914,
  "38": -0.20736448728957269,
  "39": -0.08506897682849378,
  "40": -0.07446360367682306,
  "41": 0.10053591933005317,
  "42": -0.03421258045064969,
  "43": 0.16745113443671372,
  "44": -0.046387852083384556,
  "45": -0.01701968984681586,
  "46": 0.0,
  "47": 0.026989486346148565,
  "48": 0.0,
  "49": 0.04013912819005422,
  "50": 0.0,
  "51": 0.07998824929539937,
  "52": -0.01971294730849547,
  "53": -0.03470853044611844,
  "54": 0.038305876112559235,
  "55": 0.0,
  "56": 0.11913882344935425,
  "57": 0.14694351728000968,
  "58": -0.043386900962291676,
  "59": -0.07549626612642614,
  "60": 0.0,
  "61": -0.15537920061344324,
  "62": 0.07478070077974319,
  "63": -0.09746932287857712
}