{
  "config": {
    "N_VERTICES": 4,
    "PROB_ARESTA": 0.85,
    "COM_PESO": false,
    "PESO_MIN": 1,
    "PESO_MAX": 1,
    "GRAPH_SEED": 104375,
    "GRAPH_EDGES": [
      [
        0,
        1,
        1.0
      ],
      [
        0,
        3,
        1.0
      ],
      [
        1,
        2,
        1.0
      ],
      [
        1,
        3,
        1.0
      ],
      [
        2,
        3,
        1.0
      ]
    ],
    "REVERSE_BITS": false,
    "ER": 1.0,
    "MAX_TERMS": null,
    "A_MAX": 0.7853981633974483,
    "INIT_BETA": 0.35,
    "MAX_EPOCHS": 200,
    "LR": 0.01,
    "FD_EPS": 0.01,
    "LOSS_TOL_LAST5": 0.001,
    "PATIENCE_LAST5": 5,
    "TRAIN_SEED": 6,
    "INIT_BETA_JITTER": 0.05,
    "OPTIMIZER": "adam",
    "ADAM_BETA1": 0.9,
    "ADAM_BETA2": 0.999,
    "ADAM_EPS": 1e-08,
    "COEF_ZERO_TOL": 0.005,
    "IMPROVEMENT_TOL": 0.003,
    "SATURATION_PATIENCE": 40,
    "INDEX_STRATEGY": "ascending",
    "INDEX_RANDOM_SEED": 42,
    "ENABLE_BACKWARD_PRUNING": false,
    "BACKWARD_PASSES": 1,
    "PRUNE_IMPROVEMENT_TOL": 1e-06,
    "OUTDIR": "benchmark_results_walsh_article/unweighted/sparse_threshold/n4/graph02_trainseed06",
    "SHOW_PLOTS": false,
    "name": "sparse_threshold"
  },
  "n_qubits_register": 4,
  "graph_edges": [
    [
      0,
      1,
      1.0
    ],
    [
      0,
      3,
      1.0
    ],
    [
      1,
      2,
      1.0
    ],
    [
      1,
      3,
      1.0
    ],
    [
      2,
      3,
      1.0
    ]
  ],
  "graph_signature": "088078414915f783002f6e924a47ca164ddb929b0c303d60c8d30a073f7782ae",
  "graph_num_edges": 5,
  "graph_density": 0.8333333333333334,
  "best_cut_bruteforce": 4.0,
  "best_bitstring_bruteforce": "0101",
  "best_index_bruteforce": 5,
  "candidate_order": [
    1,
    2,
    3,
    4,
    5,
    6,
    7,
    8,
    9,
    10,
    11,
    12,
    13,
    14,
    15
  ],
  "total_possible_parameters": 15,
  "visited_parameters": 15,
  "trained_coefficients": {
    "0": 0.0,
    "1": -0.23926198245475294,
    "2": 0.2392101413121146,
    "3": 0.0,
    "4": -0.16774934774852038,
    "5": 0.0,
    "6": 0.0,
    "7": 0.20164810049787654,
    "8": 0.06973037627645737,
    "9": 0.0,
    "10": 0.0,
    "11": -0.11297355353174895,
    "12": 0.0,
    "13": 0.12361901505182118,
    "14": -0.16146379331528354,
    "15": 0.0
  },
  "final_coefficient_vector": [
    0.0,
    -0.23926198245475294,
    0.2392101413121146,
    0.0,
    -0.16774934774852038,
    0.0,
    0.0,
    0.20164810049787654,
    0.06973037627645737,
    0.0,
    0.0,
    -0.11297355353174895,
    0.0,
    0.12361901505182118,
    -0.16146379331528354,
    0.0
  ],
  "active_indices": [
    1,
    2,
    4,
    7,
    8,
    11,
    13,
    14
  ],
  "active_parameter_count": 8,
  "compression_ratio_active_over_total": 0.5333333333333333,
  "final_loss": -3.874496393497176,
  "final_expected_cut": 3.874496393497176,
  "best_expected_cut_over_evolution": 3.874496393497176,
  "final_best_measured_index": 5,
  "final_best_measured_bitstring": "0101",
  "final_best_measured_cut": 4.0,
  "best_measured_cut_over_evolution": 4.0,
  "final_success_probability_ancilla_1": 0.0531359870460088,
  "final_max_postselected_probability": 0.43968501061518805,
  "gap_expected_to_bruteforce": 0.1255036065028241,
  "gap_measured_to_bruteforce": 0.0,
  "approx_ratio_measured": 1.0,
  "n_steps": 15,
  "elapsed_seconds": 23.52467370033264,
  "steps": [
    {
      "visit_idx": 1,
      "j": 1,
      "kept": true,
      "beta": -0.31462395563923734,
      "coefficient": -0.23926198245475294,
      "loss": -2.5,
      "expected_cut": 2.5,
      "best_measured_cut": 0.0,
      "success_probability_ancilla_1": 0.014243430492153177,
      "epochs_run": 5,
      "stop_reason": "loss_plateau_last5",
      "history_path": "benchmark_results_walsh_article/unweighted/sparse_threshold/n4/graph02_trainseed06/histories/history_visit001_j001.json",
      "improvement_vs_previous": 2.5
    },
    {
      "visit_idx": 2,
      "j": 2,
      "kept": true,
      "beta": 0.31455119876583904,
      "coefficient": 0.2392101413121146,
      "loss": -2.9999999880343258,
      "expected_cut": 2.9999999880343258,
      "best_measured_cut": 3.0,
      "success_probability_ancilla_1": 0.02807514317863581,
      "epochs_run": 5,
      "stop_reason": "loss_plateau_last5",
      "history_path": "benchmark_results_walsh_article/unweighted/sparse_threshold/n4/graph02_trainseed06/histories/history_visit002_j002.json",
      "improvement_vs_previous": 0.49999998803432577
    },
    {
      "visit_idx": 3,
      "j": 3,
      "kept": false,
      "beta": 0.0015406175998765037,
      "coefficient": 0.0,
      "loss": -2.9999999880343258,
      "expected_cut": 2.9999999880343258,
      "best_measured_cut": 3.0,
      "success_probability_ancilla_1": 0.02807514317863581,
      "epochs_run": 41,
      "stop_reason": "loss_plateau_last5_and_discarded_near_zero",
      "history_path": "benchmark_results_walsh_article/unweighted/sparse_threshold/n4/graph02_trainseed06/histories/history_visit003_j003.json",
      "improvement_vs_previous": 0.0
    },
    {
      "visit_idx": 4,
      "j": 4,
      "kept": true,
      "beta": -0.21692482064952306,
      "coefficient": -0.16774934774852038,
      "loss": -3.1757639925108982,
      "expected_cut": 3.1757639925108982,
      "best_measured_cut": 3.0,
      "success_probability_ancilla_1": 0.0346995330374005,
      "epochs_run": 62,
      "stop_reason": "loss_plateau_last5",
      "history_path": "benchmark_results_walsh_article/unweighted/sparse_threshold/n4/graph02_trainseed06/histories/history_visit004_j004.json",
      "improvement_vs_previous": 0.17576400447657248
    },
    {
      "visit_idx": 5,
      "j": 5,
      "kept": false,
      "beta": 0.0003462392927467599,
      "coefficient": 0.0,
      "loss": -3.1757639925108982,
      "expected_cut": 3.1757639925108982,
      "best_measured_cut": 3.0,
      "success_probability_ancilla_1": 0.0346995330374005,
      "epochs_run": 44,
      "stop_reason": "loss_plateau_last5_and_discarded_near_zero",
      "history_path": "benchmark_results_walsh_article/unweighted/sparse_threshold/n4/graph02_trainseed06/histories/history_visit005_j005.json",
      "improvement_vs_previous": 0.0
    },
    {
      "visit_idx": 6,
      "j": 6,
      "kept": false,
      "beta": 0.0008536652824366513,
      "coefficient": 0.0,
      "loss": -3.1757639925108982,
      "expected_cut": 3.1757639925108982,
      "best_measured_cut": 3.0,
      "success_probability_ancilla_1": 0.0346995330374005,
      "epochs_run": 37,
      "stop_reason": "loss_plateau_last5_and_discarded_near_zero",
      "history_path": "benchmark_results_walsh_article/unweighted/sparse_threshold/n4/graph02_trainseed06/histories/history_visit006_j006.json",
      "improvement_vs_previous": 0.0
    },
    {
      "visit_idx": 7,
      "j": 7,
      "kept": true,
      "beta": 0.2626219974242673,
      "coefficient": 0.20164810049787654,
      "loss": -3.4778167731647773,
      "expected_cut": 3.4778167731647773,
      "best_measured_cut": 3.0,
      "success_probability_ancilla_1": 0.043188696173242946,
      "epochs_run": 68,
      "stop_reason": "loss_plateau_last5",
      "history_path": "benchmark_results_walsh_article/unweighted/sparse_threshold/n4/graph02_trainseed06/histories/history_visit007_j007.json",
      "improvement_vs_previous": 0.3020527806538791
    },
    {
      "visit_idx": 8,
      "j": 8,
      "kept": true,
      "beta": 0.08901786080912488,
      "coefficient": 0.06973037627645737,
      "loss": -3.5073652729567173,
      "expected_cut": 3.5073652729567173,
      "best_measured_cut": 4.0,
      "success_probability_ancilla_1": 0.044298828842251406,
      "epochs_run": 25,
      "stop_reason": "loss_plateau_last5",
      "history_path": "benchmark_results_walsh_article/unweighted/sparse_threshold/n4/graph02_trainseed06/histories/history_visit008_j008.json",