{
  "0": 0.0,
  "1": -0.23926198245475294,
  "2": 0.2392101413121146,
  "3": 0.0,
  "4": -0.16774934774852038,
  "5": 0.0,
  "6": 0.0,
  "7": 0.20164810049787654,
  "8": 0.06973037627645737,
  "9": 0.0,
  "10": 0.0,
  "11": -0.11297355353174895,
  "12": 0.0,
  "13": 0.12361901505182118,
  "14": -0.16146379331528354,
  "15": 0.0
}