epoch,beta,coefficient,loss,expected_cut,best_measured_cut,success_probability_ancilla_1,max_postselected_probability,grad
0,-0.3781906860586477,-0.2836348842559704,-2.49999999999875,2.49999999999875,0.0,0.01997771459138463,0.06249999999996875,5.985364096686411e-12
1,-0.378190953662199,-0.2836350670205178,-2.4999999999987486,2.4999999999987486,0.0,0.01997774016446062,0.06249999999996872,5.985534914059151e-12
2,-0.3781912812906699,-0.2836352907800905,-2.4999999999987486,2.4999999999987486,0.0,0.019977771473730557,0.06249999999996872,5.983785416148803e-12
3,-0.3781916595442822,-0.28363554911491984,-2.4999999999987494,2.4999999999987494,0.0,0.019977807620928628,0.06249999999996873,5.986868827392644e-12
4,-0.378192082294023,-0.2836358378390641,-2.4999999999987486,2.4999999999987486,0.0,0.019977848020353864,0.06249999999996872,5.982930812940632e-12
