epoch,beta,coefficient,loss,expected_cut,best_measured_cut,success_probability_ancilla_1,max_postselected_probability,grad
0,-0.32338015826953104,-0.24548410729613424,-3.4785956053678975,3.4785956053678975,3.0,0.060199497363360555,0.24625523328985285,0.05208852919677746
1,-0.33134724373684166,-0.2511159951829362,-3.478545468488696,3.478545468488696,3.0,0.060781463192626686,0.24636499451223948,0.009850117038372885
2,-0.3345573647070433,-0.2533771506597841,-3.4784540556920422,3.4784540556920422,3.0,0.06101903805838461,0.2463950263959172,-0.022200136834955326
3,-0.3337998602975032,-0.25284399778925676,-3.4784792422906037,3.4784792422906037,3.0,0.060962818544489636,0.2463886610743106,-0.03471462646176642
4,-0.3308846827172926,-0.25078979119015193,-3.478555316166953,3.478555316166953,3.0,0.06074737494617116,0.24636000396266652,-0.03178213773123363
