epoch,beta,coefficient,loss,expected_cut,best_measured_cut,success_probability_ancilla_1,max_postselected_probability,grad
0,-0.25482167234670355,-0.1567313713227052,-4.419391743016474,4.419391743016474,6.0,0.05296575125126336,0.09592371161429465,0.114009819318817
1,-0.26473717098091976,-0.1625592013919826,-4.42024987325306,4.42024987325306,6.0,0.05320053641744282,0.09610221152368872,0.09552823910601321
2,-0.2744885358537932,-0.16826147988817178,-4.420922869092303,4.420922869092303,6.0,0.05343852555402891,0.09626139683235431,0.07763350312560356
3,-0.283974478459568,-0.1737800540865085,-4.4214190062409635,4.4214190062409635,6.0,0.05367662493760681,0.09640100585406489,0.06047103236653816
4,-0.2930702941398287,-0.17904455309755848,-4.421751714203003,4.421751714203003,6.0,0.053910888207280856,0.09652105938517767,0.044205431524206154
5,-0.3016293786500922,-0.1839735559843413,-4.421940272448558,4.421940272448558,6.0,0.0541365261210701,0.09662194929538177,0.029018574492067257
6,-0.30949017472966134,-0.1884787321808277,-4.422009840571419,4.422009840571419,6.0,0.05434809213244424,0.09670451463243976,0.015103076495795063
7,-0.3164898090643428,-0.19247253179435658,-4.4219903629251105,4.4219903629251105,6.0,0.05453989806765372,0.09677007081239233,0.002649502267832653
