epoch,beta,coefficient,loss,expected_cut,best_measured_cut,success_probability_ancilla_1,max_postselected_probability,grad
0,-0.27712397879771955,-0.16979753727019098,-4.981706502942624,4.981706502942624,6.0,0.06645397546108017,0.16259209091988544,0.26387029555597363
1,-0.28708781144985107,-0.17558501957425054,-4.9839789401351275,4.9839789401351275,6.0,0.06662875739007514,0.16263529214161265,0.23986157596349816
2,-0.2969867704825033,-0.18130299621699902,-4.986006646764284,4.986006646764284,6.0,0.0668094588566367,0.16265739023057302,0.21634526520569997
3,-0.306788431653709,-0.18693268039959163,-4.987792860698747,4.987792860698747,6.0,0.0669951533458389,0.16265931197145822,0.19340833034747096
4,-0.31645656628604724,-0.192453604543005,-4.989343072104919,4.989343072104919,6.0,0.067184757547944,0.16264223994209967,0.17113836671833788
5,-0.3259511747342567,-0.19784371328237407,-4.990665160773432,4.990665160773432,6.0,0.06737702829378349,0.1626076208566771,0.1496225221951329
6,-0.33522869624782126,-0.20307954792774394,-4.991769477656133,4.991769477656133,6.0,0.0675705654270157,0.16255716602983156,0.12894623872754934
7,-0.34424244018978695,-0.2081365403048972,-4.992668849981502,4.992668849981502,6.0,0.06776382232089329,0.16249284162046562,0.10919181678734352
8,-0.35294327661870384,-0.21298942890556746,-4.993378489206176,4.993378489206176,6.0,0.06795512557693754,0.16241684647118876,0.09043682455908442
9,-0.36128060806352247,-0.2176128009904091,-4.99391578399659,4.99391578399659,6.0,0.06814270495598704,0.1623315759165376,0.0727523968384439
10,-0.3692036180719566,-0.2219817506925918,-4.994299967321252,4.994299967321252,6.0,0.06832473374204652,0.16223957096790598,0.056201496096118964
11,-0.3766627572908616,-0.22607262643648193,-4.994551657831877,4.994551657831877,6.0,0.06849937855684637,0.16214345377984243,0.04083723598412532
12,-0.3836113890706483,-0.2298638237120761,-4.994692290211072,4.994692290211072,6.0,0.0686648562670306,0.16204585210749264,0.02670138954243693
13,-0.3900074814341084,-0.2333365651895102,-4.994743464971387,4.994743464971387,6.0,0.0688194943046557,0.1619493172772519,0.013823213103951574
14,-0.3958152096300919,-0.23647560333692397,-4.994726262159626,4.994726262159626,6.0,0.06896178976642073,0.16185624161241394,0.0022187058305712525
