epoch,beta,coefficient,loss,expected_cut,best_measured_cut,success_probability_ancilla_1,max_postselected_probability,grad
0,-0.3133802248057128,-0.23837547647511093,-2.9999999999996656,2.9999999999996656,1.0,0.08989449728738674,0.10467495052769035,1.84262095772162e-13
1,-0.3133802330256626,-0.23837548233633826,-2.9999999999996656,2.9999999999996656,1.0,0.08989449769360938,0.10467495055330196,1.834787038371851e-13
2,-0.31338024309519835,-0.238375489516411,-2.9999999999996643,2.9999999999996643,1.0,0.08989449819123693,0.10467495058467645,1.84083089887939e-13
3,-0.31338025471820297,-0.23837549780418316,-2.999999999999666,2.999999999999666,1.0,0.08989449876563553,0.10467495062089124,1.8386046768621946e-13
4,-0.3133802677134869,-0.2383755070704577,-2.999999999999666,2.999999999999666,1.0,0.08989449940785102,0.1046749506613817,1.841237505910035e-13
