epoch,beta,coefficient,loss,expected_cut,best_measured_cut,success_probability_ancilla_1,max_postselected_probability,grad
0,-0.357057938792026,-0.26909308672084115,-2.9999999999994476,2.9999999999994476,1.0,0.054207202019167705,0.04624907311102651,8.69933439857972e-13
1,-0.35705797766255215,-0.26909311366594785,-2.9999999999994484,2.9999999999994484,1.0,0.05420720533184321,0.04624907313528253,8.68904972456899e-13
2,-0.3570580252466312,-0.2690931466513015,-2.9999999999994458,2.9999999999994458,1.0,0.05420720938711702,0.04624907316497567,8.688745489566931e-13
3,-0.35705808023452196,-0.26909318476898697,-2.9999999999994458,2.9999999999994458,1.0,0.054207214073368766,0.04624907319928853,8.722649641036657e-13
4,-0.35705814172195643,-0.2690932273921638,-2.9999999999994458,2.9999999999994458,1.0,0.054207219313533866,0.046249073237656674,8.715127878969701e-13
