{
  "config": {
    "N_VERTICES": 4,
    "PROB_ARESTA": 0.7,
    "COM_PESO": false,
    "PESO_MIN": 1,
    "PESO_MAX": 1,
    "GRAPH_SEED": 104986,
    "GRAPH_EDGES": [
      [
        0,
        2,
        1.0
      ],
      [
        0,
        3,
        1.0
      ]
    ],
    "REVERSE_BITS": false,
    "ER": 0.75,
    "MAX_TERMS": null,
    "A_MAX": 0.6283185307179586,
    "INIT_BETA": 0.25,
    "MAX_EPOCHS": 200,
    "LR": 0.01,
    "FD_EPS": 0.01,
    "LOSS_TOL_LAST5": 0.002,
    "PATIENCE_LAST5": 7,
    "TRAIN_SEED": 2,
    "INIT_BETA_JITTER": 0.03,
    "OPTIMIZER": "adam",
    "ADAM_BETA1": 0.9,
    "ADAM_BETA2": 0.999,
    "ADAM_EPS": 1e-08,
    "COEF_ZERO_TOL": 0.002,
    "IMPROVEMENT_TOL": 0.002,
    "SATURATION_PATIENCE": 60,
    "INDEX_STRATEGY": "ascending",
    "INDEX_RANDOM_SEED": 42,
    "ENABLE_BACKWARD_PRUNING": false,
    "BACKWARD_PASSES": 1,
    "PRUNE_IMPROVEMENT_TOL": 1e-06,
    "OUTDIR": "benchmark_results_walsh_article/unweighted/coarse_loader/n4/graph08_trainseed02",
    "SHOW_PLOTS": false,
    "name": "coarse_loader"
  },
  "n_qubits_register": 4,
  "graph_edges": [
    [
      0,
      2,
      1.0
    ],
    [
      0,
      3,
      1.0
    ]
  ],
  "graph_signature": "2cf81b7f6c28153cc1763d3712042bf1e2dce228b62300b14a9509084e53b32c",
  "graph_num_edges": 2,
  "graph_density": 0.3333333333333333,
  "best_cut_bruteforce": 2.0,
  "best_bitstring_bruteforce": "0011",
  "best_index_bruteforce": 3,
  "candidate_order": [
    1,
    2,
    3,
    4,
    5,
    6,
    7,
    8,
    9,
    10,
    11,
    12,
    13,
    14,
    15
  ],
  "total_possible_parameters": 15,
  "visited_parameters": 15,
  "trained_coefficients": {
    "0": 0.0,
    "1": -0.13901285347735204,
    "2": 0.15176335275093122,
    "3": -0.14759707718555112,
    "4": 0.24910783456975602,
    "5": -0.0026604201707962735,
    "6": 0.1894146422956087,
    "7": -0.16245548364694226,
    "8": 0.12236487151294886,
    "9": 0.009159042866762153,
    "10": 0.12148945851855884,
    "11": -0.11689753856239359,
    "12": -0.01282110985817822,
    "13": -0.23221204509143653,
    "14": 0.15838928626572668,
    "15": -0.16207891860003523
  },
  "final_coefficient_vector": [
    0.0,
    -0.13901285347735204,
    0.15176335275093122,
    -0.14759707718555112,
    0.24910783456975602,
    -0.0026604201707962735,
    0.1894146422956087,
    -0.16245548364694226,
    0.12236487151294886,
    0.009159042866762153,
    0.12148945851855884,
    -0.11689753856239359,
    -0.01282110985817822,
    -0.23221204509143653,
    0.15838928626572668,
    -0.16207891860003523
  ],
  "active_indices": [
    1,
    2,
    3,
    4,
    5,
    6,
    7,
    8,
    9,
    10,
    11,
    12,
    13,
    14,
    15
  ],
  "active_parameter_count": 15,
  "compression_ratio_active_over_total": 1.0,
  "final_loss": -1.944681780883998,
  "final_expected_cut": 1.944681780883998,
  "best_expected_cut_over_evolution": 1.944681780883998,
  "final_best_measured_index": 8,
  "final_best_measured_bitstring": "1000",
  "final_best_measured_cut": 2.0,
  "best_measured_cut_over_evolution": 2.0,
  "final_success_probability_ancilla_1": 0.04176860798794909,
  "final_max_postselected_probability": 0.6580856143503497,
  "gap_expected_to_bruteforce": 0.05531821911600199,
  "gap_measured_to_bruteforce": 0.0,
  "approx_ratio_measured": 1.0,
  "n_steps": 15,
  "elapsed_seconds": 4.012140274047852,
  "steps": [
    {
      "visit_idx": 1,
      "j": 1,
      "kept": true,
      "beta": -0.22496567972844228,
      "coefficient": -0.13901285347735204,
      "loss": -1.0,
      "expected_cut": 1.0,
      "best_measured_cut": 0.0,
      "success_probability_ancilla_1": 0.0027150573956833696,
      "epochs_run": 7,
      "stop_reason": "loss_plateau_last5",
      "history_path": "benchmark_results_walsh_article/unweighted/coarse_loader/n4/graph08_trainseed02/histories/history_visit001_j001.json",
      "improvement_vs_previous": 1.0
    },
    {
      "visit_idx": 2,
      "j": 2,
      "kept": true,
      "beta": 0.24640768906406366,
      "coefficient": 0.15176335275093122,
      "loss": -1.0,
      "expected_cut": 1.0,
      "best_measured_cut": 0.0,
      "success_probability_ancilla_1": 0.005932884734210737,
      "epochs_run": 7,
      "stop_reason": "loss_plateau_last5",
      "history_path": "benchmark_results_walsh_article/unweighted/coarse_loader/n4/graph08_trainseed02/histories/history_visit002_j002.json",
      "improvement_vs_previous": 0.0
    },
    {
      "visit_idx": 3,
      "j": 3,
      "kept": true,
      "beta": -0.23937787894471046,
      "coefficient": -0.14759707718555112,
      "loss": -1.0,
      "expected_cut": 1.0,
      "best_measured_cut": 2.0,
      "success_probability_ancilla_1": 0.008956945139609719,
      "epochs_run": 7,
      "stop_reason": "loss_plateau_last5",
      "history_path": "benchmark_results_walsh_article/unweighted/coarse_loader/n4/graph08_trainseed02/histories/history_visit003_j003.json",
      "improvement_vs_previous": 0.0
    },
    {
      "visit_idx": 4,
      "j": 4,
      "kept": true,
      "beta": 0.41945053024602763,
      "coefficient": 0.24910783456975602,
      "loss": -1.272653312702993,
      "expected_cut": 1.272653312702993,
      "best_measured_cut": 2.0,
      "success_probability_ancilla_1": 0.017502164726242185,
      "epochs_run": 17,
      "stop_reason": "loss_plateau_last5",
      "history_path": "benchmark_results_walsh_article/unweighted/coarse_loader/n4/graph08_trainseed02/histories/history_visit004_j004.json",
      "improvement_vs_previous": 0.2726533127029931
    },
    {
      "visit_idx": 5,
      "j": 5,
      "kept": true,
      "beta": -0.004234215513146595,
      "coefficient": -0.0026604201707962735,
      "loss": -1.2726372620602835,
      "expected_cut": 1.2726372620602835,
      "best_measured_cut": 2.0,
      "success_probability_ancilla_1": 0.017500812729364185,
      "epochs_run": 27,
      "stop_reason": "loss_plateau_last5",
      "history_path": "benchmark_results_walsh_article/unweighted/coarse_loader/n4/graph08_trainseed02/histories/history_visit005_j005.json",
      "improvement_vs_previous": -1.605064270959744e-05
    },
    {
      "visit_idx": 6,
      "j": 6,
      "kept": true,
      "beta": 0.311127816451353,
      "coefficient": 0.1894146422956087,
      "loss": -1.383548830095648,
      "expected_cut": 1.383548830095648,
      "best_measured_cut": 2.0,
      "success_probability_ancilla_1": 0.02220953792935151,
      "epochs_run": 7,
      "stop_reason": "loss_plateau_last5",
      "history_path": "benchmark_results_walsh_article/unweighted/coarse_loader/n4/graph08_trainseed02/histories/history_visit006_j006.json",
      "improvement_vs_previous": 0.1109115680353645
    },
    {
      "visit_idx": 7,
      "j": 7,
      "kept": true,
      "beta": -0.2645602651488023,
      "coefficient": -0.16245548364694226,
      "loss": -1.4614750604917701,
      "expected_cut": 1.4614750604917701,
      "best_measured_cut": 2.0,
      "success_probability_ancilla_1": 0.025510393430566398,
      "epochs_run": 7,
      "stop_reason": "loss_plateau_last5",
      "history_path": "benchmark_results_walsh_article/unweighted/coarse_loader/n4/graph08_trainseed02/histories/history_visit007_j007.json",
      "improvement_vs_previous": 0.07792623039612212
    },
    {
      "visit_idx": 8,
      "j": 8,
      "kept": true,
      "beta": 0.19726945605837815,
      "coefficient": 0.12236487151294886,
      "loss": -1.5043243975181109,
      "expected_cut": 1.5043243975181109,
      "best_measured_cut": 2.0,
      "success_probability_ancilla_1": 0.02750716283560357,
      "epochs_run": 7,
      "stop_reason": "loss_plateau_last5",
      "history_path": "benchmark_results_walsh_article/unweighted/coarse_loader/n4/graph08_trainseed02/histories/history_visit008_j008.json",
      "improvement_vs_previous": 0.04284933702634075
    },
    {
      "visit_idx": 9,
      "j": 9,
      "kept": true,
      "beta": 0.014578102092481601,