{
  "0": 0.0,
  "1": -0.13901285347735204,
  "2": 0.15176335275093122,
  "3": -0.14759707718555112,
  "4": 0.24910783456975602,
  "5": -0.0026604201707962735,
  "6": 0.1894146422956087,
  "7": -0.16245548364694226,
  "8": 0.12236487151294886,
  "9": 0.009159042866762153,
  "10": 0.12148945851855884,
  "11": -0.11689753856239359,
  "12": -0.01282110985817822,
  "13": -0.23221204509143653,
  "14": 0.15838928626572668,
  "15": -0.16207891860003523
}