{
  "0": 0.0,
  "1": -0.2836348325444587,
  "2": 0.2715324263016555,
  "3": -0.2690930771771998,
  "4": -0.3785578859019262,
  "5": 0.2751108090048269,
  "6": 0.03009181106746757,
  "7": 0.24749749726550252,
  "8": 0.11289052483969178,
  "9": -0.024046479715023984,
  "10": -0.013994117215616076,
  "11": 0.018053755844039274,
  "12": 0.0015440256847884268,
  "13": 0.0017018633744915236,
  "14": 0.00764912526802384,
  "15": 0.0
}