epoch,beta,coefficient,loss,expected_cut,best_measured_cut,success_probability_ancilla_1,max_postselected_probability,grad
0,-0.2251201259938166,-0.1391051416221359,-0.9999999999963218,0.9999999999963218,0.0,0.0027186602767901437,0.062499999999770114,3.156933331817901e-11
1,-0.22512153732045903,-0.13910598492011989,-0.9999999999963218,0.9999999999963218,0.0,0.00271869320968855,0.062499999999770114,3.157168539889174e-11
2,-0.22512326532289156,-0.139107017437973,-0.9999999999963216,0.9999999999963216,0.0,0.0027187335323676514,0.0624999999997701,3.156929429472914e-11
3,-0.22512526008086034,-0.13910820934689566,-0.9999999999963216,0.9999999999963216,0.0,0.0027187800800798616,0.0624999999997701,3.1569260767474335e-11
4,-0.22512748964019794,-0.1391095415532207,-0.9999999999963214,0.9999999999963214,0.0,0.002718832107307779,0.06249999999977009,3.156764309566872e-11
5,-0.2251299313229732,-0.1391110005060361,-0.9999999999963218,0.9999999999963218,0.0,0.0027188890849905592,0.062499999999770114,3.1568404278322647e-11
6,-0.22513256786218802,-0.1391125758875822,-0.9999999999963223,0.9999999999963223,0.0,0.0027189506103287684,0.06249999999977014,3.156478905799378e-11
