epoch,beta,coefficient,loss,expected_cut,best_measured_cut,success_probability_ancilla_1,max_postselected_probability,grad
0,0.21341840133593448,0.13209526723765952,-1.5541681337868611,1.5541681337868611,2.0,0.030725922626082442,0.45714967349152325,0.010530183497868415
1,0.21234124627635242,0.1314482383680074,-1.5541588792588494,1.5541588792588494,2.0,0.03070421205990128,0.45706066669160184,-0.007598097717963517
2,0.21546764397097679,0.1333254027370604,-1.5541798435562895,1.5541798435562895,2.0,0.03076750366308574,0.4573143804666224,-0.00958631227066694
3,0.2193035897554561,0.13562519317548513,-1.5541811401080357,1.5541811401080357,2.0,0.030846312503388873,0.45760649334615017,-0.0038344134050818345
4,0.22147191026714608,0.1369235012743937,-1.554170084182179,1.554170084182179,2.0,0.030891419120843387,0.4577623371934855,0.003143768133892421
5,0.22118119738427042,0.13674950438387048,-1.5541720576116353,1.5541720576116353,2.0,0.03088534820270284,0.4577418297442755,0.007049177698056704
6,0.21923753081888037,0.13558562045033623,-1.5541813438375862,1.5541813438375862,2.0,0.030844944629126694,0.4576016406637247,0.006527221141296418
