epoch,beta,coefficient,loss,expected_cut,best_measured_cut,success_probability_ancilla_1,max_postselected_probability,grad
0,0.3115796430843241,0.23709087276672608,-5.1278620849520316,5.1278620849520316,5.0,0.2403870521143175,0.06292858797261448,0.028575238074321177
1,0.3020212033000312,0.23024826753303287,-5.127969646434494,5.127969646434494,5.0,0.23996978362360616,0.0629590512223116,0.016930811722165838
2,0.2936826648123382,0.22424751490911,-5.127973578775265,5.127973578775265,5.0,0.2396138716507761,0.06298204665882294,0.005532083777066332
3,0.2877069791789618,0.2199295136862349,-5.127923923875633,5.127923923875633,5.0,0.23936356590823238,0.06299643177151469,-0.0046209696122944495
4,0.2847668047852928,0.21779963024449708,-5.127883206510711,5.127883206510711,5.0,0.23924189030214948,0.06300285855734708,-0.012014119062593673
