{
  "0": 0.0,
  "1": 0.0,
  "2": 0.24536719514019348,
  "3": -0.23735731036455263,
  "4": 0.0,
  "5": 0.37870914210823836,
  "6": 0.3121284353972413,
  "7": -0.06310274242482476,
  "8": -0.23665240206780327,
  "9": 0.0,
  "10": -0.05377472432644417,
  "11": 0.03500596679411909,
  "12": -0.2957961691014959,
  "13": 0.0,
  "14": -0.15599357116496204,
  "15": -0.13210485231912983,
  "16": 0.0,
  "17": 0.0,
  "18": 0.0,
  "19": 0.0,
  "20": -0.20206281264220968,
  "21": 0.0,
  "22": -0.11943508838692721,
  "23": -0.16971541815217034,
  "24": 0.3180525188340807,
  "25": 0.0,
  "26": 0.0,
  "27": 0.225774634531417,
  "28": 0.0,
  "29": 0.0,
  "30": 0.0,
  "31": 0.0,
  "32": 0.04635183980684277,
  "33": 0.10926058260728935,
  "34": 0.05344358183887488,
  "35": -0.06313731570533376,
  "36": -0.10201663525597647,
  "37": -0.030263738125152442,
  "38": 0.08165596744812582,
  "39": -0.15625594082292357,
  "40": 0.0,
  "41": 0.0,
  "42": -0.1126225914899683,
  "43": 0.0732019811323842,
  "44": -0.0597261368526625,
  "45": 0.06731584148371864,
  "46": 0.12302699165776852,
  "47": 0.07301345315898368,
  "48": -0.10859879009190564,
  "49": 0.0,
  "50": 0.0,
  "51": -0.09941658011005643,
  "52": -0.0190987894739786,
  "53": 0.10900574398482925,
  "54": 0.11477045839216359,
  "55": -0.04056487176002316,
  "56": 0.03929011419258899,
  "57": -0.14980920365168124,
  "58": -0.10670103873187883,
  "59": 0.013877080259386297,
  "60": 0.045225510350463814,
  "61": 0.0,
  "62": 0.027401496370431884,
  "63": 0.0
}