epoch,beta,coefficient,loss,expected_cut,best_measured_cut,success_probability_ancilla_1,max_postselected_probability,grad
0,-0.3024478661685011,-0.23055452975700644,-0.9999999999997766,0.9999999999997766,1.0,0.044708163744526436,0.1847237926298876,3.8358244277926974e-13
1,-0.3024478833082334,-0.23055454205851136,-0.9999999999997764,0.9999999999997764,1.0,0.044708165059187184,0.18472379302161207,3.8314568920927945e-13
2,-0.3024479042923031,-0.2305545571191686,-0.9999999999997765,0.9999999999997765,1.0,0.04470816666871842,0.18472379350119783,3.8323011638596415e-13
3,-0.3024479285317611,-0.2305545745162784,-0.9999999999997762,0.9999999999997762,1.0,0.04470816852794627,0.1847237940551841,3.8413481868946916e-13
4,-0.30244795564051946,-0.23055459397273806,-0.9999999999997763,0.9999999999997763,1.0,0.04470817060725684,0.184723794674747,3.84417608985511e-13
