epoch,beta,coefficient,loss,expected_cut,best_measured_cut,success_probability_ancilla_1,max_postselected_probability,grad
0,0.4434719810578644,0.4361768626582596,-2.725730689651581,2.725730689651581,3.0,0.4708947166280089,0.12647742558810676,-0.010533067583989687
1,0.45326045664120185,0.44461433332663963,-2.7257913825188367,2.7257913825188367,3.0,0.47155132978214664,0.12659405229252704,-0.007602196594557787
2,0.46257563549865927,0.4525789873987997,-2.7258241169840667,2.7258241169840667,3.0,0.4721740525445483,0.12669691853052556,-0.004811642733476961
3,0.4710330142733588,0.45975490365484045,-2.7258332624180013,2.7258332624180013,3.0,0.4727374708390048,0.1267836023956341,-0.0022283248745518787
4,0.4781596019342605,0.46576047046735264,-2.72582614214065,2.72582614214065,3.0,0.47321068690017115,0.1268517892966122,5.589858696890161e-05
