epoch,beta,coefficient,loss,expected_cut,best_measured_cut,success_probability_ancilla_1,max_postselected_probability,grad
0,-0.4925083815705151,-0.4777367941661586,-2.4999999999998996,2.4999999999998996,2.0,0.25073639903438516,0.1720122852453776,7.041351268298773e-14
1,-0.4925083847133907,-0.47773679677239334,-2.4999999999998996,2.4999999999998996,2.0,0.25073639958657196,0.17201228524210704,7.018726121650657e-14
2,-0.49250838855515844,-0.47773679995818547,-2.4999999999999,2.4999999999999,2.0,0.2507364002615504,0.1720122852381092,6.997313799805349e-14
3,-0.49250839298296983,-0.4777368036299552,-2.4999999999999,2.4999999999999,2.0,0.2507364010394937,0.1720122852335015,6.978566265598207e-14
4,-0.49250839793258544,-0.47773680773443183,-2.4999999999999005,2.4999999999999005,2.0,0.2507364019091153,0.17201228522835083,7.008614201361056e-14
