epoch,beta,coefficient,loss,expected_cut,best_measured_cut,success_probability_ancilla_1,max_postselected_probability,grad
0,0.3187956660786285,0.24223057761418632,-10.999760948622164,10.999760948622164,6.0,0.027930134555183346,0.007810632411138608,0.08568350300037447
1,0.30937829144388207,0.23551844676681186,-10.999998363025597,10.999998363025597,6.0,0.02715787119226402,0.007812487211166248,0.0457817809955602
2,0.3018468346588148,0.23012308218306238,-10.99989158132459,10.99989158132459,6.0,0.026552550582019645,0.007811652979127815,0.003919080767016302
3,0.2978595991579889,0.2272570268651264,-10.999720082121483,10.999720082121483,6.0,0.026236604002509215,0.007810313141603875,-0.03276584461005684
4,0.2973932221636189,0.226921357704468,-10.999694601269063,10.999694601269063,6.0,0.026199855227810872,0.007810114072444319,-0.053401621814826924
