epoch,beta,coefficient,loss,expected_cut,best_measured_cut,success_probability_ancilla_1,max_postselected_probability,grad
0,0.3604650544783136,0.2714521414676,-4.314978238307159,4.314978238307159,4.0,0.11054298987092466,0.037548534476010295,-0.06255422033379486
1,0.37040482136227204,0.27830250507940035,-4.315480241174766,4.315480241174766,4.0,0.11135182575804264,0.03770112006153772,-0.054425659815842006
2,0.3802338332010448,0.2850292568499804,-4.315901842395117,4.315901842395117,4.0,0.11216381430527948,0.03784429331701057,-0.04663074644457488
3,0.3898929111203407,0.29159312976011964,-4.316246346779817,4.316246346779817,4.0,0.11297305893628065,0.03797770557959399,-0.03920281501986284
4,0.39931411812326845,0.2979501726929965,-4.3165181988963734,4.3165181988963734,4.0,0.1137726992450847,0.038101052465294244,-0.03217476762302893
5,0.4084212940775412,0.3040522881551733,-4.316723029847333,4.316723029847333,4.0,0.11455495497077996,0.038214088822919406,-0.025578379226535566
6,0.417131532935088,0.30984833643889964,-4.316867636951928,4.316867636951928,4.0,0.11531126567394225,0.03831664568984912,-0.019443383477438618
