epoch,beta,coefficient,loss,expected_cut,best_measured_cut,success_probability_ancilla_1,max_postselected_probability,grad
0,0.335871129354706,0.25430119713855964,-5.197913579129256,5.197913579129256,7.0,0.2119180546273691,0.06495016495996514,0.09378169957022539
1,0.3259362091767127,0.24729405301164742,-5.1986528202641935,5.1986528202641935,7.0,0.21138689931885524,0.0652804370889037,0.0809481233908356
2,0.31613186667101373,0.2403358898848816,-5.199252442713193,5.199252442713193,7.0,0.21087347943415857,0.06560430476715318,0.06780351855614708
3,0.3065468939762812,0.23349292617365577,-5.199710368433189,5.199710368433189,7.0,0.21038221219034856,0.06591872270024643,0.05445183964866996
4,0.29729906145702045,0.22685357570212017,-5.200028794744793,5.200028794744793,7.0,0.20991852479620268,0.06621981144444807,0.041040410647255256
5,0.2885391112247693,0.22053168110131802,-5.200215944223888,5.200215944223888,7.0,0.20948889253192393,0.06650277917034907,0.027771316883320712
6,0.2804493868963125,0.21466577007416046,-5.200287684704219,5.200287684704219,7.0,0.20910063294322817,0.06676201549199903,0.014910333135846845
7,0.27323229716489816,0.2094106519350213,-5.200268174835369,5.200268174835369,7.0,0.20876130121513065,0.06699148939090445,0.0027869108586423995
