epoch,beta,coefficient,loss,expected_cut,best_measured_cut,success_probability_ancilla_1,max_postselected_probability,grad
0,0.32272737079731795,0.24502140229541178,-4.776038203957916,4.776038203957916,4.0,0.1844644390744316,0.054919867751714195,0.07692250324433512
1,0.3127844290877572,0.2379505681240876,-4.776658315882216,4.776658315882216,4.0,0.18397751147405417,0.0547781748727255,0.06728438391878247
2,0.30295426361049366,0.2309179265775961,-4.777173346373754,4.777173346373754,4.0,0.18350888616809302,0.054631223047034154,0.05740009734193006
3,0.2933108177249904,0.22397924679639336,-4.777581147568419,4.777581147568419,4.0,0.18306186263628677,0.05448034534474799,0.047338076074466086
4,0.2839505062127482,0.2172076799870737,-4.777882205190343,4.777882205190343,4.0,0.18264031735900316,0.05432746340149206,0.037193017625213556
5,0.27499566715574175,0.21069653555316528,-4.778080691254301,4.778080691254301,4.0,0.18224870721010972,0.05417521352325301,0.027092313684666455
6,0.266595119295783,0.2045598994181685,-4.778185527451793,4.778185527451793,4.0,0.18189195248968937,0.054027017855892166,0.017201588036763037
7,0.2589188397879922,0.19892879568131797,-4.778211085249964,4.778211085249964,4.0,0.18157512643187895,0.0538870221866855,0.007726560570701119
