epoch,beta,coefficient,loss,expected_cut,best_measured_cut,success_probability_ancilla_1,max_postselected_probability,grad
0,-0.3204624012194152,-0.24341449992275607,-6.9999999999985185,6.9999999999985185,1.0,0.04722333468536693,0.01155371977798404,2.5039920276527376e-12
1,-0.32046251310672086,-0.24341457935803346,-6.9999999999985185,6.9999999999985185,1.0,0.04722334361722821,0.011553719870460432,2.5012140169543675e-12
2,-0.32046265005440233,-0.24341467658511542,-6.9999999999985185,6.9999999999985185,1.0,0.04722335454963942,0.011553719983648814,2.4999992251099324e-12
3,-0.3204628082832759,-0.2434147889209365,-6.9999999999985185,6.9999999999985185,1.0,0.047223367180913384,0.011553720114425244,2.5089518100790855e-12
4,-0.32046298519464256,-0.24341491452052608,-6.999999999998516,6.999999999998516,1.0,0.04722338130359989,0.011553720260641475,2.506671186840663e-12
