epoch,beta,coefficient,loss,expected_cut,best_measured_cut,success_probability_ancilla_1,max_postselected_probability,grad
0,0.32615808835602056,0.2474510291119684,-6.999999999997906,6.999999999997906,4.0,0.03347033793538953,0.007790049586887713,-5.212404780326372e-12
1,0.32615832141038253,0.2474511939828026,-6.99999999999791,6.99999999999791,4.0,0.033470357366857634,0.007790049866768678,-5.2129253124473365e-12
2,0.3261586065990644,0.2474513957352512,-6.9999999999979075,6.9999999999979075,4.0,0.03347038114516348,0.007790050209256434,-5.204232934366213e-12
3,0.3261589357221763,0.24745162856840724,-6.99999999999791,6.99999999999791,4.0,0.03347040858662847,0.007790050604502152,-5.2040847124036925e-12
4,0.3261593036311732,0.24745188883999247,-6.999999999997909,6.999999999997909,4.0,0.03347043926198708,0.007790051046321458,-5.209798866464661e-12
