epoch,beta,coefficient,loss,expected_cut,best_measured_cut,success_probability_ancilla_1,max_postselected_probability,grad
0,-0.4353010892077255,-0.42908078415045897,-3.9999999999998206,3.9999999999998206,3.0,0.2229468917804998,0.04346958507847537,1.4488043094510867e-13
1,-0.4353010956597329,-0.4290807897726423,-3.9999999999998215,3.9999999999998215,3.0,0.22294689293798503,0.04346958509182941,1.437917612670769e-13
2,-0.43530110355255897,-0.42908079665033366,-3.9999999999998206,3.9999999999998206,3.0,0.2229468943539522,0.043469585108165565,1.4394804010143444e-13
3,-0.4353011126600844,-0.429080804586496,-3.999999999999819,3.999999999999819,3.0,0.22294689598783554,0.04346958512701582,1.4395465825145166e-13
4,-0.4353011228524031,-0.4290808134679309,-3.999999999999822,3.999999999999822,3.0,0.22294689781632993,0.04346958514811138,1.4482625412397703e-13
