epoch,beta,coefficient,loss,expected_cut,best_measured_cut,success_probability_ancilla_1,max_postselected_probability,grad
0,-0.3766126613619467,-0.2825565308210906,-3.999999999999159,3.999999999999159,2.0,0.04745399088654556,0.04607371825171694,1.5973823354171016e-12
1,-0.37661273274272045,-0.2825565796273378,-3.999999999999157,3.999999999999157,2.0,0.04745399729895973,0.04607371760079368,1.5957689796275272e-12
2,-0.37661282009109126,-0.28255663935134634,-3.999999999999159,3.999999999999159,2.0,0.047454005145806666,0.046073716804260735,1.5939159267251896e-12
3,-0.3766129208520097,-0.28255670824611206,-3.999999999999155,3.999999999999155,2.0,0.04745401419755682,0.04607371588541721,1.5914890499474088e-12
4,-0.37661303352129943,-0.2825567852831602,-3.9999999999991553,3.9999999999991553,2.0,0.047454024319084596,0.04607371485797942,1.5969001017427953e-12
