epoch,beta,coefficient,loss,expected_cut,best_measured_cut,success_probability_ancilla_1,max_postselected_probability,grad
0,0.3688574542919113,0.27723921775453453,-4.868499616930976,4.868499616930976,4.0,0.16314632349974437,0.07907963309196503,0.07213738786469444
1,0.35893951735678375,0.2703965579638558,-4.869043063302434,4.869043063302434,4.0,0.16253263708205717,0.07912793457720572,0.060660432269016976
2,0.3491924343736874,0.26362608709082586,-4.8694611271436745,4.8694611271436745,4.0,0.1619409765239574,0.07916704671672231,0.04885886541670871
3,0.33974291434858184,0.25701986827817325,-4.8697529392872845,4.8697529392872845,4.0,0.1613786064510735,0.07919678419650245,0.03685710764367286
4,0.330765594308285,0.25070579290496675,-4.869923453728594,4.869923453728594,4.0,0.16085491771856938,0.0792173382375873,0.02484349604553023
5,0.3224869324985364,0.24485092871025574,-4.86998593723988,4.86998593723988,4.0,0.16038139704565563,0.07922945343104255,0.013089349309688537
