epoch,beta,coefficient,loss,expected_cut,best_measured_cut,success_probability_ancilla_1,max_postselected_probability,grad
0,-0.31195276857552373,-0.23735718970200778,-2.499999999999406,2.499999999999406,2.0,0.042092864357459285,0.04640599838140404,1.1146048058565697e-12
1,-0.3119528184332705,-0.23735722528377795,-2.499999999999406,2.499999999999406,2.0,0.04209286829905565,0.04640599840430623,1.1156169011057176e-12
2,-0.3119528794565808,-0.2373572688340278,-2.499999999999406,2.499999999999406,2.0,0.04209287312336693,0.0464059984323367,1.1139308083982752e-12
3,-0.3119529498976507,-0.23735731910540867,-2.4999999999994076,2.4999999999994076,2.0,0.04209287869221756,0.04640599846469229,1.1144255355278402e-12
4,-0.311953028630636,-0.23735737529444317,-2.4999999999994063,2.4999999999994063,2.0,0.042092884916602194,0.04640599850085543,1.1144536082394284e-12
