{
  "config": {
    "N_VERTICES": 4,
    "PROB_ARESTA": 0.55,
    "COM_PESO": false,
    "PESO_MIN": 1,
    "PESO_MAX": 1,
    "GRAPH_SEED": 104577,
    "GRAPH_EDGES": [
      [
        0,
        2,
        1.0
      ],
      [
        2,
        3,
        1.0
      ]
    ],
    "REVERSE_BITS": false,
    "ER": 1.0,
    "MAX_TERMS": null,
    "A_MAX": 0.7853981633974483,
    "INIT_BETA": 0.35,
    "MAX_EPOCHS": 200,
    "LR": 0.01,
    "FD_EPS": 0.01,
    "LOSS_TOL_LAST5": 0.001,
    "PATIENCE_LAST5": 5,
    "TRAIN_SEED": 3,
    "INIT_BETA_JITTER": 0.05,
    "OPTIMIZER": "adam",
    "ADAM_BETA1": 0.9,
    "ADAM_BETA2": 0.999,
    "ADAM_EPS": 1e-08,
    "COEF_ZERO_TOL": 0.001,
    "IMPROVEMENT_TOL": 0.001,
    "SATURATION_PATIENCE": 100,
    "INDEX_STRATEGY": "ascending",
    "INDEX_RANDOM_SEED": 42,
    "ENABLE_BACKWARD_PRUNING": true,
    "BACKWARD_PASSES": 2,
    "PRUNE_IMPROVEMENT_TOL": 0.0001,
    "OUTDIR": "benchmark_results_walsh_article/unweighted/with_pruning/n4/graph04_trainseed03",
    "SHOW_PLOTS": false,
    "name": "with_pruning"
  },
  "n_qubits_register": 4,
  "graph_edges": [
    [
      0,
      2,
      1.0
    ],
    [
      2,
      3,
      1.0
    ]
  ],
  "graph_signature": "ab3e1e60a1be6f27a830f37b39d70bd64af7163327db0f23a1fcb2724d77253c",
  "graph_num_edges": 2,
  "graph_density": 0.3333333333333333,
  "best_cut_bruteforce": 2.0,
  "best_bitstring_bruteforce": "0010",
  "best_index_bruteforce": 2,
  "candidate_order": [
    1,
    2,
    3,
    4,
    5,
    6,
    7,
    8,
    9,
    10,
    11,
    12,
    13,
    14,
    15
  ],
  "total_possible_parameters": 15,
  "visited_parameters": 15,
  "trained_coefficients": {
    "0": 0.0,
    "1": -0.23491391426111277,
    "2": 0.24931538747873863,
    "3": -0.2825565320157515,
    "4": 0.39827860206284416,
    "5": 0.0,
    "6": 0.32868369397527997,
    "7": -0.2638039807495511,
    "8": -0.221786679654795,
    "9": 0.0,
    "10": -0.15814211795927866,
    "11": 0.1144926061462596,
    "12": 0.0,
    "13": 0.21218098085448725,
    "14": -0.16202002871549995,
    "15": 0.1984618001968478
  },
  "final_coefficient_vector": [
    0.0,
    -0.23491391426111277,
    0.24931538747873863,
    -0.2825565320157515,
    0.39827860206284416,
    0.0,
    0.32868369397527997,
    -0.2638039807495511,
    -0.221786679654795,
    0.0,
    -0.15814211795927866,
    0.1144926061462596,
    0.0,
    0.21218098085448725,
    -0.16202002871549995,
    0.1984618001968478
  ],
  "active_indices": [
    1,
    2,
    3,
    4,
    6,
    7,
    8,
    10,
    11,
    13,
    14,
    15
  ],
  "active_parameter_count": 12,
  "compression_ratio_active_over_total": 0.8,
  "final_loss": -1.8605043411908262,
  "final_expected_cut": 1.8605043411908262,
  "best_expected_cut_over_evolution": 1.8544956603123604,
  "final_best_measured_index": 9,
  "final_best_measured_bitstring": "1001",
  "final_best_measured_cut": 2.0,
  "best_measured_cut_over_evolution": 2.0,
  "final_success_probability_ancilla_1": 0.1147467458400949,
  "final_max_postselected_probability": 0.5311121359202752,
  "gap_expected_to_bruteforce": 0.1394956588091738,
  "gap_measured_to_bruteforce": 0.0,
  "approx_ratio_measured": 1.0,
  "n_steps": 15,
  "elapsed_seconds": 16.950896501541138,
  "steps": [
    {
      "visit_idx": 1,
      "j": 1,
      "kept": true,
      "beta": -0.30853273707051954,
      "coefficient": -0.23491391426111277,
      "loss": -1.0,
      "expected_cut": 1.0,
      "best_measured_cut": 0.0,
      "success_probability_ancilla_1": 0.013732808905230832,
      "epochs_run": 5,
      "stop_reason": "loss_plateau_last5",
      "history_path": "benchmark_results_walsh_article/unweighted/with_pruning/n4/graph04_trainseed03/histories/history_visit001_j001.json",
      "improvement_vs_previous": 1.0
    },
    {
      "visit_idx": 2,
      "j": 2,
      "kept": true,
      "beta": 0.32879566156187434,
      "coefficient": 0.24931538747873863,
      "loss": -1.0,
      "expected_cut": 1.0,
      "best_measured_cut": 0.0,
      "success_probability_ancilla_1": 0.028767426779100307,
      "epochs_run": 5,
      "stop_reason": "loss_plateau_last5",
      "history_path": "benchmark_results_walsh_article/unweighted/with_pruning/n4/graph04_trainseed03/histories/history_visit002_j002.json",
      "improvement_vs_previous": 0.0
    },
    {
      "visit_idx": 3,
      "j": 3,
      "kept": true,
      "beta": -0.3766126631091783,
      "coefficient": -0.2825565320157515,
      "loss": -1.0,
      "expected_cut": 1.0,
      "best_measured_cut": 1.0,
      "success_probability_ancilla_1": 0.04745378391226961,
      "epochs_run": 5,
      "stop_reason": "loss_plateau_last5",
      "history_path": "benchmark_results_walsh_article/unweighted/with_pruning/n4/graph04_trainseed03/histories/history_visit003_j003.json",
      "improvement_vs_previous": 0.0
    },
    {
      "visit_idx": 4,
      "j": 4,
      "kept": true,
      "beta": 0.5588235933467938,
      "coefficient": 0.39827860206284416,
      "loss": -1.2534296912193545,
      "expected_cut": 1.2534296912193545,
      "best_measured_cut": 1.0,
      "success_probability_ancilla_1": 0.08287458848487098,
      "epochs_run": 32,
      "stop_reason": "loss_plateau_last5",
      "history_path": "benchmark_results_walsh_article/unweighted/with_pruning/n4/graph04_trainseed03/histories/history_visit004_j004.json",
      "improvement_vs_previous": 0.25342969121935455
    },
    {
      "visit_idx": 5,
      "j": 5,
      "kept": true,
      "beta": -0.026213066536435087,
      "coefficient": -0.020582980171569974,
      "loss": -1.2530051097123946,
      "expected_cut": 1.2530051097123946,
      "best_measured_cut": 1.0,
      "success_probability_ancilla_1": 0.08269592222260966,
      "epochs_run": 40,
      "stop_reason": "loss_plateau_last5",
      "history_path": "benchmark_results_walsh_article/unweighted/with_pruning/n4/graph04_trainseed03/histories/history_visit005_j005.json",
      "improvement_vs_previous": -0.00042458150695989794
    },
    {
      "visit_idx": 6,
      "j": 6,
      "kept": true,
      "beta": 0.44586374806552825,
      "coefficient": 0.32868369397527997,
      "loss": -1.3883423377645843,
      "expected_cut": 1.3883423377645843,
      "best_measured_cut": 1.0,
      "success_probability_ancilla_1": 0.10093037002594632,
      "epochs_run": 15,
      "stop_reason": "loss_plateau_last5",
      "history_path": "benchmark_results_walsh_article/unweighted/with_pruning/n4/graph04_trainseed03/histories/history_visit006_j006.json",
      "improvement_vs_previous": 0.13533722805218962
    },
    {
      "visit_idx": 7,
      "j": 7,
      "kept": true,
      "beta": -0.34944771697057125,
      "coefficient": -0.2638039807495511,
      "loss": -1.4663601879844368,
      "expected_cut": 1.4663601879844368,
      "best_measured_cut": 1.0,
      "success_probability_ancilla_1": 0.10905113187335887,
      "epochs_run": 5,
      "stop_reason": "loss_plateau_last5",
      "history_path": "benchmark_results_walsh_article/unweighted/with_pruning/n4/graph04_trainseed03/histories/history_visit007_j007.json",
      "improvement_vs_previous": 0.07801785021985252
    },
    {
      "visit_idx": 8,
      "j": 8,
      "kept": true,
      "beta": -0.29027463925271135,
      "coefficient": -0.221786679654795,
      "loss": -1.5526087100528536,
      "expected_cut": 1.5526087100528536,
      "best_measured_cut": 2.0,
      "success_probability_ancilla_1": 0.11862703913008754,
      "epochs_run": 82,
      "stop_reason": "loss_plateau_last5",
      "history_path": "benchmark_results_walsh_article/unweighted/with_pruning/n4/graph04_trainseed03/histories/history_visit008_j008.json",
      "improvement_vs_previous": 0.08624852206841682
    },
    {
      "visit_idx": 9,
      "j": 9,
      "kept": true,
      "beta": -0.08057231678910672,
      "coefficient": -0.06314476559779084,
      "loss": -1.556166899246651,
      "expected_cut": 1.556166899246651,
      "best_measured_cut": 2.0,