epoch,beta,coefficient,loss,expected_cut,best_measured_cut,success_probability_ancilla_1,max_postselected_probability,grad
0,-0.435301091447246,-0.4290807861019439,-5.999999999999732,5.999999999999732,4.0,0.22294693293653978,0.04346958390123994,2.1570036888072154e-13
1,-0.43530110108457604,-0.42908079449976994,-5.999999999999733,5.999999999999733,4.0,0.22294693466546933,0.04346958392118684,2.154172401901763e-13
2,-0.4353011129272253,-0.4290808048192785,-5.999999999999732,5.999999999999732,4.0,0.22294693679003147,0.04346958394569818,2.1764688926241786e-13
3,-0.4353011265717174,-0.429080816708886,-5.999999999999732,5.999999999999732,4.0,0.22294693923784287,0.043469583973938866,2.1486620557624287e-13
4,-0.4353011417974662,-0.4290808299763768,-5.9999999999997335,5.9999999999997335,4.0,0.22294694196933057,0.043469584005452366,2.1442560548327099e-13
