epoch,beta,coefficient,loss,expected_cut,best_measured_cut,success_probability_ancilla_1,max_postselected_probability,grad
0,-0.5297542566319062,-0.50809315256639,-5.999999999999382,5.999999999999382,0.0,0.09749868949693623,0.01562499999999839,1.871585027113637e-12
1,-0.5297543403142807,-0.5080932195687055,-5.999999999999384,5.999999999999384,0.0,0.09749871434102976,0.015624999999998394,1.871762464229292e-12
2,-0.5297544427563192,-0.5080933015913918,-5.999999999999385,5.999999999999385,0.0,0.09749874475459903,0.0156249999999984,1.870603862953976e-12
3,-0.5297545610459261,-0.5080933963028053,-5.999999999999385,5.999999999999385,0.0,0.09749877987308515,0.0156249999999984,1.8728862985917044e-12
4,-0.529754693201781,-0.5080935021165504,-5.999999999999385,5.999999999999385,0.0,0.09749881910826315,0.015624999999998397,1.8681128789227274e-12
