{
  "0": 0.0,
  "1": -0.2954847940397639,
  "2": 0.2971023745922963,
  "3": 0.0,
  "4": 0.0,
  "5": 0.0,
  "6": 0.0,
  "7": 0.0,
  "8": 0.0,
  "9": 0.0,
  "10": 0.0,
  "11": 0.0,
  "12": 0.0,
  "13": 0.19624138481918763,
  "14": -0.23705026042803812,
  "15": 0.0
}