epoch,beta,coefficient,loss,expected_cut,best_measured_cut,success_probability_ancilla_1,max_postselected_probability,grad
0,-0.22449946374728189,-0.13873423156304365,-5.199420812691081,5.199420812691081,5.0,0.04611810336040641,0.06203005151755502,-0.09123632577264881
1,-0.21457649387652145,-0.13279058701916532,-5.200117328149966,5.200117328149966,5.0,0.04590734179820139,0.06172913751859839,-0.0772971715982741
2,-0.2048117616184692,-0.1269173314838533,-5.200662277322097,5.200662277322097,5.0,0.04570793998923922,0.0614192743721438,-0.06301353588295881
3,-0.19531881303590162,-0.12118528459265233,-5.2010546436525225,5.2010546436525225,5.0,0.04552183179580533,0.061104889420925186,-0.04853348015776163
4,-0.18625152162800757,-0.11569061117013725,-5.201299622288706,5.201299622288706,5.0,0.04535131556830773,0.060792454433222155,-0.03406906430321262
5,-0.17780774684573802,-0.11055723962445957,-5.201411087183333,5.201411087183333,5.0,0.045198987848849834,0.060490811769185755,-0.019912493150160505
6,-0.1702212618755637,-0.10593200764136339,-5.201413365625151,5.201413365625151,5.0,0.04506751204557719,0.06021099751464559,-0.006444623181240451
