epoch,beta,coefficient,loss,expected_cut,best_measured_cut,success_probability_ancilla_1,max_postselected_probability,grad
0,0.2640036549208856,0.1621290879477388,-4.506507896441443,4.506507896441443,2.0,0.012635106175002193,0.06177907362835682,-0.010917155800054375
1,0.27396771963491207,0.16795766695041178,-4.506602170221556,4.506602170221556,2.0,0.012900106392750523,0.061668695298945087,-0.009932596936931644
2,0.2838699165380638,0.17371937980424318,-4.506686862010754,4.506686862010754,2.0,0.013171215141782943,0.0615311958454244,-0.008997932642774164
3,0.2936826547548191,0.17939800612312723,-4.506762393021553,4.506762393021553,2.0,0.013447309491998898,0.06137000622253979,-0.008115446227652446
4,0.30337733098096614,0.18497715344086457,-4.50682924434699,4.50682924434699,2.0,0.013727162135476083,0.06118862038772599,-0.007286596204749034
5,0.31292475829844485,0.19044052931159286,-4.50688794598738,4.50688794598738,2.0,0.014009458562243286,0.06099053343166764,-0.006512054160347237
6,0.32229563743212036,0.195772223998698,-4.506939065043367,4.506939065043367,2.0,0.014292817992685683,0.06077918162043126,-0.005791760735584453
