epoch,beta,coefficient,loss,expected_cut,best_measured_cut,success_probability_ancilla_1,max_postselected_probability,grad
0,0.22273185840597434,0.13767734776852963,-4.499999999991751,4.499999999991751,2.0,0.005454126523349071,0.03124465125032133,-3.4777169731336063e-11
1,0.2227334130462636,0.13767827767727875,-4.499999999991751,4.499999999991751,2.0,0.005454162265506316,0.03124465401508243,-3.477668421845431e-11
2,0.22273531646959988,0.1376794162098928,-4.499999999991753,4.499999999991753,2.0,0.005454206026699399,0.0312446573991165,-3.477334981262279e-11
3,0.22273751365073755,0.13768073045254645,-4.49999999999175,4.49999999999175,2.0,0.00545425654201736,0.031244661304043714,-3.477076059806516e-11
4,0.22273996963962317,0.1376821994994101,-4.499999999991749,4.499999999991749,2.0,0.005454313008086723,0.03124466566719882,-3.4782493400984584e-11
5,0.2227426595182339,0.13768380844532357,-4.499999999991749,4.499999999991749,2.0,0.005454374852174689,0.03124467044376431,-3.478910706466957e-11
6,0.2227455641979833,0.13768554587201065,-4.499999999991749,4.499999999991749,2.0,0.005454441635569398,0.031244675599294697,-3.4783156643718875e-11
