epoch,beta,coefficient,loss,expected_cut,best_measured_cut,success_probability_ancilla_1,max_postselected_probability,grad
0,-0.2561549020529775,-0.1575166787098066,-5.2800184929704645,5.2800184929704645,5.0,0.05095488923202321,0.071265632050881,-0.12381353369969555
1,-0.24619963394454364,-0.15164024830376702,-5.281053558519328,5.281053558519328,5.0,0.05072573199780145,0.0710149850358564,-0.11069827533549872
2,-0.23633103347416134,-0.14578703725621645,-5.2819443882155195,5.2819443882155195,5.0,0.05050615547573392,0.0707525219197862,-0.09716690362392422
3,-0.22660308669504778,-0.13999095129636177,-5.282686424443961,5.282686424443961,5.0,0.05029725783858745,0.07047999938689431,-0.08329646584482364
4,-0.21708441753322583,-0.1342951780883305,-5.283277728147052,5.283277728147052,5.0,0.0501002542335421,0.07019994550416223,-0.06919057282529292
5,-0.20786071258986186,-0.1287537421724759,-5.283719989227242,5.283719989227242,5.0,0.04991646808161851,0.06991582765920908,-0.0549849548562415
6,-0.19903619555681135,-0.12343247590161348,-5.284019633975701,5.284019633975701,5.0,0.049747301075151455,0.0696321914982436,-0.04085267044364227
7,-0.19073294264823212,-0.11840864770469986,-5.284188829549899,5.284188829549899,5.0,0.04959417118967624,0.06935471030075123,-0.02700745980290529
8,-0.18308653766680394,-0.11376829913452333,-5.284246032609547,5.284246032609547,5.0,0.04945841081655851,0.06909006171294554,-0.01370283668545219
9,-0.1762368720369536,-0.10960052500189729,-5.284215620873784,5.284215620873784,5.0,0.04934112800294074,0.06913200643564496,-0.0012238926723063487
