epoch,beta,coefficient,loss,expected_cut,best_measured_cut,success_probability_ancilla_1,max_postselected_probability,grad
0,0.5268668556081059,0.5057780481613261,-2.999994028419688,2.999994028419688,3.0,0.17529570268834685,0.12499925355247529,0.009872103165286566
1,0.5235756028225632,0.5031312520350377,-2.999972445137275,2.999972445137275,3.0,0.17451054308994574,0.1249965556421736,-0.004150259750627621
2,0.525734930846668,0.5048687113371564,-2.9999883980899478,2.9999883980899478,3.0,0.17502555097946856,0.12499854976125772,-0.008983628755063843
3,0.5295975710719258,0.5079676889442348,-2.999999982533958,2.999999982533958,3.0,0.17594793611692874,0.12499999781675902,-0.005800139167440322
4,0.5329425194367863,0.5106419608832888,-2.9999928210755997,2.9999928210755997,3.0,0.17674782030418773,0.1249991026344641,-0.00022303144749486915
