epoch,beta,coefficient,loss,expected_cut,best_measured_cut,success_probability_ancilla_1,max_postselected_probability,grad
0,0.22295084958599862,0.13780833119307725,-5.011083607665327,5.011083607665327,5.0,0.058127115409735725,0.0905516765659746,0.042839976352247254
1,0.21336852187522581,0.13206531194657664,-5.011251740545517,5.011251740545517,5.0,0.05793386945735632,0.09030507584513764,0.02585360490206163
2,0.20492995913135725,0.12698856527711877,-5.01126607227995,5.01126607227995,5.0,0.05776987209290183,0.09007575068064438,0.009174558051224389
3,0.19872461421809426,0.1232442473353724,-5.011195223725105,5.011195223725105,5.0,0.05765302492243856,0.08989979150072154,-0.005825340686812347
4,0.1954734854622732,0.12127885014837361,-5.011130213882793,5.011130213882793,5.0,0.05759308775012454,0.08980511155219557,-0.01703399101515053
5,0.1949442743575151,0.12095869284489631,-5.011117804297756,5.011117804297756,5.0,0.05758341520899549,0.08978953726456487,-0.022964746899904756
6,0.19643366875116894,0.12185956598157338,-5.0111514210901,5.0111514210901,5.0,0.05761069733751353,0.08983325279577611,-0.023933855325755527
