epoch,beta,coefficient,loss,expected_cut,best_measured_cut,success_probability_ancilla_1,max_postselected_probability,grad
0,-0.22146907285614653,-0.13692180313935323,-3.99999999999552,3.99999999999552,3.0,0.008926920768729784,0.04662807516253754,1.1398303140056055e-11
1,-0.2214695825414448,-0.13692210817619976,-3.999999999995519,3.999999999995519,3.0,0.008926932346486914,0.046628079169566614,1.1402175246366683e-11
2,-0.2214702066505923,-0.1369224816934267,-3.999999999995521,3.999999999995521,3.0,0.008926946523470656,0.04662808407603067,1.1402216636039412e-11
3,-0.22147092710390626,-0.13692291287064337,-3.999999999995518,3.999999999995518,3.0,0.008926962889008443,0.04662808973971846,1.1400010873102485e-11
4,-0.22147173247364355,-0.13692339486851818,-3.9999999999955205,3.9999999999955205,3.0,0.008926981183529437,0.04662809607071677,1.1405755459017698e-11
5,-0.22147261444595392,-0.1369239227113254,-3.9999999999955187,3.9999999999955187,3.0,0.008927001218196208,0.046628103003593935,1.1399609278808857e-11
6,-0.2214735668859211,-0.13692449272738944,-3.9999999999955187,3.9999999999955187,3.0,0.008927022853666769,0.04662811049004927,1.1404313459347273e-11
