epoch,beta,coefficient,loss,expected_cut,best_measured_cut,success_probability_ancilla_1,max_postselected_probability,grad
0,-0.2531249954591727,-0.15573122869375935,-4.737873489022594,4.737873489022594,4.0,0.0470508570835129,0.08253855612685325,0.0115112561374143
1,-0.25701467902004566,-0.15802283178341944,-4.7378464400260665,4.7378464400260665,4.0,0.0471415516391058,0.08262607516806827,-0.0039938801059983394
2,-0.2553159203206038,-0.15702255745577806,-4.737861079450057,4.737861079450057,4.0,0.04710179934512851,0.08258817318818744,-0.009902605867880724
3,-0.2515947146269153,-0.154828449880461,-4.737877808962478,4.737877808962478,4.0,0.047015495253705575,0.08250340830639948,-0.0073306134788951
4,-0.24794578249431726,-0.15267304517232644,-4.737873575312726,4.737873575312726,4.0,0.046931907905582396,0.08241795853137027,-0.0016502866303540046
5,-0.2460463694634042,-0.15154955510316,-4.737863210440782,4.737863210440782,4.0,0.046888807964543006,0.08237256012122227,0.00398078866621953
6,-0.24633765383732265,-0.1517219148830529,-4.737865164532128,4.737865164532128,4.0,0.04689539923385766,0.0823795631359727,0.006935661256157506
