epoch,beta,coefficient,loss,expected_cut,best_measured_cut,success_probability_ancilla_1,max_postselected_probability,grad
0,0.21541887204451926,0.13329613792812472,-5.0439045665898306,5.0439045665898306,5.0,0.06018495644745267,0.09277221106191334,0.11540905314769108
1,0.20548709687833716,0.12732428820295266,-5.044806790313673,5.044806790313673,5.0,0.05999983670981629,0.09249986974829039,0.0991154671813289
2,0.19569236778343754,0.12141124846730611,-5.045532909149235,5.045532909149235,5.0,0.05982523661725499,0.0922158900307635,0.08249806857558228
3,0.18612791301850024,0.11561557696909111,-5.046081410557189,5.046081410557189,5.0,0.05966250312728624,0.09192372284314758,0.0657034956210024
4,0.17691698430158573,0.1100148004548337,-5.046456474047165,5.046456474047165,5.0,0.05951314683532712,0.09162839230384712,0.04893282120007467
5,0.1682162744295819,0.10470763314246134,-5.0466701050112865,5.0466701050112865,5.0,0.05937879203799036,0.09133678662709592,0.03245386620665097
6,0.1602131751256229,0.09981236135498511,-5.046743947973601,5.046743947973601,5.0,0.059261053880355644,0.0910576955196262,0.016608968401875146
7,0.15311210453347748,0.09545838211075149,-5.046709669549044,5.046709669549044,5.0,0.05916132642673598,0.09080133156527251,0.0018099411059189687
