epoch,beta,coefficient,loss,expected_cut,best_measured_cut,success_probability_ancilla_1,max_postselected_probability,grad
0,0.2360882452499055,0.1456426934799821,-4.825329912382095,4.825329912382095,4.0,0.05074708877911974,0.07256013195003336,-0.03103063011623677
1,0.24530553793672036,0.15111107867289802,-4.825394256276462,4.825394256276462,4.0,0.05095136692678712,0.07280369037016055,-0.014459974545927394
2,0.25234835893326696,0.15527314256943767,-4.825351855593994,4.825351855593994,4.0,0.05111190826432083,0.07298143748564687,0.00043689578789004354
3,0.2559507503855459,0.1573964619742024,-4.825300071186894,4.825300071186894,4.0,0.051195495079903286,0.07306958207403699,0.011566891416741049
4,0.2563553111472118,0.15763467962564406,-4.82529299692602,4.82529299692602,4.0,0.05120494379484079,0.07307936440345182,0.017173258789299217
5,0.25454820694542146,0.15657022835052262,-4.825322632706782,4.825322632706782,4.0,0.05116283419207856,0.07303548627633137,0.017799166673370427
6,0.2514117472623867,0.15472046386819677,-4.825362002440847,4.825362002440847,4.0,0.051090338167015956,0.07295821361528695,0.014997534228952617
