epoch,beta,coefficient,loss,expected_cut,best_measured_cut,success_probability_ancilla_1,max_postselected_probability,grad
0,0.2153727749920112,0.13326847757752563,-8.90898115054815,8.90898115054815,9.0,0.01576241778125481,0.12317716981502731,0.38541118678275044
1,0.20549529567131353,0.1273292281082697,-8.911609012139351,8.911609012139351,9.0,0.015559124482184994,0.12331468917959057,0.306872458742591
2,0.19589798206615552,0.12153561096663391,-8.913359954318945,8.913359954318945,9.0,0.015370077580878796,0.12338528564787322,0.2244156490910462
3,0.18683259023496832,0.11604329176135579,-8.914248575294842,8.914248575294842,9.0,0.01519931084516522,0.12339199483734753,0.1397224090710744
4,0.1786666855658885,0.11108013834180411,-8.91438291136901,8.91438291136901,9.0,0.015052072301066765,0.12334593972435928,0.05567947192288739
5,0.17185141276272248,0.10692687331335049,-8.913993049774371,8.913993049774371,9.0,0.014934024266200942,0.12326830921677974,-0.023282962320930238
6,0.16679215020802185,0.10383747348283245,-8.913399466519923,8.913399466519923,9.0,0.01484926692364329,0.1231869656145022,-0.09146370677866324
7,0.1636809363110196,0.10193505790918043,-8.912903045027107,8.912903045027107,9.0,0.014798370119412232,0.12312670930288293,-0.1433681144713867
8,0.16244119741498247,0.10117645686010039,-8.912677003631476,8.912677003631476,9.0,0.014778350140411645,0.12310050141741044,-0.17581547338904033
