epoch,beta,coefficient,loss,expected_cut,best_measured_cut,success_probability_ancilla_1,max_postselected_probability,grad
0,0.24219812240876992,0.14927019279357545,-7.999364387355984,7.999364387355984,5.0,0.006569640812589984,0.0312301371052075,-0.18846389141940229
1,0.2516082236899076,0.15483642244559362,-7.999952677586942,7.999952677586942,5.0,0.0068055205396366295,0.031248521174913422,-0.10018199212071577
2,0.25960888604116666,0.15954871977324628,-7.999933659240748,7.999933659240748,5.0,0.007011931925407445,0.031247926851585374,-0.026275853826281843
3,0.26529325043697566,0.1628851621888511,-7.9996572522134795,7.9996572522134795,5.0,0.007161800697111295,0.031239289131976697,0.03007423367920533
4,0.2682801935589202,0.16463442658408786,-7.999430611804346,7.999430611804346,5.0,0.0072416086152407855,0.031232206619187932,0.06672372383901654
5,0.2688593550328956,0.16497328905851458,-7.999380436806903,7.999380436806903,5.0,0.007257166843590637,0.03123063865051704,0.08491001817365862
6,0.26759733045418477,0.1642347570381585,-7.999487197967586,7.999487197967586,5.0,0.007223299452448182,0.031233974936789897,0.08835326459589721
