epoch,beta,coefficient,loss,expected_cut,best_measured_cut,success_probability_ancilla_1,max_postselected_probability,grad
0,-0.30825403282819885,-0.2347145864874067,-2.4999999999981766,2.4999999999981766,0.0,0.013709620872407432,0.06249999999995441,1.1063496550633565e-11
1,-0.3082545275079439,-0.23471494030912154,-2.4999999999981757,2.4999999999981757,0.0,0.013709662015783487,0.06249999999995441,1.106576238773953e-11
2,-0.30825513320157183,-0.23471537353382854,-2.4999999999981766,2.4999999999981766,0.0,0.013709712392443877,0.06249999999995441,1.1064457884317583e-11
3,-0.30825583235250376,-0.23471587360403828,-2.4999999999981757,2.4999999999981757,0.0,0.013709770542212077,0.0624999999999544,1.1061203705895287e-11
4,-0.3082566138301414,-0.23471643255847197,-2.4999999999981775,2.4999999999981775,0.0,0.013709835539370663,0.06249999999995444,1.106389986177873e-11
