epoch,beta,coefficient,loss,expected_cut,best_measured_cut,success_probability_ancilla_1,max_postselected_probability,grad
0,-0.3535765397519353,-0.2666769034264719,-3.462481385430493,3.462481385430493,3.0,0.04897720816814649,0.24665604698581797,-0.4279002260508556
1,-0.3436019213871964,-0.2597227205979387,-3.466290553469518,3.466290553469518,3.0,0.048164043513611546,0.24726664515633248,-0.3980290367326345
2,-0.33367737624419097,-0.25275776563448726,-3.469740557795544,3.469740557795544,3.0,0.047371521068580794,0.24780438660674325,-0.36523178422516017
3,-0.32383559446069726,-0.24580681513438585,-3.4727957961581306,3.4727957961581306,3.0,0.04660248313603639,0.24826287458496687,-0.3294864323250289
4,-0.31411949877588075,-0.2389024967237433,-3.4754232485753005,3.4754232485753005,3.0,0.045860290580471696,0.24863642236161626,-0.2908438950677817
5,-0.3045849026709492,-0.23208735671967487,-3.477595257423645,3.477595257423645,3.0,0.04514891523139607,0.24892064808715886,-0.24945575719526616
6,-0.2953034098949733,-0.22541613133093308,-3.4792932965202192,3.4792932965202192,3.0,0.04447302323211541,0.2491132670633914,-0.20560846217100176
7,-0.286365084911593,-0.21895786884716753,-3.4805127385146744,3.4805127385146744,3.0,0.0438380200017184,0.24921507441036195,-0.15976294865758967
8,-0.2778799580065029,-0.21279719239901584,-3.481268272933482,3.481268272933482,3.0,0.043250007525618334,0.2492310328494313,-0.1125957853986096
9,-0.2699768671693975,-0.20703355569424517,-3.4815989864664845,3.4815989864664845,3.0,0.042715586087860385,0.24917124492012285,-0.06503286079500048
10,-0.262797802709364,-0.20177706995977882,-3.4815712774244494,3.4815712774244494,3.0,0.04224143329012758,0.2490514188282087,-0.01825999605270102
11,-0.256486436566937,-0.19713984984840646,-3.481277193529026,3.481277193529026,3.0,0.04183364072309054,0.248892332694602,0.026310671542321307
12,-0.2511714655662991,-0.19322329571629765,-3.480826304991245,3.480826304991245,3.0,0.04149689703946528,0.24871793953601762,0.06713753625194395
