epoch,beta,coefficient,loss,expected_cut,best_measured_cut,success_probability_ancilla_1,max_postselected_probability,grad
0,-0.30244792081760574,-0.23055456897968568,-5.499999999998767,5.499999999998767,2.0,0.044708243242924176,0.046180945417547706,2.1117525060001545e-12
1,-0.30244801528453286,-0.23055463678035387,-5.49999999999877,5.49999999999877,2.0,0.04470825048877656,0.04618094595730719,2.113919349507953e-12
2,-0.30244813098149953,-0.2305547198182108,-5.499999999998771,5.499999999998771,2.0,0.044708259363028975,0.046180946618367164,2.114291457460337e-12
3,-0.3024482643842089,-0.23055481556380023,-5.499999999998771,5.499999999998771,2.0,0.04470826959536022,0.04618094738058948,2.1047560828042505e-12
4,-0.30244841347943247,-0.23055492257218824,-5.499999999998769,5.499999999998769,2.0,0.04470828103135169,0.04618094823246981,2.1099634476891122e-12
