epoch,beta,coefficient,loss,expected_cut,best_measured_cut,success_probability_ancilla_1,max_postselected_probability,grad
0,-0.2975960511814926,-0.22706735254333546,-6.533155012213918,6.533155012213918,7.0,0.14355816154628692,0.09194626922917606,-0.14584284355895025
1,-0.28764566723932383,-0.21988513455450634,-6.534356304056693,6.534356304056693,7.0,0.14301822663905422,0.09200828102150851,-0.12923391421024208
2,-0.27779230437436886,-0.21273340161003967,-6.535375362926458,6.535375362926458,7.0,0.1424988809406804,0.09205675129634275,-0.11212676951141312
3,-0.2680978530290498,-0.20565964923129126,-6.536207091798724,6.536207091798724,7.0,0.1420031851112551,0.09209149538089946,-0.09462616339159559
4,-0.25864197681282686,-0.19872528361774183,-6.5368501960535434,6.5368501960535434,7.0,0.14153464407687616,0.09211266690708095,-0.07687557069178078
5,-0.2495250617259438,-0.19200798662022958,-6.537308701909498,6.537308701909498,7.0,0.1410972056889953,0.09212087966868783,-0.05906613053559886
6,-0.2408696098111939,-0.18560290945032584,-6.537593586437873,6.537593586437873,7.0,0.14069518195220945,0.0921173330097197,-0.04144492451782028
7,-0.23281822226342438,-0.17962125538353257,-6.537724129986454,6.537724129986454,7.0,0.1403330456124149,0.09210390618100002,-0.024319669983946305
8,-0.2255260568118952,-0.17418459033936215,-6.537728334148611,6.537728334148611,7.0,0.14001506680663878,0.09208316641008656,-0.008055190021867002
