{
  "0": 0.0,
  "1": -0.23926231383351443,
  "2": 0.23206349718588307,
  "3": -0.2761222015549156,
  "4": 0.3974338511184097,
  "5": -0.018186989896141523,
  "6": 0.3184334207133414,
  "7": -0.24492630287422804,
  "8": -0.11959318398724438,
  "9": 0.13995881224060086,
  "10": 0.08588332280309317,
  "11": 0.10454322974797967,
  "12": -0.23845937014034105,
  "13": 0.17306907609281202,
  "14": -0.2367615189989428,
  "15": -0.06451775458535239,
  "16": 0.009896989685671752,
  "17": -0.008074095472530204,
  "18": 0.009282252870577446,
  "19": -0.009583142363670919,
  "20": 0.01361022237894473,
  "21": -0.0158205654021836,
  "22": 0.0127852249661813,
  "23": -0.015592585780932882,
  "24": 0.007853037318775725,
  "25": -0.008378801826469853,
  "26": 0.009761472521769015,
  "27": -0.008342186695133844,
  "28": 0.009581054740967541,
  "29": -0.010206052791695085,
  "30": 0.011157084549026761,
  "31": -0.010134725098222887,
  "32": 0.0,
  "33": 0.10772025055526391,
  "34": 0.032258302836135615,
  "35": 0.0,
  "36": -0.11901322323293205,
  "37": -0.0962975339663778,
  "38": -0.005747433779465052,
  "39": -0.06473295998370739,
  "40": -0.03806523628154315,
  "41": 0.05706323610110534,
  "42": -0.022031322412450153,
  "43": -0.07488126019635098,
  "44": -0.11331385997121723,
  "45": 0.11284689668205822,
  "46": 0.1164475614330616,
  "47": 0.1125737916817001,
  "48": 0.0,
  "49": 0.0,
  "50": 0.0,
  "51": 0.0,
  "52": 0.0,
  "53": 0.0,
  "54": 0.0,
  "55": 0.0,
  "56": 0.0,
  "57": -0.005071138788582083,
  "58": 0.0,
  "59": 0.0,
  "60": 0.006238270186539164,
  "61": 0.0,
  "62": 0.0,
  "63": 0.0
}