{
  "0": 0.0,
  "1": -0.27018738779085527,
  "2": 0.0,
  "3": -0.23055470349979032,
  "4": 0.30774339977143694,
  "5": 0.3734366505214055,
  "6": 0.3138741448463434,
  "7": 0.0,
  "8": -0.2720614409231705,
  "9": 0.0,
  "10": 0.0,
  "11": 0.04768604053829023,
  "12": -0.2915993384854528,
  "13": 0.1590286686959049,
  "14": 0.0,
  "15": -0.12950187548537284
}