epoch,beta,coefficient,loss,expected_cut,best_measured_cut,success_probability_ancilla_1,max_postselected_probability,grad
0,-0.3586375909215626,-0.2701875107132487,-4.499999999997518,4.499999999997518,0.0,0.018139567789488494,0.015624999999991382,1.2632592503109495e-11
1,-0.35863815590736786,-0.2701879019376121,-4.499999999997518,4.499999999997518,0.0,0.018139620000793225,0.015624999999991382,1.2641613125113168e-11
2,-0.35863884762454334,-0.27018838091689285,-4.49999999999752,4.49999999999752,0.0,0.01813968392363347,0.015624999999991389,1.2634145093659293e-11
3,-0.35863964605647597,-0.27018893379048103,-4.499999999997518,4.499999999997518,0.0,0.01813975770827781,0.015624999999991385,1.263147562027669e-11
4,-0.3586405384645703,-0.27018955173743187,-4.49999999999752,4.49999999999752,0.0,0.018139840177567975,0.015624999999991389,1.2632800185082129e-11
