epoch,beta,coefficient,loss,expected_cut,best_measured_cut,success_probability_ancilla_1,max_postselected_probability,grad
0,0.24391919750691582,0.15029012493641264,-6.529175029709793,6.529175029709793,8.0,0.04387275373738807,0.11931012637255936,-0.023230101424847056
1,0.25054222789256886,0.1542071469323808,-6.529122987696926,6.529122987696926,8.0,0.044009840476479725,0.11943102976388575,0.00024058665890306768
2,0.25126970954054606,0.15463662752478644,-6.529111164914191,6.529111164914191,8.0,0.04402511073259728,0.11944362135078607,0.015426285691471675
3,0.2487403671073219,0.15314272950856564,-6.529147090929963,6.529147090929963,8.0,0.04397219886569352,0.11939925755420469,0.01707643505263926
4,0.24493331694784637,0.1508907129884795,-6.529173596564296,6.529173596564296,8.0,0.04389351744286667,0.11932937501548796,0.011323796297641329
5,0.24127172347493556,0.1487208506245698,-6.529167534151429,6.529167534151429,8.0,0.043818937165481395,0.11925861302450234,0.002584670794202782
6,0.2389717187395815,0.14735593848970074,-6.529147758276384,6.529147758276384,8.0,0.0437726428048293,0.11921237226402157,-0.005910628249941322
