epoch,beta,coefficient,loss,expected_cut,best_measured_cut,success_probability_ancilla_1,max_postselected_probability,grad
0,0.2792902252534833,0.1710584889116943,-5.499999999993233,5.499999999993233,4.0,0.008132679564461604,0.03124967620883337,-2.3027592100282624e-11
1,0.27929125474228683,0.17105908781477683,-5.499999999993237,5.499999999993237,4.0,0.00813270806574097,0.031249675855595075,-2.30287421095757e-11
2,0.279292515104788,0.1710598210277209,-5.499999999993237,5.499999999993237,4.0,0.00813274295884553,0.03124967542287911,-2.3020557130067815e-11
3,0.27929397001677725,0.17106066741875003,-5.499999999993242,5.499999999993242,4.0,0.008132783238203012,0.031249674923012935,-2.302335355361505e-11
4,0.27929559608512106,0.17106161337872194,-5.499999999993236,5.499999999993236,4.0,0.00813282825623497,0.031249674363890523,-2.3016767083398033e-11
5,0.27929737696842094,0.1710626494008302,-5.499999999993236,5.499999999993236,4.0,0.008132877560588716,0.031249673750988062,-2.302812011058412e-11
6,0.27929930006205284,0.1710637681521318,-5.499999999993237,5.499999999993237,4.0,0.008132930802363174,0.031249673088500764,-2.3025690906409594e-11
