epoch,beta,coefficient,loss,expected_cut,best_measured_cut,success_probability_ancilla_1,max_postselected_probability,grad
0,-0.23706483931506803,-0.14622320458854846,-5.499999999995039,5.499999999995039,2.0,0.011087648556533531,0.04652689767733728,1.0734021516715161e-11
1,-0.23706531927819943,-0.1462234898254476,-5.499999999995039,5.499999999995039,2.0,0.011087660073071458,0.046526903217233934,1.0736832968547429e-11
2,-0.23706590700126984,-0.1462238391028265,-5.49999999999504,5.49999999999504,2.0,0.011087674175296259,0.046526910000828,1.0737678058741548e-11
3,-0.23706658551192478,-0.14622424233415296,-5.499999999995039,5.499999999995039,2.0,0.01108769045597668,0.04652691783216423,1.0738606147507062e-11
4,-0.23706734389836293,-0.1462246930346172,-5.499999999995039,5.499999999995039,2.0,0.011087708653301854,0.0465269265852418,1.0736052015941711e-11
5,-0.23706817442373318,-0.14622518660624856,-5.499999999995039,5.499999999995039,2.0,0.011087728581642435,0.04652693617070695,1.0734823968810183e-11
6,-0.23706907126115195,-0.14622571958614997,-5.49999999999504,5.49999999999504,2.0,0.011087750101197972,0.04652694652125187,1.0736184707539084e-11
