epoch,beta,coefficient,loss,expected_cut,best_measured_cut,success_probability_ancilla_1,max_postselected_probability,grad
0,-0.23083308456952026,-0.14251440899452014,-4.433697927932401,4.433697927932401,4.0,0.02807812312112029,0.06672619634615828,-0.09887553483045586
1,-0.22089685676585935,-0.1365793001072035,-4.434479231244609,4.434479231244609,4.0,0.027858010178388605,0.06644448339042613,-0.085525753203286
2,-0.21109068641581333,-0.13069668235661566,-4.435112018863391,4.435112018863391,4.0,0.027649075371172723,0.06614296041102588,-0.07163475361633234
3,-0.20150654719477107,-0.12492401522561908,-4.435592181487958,4.435592181487958,4.0,0.02745298401347735,0.06582529698076674,-0.05732635854812711
4,-0.19226904775614936,-0.11933926347608566,-4.43592067492808,4.43592067492808,4.0,0.027271705765200834,0.0654973029894283,-0.042782327511286515
5,-0.1835405592778449,-0.11404419387914759,-4.436105820281117,4.436105820281117,4.0,0.02710748984406288,0.06516745368031916,-0.028258163571906286
6,-0.17551983602321491,-0.10916365180724023,-4.436165468592861,4.436165468592861,4.0,0.02696273475604525,0.06484711049653712,-0.014095576657361164
7,-0.1684278292055878,-0.10483686089801078,-4.436127836087658,4.436127836087658,4.0,0.026839703802814703,0.06455000601369015,-0.0007219970662853835
