epoch,beta,coefficient,loss,expected_cut,best_measured_cut,success_probability_ancilla_1,max_postselected_probability,grad
0,0.2339293375132934,0.14435845496982544,-3.999999999993022,3.999999999993022,3.0,0.005732487425529225,0.031247311320574515,-2.919214394578038e-11
1,0.23393064249699635,0.1443592316328013,-3.999999999993021,3.999999999993021,3.0,0.0057325187196096816,0.031247309758138737,-2.9190787352875896e-11
2,0.23393224022865505,0.14436018252452062,-3.9999999999930225,3.9999999999930225,3.0,0.005732557034117071,0.03124730784459558,-2.918677090858733e-11
3,0.23393408456187656,0.14436128018055794,-3.9999999999930234,3.9999999999930234,3.0,0.005732601262546803,0.03124730563487882,-2.918634922293829e-11
4,0.2339361459330751,0.1443625070057782,-3.9999999999930225,3.9999999999930225,3.0,0.005732650696054518,0.031247303164076073,-2.918316905827078e-11
5,0.23393840351649184,0.14436385060538126,-3.9999999999930225,3.9999999999930225,3.0,0.005732704835331436,0.03124730045681734,-2.9191792728166355e-11
6,0.2339408413176358,0.14436530145990628,-3.999999999993025,3.999999999993025,3.0,0.0057327632969237045,0.03124729753195123,-2.918741084775192e-11
