epoch,beta,coefficient,loss,expected_cut,best_measured_cut,success_probability_ancilla_1,max_postselected_probability,grad
0,-0.39565297639823105,-0.29548512837524155,-10.499999999995154,10.499999999995154,0.0,0.021669508208015997,0.0039062499999981968,2.195039476933604e-11
1,-0.39565395784610446,-0.2954857900963598,-10.499999999995154,10.499999999995154,0.0,0.021669604556034942,0.0039062499999981968,2.1956265708807322e-11
2,-0.39565515957485625,-0.2954866003366811,-10.499999999995161,10.499999999995161,0.0,0.02166972252905471,0.0039062499999981994,2.1955092249020395e-11
3,-0.39565654663043365,-0.29548753552880364,-10.499999999995158,10.499999999995158,0.0,0.021669858695760047,0.0039062499999981985,2.1942719420465214e-11
4,-0.3956580970400961,-0.2954885808577179,-10.499999999995154,10.499999999995154,0.0,0.02167001089919916,0.0039062499999981976,2.1953515158010854e-11
