{
  "0": 0.0,
  "1": -0.14132108955353434,
  "2": 0.1376794162098928,
  "3": -0.15997912519700663,
  "4": 0.195772223998698,
  "5": 0.25648927268632604,
  "6": 0.21539208588228187,
  "7": -0.01118960964947921,
  "8": -0.18036235866297476,
  "9": -0.10545046532984774,
  "10": -0.04623390971623285,
  "11": 0.005662704971244067,
  "12": -0.21143904363776908,
  "13": 0.0847631896570227,
  "14": -0.09443239932491881,
  "15": -0.10593200764136339,
  "16": 0.11059993321447145,
  "17": 0.057526740782980285,
  "18": 0.026333156407723095,
  "19": -0.011421323642522577,
  "20": 0.07671932872290924,
  "21": -0.11376829913452333,
  "22": 0.0,
  "23": 0.0034222740134633345,
  "24": -0.08203697808699607,
  "25": 0.08015032606671818,
  "26": -0.10941627355185987,
  "27": 0.03204259216408916,
  "28": -0.07490668717603184,
  "29": -0.1738963062214267,
  "30": -0.11108354296765108,
  "31": 0.06477319430398393,
  "32": -0.03791988431072476,
  "33": -0.08818506510775698,
  "34": -0.06481070761072115,
  "35": 0.0,
  "36": 0.12713457111500637,
  "37": 0.07308315549599725,
  "38": 0.01072802559786442,
  "39": 0.14181213715897995,
  "40": 0.10757030747051338,
  "41": -0.023806692114678913,
  "42": 0.02605044461479551,
  "43": 0.0690310676469976,
  "44": 0.0021063082141537463,
  "45": -0.11711615012691454,
  "46": -0.1306893284280925,
  "47": -0.05100697109807566,
  "48": -0.017464852269925484,
  "49": 0.054575411408825845,
  "50": -0.015107677614910262,
  "51": 0.024372548108814274,
  "52": -0.06870082224816552,
  "53": -0.012427372315329177,
  "54": 0.005659338809264917,
  "55": -0.0021753741729035594,
  "56": 0.07681535010192375,
  "57": 0.08544322778650987,
  "58": 0.0479367429014321,
  "59": -0.026057703091229536,
  "60": 0.0,
  "61": -0.06062753939181335,
  "62": 0.0694829662166207,
  "63": -0.06656214169851228
}