{
  "0": 0.0,
  "1": -0.28363571906372737,
  "2": 0.2715326630236457,
  "3": -0.26909309624099526,
  "4": 0.2702981704983529,
  "5": 0.4001225228977964,
  "6": 0.3299886843215572,
  "7": -0.06274733292024076,
  "8": -0.23956510579592105,
  "9": 0.0,
  "10": 0.0,
  "11": 0.04261224632026026,
  "12": -0.3188334201907879,
  "13": 0.1723702660697795,
  "14": -0.18703083426216693,
  "15": -0.1324919976883369,
  "16": 0.109088822346064,
  "17": 0.1025127905735424,
  "18": 0.01878532543630651,
  "19": -0.04515050286644458,
  "20": 0.10057775714744144,
  "21": -0.12773891898293802,
  "22": 0.06468691860667418,
  "23": 0.0,
  "24": 0.0,
  "25": 0.15664374562761346,
  "26": -0.16448320984959378,
  "27": 0.06340675207757701,
  "28": -0.11755376949536998,
  "29": -0.25927444415581785,
  "30": -0.13088557468524087,
  "31": 0.06498964677600211,
  "32": 0.0,
  "33": -0.09748627317092458,
  "34": -0.06064201217693818,
  "35": 0.0,
  "36": 0.18060236876807173,
  "37": 0.03090450951878431,
  "38": 0.0,
  "39": 0.17145600776398168,
  "40": 0.08546114807824513,
  "41": -0.012888948245593036,
  "42": -0.01990779149895073,
  "43": 0.06168200719613356,
  "44": -0.010769995607897254,
  "45": 0.0,
  "46": -0.17357587362455465,
  "47": 0.0,
  "48": 0.0,
  "49": 0.03802704086763936,
  "50": 0.0,
  "51": 0.0707028991258,
  "52": -0.027411544519363146,
  "53": -0.08760014718823826,
  "54": -0.01547060438834313,
  "55": 0.0,
  "56": 0.055886391495999575,
  "57": 0.11240901322939546,
  "58": 0.0,
  "59": 0.0,
  "60": 0.023401044888568697,
  "61": -0.08320341166901193,
  "62": 0.06470042924717767,
  "63": -0.04266443877404114
}