epoch,beta,coefficient,loss,expected_cut,best_measured_cut,success_probability_ancilla_1,max_postselected_probability,grad
0,-0.5413234055434689,-0.5173041567701229,-6.438905613884131,6.438905613884131,4.0,0.46385297538824255,0.03352365851265383,-0.026217305948526545
1,-0.5314101808799654,-0.5094179427811939,-6.439100860253754,6.439100860253754,4.0,0.46361281343728156,0.03356316830997989,-0.02189750169069061
2,-0.521678297774258,-0.5016016454868709,-6.439249142605082,6.439249142605082,4.0,0.46337826965317275,0.03360051199123074,-0.017469369970450174
3,-0.5122635808686831,-0.4939704092612159,-6.439350386669971,6.439350386669971,4.0,0.4631526515452688,0.03363522058450189,-0.012980771103174563
4,-0.5033537353262387,-0.48668569397237693,-6.439406843368184,6.439406843368184,4.0,0.4629404059961866,0.033666733247389634,-0.008504967448397432
5,-0.49519130571863734,-0.47995888827105615,-6.4394240617627,6.4394240617627,4.0,0.4627471440231261,0.03369442258583004,-0.004148339457936683
