epoch,beta,coefficient,loss,expected_cut,best_measured_cut,success_probability_ancilla_1,max_postselected_probability,grad
0,0.46412988375114295,0.45390169793966123,-6.276215056627026,6.276215056627026,4.0,0.4152303909229226,0.03581970757288702,-0.01205725354574779
1,0.47384834892688754,0.46213190165788837,-6.276276202604572,6.276276202604572,4.0,0.41584292197358563,0.035848760042578115,-0.008146664947645665
2,0.4829025334490568,0.469736315124655,-6.276301331941898,6.276301331941898,4.0,0.4164167970107622,0.035873242716738855,-0.004454683372428355
3,0.49072335276915785,0.4762553513158606,-6.276298984118213,6.276298984118213,4.0,0.4169147770479338,0.03589243038922017,-0.0011117634795858625
4,0.496687677903862,0.48119586716150653,-6.2762825653907335,6.2762825653907335,4.0,0.4172958528691869,0.035905867269293935,0.0017005355395469737
