epoch,beta,coefficient,loss,expected_cut,best_measured_cut,success_probability_ancilla_1,max_postselected_probability,grad
0,-0.5275737275623338,-0.5063454129022134,-5.999999999999703,5.999999999999703,4.0,0.20215908343809255,0.043841397239881584,3.2054229995354175e-13
1,-0.5275737419385296,-0.5063454244372021,-5.999999999999703,5.999999999999703,4.0,0.20215908658859313,0.0438413971088024,3.2244243092593925e-13
2,-0.5275737596057241,-0.5063454386127804,-5.999999999999705,5.999999999999705,4.0,0.20215909046030633,0.04384139694771655,3.2473179917767685e-13
3,-0.5275737799423728,-0.5063454549302409,-5.999999999999705,5.999999999999705,4.0,0.2021590949170225,0.04384139676229115,3.195323473456297e-13
4,-0.5275738026293356,-0.5063454731335161,-5.999999999999705,5.999999999999705,4.0,0.20215909988880307,0.04384139655543604,3.1921782567038877e-13
