epoch,beta,coefficient,loss,expected_cut,best_measured_cut,success_probability_ancilla_1,max_postselected_probability,grad
0,-0.39565244752645634,-0.2954847717940816,-2.499999999998848,2.499999999998848,0.0,0.02166945628911856,0.062499999999971204,5.224563560543536e-12
1,-0.3956526811039797,-0.2954849292790477,-2.499999999998847,2.499999999998847,0.0,0.02166947921922268,0.062499999999971176,5.2242156711429615e-12
2,-0.3956529671405732,-0.29548512213345307,-2.4999999999988476,2.4999999999988476,0.0,0.021669507299199177,0.06249999999997119,5.226198989647313e-12
3,-0.39565329732201543,-0.29548534475158106,-2.4999999999988463,2.4999999999988463,0.0,0.02166953971285366,0.06249999999997116,5.223900348314629e-12
4,-0.39565366642062344,-0.2954855936087517,-2.4999999999988463,2.4999999999988463,0.0,0.021669575946994476,0.06249999999997115,5.226932696769342e-12
