{
  "config": {
    "N_VERTICES": 4,
    "PROB_ARESTA": 0.55,
    "COM_PESO": false,
    "PESO_MIN": 1,
    "PESO_MAX": 1,
    "GRAPH_SEED": 105087,
    "GRAPH_EDGES": [
      [
        0,
        1,
        1.0
      ],
      [
        1,
        2,
        1.0
      ],
      [
        1,
        3,
        1.0
      ]
    ],
    "REVERSE_BITS": false,
    "ER": 0.75,
    "MAX_TERMS": null,
    "A_MAX": 0.6283185307179586,
    "INIT_BETA": 0.25,
    "MAX_EPOCHS": 200,
    "LR": 0.01,
    "FD_EPS": 0.01,
    "LOSS_TOL_LAST5": 0.002,
    "PATIENCE_LAST5": 7,
    "TRAIN_SEED": 2,
    "INIT_BETA_JITTER": 0.03,
    "OPTIMIZER": "adam",
    "ADAM_BETA1": 0.9,
    "ADAM_BETA2": 0.999,
    "ADAM_EPS": 1e-08,
    "COEF_ZERO_TOL": 0.002,
    "IMPROVEMENT_TOL": 0.002,
    "SATURATION_PATIENCE": 60,
    "INDEX_STRATEGY": "ascending",
    "INDEX_RANDOM_SEED": 42,
    "ENABLE_BACKWARD_PRUNING": false,
    "BACKWARD_PASSES": 1,
    "PRUNE_IMPROVEMENT_TOL": 1e-06,
    "OUTDIR": "benchmark_results_walsh_article/unweighted/coarse_loader/n4/graph09_trainseed02",
    "SHOW_PLOTS": false,
    "name": "coarse_loader"
  },
  "n_qubits_register": 4,
  "graph_edges": [
    [
      0,
      1,
      1.0
    ],
    [
      1,
      2,
      1.0
    ],
    [
      1,
      3,
      1.0
    ]
  ],
  "graph_signature": "e05b7736fa85fadb9e519d205bc71874029e7ff2544024339aba6060afa201c5",
  "graph_num_edges": 3,
  "graph_density": 0.5,
  "best_cut_bruteforce": 3.0,
  "best_bitstring_bruteforce": "0100",
  "best_index_bruteforce": 4,
  "candidate_order": [
    1,
    2,
    3,
    4,
    5,
    6,
    7,
    8,
    9,
    10,
    11,
    12,
    13,
    14,
    15
  ],
  "total_possible_parameters": 15,
  "visited_parameters": 15,
  "trained_coefficients": {
    "0": 0.0,
    "1": -0.139016876400935,
    "2": 0.14016424078275236,
    "3": 0.0,
    "4": -0.10144647681229083,
    "5": 0.0,
    "6": 0.0,
    "7": 0.12229557283087877,
    "8": -0.064953117981249,
    "9": 0.0,
    "10": 0.0,
    "11": 0.08565554626449152,
    "12": 0.0,
    "13": -0.08179609975617251,
    "14": 0.08564649777864669,
    "15": 0.0
  },
  "final_coefficient_vector": [
    0.0,
    -0.139016876400935,
    0.14016424078275236,
    0.0,
    -0.10144647681229083,
    0.0,
    0.0,
    0.12229557283087877,
    -0.064953117981249,
    0.0,
    0.0,
    0.08565554626449152,
    0.0,
    -0.08179609975617251,
    0.08564649777864669,
    0.0
  ],
  "active_indices": [
    1,
    2,
    4,
    7,
    8,
    11,
    13,
    14
  ],
  "active_parameter_count": 8,
  "compression_ratio_active_over_total": 0.5333333333333333,
  "final_loss": -2.922672157481614,
  "final_expected_cut": 2.922672157481614,
  "best_expected_cut_over_evolution": 2.922672157481614,
  "final_best_measured_index": 4,
  "final_best_measured_bitstring": "0100",
  "final_best_measured_cut": 3.0,
  "best_measured_cut_over_evolution": 3.0,
  "final_success_probability_ancilla_1": 0.012257662573889303,
  "final_max_postselected_probability": 0.4681980142548678,
  "gap_expected_to_bruteforce": 0.07732784251838609,
  "gap_measured_to_bruteforce": 0.0,
  "approx_ratio_measured": 1.0,
  "n_steps": 15,
  "elapsed_seconds": 6.001667737960815,
  "steps": [
    {
      "visit_idx": 1,
      "j": 1,
      "kept": true,
      "beta": -0.2249724119605712,
      "coefficient": -0.139016876400935,
      "loss": -1.5,
      "expected_cut": 1.5,
      "best_measured_cut": 0.0,
      "success_probability_ancilla_1": 0.0027152143988623764,
      "epochs_run": 7,
      "stop_reason": "loss_plateau_last5",
      "history_path": "benchmark_results_walsh_article/unweighted/coarse_loader/n4/graph09_trainseed02/histories/history_visit001_j001.json",
      "improvement_vs_previous": 1.5
    },
    {
      "visit_idx": 2,
      "j": 2,
      "kept": true,
      "beta": 0.22689331029911441,
      "coefficient": 0.14016424078275236,
      "loss": -1.999983048405793,
      "expected_cut": 1.999983048405793,
      "best_measured_cut": 3.0,
      "success_probability_ancilla_1": 0.005460402953965899,
      "epochs_run": 7,
      "stop_reason": "loss_plateau_last5",
      "history_path": "benchmark_results_walsh_article/unweighted/coarse_loader/n4/graph09_trainseed02/histories/history_visit002_j002.json",
      "improvement_vs_previous": 0.499983048405793
    },
    {
      "visit_idx": 3,
      "j": 3,
      "kept": false,
      "beta": 0.002554946295629159,
      "coefficient": 0.0,
      "loss": -1.999983048405793,
      "expected_cut": 1.999983048405793,
      "best_measured_cut": 3.0,
      "success_probability_ancilla_1": 0.005460402953965899,
      "epochs_run": 29,
      "stop_reason": "loss_plateau_last5_and_discarded_near_zero",
      "history_path": "benchmark_results_walsh_article/unweighted/coarse_loader/n4/graph09_trainseed02/histories/history_visit003_j003.json",
      "improvement_vs_previous": 0.0
    },
    {
      "visit_idx": 4,
      "j": 4,
      "kept": true,
      "beta": -0.16288241886195906,
      "coefficient": -0.10144647681229083,
      "loss": -2.1828117211479054,
      "expected_cut": 2.1828117211479054,
      "best_measured_cut": 3.0,
      "success_probability_ancilla_1": 0.006891134067721804,
      "epochs_run": 48,
      "stop_reason": "loss_plateau_last5",
      "history_path": "benchmark_results_walsh_article/unweighted/coarse_loader/n4/graph09_trainseed02/histories/history_visit004_j004.json",
      "improvement_vs_previous": 0.18282867274211245
    },
    {
      "visit_idx": 5,
      "j": 5,
      "kept": false,
      "beta": -0.0010860794572190033,
      "coefficient": 0.0,
      "loss": -2.1828117211479054,
      "expected_cut": 2.1828117211479054,
      "best_measured_cut": 3.0,
      "success_probability_ancilla_1": 0.006891134067721804,
      "epochs_run": 30,
      "stop_reason": "loss_plateau_last5_and_discarded_near_zero",
      "history_path": "benchmark_results_walsh_article/unweighted/coarse_loader/n4/graph09_trainseed02/histories/history_visit005_j005.json",
      "improvement_vs_previous": 0.0
    },
    {
      "visit_idx": 6,
      "j": 6,
      "kept": false,
      "beta": 0.002544389638355745,
      "coefficient": 0.0,
      "loss": -2.1828117211479054,
      "expected_cut": 2.1828117211479054,
      "best_measured_cut": 3.0,
      "success_probability_ancilla_1": 0.006891134067721804,
      "epochs_run": 33,
      "stop_reason": "loss_plateau_last5_and_discarded_near_zero",
      "history_path": "benchmark_results_walsh_article/unweighted/coarse_loader/n4/graph09_trainseed02/histories/history_visit006_j006.json",
      "improvement_vs_previous": 0.0
    },
    {
      "visit_idx": 7,
      "j": 7,
      "kept": true,
      "beta": 0.19715481832393067,
      "coefficient": 0.12229557283087877,
      "loss": -2.4825561144722252,
      "expected_cut": 2.4825561144722252,
      "best_measured_cut": 3.0,
      "success_probability_ancilla_1": 0.008925895086533749,
      "epochs_run": 52,
      "stop_reason": "loss_plateau_last5",
      "history_path": "benchmark_results_walsh_article/unweighted/coarse_loader/n4/graph09_trainseed02/histories/history_visit007_j007.json",
      "improvement_vs_previous": 0.2997443933243198
    },
    {
      "visit_idx": 8,
      "j": 8,
      "kept": true,
      "beta": -0.10374672426645902,
      "coefficient": -0.064953117981249,
      "loss": -2.553006300586717,
      "expected_cut": 2.553006300586717,
      "best_measured_cut": 3.0,
      "success_probability_ancilla_1": 0.009508472554568381,
      "epochs_run": 43,
      "stop_reason": "loss_plateau_last5",
      "history_path": "benchmark_results_walsh_article/unweighted/coarse_loader/n4/graph09_trainseed02/histories/history_visit008_j008.json",
      "improvement_vs_previous": 0.07045018611449194
    },
    {
      "visit_idx": 9,
      "j": 9,
      "kept": false,
      "beta": -8.307681195139725e-05,
      "coefficient": 0.0,
      "loss": -2.553006300586717,
      "expected_cut": 2.553006300586717,
      "best_measured_cut": 3.0,