{
  "config": {
    "N_VERTICES": 4,
    "PROB_ARESTA": 0.85,
    "COM_PESO": false,
    "PESO_MIN": 1,
    "PESO_MAX": 1,
    "GRAPH_SEED": 104375,
    "GRAPH_EDGES": [
      [
        0,
        1,
        1.0
      ],
      [
        0,
        3,
        1.0
      ],
      [
        1,
        2,
        1.0
      ],
      [
        1,
        3,
        1.0
      ],
      [
        2,
        3,
        1.0
      ]
    ],
    "REVERSE_BITS": false,
    "ER": 1.0,
    "MAX_TERMS": null,
    "A_MAX": 0.7853981633974483,
    "INIT_BETA": 0.35,
    "MAX_EPOCHS": 200,
    "LR": 0.01,
    "FD_EPS": 0.01,
    "LOSS_TOL_LAST5": 0.001,
    "PATIENCE_LAST5": 5,
    "TRAIN_SEED": 4,
    "INIT_BETA_JITTER": 0.05,
    "OPTIMIZER": "adam",
    "ADAM_BETA1": 0.9,
    "ADAM_BETA2": 0.999,
    "ADAM_EPS": 1e-08,
    "COEF_ZERO_TOL": 0.001,
    "IMPROVEMENT_TOL": 0.001,
    "SATURATION_PATIENCE": 100,
    "INDEX_STRATEGY": "ascending",
    "INDEX_RANDOM_SEED": 42,
    "ENABLE_BACKWARD_PRUNING": false,
    "BACKWARD_PASSES": 1,
    "PRUNE_IMPROVEMENT_TOL": 1e-06,
    "OUTDIR": "benchmark_results_walsh_article/unweighted/baseline/n4/graph02_trainseed04",
    "SHOW_PLOTS": false,
    "name": "baseline"
  },
  "n_qubits_register": 4,
  "graph_edges": [
    [
      0,
      1,
      1.0
    ],
    [
      0,
      3,
      1.0
    ],
    [
      1,
      2,
      1.0
    ],
    [
      1,
      3,
      1.0
    ],
    [
      2,
      3,
      1.0
    ]
  ],
  "graph_signature": "088078414915f783002f6e924a47ca164ddb929b0c303d60c8d30a073f7782ae",
  "graph_num_edges": 5,
  "graph_density": 0.8333333333333334,
  "best_cut_bruteforce": 4.0,
  "best_bitstring_bruteforce": "0101",
  "best_index_bruteforce": 5,
  "candidate_order": [
    1,
    2,
    3,
    4,
    5,
    6,
    7,
    8,
    9,
    10,
    11,
    12,
    13,
    14,
    15
  ],
  "total_possible_parameters": 15,
  "visited_parameters": 15,
  "trained_coefficients": {
    "0": 0.0,
    "1": -0.2751903814226205,
    "2": 0.2737438724096883,
    "3": -0.0011047680079748542,
    "4": -0.18618524682706034,
    "5": 0.0,
    "6": 0.0,
    "7": 0.22397206391437657,
    "8": 0.07447406576283228,
    "9": 0.001757202648739705,
    "10": 0.0,
    "11": -0.12288994613793891,
    "12": -0.001036076132646007,
    "13": 0.13442187976437708,
    "14": -0.17677986129045825,
    "15": 0.0
  },
  "final_coefficient_vector": [
    0.0,
    -0.2751903814226205,
    0.2737438724096883,
    -0.0011047680079748542,
    -0.18618524682706034,
    0.0,
    0.0,
    0.22397206391437657,
    0.07447406576283228,
    0.001757202648739705,
    0.0,
    -0.12288994613793891,
    -0.001036076132646007,
    0.13442187976437708,
    -0.17677986129045825,
    0.0
  ],
  "active_indices": [
    1,
    2,
    3,
    4,
    7,
    8,
    9,
    11,
    12,
    13,
    14
  ],
  "active_parameter_count": 11,
  "compression_ratio_active_over_total": 0.7333333333333333,
  "final_loss": -3.856964879641434,
  "final_expected_cut": 3.856964879641434,
  "best_expected_cut_over_evolution": 3.856964879641434,
  "final_best_measured_index": 10,
  "final_best_measured_bitstring": "1010",
  "final_best_measured_cut": 4.0,
  "best_measured_cut_over_evolution": 4.0,
  "final_success_probability_ancilla_1": 0.06500126591635347,
  "final_max_postselected_probability": 0.43144609893799846,
  "gap_expected_to_bruteforce": 0.14303512035856603,
  "gap_measured_to_bruteforce": 0.0,
  "approx_ratio_measured": 1.0,
  "n_steps": 15,
  "elapsed_seconds": 35.4159049987793,
  "steps": [
    {
      "visit_idx": 1,
      "j": 1,
      "kept": true,
      "beta": -0.365880602800345,
      "coefficient": -0.2751903814226205,
      "loss": -2.5,
      "expected_cut": 2.5,
      "best_measured_cut": 0.0,
      "success_probability_ancilla_1": 0.018813258652603828,
      "epochs_run": 5,
      "stop_reason": "loss_plateau_last5",
      "history_path": "benchmark_results_walsh_article/unweighted/baseline/n4/graph02_trainseed04/histories/history_visit001_j001.json",
      "improvement_vs_previous": 2.5
    },
    {
      "visit_idx": 2,
      "j": 2,
      "kept": true,
      "beta": 0.36378263755845297,
      "coefficient": 0.2737438724096883,
      "loss": -2.999992879156754,
      "expected_cut": 2.999992879156754,
      "best_measured_cut": 3.0,
      "success_probability_ancilla_1": 0.036729989120942545,
      "epochs_run": 6,
      "stop_reason": "loss_plateau_last5",
      "history_path": "benchmark_results_walsh_article/unweighted/baseline/n4/graph02_trainseed04/histories/history_visit002_j002.json",
      "improvement_vs_previous": 0.49999287915675383
    },
    {
      "visit_idx": 3,
      "j": 3,
      "kept": true,
      "beta": -0.0014066352432446196,
      "coefficient": -0.0011047680079748542,
      "loss": -2.9999887255840187,
      "expected_cut": 2.9999887255840187,
      "best_measured_cut": 2.0,
      "success_probability_ancilla_1": 0.036730271834298965,
      "epochs_run": 37,
      "stop_reason": "loss_plateau_last5",
      "history_path": "benchmark_results_walsh_article/unweighted/baseline/n4/graph02_trainseed04/histories/history_visit003_j003.json",
      "improvement_vs_previous": -4.153572735088318e-06
    },
    {
      "visit_idx": 4,
      "j": 4,
      "kept": true,
      "beta": -0.24165506697778008,
      "coefficient": -0.18618524682706034,
      "loss": -3.172540426564682,
      "expected_cut": 3.172540426564682,
      "best_measured_cut": 4.0,
      "success_probability_ancilla_1": 0.044736713206641354,
      "epochs_run": 69,
      "stop_reason": "loss_plateau_last5",
      "history_path": "benchmark_results_walsh_article/unweighted/baseline/n4/graph02_trainseed04/histories/history_visit004_j004.json",
      "improvement_vs_previous": 0.1725517009806632
    },
    {
      "visit_idx": 5,
      "j": 5,
      "kept": false,
      "beta": -0.0008261222553026084,
      "coefficient": 0.0,
      "loss": -3.172540426564682,
      "expected_cut": 3.172540426564682,
      "best_measured_cut": 4.0,
      "success_probability_ancilla_1": 0.044736713206641354,
      "epochs_run": 40,
      "stop_reason": "loss_plateau_last5_and_discarded_near_zero",
      "history_path": "benchmark_results_walsh_article/unweighted/baseline/n4/graph02_trainseed04/histories/history_visit005_j005.json",
      "improvement_vs_previous": 0.0
    },
    {
      "visit_idx": 6,
      "j": 6,
      "kept": false,
      "beta": -0.0008306308324369802,
      "coefficient": 0.0,
      "loss": -3.172540426564682,
      "expected_cut": 3.172540426564682,
      "best_measured_cut": 4.0,
      "success_probability_ancilla_1": 0.044736713206641354,
      "epochs_run": 41,
      "stop_reason": "loss_plateau_last5_and_discarded_near_zero",
      "history_path": "benchmark_results_walsh_article/unweighted/baseline/n4/graph02_trainseed04/histories/history_visit006_j006.json",
      "improvement_vs_previous": 0.0
    },
    {
      "visit_idx": 7,
      "j": 7,
      "kept": true,
      "beta": 0.29330086259905047,
      "coefficient": 0.22397206391437657,
      "loss": -3.4731982823592302,
      "expected_cut": 3.4731982823592302,
      "best_measured_cut": 4.0,
      "success_probability_ancilla_1": 0.05459776029302282,
      "epochs_run": 78,
      "stop_reason": "loss_plateau_last5",
      "history_path": "benchmark_results_walsh_article/unweighted/baseline/n4/graph02_trainseed04/histories/history_visit007_j007.json",
      "improvement_vs_previous": 0.3006578557945483
    },
    {
      "visit_idx": 8,
      "j": 8,
      "kept": true,
      "beta": 0.09510906887153725,
      "coefficient": 0.07447406576283228,
      "loss": -3.499894512818566,
      "expected_cut": 3.499894512818566,
      "best_measured_cut": 4.0,
      "success_probability_ancilla_1": 0.055832375975049586,
      "epochs_run": 30,
      "stop_reason": "loss_plateau_last5",
      "history_path": "benchmark_results_walsh_article/unweighted/baseline/n4/graph02_trainseed04/histories/history_visit008_j008.json",