epoch,beta,coefficient,loss,expected_cut,best_measured_cut,success_probability_ancilla_1,max_postselected_probability,grad
0,-0.3672336076958469,-0.27612212711782175,-2.4999999999994467,2.4999999999994467,2.0,0.04517198074088425,0.04610399644960706,1.0848121729321375e-12
1,-0.3672336562796357,-0.2761221605591125,-2.4999999999994467,2.4999999999994467,2.0,0.04517198505080729,0.04610399598232391,1.0882917267828561e-12
2,-0.36723371583868586,-0.2761222015549156,-2.4999999999994476,2.4999999999994476,2.0,0.04517199033435866,0.04610399540947941,1.090170294628362e-12
3,-0.36723378454546013,-0.27612224884729614,-2.4999999999994467,2.4999999999994467,2.0,0.0451719964294158,0.04610399474865069,1.0852871869273451e-12
4,-0.3672338613481717,-0.2761223017122853,-2.4999999999994467,2.4999999999994467,2.0,0.045172003242673724,0.04610399400995379,1.0874887202534845e-12
