epoch,beta,coefficient,loss,expected_cut,best_measured_cut,success_probability_ancilla_1,max_postselected_probability,grad
0,-0.3146239554818507,-0.23926198234261337,-2.499999999998243,2.499999999998243,0.0,0.014243430478865442,0.01562499999998902,1.0400725518640192e-11
1,-0.31462442072582963,-0.23926231383351443,-2.499999999998245,2.499999999998245,0.0,0.014243469758193269,0.01562499999998903,1.0411236342158519e-11
2,-0.31462499034579117,-0.23926271969319948,-2.499999999998245,2.499999999998245,0.0,0.014243517849768848,0.01562499999998903,1.0404434563957002e-11
3,-0.31462564794454856,-0.23926318823844514,-2.499999999998244,2.499999999998244,0.0,0.014243573369250834,0.015624999999989026,1.0407134036875924e-11
4,-0.31462638299023615,-0.23926371196512838,-2.499999999998243,2.499999999998243,0.0,0.014243635427490823,0.01562499999998902,1.0407041445682246e-11
