{
  "0": 0.0,
  "1": -0.17107000194524782,
  "2": 0.17181355145517918,
  "3": 0.0,
  "4": 0.0,
  "5": 0.0,
  "6": 0.0,
  "7": 0.0,
  "8": 0.0,
  "9": 0.0,
  "10": 0.0,
  "11": 0.0,
  "12": 0.0,
  "13": 0.1252768107434394,
  "14": -0.14822264660066098,
  "15": 0.0,
  "16": 0.0,
  "17": 0.0,
  "18": 0.0,
  "19": 0.0,
  "20": 0.0,
  "21": 0.023541957838188327,
  "22": -0.02302556297218102,
  "23": 0.0,
  "24": 0.0,
  "25": 0.011003034748283848,
  "26": -0.004241585792487837,
  "27": 0.0,
  "28": 0.009209086776072227,
  "29": 0.0,
  "30": 0.0,
  "31": 0.0028339381403098955,
  "32": 0.0,
  "33": 0.0,
  "34": 0.0,
  "35": 0.0,
  "36": 0.0,
  "37": 0.012641317270849007,
  "38": -0.006129241073133226,
  "39": 0.0,
  "40": 0.0,
  "41": 0.01194495628755436,
  "42": -0.011513512294094277,
  "43": 0.0,
  "44": 0.0026021897198502935,
  "45": 0.0,
  "46": 0.0,
  "47": 0.003732619157287649,
  "48": 0.0,
  "49": 0.050672604781605866,
  "50": -0.07857256026505426,
  "51": 0.0,
  "52": 0.005744071587993412,
  "53": 0.0,
  "54": 0.0,
  "55": 0.0028493058088801364,
  "56": 0.002797541638503761,
  "57": 0.0,
  "58": 0.0,
  "59": 0.004526709900984254,
  "60": 0.0,
  "61": -0.1071758535894721,
  "62": 0.12135573897496339,
  "63": 0.0
}