{
  "config": {
    "N_VERTICES": 4,
    "PROB_ARESTA": 0.85,
    "COM_PESO": false,
    "PESO_MIN": 1,
    "PESO_MAX": 1,
    "GRAPH_SEED": 104375,
    "GRAPH_EDGES": [
      [
        0,
        1,
        1.0
      ],
      [
        0,
        3,
        1.0
      ],
      [
        1,
        2,
        1.0
      ],
      [
        1,
        3,
        1.0
      ],
      [
        2,
        3,
        1.0
      ]
    ],
    "REVERSE_BITS": false,
    "ER": 1.0,
    "MAX_TERMS": null,
    "A_MAX": 0.7853981633974483,
    "INIT_BETA": 0.35,
    "MAX_EPOCHS": 200,
    "LR": 0.01,
    "FD_EPS": 0.01,
    "LOSS_TOL_LAST5": 0.001,
    "PATIENCE_LAST5": 5,
    "TRAIN_SEED": 5,
    "INIT_BETA_JITTER": 0.05,
    "OPTIMIZER": "adam",
    "ADAM_BETA1": 0.9,
    "ADAM_BETA2": 0.999,
    "ADAM_EPS": 1e-08,
    "COEF_ZERO_TOL": 0.005,
    "IMPROVEMENT_TOL": 0.003,
    "SATURATION_PATIENCE": 40,
    "INDEX_STRATEGY": "ascending",
    "INDEX_RANDOM_SEED": 42,
    "ENABLE_BACKWARD_PRUNING": false,
    "BACKWARD_PASSES": 1,
    "PRUNE_IMPROVEMENT_TOL": 1e-06,
    "OUTDIR": "benchmark_results_walsh_article/unweighted/sparse_threshold/n4/graph02_trainseed05",
    "SHOW_PLOTS": false,
    "name": "sparse_threshold"
  },
  "n_qubits_register": 4,
  "graph_edges": [
    [
      0,
      1,
      1.0
    ],
    [
      0,
      3,
      1.0
    ],
    [
      1,
      2,
      1.0
    ],
    [
      1,
      3,
      1.0
    ],
    [
      2,
      3,
      1.0
    ]
  ],
  "graph_signature": "088078414915f783002f6e924a47ca164ddb929b0c303d60c8d30a073f7782ae",
  "graph_num_edges": 5,
  "graph_density": 0.8333333333333334,
  "best_cut_bruteforce": 4.0,
  "best_bitstring_bruteforce": "0101",
  "best_index_bruteforce": 5,
  "candidate_order": [
    1,
    2,
    3,
    4,
    5,
    6,
    7,
    8,
    9,
    10,
    11,
    12,
    13,
    14,
    15
  ],
  "total_possible_parameters": 15,
  "visited_parameters": 15,
  "trained_coefficients": {
    "0": 0.0,
    "1": -0.28363554914080485,
    "2": 0.2846070538674821,
    "3": 0.0,
    "4": -0.1906959040711797,
    "5": 0.0,
    "6": 0.0,
    "7": 0.228826799757198,
    "8": 0.07528169382899225,
    "9": 0.0,
    "10": 0.0,
    "11": -0.12485254263889786,
    "12": 0.0,
    "13": 0.1372616956360015,
    "14": -0.18111589902440609,
    "15": 0.0
  },
  "final_coefficient_vector": [
    0.0,
    -0.28363554914080485,
    0.2846070538674821,
    0.0,
    -0.1906959040711797,
    0.0,
    0.0,
    0.228826799757198,
    0.07528169382899225,
    0.0,
    0.0,
    -0.12485254263889786,
    0.0,
    0.1372616956360015,
    -0.18111589902440609,
    0.0
  ],
  "active_indices": [
    1,
    2,
    4,
    7,
    8,
    11,
    13,
    14
  ],
  "active_parameter_count": 8,
  "compression_ratio_active_over_total": 0.5333333333333333,
  "final_loss": -3.852040767082846,
  "final_expected_cut": 3.852040767082846,
  "best_expected_cut_over_evolution": 3.852040767082846,
  "final_best_measured_index": 5,
  "final_best_measured_bitstring": "0101",
  "final_best_measured_cut": 4.0,
  "best_measured_cut_over_evolution": 4.0,
  "final_success_probability_ancilla_1": 0.06819779439959804,
  "final_max_postselected_probability": 0.4286821025083247,
  "gap_expected_to_bruteforce": 0.14795923291715418,
  "gap_measured_to_bruteforce": 0.0,
  "approx_ratio_measured": 1.0,
  "n_steps": 15,
  "elapsed_seconds": 8.372674465179443,
  "steps": [
    {
      "visit_idx": 1,
      "j": 1,
      "kept": true,
      "beta": -0.37819165958218304,
      "coefficient": -0.28363554914080485,
      "loss": -2.5,
      "expected_cut": 2.5,
      "best_measured_cut": 0.0,
      "success_probability_ancilla_1": 0.01997780762455057,
      "epochs_run": 5,
      "stop_reason": "loss_plateau_last5",
      "history_path": "benchmark_results_walsh_article/unweighted/sparse_threshold/n4/graph02_trainseed05/histories/history_visit001_j001.json",
      "improvement_vs_previous": 2.5
    },
    {
      "visit_idx": 2,
      "j": 2,
      "kept": true,
      "beta": 0.3796148681501485,
      "coefficient": 0.2846070538674821,
      "loss": -2.9999969971153413,
      "expected_cut": 2.9999969971153413,
      "best_measured_cut": 3.0,
      "success_probability_ancilla_1": 0.03928811239480964,
      "epochs_run": 5,
      "stop_reason": "loss_plateau_last5",
      "history_path": "benchmark_results_walsh_article/unweighted/sparse_threshold/n4/graph02_trainseed05/histories/history_visit002_j002.json",
      "improvement_vs_previous": 0.4999969971153413
    },
    {
      "visit_idx": 3,
      "j": 3,
      "kept": false,
      "beta": -0.0016403770705321636,
      "coefficient": 0.0,
      "loss": -2.9999969971153413,
      "expected_cut": 2.9999969971153413,
      "best_measured_cut": 3.0,
      "success_probability_ancilla_1": 0.03928811239480964,
      "epochs_run": 41,
      "stop_reason": "loss_plateau_last5_and_discarded_near_zero",
      "history_path": "benchmark_results_walsh_article/unweighted/sparse_threshold/n4/graph02_trainseed05/histories/history_visit003_j003.json",
      "improvement_vs_previous": 0.0
    },
    {
      "visit_idx": 4,
      "j": 4,
      "kept": true,
      "beta": -0.24774904328201583,
      "coefficient": -0.1906959040711797,
      "loss": -3.1729936106914396,
      "expected_cut": 3.1729936106914396,
      "best_measured_cut": 3.0,
      "success_probability_ancilla_1": 0.047639635039449305,
      "epochs_run": 67,
      "stop_reason": "loss_plateau_last5",
      "history_path": "benchmark_results_walsh_article/unweighted/sparse_threshold/n4/graph02_trainseed05/histories/history_visit004_j004.json",
      "improvement_vs_previous": 0.1729966135760983
    },
    {
      "visit_idx": 5,
      "j": 5,
      "kept": false,
      "beta": 9.02269670494827e-05,
      "coefficient": 0.0,
      "loss": -3.1729936106914396,
      "expected_cut": 3.1729936106914396,
      "best_measured_cut": 3.0,
      "success_probability_ancilla_1": 0.047639635039449305,
      "epochs_run": 36,
      "stop_reason": "loss_plateau_last5_and_discarded_near_zero",
      "history_path": "benchmark_results_walsh_article/unweighted/sparse_threshold/n4/graph02_trainseed05/histories/history_visit005_j005.json",
      "improvement_vs_previous": 0.0
    },
    {
      "visit_idx": 6,
      "j": 6,
      "kept": false,
      "beta": 0.0007912379960353412,
      "coefficient": 0.0,
      "loss": -3.1729936106914396,
      "expected_cut": 3.1729936106914396,
      "best_measured_cut": 3.0,
      "success_probability_ancilla_1": 0.047639635039449305,
      "epochs_run": 37,
      "stop_reason": "loss_plateau_last5_and_discarded_near_zero",
      "history_path": "benchmark_results_walsh_article/unweighted/sparse_threshold/n4/graph02_trainseed05/histories/history_visit006_j006.json",
      "improvement_vs_previous": 0.0
    },
    {
      "visit_idx": 7,
      "j": 7,
      "kept": true,
      "beta": 0.30004230882732097,
      "coefficient": 0.228826799757198,
      "loss": -3.4713000112401797,
      "expected_cut": 3.4713000112401797,
      "best_measured_cut": 3.0,
      "success_probability_ancilla_1": 0.05774205225290626,
      "epochs_run": 77,
      "stop_reason": "loss_plateau_last5",
      "history_path": "benchmark_results_walsh_article/unweighted/sparse_threshold/n4/graph02_trainseed05/histories/history_visit007_j007.json",
      "improvement_vs_previous": 0.29830640054874014
    },
    {
      "visit_idx": 8,
      "j": 8,
      "kept": true,
      "beta": 0.09614680518645999,
      "coefficient": 0.07528169382899225,
      "loss": -3.496309504043758,
      "expected_cut": 3.496309504043758,
      "best_measured_cut": 4.0,
      "success_probability_ancilla_1": 0.05899467212573166,
      "epochs_run": 28,
      "stop_reason": "loss_plateau_last5",
      "history_path": "benchmark_results_walsh_article/unweighted/sparse_threshold/n4/graph02_trainseed05/histories/history_visit008_j008.json",