{
  "0": 0.0,
  "1": -0.28363554914080485,
  "2": 0.2846070538674821,
  "3": 0.0,
  "4": -0.1906959040711797,
  "5": 0.0,
  "6": 0.0,
  "7": 0.228826799757198,
  "8": 0.07528169382899225,
  "9": 0.0,
  "10": 0.0,
  "11": -0.12485254263889786,
  "12": 0.0,
  "13": 0.1372616956360015,
  "14": -0.18111589902440609,
  "15": 0.0
}