epoch,beta,coefficient,loss,expected_cut,best_measured_cut,success_probability_ancilla_1,max_postselected_probability,grad
0,-0.23839120381135864,-0.1470112050577715,-5.782360969953429,5.782360969953429,6.0,0.05789820938372576,0.11010016880211501,-0.1417338418139232
1,-0.22846063147081558,-0.1410996835124679,-5.78346518658738,5.78346518658738,6.0,0.05769848557046952,0.10989145926183694,-0.12149207274975946
2,-0.21867026037563708,-0.1352457496552888,-5.784349886845517,5.784349886845517,6.0,0.057509275125157064,0.10966750924866986,-0.10079853645165193
3,-0.20911671871930246,-0.12950958075870245,-5.785012890448664,5.785012890448664,6.0,0.05733214485170142,0.10943132678405366,-0.07983963977262758
4,-0.19992865269569923,-0.12397148816128525,-5.785459451576386,5.785459451576386,6.0,0.057168904577189525,0.10918753499845579,-0.05887528889375194
5,-0.19127043030234217,-0.11873433437410497,-5.785705149615968,5.785705149615968,6.0,0.05702156303683545,0.10894271393067852,-0.03825652498519112
6,-0.1833388446254458,-0.11392162379542659,-5.785778323898304,5.785778323898304,6.0,0.0568921886211475,0.10870548355017678,-0.01843692219935165
7,-0.17634739354138396,-0.10966785344844741,-5.785720464331308,5.785720464331308,6.0,0.05678264582057018,0.10848603204076959,3.43940639414575e-05
8,-0.17049609128957113,-0.10609977190220202,-5.785582757008813,5.785582757008813,6.0,0.05669423977663608,0.10829488395929271,0.01655308187245064
