epoch,beta,coefficient,loss,expected_cut,best_measured_cut,success_probability_ancilla_1,max_postselected_probability,grad
0,-0.22944717918673382,-0.14168815906246776,-4.499999999984046,4.499999999984046,0.0,0.0028204663547553997,0.015624999999944603,1.341770964921237e-10
1,-0.22945317479778293,-0.14169173464415852,-4.499999999984045,4.499999999984045,0.0,0.0028206085747203217,0.015624999999944603,1.3418245499828254e-10
2,-0.2294605148424182,-0.14169611198786305,-4.499999999984046,4.499999999984046,0.0,0.002820782689907048,0.015624999999944603,1.3416872304368587e-10
3,-0.22946898684609188,-0.14170116437399263,-4.499999999984048,4.499999999984048,0.0,0.0028209836625460193,0.015624999999944614,1.341501096816202e-10
4,-0.22947845472348108,-0.14170681063911528,-4.4999999999840465,4.4999999999840465,0.0,0.0028212082668121587,0.015624999999944607,1.3412192322837066e-10
5,-0.22948882227947312,-0.14171299340907798,-4.499999999984052,4.499999999984052,0.0,0.0028214542230722566,0.015624999999944624,1.3412917804902403e-10
6,-0.2295000160876753,-0.14171966888829512,-4.499999999984055,4.499999999984055,0.0,0.002821719791760852,0.015624999999944638,1.341067657397643e-10
