epoch,beta,coefficient,loss,expected_cut,best_measured_cut,success_probability_ancilla_1,max_postselected_probability,grad
0,0.2734818192257479,0.1676741455107165,-4.852269947752117,4.852269947752117,4.0,0.021870655755242312,0.04264549251937975,-0.08850453013311267
1,0.28336053396004385,0.17342374955692372,-4.852882959833881,4.852882959833881,4.0,0.022137927362387615,0.042854585549758455,-0.07057992488522845
2,0.29299783989145256,0.179002724519097,-4.853323595118114,4.853323595118114,4.0,0.02240576152221347,0.04304182673429629,-0.05365866128166328
3,0.30223799577217914,0.18432311407051635,-4.853606862633786,4.853606862633786,4.0,0.022668970890526358,0.04320634371772601,-0.03791030450928856
4,0.3108906927124308,0.18927918348794637,-4.85375430987188,4.85375430987188,4.0,0.022920994189392894,0.04334753200368574,-0.02351717469812609
5,0.3187424500830139,0.1937542055339594,-4.853793979748348,4.853793979748348,4.0,0.023154218539771308,0.04346523862483646,-0.01066463103804006
6,0.32558120061696794,0.1976342754446483,-4.853758685579562,4.853758685579562,4.0,0.023360783628028632,0.043559941931770325,0.0004777056506581563
