epoch,beta,coefficient,loss,expected_cut,best_measured_cut,success_probability_ancilla_1,max_postselected_probability,grad
0,-0.2191115219011946,-0.13551013145240823,-5.268304039118137,5.268304039118137,5.0,0.04031286937111521,0.06800143288683601,-0.08106985685801309
1,-0.20925344754168704,-0.12959183776725552,-5.268835728780226,5.268835728780226,5.0,0.04011067958006749,0.06768780652914007,-0.06305436415936896
2,-0.199715577135666,-0.12384281534675524,-5.269175604888597,5.269175604888597,5.0,0.03992294846896455,0.06736787397193875,-0.04472149112841641
3,-0.19077490992250384,-0.11843407984131336,-5.269334029754075,5.269334029754075,5.0,0.039754138170307284,0.06705313276893894,-0.026463873146379012
4,-0.1828191338535272,-0.11360578495941999,-5.269341568713065,5.269341568713065,5.0,0.039609841814565144,0.06676092243485338,-0.008905432467385059
5,-0.1762946312064957,-0.10963571155660164,-5.269252125774065,5.269252125774065,5.0,0.039495716735855474,0.06651272000520436,0.007062808183598081
6,-0.17156499895932886,-0.10675211750094128,-5.269132599529798,5.269132599529798,5.0,0.03941538356952656,0.06632796481330201,0.020388425653027148
