epoch,beta,coefficient,loss,expected_cut,best_measured_cut,success_probability_ancilla_1,max_postselected_probability,grad
0,-0.22717210143412608,-0.1403306829328173,-4.499999999994685,4.499999999994685,2.0,0.008468190951571593,0.04677946830716741,1.4592588619551806e-11
1,-0.22717275372264586,-0.1403310723337592,-4.499999999994687,4.499999999994687,2.0,0.008468206116212473,0.046779469243588785,1.458807721140686e-11
2,-0.22717355233741496,-0.14033154908788426,-4.499999999994685,4.499999999994685,2.0,0.008468224682750321,0.046779470389856595,1.4587201798413922e-11
3,-0.22717447418845496,-0.14033209941093627,-4.499999999994685,4.499999999994685,2.0,0.008468246114407623,0.04677947171270876,1.4585401506154857e-11
4,-0.22717550452164822,-0.14033271449497448,-4.499999999994685,4.499999999994685,2.0,0.00846827006820132,0.04677947319085291,1.458461421802408e-11
5,-0.22717663292762208,-0.14033338812576984,-4.499999999994687,4.499999999994687,2.0,0.008468296302156217,0.04677947480923548,1.4588743381410337e-11
6,-0.2271778514273679,-0.14033411553996444,-4.499999999994683,4.499999999994683,2.0,0.00846832463079887,0.04677947655629286,1.458736538653972e-11
