epoch,beta,coefficient,loss,expected_cut,best_measured_cut,success_probability_ancilla_1,max_postselected_probability,grad
0,-0.4527397186901932,-0.4441672199147274,-2.4999999999998805,2.4999999999998805,2.0,0.2101817469610239,0.04382932003915714,1.0850456381160335e-13
1,-0.452739723564978,-0.4441672241012156,-2.499999999999881,2.499999999999881,2.0,0.21018174790179533,0.04382932003434637,1.0950444242330393e-13
2,-0.4527397295411822,-0.44416722923360796,-2.4999999999998814,2.4999999999998814,2.0,0.21018174905512665,0.04382932002844864,1.0939365506322613e-13
3,-0.4527397364191323,-0.4441672351404238,-2.499999999999882,2.499999999999882,2.0,0.21018175038248352,0.04382932002166101,1.0801920649989213e-13
4,-0.45273974408981876,-0.4441672417280454,-2.49999999999988,2.49999999999988,2.0,0.2101817518628285,0.04382932001409099,1.0783606126375478e-13
