epoch,beta,coefficient,loss,expected_cut,best_measured_cut,success_probability_ancilla_1,max_postselected_probability,grad
0,0.49852597945097427,0.48271317544249354,-2.841636232786357,2.841636232786357,2.0,0.2887284700358691,0.053951898402326406,0.031226182749390194
1,0.4886346483004441,0.4745188238184143,-2.8418568293262765,2.8418568293262765,2.0,0.28852552333495085,0.054018989436552756,0.025309336515646166
2,0.4789780121147653,0.46644771905479526,-2.8420135980573806,2.8420135980573806,2.0,0.2883473181458258,0.0540783306266805,0.01926271602331339
3,0.46974395367157507,0.4586645802021293,-2.8421077444052,2.8421077444052,2.0,0.2881958746570129,0.05412918876139701,0.013175860966259514
4,0.4611960619148065,0.45140344036472896,-2.84214498540853,2.84214498540853,2.0,0.2880726636946354,0.05417097780762036,0.007188257007425849
5,0.4536656022466256,0.44496206070559946,-2.842137084442039,2.842137084442039,2.0,0.2879779760510063,0.05420346231326262,0.0015025383718375782
