epoch,beta,coefficient,loss,expected_cut,best_measured_cut,success_probability_ancilla_1,max_postselected_probability,grad
0,0.37058106296149607,0.2784235372278169,-2.9999117405614344,2.9999117405614344,3.0,0.038463416820972866,0.1249889675702443,-0.05685107915933029
1,0.37961475726555827,0.2846069782148858,-2.999996993463252,2.999996993463252,3.0,0.03928801290723675,0.12499962418297011,-0.02346765074679931
2,0.38614448627806264,0.2890513997911755,-2.999908067797968,2.999908067797968,3.0,0.039891583742278365,0.12498850847480872,0.004213238298920094
3,0.38913829925358817,0.29108200954025243,-2.999827424377755,2.999827424377755,3.0,0.04017037447906253,0.12497842804728158,0.02283519958862368
4,0.3890964938550711,0.29105368518365743,-2.9998287179848155,2.9998287179848155,3.0,0.04016647267009436,0.12497858974816417,0.03099975060945108
