epoch,beta,coefficient,loss,expected_cut,best_measured_cut,success_probability_ancilla_1,max_postselected_probability,grad
0,0.32615794707218093,0.24745092916281042,-0.9999999999997015,0.9999999999997015,0.0,0.033470205449225576,0.12464081310971731,-7.44533319872355e-13
1,0.3261579803483426,0.24745095270353853,-0.9999999999997014,0.9999999999997014,0.0,0.03347020822370486,0.12464081374909732,-7.440257175398854e-13
2,0.3261580210809269,0.24745098151920178,-0.9999999999997009,0.9999999999997009,0.0,0.03347021161988146,0.1246408145317468,-7.436718661628677e-13
3,0.32615806810915615,0.24745101478862488,-0.9999999999997014,0.9999999999997014,0.0,0.033470215540972875,0.12464081543536186,-7.44377597203831e-13
4,0.32615812068291705,0.2474510519811509,-0.9999999999997009,0.9999999999997009,0.0,0.03347021992443675,0.12464081644552889,-7.445935416507923e-13
