{
  "0": 0.0,
  "1": -0.5202923577808996,
  "2": 0.49776122095190845,
  "3": -0.4931795381807032,
  "4": -0.6590612295443543,
  "5": 0.45616172733999705,
  "6": 0.13497227945287676,
  "7": 0.4767210973509562,
  "8": 0.16730361781891845,
  "9": 0.01705546503473783,
  "10": -0.11242905058590917,
  "11": 0.0253750279292198,
  "12": -0.003009627858061381,
  "13": 0.0009910206556371548,
  "14": 0.007464440292455568,
  "15": 0.002212528034833634,
  "16": 0.019448711401474472,
  "17": 0.2539340812240758,
  "18": 0.28526509606427936,
  "19": 0.018681452641350377,
  "20": -0.36911577658542943,
  "21": 0.06133278848066737,
  "22": -0.0031798118864400323,
  "23": -0.28654382358375946,
  "24": 0.1431390311886259,
  "25": -0.09142500993460102,
  "26": -0.01786465313359317,
  "27": -0.06659040348493678,
  "28": 0.00604882378911471,
  "29": 0.17540068245708065,
  "30": -0.19234616527862045,
  "31": -0.01763933891206883,
  "32": 0.05102884276273631,
  "33": 0.0027285480780719637,
  "34": -0.06149204717780032,
  "35": -0.003997305119862432,
  "36": 0.10028268603116584,
  "37": 0.048264729935528605,
  "38": 0.009328375145516703,
  "39": -0.06892327891749142,
  "40": 0.11450875500729941,
  "41": -0.06779529464920754,
  "42": -0.031632546268712716,
  "43": -0.06872404531169218,
  "44": -0.0763280436915079,
  "45": 0.1370863266562689,
  "46": -0.16764425260490534,
  "47": 0.03866918058275746,
  "48": 0.08915111456164564,
  "49": -0.06931737076631778,
  "50": 0.02034918133612946,
  "51": -0.04205534815769332,
  "52": 0.015247619610209828,
  "53": 0.049478176483287915,
  "54": -0.04488144554895694,
  "55": 0.05558207296188699,
  "56": -0.04570475769600712,
  "57": -0.06861105438235016,
  "58": 0.0047250004931995585,
  "59": 0.07322707073865398,
  "60": 0.02955730356263576,
  "61": -0.023295929260489567,
  "62": 0.06673557637330843,
  "63": 0.03642996290548717
}