{
  "config": {
    "N_VERTICES": 4,
    "PROB_ARESTA": 0.7,
    "COM_PESO": false,
    "PESO_MIN": 1,
    "PESO_MAX": 1,
    "GRAPH_SEED": 104986,
    "GRAPH_EDGES": [
      [
        0,
        2,
        1.0
      ],
      [
        0,
        3,
        1.0
      ]
    ],
    "REVERSE_BITS": false,
    "ER": 0.75,
    "MAX_TERMS": null,
    "A_MAX": 0.6283185307179586,
    "INIT_BETA": 0.25,
    "MAX_EPOCHS": 200,
    "LR": 0.01,
    "FD_EPS": 0.01,
    "LOSS_TOL_LAST5": 0.002,
    "PATIENCE_LAST5": 7,
    "TRAIN_SEED": 7,
    "INIT_BETA_JITTER": 0.03,
    "OPTIMIZER": "adam",
    "ADAM_BETA1": 0.9,
    "ADAM_BETA2": 0.999,
    "ADAM_EPS": 1e-08,
    "COEF_ZERO_TOL": 0.002,
    "IMPROVEMENT_TOL": 0.002,
    "SATURATION_PATIENCE": 60,
    "INDEX_STRATEGY": "ascending",
    "INDEX_RANDOM_SEED": 42,
    "ENABLE_BACKWARD_PRUNING": false,
    "BACKWARD_PASSES": 1,
    "PRUNE_IMPROVEMENT_TOL": 1e-06,
    "OUTDIR": "benchmark_results_walsh_article/unweighted/coarse_loader/n4/graph08_trainseed07",
    "SHOW_PLOTS": false,
    "name": "coarse_loader"
  },
  "n_qubits_register": 4,
  "graph_edges": [
    [
      0,
      2,
      1.0
    ],
    [
      0,
      3,
      1.0
    ]
  ],
  "graph_signature": "2cf81b7f6c28153cc1763d3712042bf1e2dce228b62300b14a9509084e53b32c",
  "graph_num_edges": 2,
  "graph_density": 0.3333333333333333,
  "best_cut_bruteforce": 2.0,
  "best_bitstring_bruteforce": "0011",
  "best_index_bruteforce": 3,
  "candidate_order": [
    1,
    2,
    3,
    4,
    5,
    6,
    7,
    8,
    9,
    10,
    11,
    12,
    13,
    14,
    15
  ],
  "total_possible_parameters": 15,
  "visited_parameters": 15,
  "trained_coefficients": {
    "0": 0.0,
    "1": -0.14169320033459967,
    "2": 0.14435804298407404,
    "3": -0.14033055524141244,
    "4": 0.24169941548050433,
    "5": 0.0,
    "6": 0.1782525912029669,
    "7": -0.15346884623026733,
    "8": 0.1268992473380066,
    "9": 0.008400616118082297,
    "10": 0.11463719316527174,
    "11": -0.11382490055160802,
    "12": -0.01351580476802421,
    "13": -0.22732278941832673,
    "14": 0.15049089009030564,
    "15": -0.15138652718158915
  },
  "final_coefficient_vector": [
    0.0,
    -0.14169320033459967,
    0.14435804298407404,
    -0.14033055524141244,
    0.24169941548050433,
    0.0,
    0.1782525912029669,
    -0.15346884623026733,
    0.1268992473380066,
    0.008400616118082297,
    0.11463719316527174,
    -0.11382490055160802,
    -0.01351580476802421,
    -0.22732278941832673,
    0.15049089009030564,
    -0.15138652718158915
  ],
  "active_indices": [
    1,
    2,
    3,
    4,
    6,
    7,
    8,
    9,
    10,
    11,
    12,
    13,
    14,
    15
  ],
  "active_parameter_count": 14,
  "compression_ratio_active_over_total": 0.9333333333333333,
  "final_loss": -1.9511596256285983,
  "final_expected_cut": 1.9511596256285983,
  "best_expected_cut_over_evolution": 1.9511596256285983,
  "final_best_measured_index": 8,
  "final_best_measured_bitstring": "1000",
  "final_best_measured_cut": 2.0,
  "best_measured_cut_over_evolution": 2.0,
  "final_success_probability_ancilla_1": 0.039224883560665655,
  "final_max_postselected_probability": 0.6587938504467158,
  "gap_expected_to_bruteforce": 0.04884037437140165,
  "gap_measured_to_bruteforce": 0.0,
  "approx_ratio_measured": 1.0,
  "n_steps": 15,
  "elapsed_seconds": 3.9536285400390625,
  "steps": [
    {
      "visit_idx": 1,
      "j": 1,
      "kept": true,
      "beta": -0.22945563250321818,
      "coefficient": -0.14169320033459967,
      "loss": -1.0,
      "expected_cut": 1.0,
      "best_measured_cut": 0.0,
      "success_probability_ancilla_1": 0.002820666874084028,
      "epochs_run": 7,
      "stop_reason": "loss_plateau_last5",
      "history_path": "benchmark_results_walsh_article/unweighted/coarse_loader/n4/graph08_trainseed07/histories/history_visit001_j001.json",
      "improvement_vs_previous": 1.0
    },
    {
      "visit_idx": 2,
      "j": 2,
      "kept": true,
      "beta": 0.23392864527681315,
      "coefficient": 0.14435804298407404,
      "loss": -1.0,
      "expected_cut": 1.0,
      "best_measured_cut": 0.0,
      "success_probability_ancilla_1": 0.005731808222294008,
      "epochs_run": 7,
      "stop_reason": "loss_plateau_last5",
      "history_path": "benchmark_results_walsh_article/unweighted/coarse_loader/n4/graph08_trainseed07/histories/history_visit002_j002.json",
      "improvement_vs_previous": 0.0
    },
    {
      "visit_idx": 3,
      "j": 3,
      "kept": true,
      "beta": -0.22717188753731077,
      "coefficient": -0.14033055524141244,
      "loss": -0.9999999999999999,
      "expected_cut": 0.9999999999999999,
      "best_measured_cut": 2.0,
      "success_probability_ancilla_1": 0.00846681715727661,
      "epochs_run": 7,
      "stop_reason": "loss_plateau_last5",
      "history_path": "benchmark_results_walsh_article/unweighted/coarse_loader/n4/graph08_trainseed07/histories/history_visit003_j003.json",
      "improvement_vs_previous": -1.1102230246251565e-16
    },
    {
      "visit_idx": 4,
      "j": 4,
      "kept": true,
      "beta": 0.4055369146072336,
      "coefficient": 0.24169941548050433,
      "loss": -1.286087433358491,
      "expected_cut": 1.286087433358491,
      "best_measured_cut": 2.0,
      "success_probability_ancilla_1": 0.01652073114954207,
      "epochs_run": 17,
      "stop_reason": "loss_plateau_last5",
      "history_path": "benchmark_results_walsh_article/unweighted/coarse_loader/n4/graph08_trainseed07/histories/history_visit004_j004.json",
      "improvement_vs_previous": 0.2860874333584912
    },
    {
      "visit_idx": 5,
      "j": 5,
      "kept": false,
      "beta": -0.0021543006934531686,
      "coefficient": 0.0,
      "loss": -1.286087433358491,
      "expected_cut": 1.286087433358491,
      "best_measured_cut": 2.0,
      "success_probability_ancilla_1": 0.01652073114954207,
      "epochs_run": 30,
      "stop_reason": "loss_plateau_last5_and_discarded_near_zero",
      "history_path": "benchmark_results_walsh_article/unweighted/coarse_loader/n4/graph08_trainseed07/histories/history_visit005_j005.json",
      "improvement_vs_previous": 0.0
    },
    {
      "visit_idx": 6,
      "j": 6,
      "kept": true,
      "beta": 0.2916989876414052,
      "coefficient": 0.1782525912029669,
      "loss": -1.3906939631131396,
      "expected_cut": 1.3906939631131396,
      "best_measured_cut": 2.0,
      "success_probability_ancilla_1": 0.020701779094886196,
      "epochs_run": 7,
      "stop_reason": "loss_plateau_last5",
      "history_path": "benchmark_results_walsh_article/unweighted/coarse_loader/n4/graph08_trainseed07/histories/history_visit006_j006.json",
      "improvement_vs_previous": 0.10460652975464857
    },
    {
      "visit_idx": 7,
      "j": 7,
      "kept": true,
      "beta": -0.2492922534233196,
      "coefficient": -0.15346884623026733,
      "loss": -1.4658014531485102,
      "expected_cut": 1.4658014531485102,
      "best_measured_cut": 2.0,
      "success_probability_ancilla_1": 0.023671309610520486,
      "epochs_run": 7,
      "stop_reason": "loss_plateau_last5",
      "history_path": "benchmark_results_walsh_article/unweighted/coarse_loader/n4/graph08_trainseed07/histories/history_visit007_j007.json",
      "improvement_vs_previous": 0.07510749003537054
    },
    {
      "visit_idx": 8,
      "j": 8,
      "kept": true,
      "beta": 0.20478175567652837,
      "coefficient": 0.1268992473380066,
      "loss": -1.5141234911461514,
      "expected_cut": 1.5141234911461514,
      "best_measured_cut": 2.0,
      "success_probability_ancilla_1": 0.025827015525983876,
      "epochs_run": 7,
      "stop_reason": "loss_plateau_last5",
      "history_path": "benchmark_results_walsh_article/unweighted/coarse_loader/n4/graph08_trainseed07/histories/history_visit008_j008.json",
      "improvement_vs_previous": 0.04832203799764123
    },
    {
      "visit_idx": 9,
      "j": 9,
      "kept": true,
      "beta": 0.013370792546725584,