{
  "0": 0.0,
  "1": -0.5420201097959345,
  "2": 0.5415598988788141,
  "3": -0.006597366378056018,
  "4": -0.2969068003677962,
  "5": -0.0040307191596952625,
  "6": 0.009671188975454685,
  "7": 0.406959493866079,
  "8": -0.12266938013013012,
  "9": 0.004539314814879583,
  "10": 0.0,
  "11": 0.17778277734259487,
  "12": -0.001584422366970269,
  "13": -0.1372215348155365,
  "14": 0.12389543950017311,
  "15": 0.0
}