{
  "0": 0.0,
  "1": -0.29757904016940545,
  "2": 0.29920087328296535,
  "3": -0.0019924614598729067,
  "4": 0.21142859427282162,
  "5": 0.0,
  "6": 0.0012704111991767764,
  "7": -0.26011097329989213,
  "8": -0.07804602357474376,
  "9": 0.0,
  "10": 0.0016743107991387986,
  "11": 0.12614908860862054,
  "12": 0.0021390863051920467,
  "13": 0.15235856614285045,
  "14": -0.1775493880406509,
  "15": -0.0017470393773019162
}