epoch,beta,coefficient,loss,expected_cut,best_measured_cut,success_probability_ancilla_1,max_postselected_probability,grad
0,-0.3085322285289388,-0.23491355058516614,-2.4999999999981783,2.4999999999981783,0.0,0.013732766580789967,0.06249999999995445,1.103324858312799e-11
1,-0.30853272173102686,-0.23491390329130443,-2.49999999999818,2.49999999999818,0.0,0.013732807628568598,0.062499999999954495,1.1030184978297887e-11
2,-0.3085333256107216,-0.2349143351467454,-2.4999999999981783,2.4999999999981783,0.0,0.01373285788778916,0.06249999999995447,1.1031173598658064e-11
3,-0.3085340227441985,-0.2349148336910259,-2.49999999999818,2.49999999999818,0.0,0.013732915908351781,0.06249999999995451,1.1032230515069982e-11
4,-0.3085348019634183,-0.2349153909374165,-2.49999999999818,2.49999999999818,0.0,0.013732980760806576,0.062499999999954495,1.1031773524241467e-11
