{
  "config": {
    "N_VERTICES": 4,
    "PROB_ARESTA": 0.55,
    "COM_PESO": false,
    "PESO_MIN": 1,
    "PESO_MAX": 1,
    "GRAPH_SEED": 105087,
    "GRAPH_EDGES": [
      [
        0,
        1,
        1.0
      ],
      [
        1,
        2,
        1.0
      ],
      [
        1,
        3,
        1.0
      ]
    ],
    "REVERSE_BITS": false,
    "ER": 1.0,
    "MAX_TERMS": null,
    "A_MAX": 0.7853981633974483,
    "INIT_BETA": 0.35,
    "MAX_EPOCHS": 200,
    "LR": 0.01,
    "FD_EPS": 0.01,
    "LOSS_TOL_LAST5": 0.001,
    "PATIENCE_LAST5": 5,
    "TRAIN_SEED": 7,
    "INIT_BETA_JITTER": 0.05,
    "OPTIMIZER": "adam",
    "ADAM_BETA1": 0.9,
    "ADAM_BETA2": 0.999,
    "ADAM_EPS": 1e-08,
    "COEF_ZERO_TOL": 0.005,
    "IMPROVEMENT_TOL": 0.003,
    "SATURATION_PATIENCE": 40,
    "INDEX_STRATEGY": "ascending",
    "INDEX_RANDOM_SEED": 42,
    "ENABLE_BACKWARD_PRUNING": false,
    "BACKWARD_PASSES": 1,
    "PRUNE_IMPROVEMENT_TOL": 1e-06,
    "OUTDIR": "benchmark_results_walsh_article/unweighted/sparse_threshold/n4/graph09_trainseed07",
    "SHOW_PLOTS": false,
    "name": "sparse_threshold"
  },
  "n_qubits_register": 4,
  "graph_edges": [
    [
      0,
      1,
      1.0
    ],
    [
      1,
      2,
      1.0
    ],
    [
      1,
      3,
      1.0
    ]
  ],
  "graph_signature": "e05b7736fa85fadb9e519d205bc71874029e7ff2544024339aba6060afa201c5",
  "graph_num_edges": 3,
  "graph_density": 0.5,
  "best_cut_bruteforce": 3.0,
  "best_bitstring_bruteforce": "0100",
  "best_index_bruteforce": 4,
  "candidate_order": [
    1,
    2,
    3,
    4,
    5,
    6,
    7,
    8,
    9,
    10,
    11,
    12,
    13,
    14,
    15
  ],
  "total_possible_parameters": 15,
  "visited_parameters": 15,
  "trained_coefficients": {
    "0": 0.0,
    "1": -0.24005578324783317,
    "2": 0.23963833107569862,
    "3": 0.0,
    "4": -0.16841561764988122,
    "5": 0.0,
    "6": 0.0,
    "7": 0.20178815832274702,
    "8": -0.10124825164023901,
    "9": 0.0,
    "10": 0.0,
    "11": 0.13402289927498087,
    "12": 0.0,
    "13": -0.12399171540154189,
    "14": 0.1351265995110879,
    "15": 0.0
  },
  "final_coefficient_vector": [
    0.0,
    -0.24005578324783317,
    0.23963833107569862,
    0.0,
    -0.16841561764988122,
    0.0,
    0.0,
    0.20178815832274702,
    -0.10124825164023901,
    0.0,
    0.0,
    0.13402289927498087,
    0.0,
    -0.12399171540154189,
    0.1351265995110879,
    0.0
  ],
  "active_indices": [
    1,
    2,
    4,
    7,
    8,
    11,
    13,
    14
  ],
  "active_parameter_count": 8,
  "compression_ratio_active_over_total": 0.5333333333333333,
  "final_loss": -2.8893608621536795,
  "final_expected_cut": 2.8893608621536795,
  "best_expected_cut_over_evolution": 2.8893608621536795,
  "final_best_measured_index": 4,
  "final_best_measured_bitstring": "0100",
  "final_best_measured_cut": 3.0,
  "best_measured_cut_over_evolution": 3.0,
  "final_success_probability_ancilla_1": 0.05344481307396769,
  "final_max_postselected_probability": 0.453401668068139,
  "gap_expected_to_bruteforce": 0.11063913784632051,
  "gap_measured_to_bruteforce": 0.0,
  "approx_ratio_measured": 1.0,
  "n_steps": 15,
  "elapsed_seconds": 19.050454139709473,
  "steps": [
    {
      "visit_idx": 1,
      "j": 1,
      "kept": true,
      "beta": -0.3157384252174587,
      "coefficient": -0.24005578324783317,
      "loss": -1.5,
      "expected_cut": 1.5,
      "best_measured_cut": 0.0,
      "success_probability_ancilla_1": 0.014337643241887306,
      "epochs_run": 5,
      "stop_reason": "loss_plateau_last5",
      "history_path": "benchmark_results_walsh_article/unweighted/sparse_threshold/n4/graph09_trainseed07/histories/history_visit001_j001.json",
      "improvement_vs_previous": 1.5
    },
    {
      "visit_idx": 2,
      "j": 2,
      "kept": true,
      "beta": 0.3151522419352589,
      "coefficient": 0.23963833107569862,
      "loss": -1.9999992279806484,
      "expected_cut": 1.9999992279806484,
      "best_measured_cut": 3.0,
      "success_probability_ancilla_1": 0.02821598855422244,
      "epochs_run": 5,
      "stop_reason": "loss_plateau_last5",
      "history_path": "benchmark_results_walsh_article/unweighted/sparse_threshold/n4/graph09_trainseed07/histories/history_visit002_j002.json",
      "improvement_vs_previous": 0.49999922798064844
    },
    {
      "visit_idx": 3,
      "j": 3,
      "kept": false,
      "beta": -0.0024372173643867545,
      "coefficient": 0.0,
      "loss": -1.9999992279806484,
      "expected_cut": 1.9999992279806484,
      "best_measured_cut": 3.0,
      "success_probability_ancilla_1": 0.02821598855422244,
      "epochs_run": 36,
      "stop_reason": "loss_plateau_last5_and_discarded_near_zero",
      "history_path": "benchmark_results_walsh_article/unweighted/sparse_threshold/n4/graph09_trainseed07/histories/history_visit003_j003.json",
      "improvement_vs_previous": 0.0
    },
    {
      "visit_idx": 4,
      "j": 4,
      "kept": true,
      "beta": -0.217813859863828,
      "coefficient": -0.16841561764988122,
      "loss": -2.1755153501525717,
      "expected_cut": 2.1755153501525717,
      "best_measured_cut": 3.0,
      "success_probability_ancilla_1": 0.03489098723485435,
      "epochs_run": 63,
      "stop_reason": "loss_plateau_last5",
      "history_path": "benchmark_results_walsh_article/unweighted/sparse_threshold/n4/graph09_trainseed07/histories/history_visit004_j004.json",
      "improvement_vs_previous": 0.17551612217192325
    },
    {
      "visit_idx": 5,
      "j": 5,
      "kept": false,
      "beta": -0.0012962234126143515,
      "coefficient": 0.0,
      "loss": -2.1755153501525717,
      "expected_cut": 2.1755153501525717,
      "best_measured_cut": 3.0,
      "success_probability_ancilla_1": 0.03489098723485435,
      "epochs_run": 42,
      "stop_reason": "loss_plateau_last5_and_discarded_near_zero",
      "history_path": "benchmark_results_walsh_article/unweighted/sparse_threshold/n4/graph09_trainseed07/histories/history_visit005_j005.json",
      "improvement_vs_previous": 0.0
    },
    {
      "visit_idx": 6,
      "j": 6,
      "kept": false,
      "beta": 0.0013526530927070804,
      "coefficient": 0.0,
      "loss": -2.1755153501525717,
      "expected_cut": 2.1755153501525717,
      "best_measured_cut": 3.0,
      "success_probability_ancilla_1": 0.03489098723485435,
      "epochs_run": 42,
      "stop_reason": "loss_plateau_last5_and_discarded_near_zero",
      "history_path": "benchmark_results_walsh_article/unweighted/sparse_threshold/n4/graph09_trainseed07/histories/history_visit006_j006.json",
      "improvement_vs_previous": 0.0
    },
    {
      "visit_idx": 7,
      "j": 7,
      "kept": true,
      "beta": 0.26281291860102984,
      "coefficient": 0.20178815832274702,
      "loss": -2.477971404318243,
      "expected_cut": 2.477971404318243,
      "best_measured_cut": 3.0,
      "success_probability_ancilla_1": 0.04338025289538023,
      "epochs_run": 70,
      "stop_reason": "loss_plateau_last5",
      "history_path": "benchmark_results_walsh_article/unweighted/sparse_threshold/n4/graph09_trainseed07/histories/history_visit007_j007.json",
      "improvement_vs_previous": 0.30245605416567134
    },
    {
      "visit_idx": 8,
      "j": 8,
      "kept": true,
      "beta": -0.12963460490978318,
      "coefficient": -0.10124825164023901,
      "loss": -2.541979868659582,
      "expected_cut": 2.541979868659582,
      "best_measured_cut": 3.0,
      "success_probability_ancilla_1": 0.045718706313891994,
      "epochs_run": 55,
      "stop_reason": "loss_plateau_last5",
      "history_path": "benchmark_results_walsh_article/unweighted/sparse_threshold/n4/graph09_trainseed07/histories/history_visit008_j008.json",
      "improvement_vs_previous": 0.064008464341339
    },
    {
      "visit_idx": 9,
      "j": 9,
      "kept": false,
      "beta": 0.0014021414318676094,
      "coefficient": 0.0,
      "loss": -2.541979868659582,
      "expected_cut": 2.541979868659582,