{
  "0": 0.0,
  "1": -0.24005578324783317,
  "2": 0.23963833107569862,
  "3": 0.0,
  "4": -0.16841561764988122,
  "5": 0.0,
  "6": 0.0,
  "7": 0.20178815832274702,
  "8": -0.10124825164023901,
  "9": 0.0,
  "10": 0.0,
  "11": 0.13402289927498087,
  "12": 0.0,
  "13": -0.12399171540154189,
  "14": 0.1351265995110879,
  "15": 0.0
}