epoch,beta,coefficient,loss,expected_cut,best_measured_cut,success_probability_ancilla_1,max_postselected_probability,grad
0,-0.3685975170514683,-0.2770604854198378,-13.999999999992653,13.999999999992653,0.0,0.01906818175790636,0.0039062499999979496,3.616942235024788e-11
1,-0.368599135275631,-0.27706159820900517,-13.999999999992657,13.999999999992657,0.0,0.019068333948493128,0.0039062499999979504,3.622656893284291e-11
2,-0.36860111713514593,-0.2770629610541842,-13.99999999999266,13.99999999999266,0.0,0.019068520338796285,0.0039062499999979513,3.622501231638245e-11
3,-0.3686034047167657,-0.27706453412980486,-13.99999999999266,13.99999999999266,0.0,0.019068735482497066,0.003906249999997952,3.6196359052278946e-11
4,-0.3686059618532145,-0.27706629256416926,-13.99999999999266,13.99999999999266,0.0,0.019068975978432382,0.0039062499999979513,3.6219790645492084e-11
