{
  "0": 0.0,
  "1": -0.5046060785972184,
  "2": 0.5047724574418425,
  "3": -0.0016348097779988913,
  "4": 0.30914305236988826,
  "5": -0.004250456898642942,
  "6": 0.007974408377382503,
  "7": -0.4135065429835453,
  "8": 0.09990652585859114,
  "9": 0.0011399882951068747,
  "10": -0.0005895448654222047,
  "11": -0.09619151091647116,
  "12": 0.0033772594506313977,
  "13": 0.044282849953262336,
  "14": -0.01685624089879785,
  "15": -0.006746628186728333
}