{
  "config": {
    "N_VERTICES": 4,
    "PROB_ARESTA": 0.85,
    "COM_PESO": false,
    "PESO_MIN": 1,
    "PESO_MAX": 1,
    "GRAPH_SEED": 104375,
    "GRAPH_EDGES": [
      [
        0,
        1,
        1.0
      ],
      [
        0,
        3,
        1.0
      ],
      [
        1,
        2,
        1.0
      ],
      [
        1,
        3,
        1.0
      ],
      [
        2,
        3,
        1.0
      ]
    ],
    "REVERSE_BITS": false,
    "ER": 1.25,
    "MAX_TERMS": null,
    "A_MAX": 1.0471975511965976,
    "INIT_BETA": 0.5,
    "MAX_EPOCHS": 200,
    "LR": 0.01,
    "FD_EPS": 0.01,
    "LOSS_TOL_LAST5": 0.0005,
    "PATIENCE_LAST5": 5,
    "TRAIN_SEED": 2,
    "INIT_BETA_JITTER": 0.08,
    "OPTIMIZER": "adam",
    "ADAM_BETA1": 0.9,
    "ADAM_BETA2": 0.999,
    "ADAM_EPS": 1e-08,
    "COEF_ZERO_TOL": 0.0005,
    "IMPROVEMENT_TOL": 0.0005,
    "SATURATION_PATIENCE": 150,
    "INDEX_STRATEGY": "ascending",
    "INDEX_RANDOM_SEED": 42,
    "ENABLE_BACKWARD_PRUNING": false,
    "BACKWARD_PASSES": 1,
    "PRUNE_IMPROVEMENT_TOL": 1e-06,
    "OUTDIR": "benchmark_results_walsh_article/unweighted/aggressive_loader/n4/graph02_trainseed02",
    "SHOW_PLOTS": false,
    "name": "aggressive_loader"
  },
  "n_qubits_register": 4,
  "graph_edges": [
    [
      0,
      1,
      1.0
    ],
    [
      0,
      3,
      1.0
    ],
    [
      1,
      2,
      1.0
    ],
    [
      1,
      3,
      1.0
    ],
    [
      2,
      3,
      1.0
    ]
  ],
  "graph_signature": "088078414915f783002f6e924a47ca164ddb929b0c303d60c8d30a073f7782ae",
  "graph_num_edges": 5,
  "graph_density": 0.8333333333333334,
  "best_cut_bruteforce": 4.0,
  "best_bitstring_bruteforce": "0101",
  "best_index_bruteforce": 5,
  "candidate_order": [
    1,
    2,
    3,
    4,
    5,
    6,
    7,
    8,
    9,
    10,
    11,
    12,
    13,
    14,
    15
  ],
  "total_possible_parameters": 15,
  "visited_parameters": 15,
  "trained_coefficients": {
    "0": 0.0,
    "1": -0.4272535346363537,
    "2": 0.427734110582539,
    "3": 0.0015650681386884227,
    "4": -0.26865005613563187,
    "5": -0.0018590706118727588,
    "6": 0.0018186160708537024,
    "7": 0.3448746122229169,
    "8": 0.048759945359754066,
    "9": 0.0006761103096743634,
    "10": 0.0,
    "11": -0.1129162497901545,
    "12": -0.0005331538492087826,
    "13": 0.13681064331157253,
    "14": -0.22561019790396897,
    "15": 0.0005481124118712058
  },
  "final_coefficient_vector": [
    0.0,
    -0.4272535346363537,
    0.427734110582539,
    0.0015650681386884227,
    -0.26865005613563187,
    -0.0018590706118727588,
    0.0018186160708537024,
    0.3448746122229169,
    0.048759945359754066,
    0.0006761103096743634,
    0.0,
    -0.1129162497901545,
    -0.0005331538492087826,
    0.13681064331157253,
    -0.22561019790396897,
    0.0005481124118712058
  ],
  "active_indices": [
    1,
    2,
    3,
    4,
    5,
    6,
    7,
    8,
    9,
    11,
    12,
    13,
    14,
    15
  ],
  "active_parameter_count": 14,
  "compression_ratio_active_over_total": 0.9333333333333333,
  "final_loss": -3.6786653652753465,
  "final_expected_cut": 3.6786653652753465,
  "best_expected_cut_over_evolution": 3.6786665701334336,
  "final_best_measured_index": 5,
  "final_best_measured_bitstring": "0101",
  "final_best_measured_cut": 4.0,
  "best_measured_cut_over_evolution": 4.0,
  "final_success_probability_ancilla_1": 0.16379569873036054,
  "final_max_postselected_probability": 0.34326863445568145,
  "gap_expected_to_bruteforce": 0.3213346347246535,
  "gap_measured_to_bruteforce": 0.0,
  "approx_ratio_measured": 1.0,
  "n_steps": 15,
  "elapsed_seconds": 15.560858964920044,
  "steps": [
    {
      "visit_idx": 1,
      "j": 1,
      "kept": true,
      "beta": -0.4332059381105335,
      "coefficient": -0.4272535346363537,
      "loss": -2.5,
      "expected_cut": 2.5,
      "best_measured_cut": 0.0,
      "success_probability_ancilla_1": 0.06962801097044743,
      "epochs_run": 5,
      "stop_reason": "loss_plateau_last5",
      "history_path": "benchmark_results_walsh_article/unweighted/aggressive_loader/n4/graph02_trainseed02/histories/history_visit001_j001.json",
      "improvement_vs_previous": 2.5
    },
    {
      "visit_idx": 2,
      "j": 2,
      "kept": true,
      "beta": 0.4337566258596799,
      "coefficient": 0.427734110582539,
      "loss": -2.9999996521897865,
      "expected_cut": 2.9999996521897865,
      "best_measured_cut": 3.0,
      "success_probability_ancilla_1": 0.12969157211676677,
      "epochs_run": 8,
      "stop_reason": "loss_plateau_last5",
      "history_path": "benchmark_results_walsh_article/unweighted/aggressive_loader/n4/graph02_trainseed02/histories/history_visit002_j002.json",
      "improvement_vs_previous": 0.4999996521897865
    },
    {
      "visit_idx": 3,
      "j": 3,
      "kept": true,
      "beta": 0.0014945310960261479,
      "coefficient": 0.0015650681386884227,
      "loss": -2.9999959634164406,
      "expected_cut": 2.9999959634164406,
      "best_measured_cut": 3.0,
      "success_probability_ancilla_1": 0.1296922807475081,
      "epochs_run": 54,
      "stop_reason": "loss_plateau_last5",
      "history_path": "benchmark_results_walsh_article/unweighted/aggressive_loader/n4/graph02_trainseed02/histories/history_visit003_j003.json",
      "improvement_vs_previous": -3.688773345889018e-06
    },
    {
      "visit_idx": 4,
      "j": 4,
      "kept": true,
      "beta": -0.26240315371979933,
      "coefficient": -0.26865005613563187,
      "loss": -3.1474200740270644,
      "expected_cut": 3.1474200740270644,
      "best_measured_cut": 3.0,
      "success_probability_ancilla_1": 0.1503766146201937,
      "epochs_run": 89,
      "stop_reason": "loss_plateau_last5",
      "history_path": "benchmark_results_walsh_article/unweighted/aggressive_loader/n4/graph02_trainseed02/histories/history_visit004_j004.json",
      "improvement_vs_previous": 0.14742411061062377
    },
    {
      "visit_idx": 5,
      "j": 5,
      "kept": true,
      "beta": -0.0017752835296294227,
      "coefficient": -0.0018590706118727588,
      "loss": -3.147419870110585,
      "expected_cut": 3.147419870110585,
      "best_measured_cut": 3.0,
      "success_probability_ancilla_1": 0.15037723010298132,
      "epochs_run": 56,
      "stop_reason": "loss_plateau_last5",
      "history_path": "benchmark_results_walsh_article/unweighted/aggressive_loader/n4/graph02_trainseed02/histories/history_visit005_j005.json",
      "improvement_vs_previous": -2.039164792577708e-07
    },
    {
      "visit_idx": 6,
      "j": 6,
      "kept": true,
      "beta": 0.0017366521694658554,
      "coefficient": 0.0018186160708537024,
      "loss": -3.1474204688216427,
      "expected_cut": 3.1474204688216427,
      "best_measured_cut": 3.0,
      "success_probability_ancilla_1": 0.15037716568508908,
      "epochs_run": 63,
      "stop_reason": "loss_plateau_last5",
      "history_path": "benchmark_results_walsh_article/unweighted/aggressive_loader/n4/graph02_trainseed02/histories/history_visit006_j006.json",
      "improvement_vs_previous": 5.987110576199939e-07
    },
    {
      "visit_idx": 7,
      "j": 7,
      "kept": true,
      "beta": 0.34207767790689675,
      "coefficient": 0.3448746122229169,
      "loss": -3.455260030567358,
      "expected_cut": 3.455260030567358,
      "best_measured_cut": 3.0,
      "success_probability_ancilla_1": 0.1645047162781722,
      "epochs_run": 96,
      "stop_reason": "loss_plateau_last5",
      "history_path": "benchmark_results_walsh_article/unweighted/aggressive_loader/n4/graph02_trainseed02/histories/history_visit007_j007.json",
      "improvement_vs_previous": 0.30783956174571525
    },
    {
      "visit_idx": 8,
      "j": 8,
      "kept": true,
      "beta": 0.04659601161663924,
      "coefficient": 0.048759945359754066,
      "loss": -3.4608443533192954,
      "expected_cut": 3.4608443533192954,
      "best_measured_cut": 4.0,