{
  "0": 0.0,
  "1": -0.4272535346363537,
  "2": 0.427734110582539,
  "3": 0.0015650681386884227,
  "4": -0.26865005613563187,
  "5": -0.0018590706118727588,
  "6": 0.0018186160708537024,
  "7": 0.3448746122229169,
  "8": 0.048759945359754066,
  "9": 0.0006761103096743634,
  "10": 0.0,
  "11": -0.1129162497901545,
  "12": -0.0005331538492087826,
  "13": 0.13681064331157253,
  "14": -0.22561019790396897,
  "15": 0.0005481124118712058
}