epoch,beta,coefficient,loss,expected_cut,best_measured_cut,success_probability_ancilla_1,max_postselected_probability,grad
0,-0.5451048309849078,-0.5202921451698674,-3.99999999999961,3.99999999999961,0.0,0.10206862869226764,0.015624999999998477,1.1423285622554052e-12
1,-0.5451048820515362,-0.5202921854458277,-3.9999999999996065,3.9999999999996065,0.0,0.10206864393362508,0.015624999999998463,1.1420385698005194e-12
2,-0.5451049448165308,-0.5202922349482205,-3.9999999999996065,3.9999999999996065,0.0,0.10206866266647974,0.015624999999998463,1.153913596550454e-12
3,-0.545105017273507,-0.5202922920946199,-3.9999999999996088,3.9999999999996088,0.0,0.10206868429200583,0.015624999999998473,1.1465283043757994e-12
4,-0.5451050982409876,-0.5202923559532003,-3.9999999999996065,3.9999999999996065,0.0,0.1020687084575797,0.015624999999998463,1.1452629913557223e-12
