epoch,beta,coefficient,loss,expected_cut,best_measured_cut,success_probability_ancilla_1,max_postselected_probability,grad
0,-0.26115878296820677,-0.16045939683010735,-1.4999999999958522,1.4999999999958522,0.0,0.003616334815705005,0.06249999999982718,3.032679114338069e-11
1,-0.261160138653755,-0.16046019307894144,-1.4999999999958518,1.4999999999958518,0.0,0.0036163706631957217,0.06249999999982715,3.03247996697065e-11
2,-0.2611617986562531,-0.1604611680646507,-1.4999999999958527,1.4999999999958527,0.0,0.003616414557744302,0.062499999999827194,3.0330653014013e-11
3,-0.2611637149973778,-0.1604622936072365,-1.4999999999958527,1.4999999999958527,0.0,0.003616465230800381,0.062499999999827194,3.033101511241164e-11
4,-0.2611658569157837,-0.16046355163893636,-1.4999999999958527,1.4999999999958527,0.0,0.0036165218690678872,0.062499999999827194,3.032668561200583e-11
5,-0.26116820262440793,-0.16046492936295126,-1.499999999995853,1.499999999995853,0.0,0.0036165838965502525,0.06249999999982721,3.032741579915588e-11
6,-0.2611707355150559,-0.16046641702424427,-1.4999999999958527,1.4999999999958527,0.0,0.003616650874191289,0.062499999999827194,3.0322718789850194e-11
