epoch,beta,coefficient,loss,expected_cut,best_measured_cut,success_probability_ancilla_1,max_postselected_probability,grad
0,-0.22573801673929725,-0.13947429418437987,-1.4999999999984954,1.4999999999984954,0.0,0.009970444331904358,0.18625073059504638,3.478685045329989e-12
1,-0.225738172258507,-0.13947438708501989,-1.4999999999984952,1.4999999999984952,0.0,0.00997044791654768,0.18625073779158352,3.4782176538389492e-12
2,-0.2257383626722948,-0.1394745008302056,-1.4999999999984956,1.4999999999984956,0.0,0.009970452305497222,0.18625074660279298,3.4779793415040882e-12
3,-0.2257385824872213,-0.13947463213838263,-1.4999999999984954,1.4999999999984954,0.0,0.00997045737213336,0.18625075677444416,3.47824905279278e-12
4,-0.22573882818794988,-0.1394747789096322,-1.4999999999984954,1.4999999999984954,0.0,0.009970463035430739,0.18625076814384275,3.4783923446943664e-12
5,-0.22573909725330674,-0.13947493963790655,-1.4999999999984954,1.4999999999984954,0.0,0.009970469237278975,0.18625078059429867,3.4771789479231944e-12
6,-0.22573938779359404,-0.13947511319437544,-1.4999999999984954,1.4999999999984954,0.0,0.009970475934122888,0.18625079403834335,3.477414430909667e-12
