epoch,beta,coefficient,loss,expected_cut,best_measured_cut,success_probability_ancilla_1,max_postselected_probability,grad
0,0.4625283440578707,0.4525387131153077,-2.9977211968993287,2.9977211968993287,2.0,0.15621659195978052,0.12471514961243202,-0.1166457014790875
1,0.4724175370399795,0.46092459781726597,-2.9985497087159874,2.9985497087159874,2.0,0.1585233334576441,0.12481871358951416,-0.09427273836109404
2,0.4820939591892796,0.46905970540999264,-2.999167775766198,2.999167775766198,2.0,0.16079694979227305,0.12489597197079028,-0.07350690790485769
3,0.4914320569704909,0.4768438121155628,-2.9995946866180097,2.9995946866180097,2.0,0.16300530887128395,0.12494933582726658,-0.05444254069963386
4,0.5002843032865942,0.48416206724472577,-2.9998549302727286,2.9998549302727286,2.0,0.1651106071522486,0.12498186628410621,-0.0371722841958311
5,0.5084879926985465,0.4908908998352164,-2.9999779255062897,2.9999779255062897,2.0,0.16707107541678695,0.12499724068830122,-0.02178047693919612
6,0.5158782911870777,0.49690844155627756,-2.9999967656977184,2.9999967656977184,2.0,0.16884426092855417,0.1249995957122297,-0.008333115207621878
7,0.5223062475515416,0.5021082065955184,-2.9999458708057904,2.9999458708057904,2.0,0.17039156646630663,0.12499323385073856,0.003134323524914918
