epoch,beta,coefficient,loss,expected_cut,best_measured_cut,success_probability_ancilla_1,max_postselected_probability,grad
0,-0.5112926607396554,-0.49317953553280164,-2.4999999999998934,2.4999999999998934,2.0,0.2361651890269962,0.04343160056785953,8.499666998179376e-14
1,-0.5112926645565212,-0.4931795386432946,-2.499999999999895,2.499999999999895,2.0,0.23616518975389228,0.04343160055634366,8.570427024302525e-14
2,-0.5112926691964593,-0.4931795424245369,-2.4999999999998943,2.4999999999998943,2.0,0.23616519063753721,0.043431600542344455,8.370681645162812e-14
3,-0.5112926745633106,-0.49317954679816517,-2.499999999999894,2.499999999999894,2.0,0.23616519165961766,0.043431600526152074,8.532445503690926e-14
4,-0.5112926805854747,-0.49317955170582994,-2.4999999999998943,2.4999999999998943,2.0,0.23616519280649795,0.043431600507982566,8.627424572945932e-14
