epoch,beta,coefficient,loss,expected_cut,best_measured_cut,success_probability_ancilla_1,max_postselected_probability,grad
0,0.46213906623851514,0.45220713423967296,-2.8240212511247664,2.8240212511247664,2.0,0.30319103219677107,0.05102362892548187,-0.03972084203279066
1,0.4720552749009439,0.4606186834025726,-2.824320727519349,2.824320727519349,2.0,0.30314197632396445,0.05097676504292296,-0.033318215665024915
2,0.4818086147149914,0.4688208139412518,-2.824555868483671,2.824555868483671,2.0,0.3031150988674186,0.05092484841125938,-0.027106346118784312
3,0.4912981143608001,0.4767326241786972,-2.824729387275383,2.824729387275383,2.0,0.3031087826841218,0.050868964120187335,-0.02113431307693258
4,0.5003989322598323,0.4842564419749615,-2.82484579519301,2.82484579519301,2.0,0.30312064012018514,0.05081054667266701,-0.015458874496808734
5,0.5089635635652675,0.4912793947584504,-2.8249116772213094,2.8249116772213094,2.0,0.303147421758735,0.050751393108850976,-0.010144147040594279
6,0.5168285672905528,0.4976791556469901,-2.8249357404985025,2.8249357404985025,2.0,0.30318503786537804,0.05069361229837018,-0.005259623517735918
