epoch,beta,coefficient,loss,expected_cut,best_measured_cut,success_probability_ancilla_1,max_postselected_probability,grad
0,-0.5451048174924654,-0.5202921345284542,-2.499999999999754,2.499999999999754,0.0,0.10206862466531041,0.015624999999998463,7.156575654458327e-13
1,-0.5451048494996117,-0.5202921597723097,-2.499999999999754,2.499999999999754,0.0,0.10206863421817042,0.015624999999998463,7.160855715818232e-13
2,-0.5451048887766405,-0.5202921907498793,-2.499999999999755,2.499999999999755,0.0,0.10206864594080119,0.01562499999999847,7.20153357242165e-13
3,-0.5451049340753888,-0.5202922264767434,-2.499999999999755,2.499999999999755,0.0,0.10206865946067593,0.015624999999998467,7.151136120218443e-13
4,-0.545104984654842,-0.5202922663684675,-2.4999999999997558,2.4999999999997558,0.0,0.10206867455663132,0.015624999999998473,7.136808687003334e-13
