epoch,beta,coefficient,loss,expected_cut,best_measured_cut,success_probability_ancilla_1,max_postselected_probability,grad
0,-0.30811978848293226,-0.23461856380340745,-3.478636629147034,3.478636629147034,3.0,0.05709190460166354,0.24570778302809304,-0.0031538560373511244
1,-0.31502203647067734,-0.2395455845866687,-3.4788117236425453,3.4788117236425453,3.0,0.057581816069024336,0.24585211523430317,0.04074184438094206
2,-0.32174454956450355,-0.2443244092419562,-3.478783237415687,3.478783237415687,3.0,0.05806725219338822,0.24595314070906463,0.010184423516826116
3,-0.3244494233279446,-0.24624160951937069,-3.47871802864591,3.47871802864591,3.0,0.05826483995446517,0.24598309060985124,-0.01847908572768191
4,-0.32340652065579,-0.2455027893647853,-3.478746766287468,3.478746766287468,3.0,0.05818850439571255,0.24597225935206765,-0.02970761942073074
