epoch,beta,coefficient,loss,expected_cut,best_measured_cut,success_probability_ancilla_1,max_postselected_probability,grad
0,0.5209476885729571,0.5010118863597905,-5.733430794801806,5.733430794801806,5.0,0.46839331574810217,0.031516675641445405,0.025367851848125837
1,0.5109813129495663,0.4929257705005627,-5.7336506386600075,5.7336506386600075,5.0,0.46749905165476047,0.03149904348973093,0.02318370205249492
2,0.5010785538846725,0.4848157730595471,-5.733846284203073,5.733846284203073,5.0,0.46660548166533755,0.03147954598353205,0.020918657300022615
3,0.4912769735470957,0.47671507360658694,-5.734016696833297,5.734016696833297,5.0,0.4657163620922249,0.031458250006468375,0.018579981109893333
4,0.48162312089371756,0.46866548507531725,-5.734161113115199,5.734161113115199,5.0,0.46483633416844605,0.03143527811235903,0.016177980063096092
5,0.47217412751979954,0.4607190599514952,-5.734279155887922,5.734279155887922,5.0,0.46397107621558387,0.03141082335720948,0.013726730008737132
6,0.4629991382065969,0.45293957690617737,-5.734370970826827,5.734370970826827,5.0,0.4631274389469865,0.031385165119198075,0.011244868723575488
7,0.45418018090021806,0.445403539440006,-5.734437375614329,5.734437375614329,5.0,0.4623135258625343,0.03135868373640701,0.008756376622398126
