epoch,beta,coefficient,loss,expected_cut,best_measured_cut,success_probability_ancilla_1,max_postselected_probability,grad
0,0.23727867097035074,0.14635027611788354,-5.499999999990375,5.499999999990375,4.0,0.005712929689278353,0.031230052806458915,-4.090830896090823e-11
1,0.2372804995946924,0.1463513627410152,-5.499999999990377,5.499999999990377,4.0,0.00571297408334193,0.03123004694156056,-4.0905802654852483e-11
2,0.2372827383117427,0.14635269305220713,-5.499999999990374,5.499999999990374,4.0,0.0057130284337451355,0.031230039760278577,-4.089562578752323e-11
3,0.23728532262192403,0.14635422872322676,-5.499999999990372,5.499999999990372,4.0,0.005713091174819226,0.031230031468903133,-4.0902679969983734e-11
4,0.23728821131529707,0.1463559452652558,-5.499999999990376,5.499999999990376,4.0,0.00571316130629989,0.03123002219904252,-4.091185265312722e-11
5,0.23729137487226437,0.14635782513623516,-5.4999999999903775,5.4999999999903775,4.0,0.005713238111729838,0.031230012044819056,-4.090677415285263e-11
6,0.23729479080945448,0.14635985497524726,-5.499999999990376,5.499999999990376,4.0,0.005713321045470376,0.031230001077793584,-4.0895684097408736e-11
