{
  "config": {
    "N_VERTICES": 4,
    "PROB_ARESTA": 0.85,
    "COM_PESO": false,
    "PESO_MIN": 1,
    "PESO_MAX": 1,
    "GRAPH_SEED": 104781,
    "GRAPH_EDGES": [
      [
        0,
        2,
        1.0
      ],
      [
        0,
        3,
        1.0
      ],
      [
        1,
        2,
        1.0
      ],
      [
        1,
        3,
        1.0
      ],
      [
        2,
        3,
        1.0
      ]
    ],
    "REVERSE_BITS": false,
    "ER": 1.25,
    "MAX_TERMS": null,
    "A_MAX": 1.0471975511965976,
    "INIT_BETA": 0.5,
    "MAX_EPOCHS": 200,
    "LR": 0.01,
    "FD_EPS": 0.01,
    "LOSS_TOL_LAST5": 0.0005,
    "PATIENCE_LAST5": 5,
    "TRAIN_SEED": 6,
    "INIT_BETA_JITTER": 0.08,
    "OPTIMIZER": "adam",
    "ADAM_BETA1": 0.9,
    "ADAM_BETA2": 0.999,
    "ADAM_EPS": 1e-08,
    "COEF_ZERO_TOL": 0.0005,
    "IMPROVEMENT_TOL": 0.0005,
    "SATURATION_PATIENCE": 150,
    "INDEX_STRATEGY": "ascending",
    "INDEX_RANDOM_SEED": 42,
    "ENABLE_BACKWARD_PRUNING": false,
    "BACKWARD_PASSES": 1,
    "PRUNE_IMPROVEMENT_TOL": 1e-06,
    "OUTDIR": "benchmark_results_walsh_article/unweighted/aggressive_loader/n4/graph06_trainseed06",
    "SHOW_PLOTS": false,
    "name": "aggressive_loader"
  },
  "n_qubits_register": 4,
  "graph_edges": [
    [
      0,
      2,
      1.0
    ],
    [
      0,
      3,
      1.0
    ],
    [
      1,
      2,
      1.0
    ],
    [
      1,
      3,
      1.0
    ],
    [
      2,
      3,
      1.0
    ]
  ],
  "graph_signature": "d0a2f764541f34d9979e15c4cf98ceeae9b64c9a96b6d443de24544368e1cb36",
  "graph_num_edges": 5,
  "graph_density": 0.8333333333333334,
  "best_cut_bruteforce": 4.0,
  "best_bitstring_bruteforce": "0011",
  "best_index_bruteforce": 3,
  "candidate_order": [
    1,
    2,
    3,
    4,
    5,
    6,
    7,
    8,
    9,
    10,
    11,
    12,
    13,
    14,
    15
  ],
  "total_possible_parameters": 15,
  "visited_parameters": 15,
  "trained_coefficients": {
    "0": 0.0,
    "1": -0.436112694146649,
    "2": 0.422070263534816,
    "3": -0.506345412975087,
    "4": 0.5322634008519174,
    "5": 0.6529363264938374,
    "6": 0.4697363225528182,
    "7": -0.37030209389888286,
    "8": -0.30185211597324174,
    "9": -0.47995889279023773,
    "10": 0.23048361586047436,
    "11": 0.07064022578991841,
    "12": -0.3262635015298019,
    "13": 0.1918241067269124,
    "14": -0.1928087857735179,
    "15": -0.211676027907272
  },
  "final_coefficient_vector": [
    0.0,
    -0.436112694146649,
    0.422070263534816,
    -0.506345412975087,
    0.5322634008519174,
    0.6529363264938374,
    0.4697363225528182,
    -0.37030209389888286,
    -0.30185211597324174,
    -0.47995889279023773,
    0.23048361586047436,
    0.07064022578991841,
    -0.3262635015298019,
    0.1918241067269124,
    -0.1928087857735179,
    -0.211676027907272
  ],
  "active_indices": [
    1,
    2,
    3,
    4,
    5,
    6,
    7,
    8,
    9,
    10,
    11,
    12,
    13,
    14,
    15
  ],
  "active_parameter_count": 15,
  "compression_ratio_active_over_total": 1.0,
  "final_loss": -3.0930416844834516,
  "final_expected_cut": 3.0930416844834516,
  "best_expected_cut_over_evolution": 3.0930416844834516,
  "final_best_measured_index": 9,
  "final_best_measured_bitstring": "1001",
  "final_best_measured_cut": 3.0,
  "best_measured_cut_over_evolution": 3.0,
  "final_success_probability_ancilla_1": 0.5102670686736911,
  "final_max_postselected_probability": 0.11907765981489915,
  "gap_expected_to_bruteforce": 0.9069583155165484,
  "gap_measured_to_bruteforce": 1.0,
  "approx_ratio_measured": 0.75,
  "n_steps": 15,
  "elapsed_seconds": 41.19973540306091,
  "steps": [
    {
      "visit_idx": 1,
      "j": 1,
      "kept": true,
      "beta": -0.44339784483170647,
      "coefficient": -0.436112694146649,
      "loss": -2.5,
      "expected_cut": 2.5,
      "best_measured_cut": 0.0,
      "success_probability_ancilla_1": 0.07247287302953505,
      "epochs_run": 5,
      "stop_reason": "loss_plateau_last5",
      "history_path": "benchmark_results_walsh_article/unweighted/aggressive_loader/n4/graph06_trainseed06/histories/history_visit001_j001.json",
      "improvement_vs_previous": 2.5
    },
    {
      "visit_idx": 2,
      "j": 2,
      "kept": true,
      "beta": 0.42728209060554645,
      "coefficient": 0.422070263534816,
      "loss": -2.5,
      "expected_cut": 2.5,
      "best_measured_cut": 2.0,
      "success_probability_ancilla_1": 0.13060630513650534,
      "epochs_run": 5,
      "stop_reason": "loss_plateau_last5",
      "history_path": "benchmark_results_walsh_article/unweighted/aggressive_loader/n4/graph06_trainseed06/histories/history_visit002_j002.json",
      "improvement_vs_previous": 0.0
    },
    {
      "visit_idx": 3,
      "j": 3,
      "kept": true,
      "beta": -0.5275737276531569,
      "coefficient": -0.506345412975087,
      "loss": -2.5,
      "expected_cut": 2.5,
      "best_measured_cut": 2.0,
      "success_probability_ancilla_1": 0.2021590446025274,
      "epochs_run": 5,
      "stop_reason": "loss_plateau_last5",
      "history_path": "benchmark_results_walsh_article/unweighted/aggressive_loader/n4/graph06_trainseed06/histories/history_visit003_j003.json",
      "improvement_vs_previous": 0.0
    },
    {
      "visit_idx": 4,
      "j": 4,
      "kept": true,
      "beta": 0.5603999345698772,
      "coefficient": 0.5322634008519174,
      "loss": -2.5082206818181723,
      "expected_cut": 2.5082206818181723,
      "best_measured_cut": 2.0,
      "success_probability_ancilla_1": 0.26568447716740207,
      "epochs_run": 5,
      "stop_reason": "loss_plateau_last5",
      "history_path": "benchmark_results_walsh_article/unweighted/aggressive_loader/n4/graph06_trainseed06/histories/history_visit004_j004.json",
      "improvement_vs_previous": 0.00822068181817226
    },
    {
      "visit_idx": 5,
      "j": 5,
      "kept": true,
      "beta": 0.730724291030195,
      "coefficient": 0.6529363264938374,
      "loss": -2.71736237288033,
      "expected_cut": 2.71736237288033,
      "best_measured_cut": 3.0,
      "success_probability_ancilla_1": 0.39674841355925106,
      "epochs_run": 186,
      "stop_reason": "loss_plateau_last5",
      "history_path": "benchmark_results_walsh_article/unweighted/aggressive_loader/n4/graph06_trainseed06/histories/history_visit005_j005.json",
      "improvement_vs_previous": 0.20914169106215752
    },
    {
      "visit_idx": 6,
      "j": 6,
      "kept": true,
      "beta": 0.4829025423292122,
      "coefficient": 0.4697363225528182,
      "loss": -2.776301310357357,
      "expected_cut": 2.776301310357357,
      "best_measured_cut": 3.0,
      "success_probability_ancilla_1": 0.4164168014514726,
      "epochs_run": 5,
      "stop_reason": "loss_plateau_last5",
      "history_path": "benchmark_results_walsh_article/unweighted/aggressive_loader/n4/graph06_trainseed06/histories/history_visit006_j006.json",
      "improvement_vs_previous": 0.058938937477027054
    },
    {
      "visit_idx": 7,
      "j": 7,
      "kept": true,
      "beta": -0.3695664723876269,
      "coefficient": -0.37030209389888286,
      "loss": -2.81547062787847,
      "expected_cut": 2.81547062787847,
      "best_measured_cut": 2.0,
      "success_probability_ancilla_1": 0.45306255807955054,
      "epochs_run": 6,
      "stop_reason": "loss_plateau_last5",
      "history_path": "benchmark_results_walsh_article/unweighted/aggressive_loader/n4/graph06_trainseed06/histories/history_visit007_j007.json",
      "improvement_vs_previous": 0.03916931752111319
    },
    {
      "visit_idx": 8,
      "j": 8,
      "kept": true,
      "beta": -0.2966539454703384,
      "coefficient": -0.30185211597324174,
      "loss": -2.855377632847854,
      "expected_cut": 2.855377632847854,
      "best_measured_cut": 3.0,
      "success_probability_ancilla_1": 0.4563642712832898,
      "epochs_run": 97,
      "stop_reason": "loss_plateau_last5",