{
  "0": 0.0,
  "1": -0.436112694146649,
  "2": 0.422070263534816,
  "3": -0.506345412975087,
  "4": 0.5322634008519174,
  "5": 0.6529363264938374,
  "6": 0.4697363225528182,
  "7": -0.37030209389888286,
  "8": -0.30185211597324174,
  "9": -0.47995889279023773,
  "10": 0.23048361586047436,
  "11": 0.07064022578991841,
  "12": -0.3262635015298019,
  "13": 0.1918241067269124,
  "14": -0.1928087857735179,
  "15": -0.211676027907272
}