{
  "config": {
    "N_VERTICES": 4,
    "PROB_ARESTA": 0.55,
    "COM_PESO": false,
    "PESO_MIN": 1,
    "PESO_MAX": 1,
    "GRAPH_SEED": 105087,
    "GRAPH_EDGES": [
      [
        0,
        1,
        1.0
      ],
      [
        1,
        2,
        1.0
      ],
      [
        1,
        3,
        1.0
      ]
    ],
    "REVERSE_BITS": false,
    "ER": 1.0,
    "MAX_TERMS": null,
    "A_MAX": 0.7853981633974483,
    "INIT_BETA": 0.35,
    "MAX_EPOCHS": 200,
    "LR": 0.01,
    "FD_EPS": 0.01,
    "LOSS_TOL_LAST5": 0.001,
    "PATIENCE_LAST5": 5,
    "TRAIN_SEED": 9,
    "INIT_BETA_JITTER": 0.05,
    "OPTIMIZER": "adam",
    "ADAM_BETA1": 0.9,
    "ADAM_BETA2": 0.999,
    "ADAM_EPS": 1e-08,
    "COEF_ZERO_TOL": 0.001,
    "IMPROVEMENT_TOL": 0.001,
    "SATURATION_PATIENCE": 100,
    "INDEX_STRATEGY": "ascending",
    "INDEX_RANDOM_SEED": 42,
    "ENABLE_BACKWARD_PRUNING": false,
    "BACKWARD_PASSES": 1,
    "PRUNE_IMPROVEMENT_TOL": 1e-06,
    "OUTDIR": "benchmark_results_walsh_article/unweighted/baseline/n4/graph09_trainseed09",
    "SHOW_PLOTS": false,
    "name": "baseline"
  },
  "n_qubits_register": 4,
  "graph_edges": [
    [
      0,
      1,
      1.0
    ],
    [
      1,
      2,
      1.0
    ],
    [
      1,
      3,
      1.0
    ]
  ],
  "graph_signature": "e05b7736fa85fadb9e519d205bc71874029e7ff2544024339aba6060afa201c5",
  "graph_num_edges": 3,
  "graph_density": 0.5,
  "best_cut_bruteforce": 3.0,
  "best_bitstring_bruteforce": "0100",
  "best_index_bruteforce": 4,
  "candidate_order": [
    1,
    2,
    3,
    4,
    5,
    6,
    7,
    8,
    9,
    10,
    11,
    12,
    13,
    14,
    15
  ],
  "total_possible_parameters": 15,
  "visited_parameters": 15,
  "trained_coefficients": {
    "0": 0.0,
    "1": -0.27018732628373565,
    "2": 0.2695990400939915,
    "3": -0.0010318345225800007,
    "4": -0.18227953267921726,
    "5": 0.001739859856013424,
    "6": -0.0016357412032556014,
    "7": 0.21970754514739316,
    "8": -0.1096397533185017,
    "9": 0.0,
    "10": 0.0,
    "11": 0.14593704725426276,
    "12": 0.0,
    "13": -0.1371588159082786,
    "14": 0.1489697273182423,
    "15": 0.0
  },
  "final_coefficient_vector": [
    0.0,
    -0.27018732628373565,
    0.2695990400939915,
    -0.0010318345225800007,
    -0.18227953267921726,
    0.001739859856013424,
    -0.0016357412032556014,
    0.21970754514739316,
    -0.1096397533185017,
    0.0,
    0.0,
    0.14593704725426276,
    0.0,
    -0.1371588159082786,
    0.1489697273182423,
    0.0
  ],
  "active_indices": [
    1,
    2,
    3,
    4,
    5,
    6,
    7,
    8,
    11,
    13,
    14
  ],
  "active_parameter_count": 11,
  "compression_ratio_active_over_total": 0.7333333333333333,
  "final_loss": -2.8760653021471247,
  "final_expected_cut": 2.8760653021471247,
  "best_expected_cut_over_evolution": 2.8760653021471247,
  "final_best_measured_index": 11,
  "final_best_measured_bitstring": "1011",
  "final_best_measured_cut": 3.0,
  "best_measured_cut_over_evolution": 3.0,
  "final_success_probability_ancilla_1": 0.06358581043754855,
  "final_max_postselected_probability": 0.4507613640309921,
  "gap_expected_to_bruteforce": 0.12393469785287525,
  "gap_measured_to_bruteforce": 0.0,
  "approx_ratio_measured": 1.0,
  "n_steps": 15,
  "elapsed_seconds": 10.0898118019104,
  "steps": [
    {
      "visit_idx": 1,
      "j": 1,
      "kept": true,
      "beta": -0.35863732457816244,
      "coefficient": -0.27018732628373565,
      "loss": -1.5,
      "expected_cut": 1.5,
      "best_measured_cut": 0.0,
      "success_probability_ancilla_1": 0.018139543176257822,
      "epochs_run": 5,
      "stop_reason": "loss_plateau_last5",
      "history_path": "benchmark_results_walsh_article/unweighted/baseline/n4/graph09_trainseed09/histories/history_visit001_j001.json",
      "improvement_vs_previous": 1.5
    },
    {
      "visit_idx": 2,
      "j": 2,
      "kept": true,
      "beta": 0.35778800071246997,
      "coefficient": 0.2695990400939915,
      "loss": -1.9999987829633028,
      "expected_cut": 1.9999987829633028,
      "best_measured_cut": 3.0,
      "success_probability_ancilla_1": 0.03554541862892785,
      "epochs_run": 6,
      "stop_reason": "loss_plateau_last5",
      "history_path": "benchmark_results_walsh_article/unweighted/baseline/n4/graph09_trainseed09/histories/history_visit002_j002.json",
      "improvement_vs_previous": 0.4999987829633028
    },
    {
      "visit_idx": 3,
      "j": 3,
      "kept": true,
      "beta": -0.0013137732736289128,
      "coefficient": -0.0010318345225800007,
      "loss": -1.9999950389069963,
      "expected_cut": 1.9999950389069963,
      "best_measured_cut": 1.0,
      "success_probability_ancilla_1": 0.03554566587723415,
      "epochs_run": 35,
      "stop_reason": "loss_plateau_last5",
      "history_path": "benchmark_results_walsh_article/unweighted/baseline/n4/graph09_trainseed09/histories/history_visit003_j003.json",
      "improvement_vs_previous": -3.7440563065427312e-06
    },
    {
      "visit_idx": 4,
      "j": 4,
      "kept": true,
      "beta": -0.23639258083238157,
      "coefficient": -0.18227953267921726,
      "loss": -2.173227238575768,
      "expected_cut": 2.173227238575768,
      "best_measured_cut": 2.0,
      "success_probability_ancilla_1": 0.04324026540094488,
      "epochs_run": 64,
      "stop_reason": "loss_plateau_last5",
      "history_path": "benchmark_results_walsh_article/unweighted/baseline/n4/graph09_trainseed09/histories/history_visit004_j004.json",
      "improvement_vs_previous": 0.17323219966877157
    },
    {
      "visit_idx": 5,
      "j": 5,
      "kept": true,
      "beta": 0.00221526199468142,
      "coefficient": 0.001739859856013424,
      "loss": -2.17322510406796,
      "expected_cut": 2.17322510406796,
      "best_measured_cut": 2.0,
      "success_probability_ancilla_1": 0.043240914966547465,
      "epochs_run": 41,
      "stop_reason": "loss_plateau_last5",
      "history_path": "benchmark_results_walsh_article/unweighted/baseline/n4/graph09_trainseed09/histories/history_visit005_j005.json",
      "improvement_vs_previous": -2.134507807838304e-06
    },
    {
      "visit_idx": 6,
      "j": 6,
      "kept": true,
      "beta": -0.0020826933962376226,
      "coefficient": -0.0016357412032556014,
      "loss": -2.1732299787520644,
      "expected_cut": 2.1732299787520644,
      "best_measured_cut": 2.0,
      "success_probability_ancilla_1": 0.04324138718915578,
      "epochs_run": 42,
      "stop_reason": "loss_plateau_last5",
      "history_path": "benchmark_results_walsh_article/unweighted/baseline/n4/graph09_trainseed09/histories/history_visit006_j006.json",
      "improvement_vs_previous": 4.874684104372307e-06
    },
    {
      "visit_idx": 7,
      "j": 7,
      "kept": true,
      "beta": 0.28740033985108954,
      "coefficient": 0.21970754514739316,
      "loss": -2.472634030703121,
      "expected_cut": 2.472634030703121,
      "best_measured_cut": 2.0,
      "success_probability_ancilla_1": 0.05281686462631802,
      "epochs_run": 76,
      "stop_reason": "loss_plateau_last5",
      "history_path": "benchmark_results_walsh_article/unweighted/baseline/n4/graph09_trainseed09/histories/history_visit007_j007.json",
      "improvement_vs_previous": 0.2994040519510568
    },
    {
      "visit_idx": 8,
      "j": 8,
      "kept": true,
      "beta": -0.14051522589814694,
      "coefficient": -0.1096397533185017,
      "loss": -2.5364352734036895,
      "expected_cut": 2.5364352734036895,
      "best_measured_cut": 3.0,
      "success_probability_ancilla_1": 0.05550193966257412,
      "epochs_run": 61,
      "stop_reason": "loss_plateau_last5",
      "history_path": "benchmark_results_walsh_article/unweighted/baseline/n4/graph09_trainseed09/histories/history_visit008_j008.json",
      "improvement_vs_previous": 0.0638012427005683
    },
    {
      "visit_idx": 9,
      "j": 9,
      "kept": false,
      "beta": 0.0011146672566148923,