{
  "0": 0.0,
  "1": -0.27018732628373565,
  "2": 0.2695990400939915,
  "3": -0.0010318345225800007,
  "4": -0.18227953267921726,
  "5": 0.001739859856013424,
  "6": -0.0016357412032556014,
  "7": 0.21970754514739316,
  "8": -0.1096397533185017,
  "9": 0.0,
  "10": 0.0,
  "11": 0.14593704725426276,
  "12": 0.0,
  "13": -0.1371588159082786,
  "14": 0.1489697273182423,
  "15": 0.0
}