{
  "0": 0.0,
  "1": -0.5202921345545357,
  "2": 0.5204318559653709,
  "3": -0.003779173310308564,
  "4": 0.312403966187469,
  "5": -0.002697262534615626,
  "6": 0.008563386584565104,
  "7": -0.42568339007144884,
  "8": -0.013653795495535127,
  "9": -0.002152969281675152,
  "10": 0.0029882201359519643,
  "11": 0.0756141678067335,
  "12": 0.002739305839935864,
  "13": 0.16986834813664387,
  "14": -0.16943690207951048,
  "15": -0.006184946414374405
}