{
  "0": 0.0,
  "1": -0.2701880503110076,
  "2": 0.24332106523839875,
  "3": -0.2305547198182108,
  "4": -0.35116036192289973,
  "5": 0.24705334667543816,
  "6": 0.025970434375532786,
  "7": 0.2397723576149477,
  "8": 0.11656698501202674,
  "9": -0.028882969578386854,
  "10": -0.01238950174334717,
  "11": 0.01361096035764247,
  "12": 0.0,
  "13": 0.007033145427308633,
  "14": 0.0,
  "15": 0.0,
  "16": -0.04385592504688329,
  "17": 0.17548030810421725,
  "18": 0.189583677520206,
  "19": -0.006757152411808748,
  "20": -0.25384350905909336,
  "21": 0.05988799817220252,
  "22": 0.06273336195222065,
  "23": -0.2108085793616427,
  "24": 0.06931510864783669,
  "25": 0.01515342208095402,
  "26": -0.12852321411539244,
  "27": 0.07680838206441921,
  "28": 0.17557903583551782,
  "29": -0.08727890091709464,
  "30": 0.025720192187642075,
  "31": -0.1737747213182937,
  "32": 0.10909209378521584,
  "33": -0.058402014681359526,
  "34": -0.013900328038107479,
  "35": -0.0632537287514156,
  "36": 0.04391215352096974,
  "37": 0.10175011246143773,
  "38": -0.09643058570997876,
  "39": 0.07405390972915339,
  "40": -0.019971107896503405,
  "41": 0.02652241692015919,
  "42": -0.08033723454572708,
  "43": 0.04047836643382336,
  "44": 0.041054402356470565,
  "45": -0.06457253972655032,
  "46": 0.0,
  "47": -0.07437517526054614,
  "48": -0.008970127545960467,
  "49": 0.03763377200697656,
  "50": -0.025909830303538217,
  "51": 0.0,
  "52": 0.03560934118987041,
  "53": 0.021221543454153762,
  "54": 0.03557730291955618,
  "55": -0.042185256322167325,
  "56": -0.050884575075541005,
  "57": -0.08274890916084122,
  "58": -0.09000042597981986,
  "59": 0.1004261054771377,
  "60": 0.08855644811351027,
  "61": -0.06199133733704207,
  "62": 0.08726485320467071,
  "63": 0.06339119907560598
}