{
  "0": 0.0,
  "1": 0.0,
  "2": 0.0,
  "3": -0.24906477885599485,
  "4": 0.0,
  "5": 0.40778768040554125,
  "6": 0.3343675027916551,
  "7": 0.0,
  "8": 0.0,
  "9": 0.17669729986733174,
  "10": 0.0,
  "11": 0.2288818418039199,
  "12": -0.29140411976232194,
  "13": 0.0,
  "14": 0.0,
  "15": -0.2976865053997052,
  "16": 0.05136489728022677,
  "17": -0.23837838982518275,
  "18": -0.03583987678798608,
  "19": -0.07581489019739823,
  "20": 0.19430798020573412,
  "21": 0.037706098311173525,
  "22": -0.06858423438390113,
  "23": 0.19922970858885738,
  "24": 0.0,
  "25": 0.07990470281050377,
  "26": -0.11725687193066804,
  "27": 0.18546520265018634,
  "28": 0.0,
  "29": -0.21951346200302754,
  "30": -0.13039898235569963,
  "31": 0.0,
  "32": 0.0,
  "33": 0.016087194280912025,
  "34": 0.01859071679730215,
  "35": 0.015553465268541195,
  "36": -0.013048373681550162,
  "37": 0.0,
  "38": 0.0,
  "39": -0.06307170773362834,
  "40": 0.026143078937658753,
  "41": 0.019269839357215664,
  "42": 0.0,
  "43": 0.029880707685468022,
  "44": 0.0,
  "45": -0.04681607899567778,
  "46": -0.017548211733361553,
  "47": 0.0,
  "48": 0.024466756269890668,
  "49": -0.012023966339169412,
  "50": 0.05304184673363326,
  "51": 0.01777260541502037,
  "52": 0.024164837463154412,
  "53": 0.0,
  "54": -0.018050036558459718,
  "55": -0.028244605783740388,
  "56": 0.0,
  "57": 0.017916511711936076,
  "58": 0.0,
  "59": 0.0,
  "60": -0.022941566672646685,
  "61": 0.0,
  "62": 0.0,
  "63": 0.0
}