epoch,beta,coefficient,loss,expected_cut,best_measured_cut,success_probability_ancilla_1,max_postselected_probability,grad
0,-0.3902165239210584,-0.29181223427382524,-2.9999999999996128,2.9999999999996128,1.0,0.07771845303801089,0.0744175371447145,3.9855538165129087e-13
1,-0.39021654174404313,-0.29181224633956243,-2.9999999999996145,2.9999999999996145,1.0,0.07771845446661313,0.07441753694806032,3.9870558537051273e-13
2,-0.39021656355976087,-0.2918122611082846,-2.9999999999996136,2.9999999999996136,1.0,0.07771845621525313,0.07441753670735124,3.9826684158726245e-13
3,-0.3902165887443189,-0.29181227815763144,-2.999999999999613,2.999999999999613,1.0,0.07771845823392275,0.07441753642947117,3.985119531687377e-13
4,-0.3902166168754268,-0.2918122972017219,-2.9999999999996136,2.9999999999996136,1.0,0.07771846048877337,0.07441753611907954,3.9739889660494166e-13
