{
  "0": 0.0,
  "1": -0.23491402374279563,
  "2": 0.23551789667528297,
  "3": 0.0,
  "4": 0.0,
  "5": 0.0,
  "6": 0.0,
  "7": 0.0,
  "8": 0.0,
  "9": 0.0,
  "10": 0.0,
  "11": 0.0,
  "12": 0.0,
  "13": 0.16732107307693828,
  "14": -0.19892574173778943,
  "15": 0.0
}