epoch,beta,coefficient,loss,expected_cut,best_measured_cut,success_probability_ancilla_1,max_postselected_probability,grad
0,0.45714246076010473,0.4479412434944481,-5.499999999999604,5.499999999999604,2.0,0.13818305666469577,0.031245326908846637,-7.018739037947022e-13
1,0.45714249211978025,0.4479412703254606,-5.499999999999604,5.499999999999604,2.0,0.13818306427142038,0.03124532688472446,-7.009758300580302e-13
2,0.4571425304539321,0.4479413031237615,-5.4999999999996,5.4999999999996,2.0,0.1381830735699014,0.031245326855237347,-6.982419030347501e-13
3,0.4571425747688808,0.4479413410391686,-5.499999999999606,5.499999999999606,2.0,0.13818308431910792,0.031245326821149666,-7.03586016550946e-13
4,0.4571426241758236,0.4479413833112309,-5.499999999999599,5.499999999999599,2.0,0.13818309630344908,0.031245326783144945,-6.938896935789812e-13
