epoch,beta,coefficient,loss,expected_cut,best_measured_cut,success_probability_ancilla_1,max_postselected_probability,grad
0,0.4381958670974031,0.4316002551945811,-6.257109231208091,6.257109231208091,7.0,0.4119930625429426,0.03782129836048353,-0.01943278143900937
1,0.4472944181200227,0.4394799907523971,-6.257140529645461,6.257140529645461,7.0,0.41212050238732356,0.03782822588288009,-0.008371287018536415
2,0.4538730462070608,0.4451400588677915,-6.257108014564578,6.257108014564578,7.0,0.41221730553320396,0.0378315868634629,0.0014529574038955487
3,0.4567362287572828,0.44759361522292296,-6.257079643482574,6.257079643482574,7.0,0.41226063380365974,0.03783262444153065,0.008411773292847436
4,0.4564584300874425,0.4473558227516817,-6.257082770848525,6.257082770848525,7.0,0.4122563984142751,0.037832534978537606,0.011402215934010059
