epoch,beta,coefficient,loss,expected_cut,best_measured_cut,success_probability_ancilla_1,max_postselected_probability,grad
0,0.24219812237650454,0.14927019277444672,-2.499368844726729,2.499368844726729,1.0,0.006568424949218507,0.12492110559112662,-0.18810218170603069
1,0.25160597084078723,0.1548350928984196,-2.4999538314367546,2.4999538314367546,1.0,0.006804247889563774,0.1249942289298699,-0.0998312145548121
2,0.2595982760506887,0.1595424831576085,-2.499932528957415,2.499932528957415,1.0,0.007010439901322292,0.12499156611994428,-0.025953866099142464
3,0.2652658194338233,0.16286908497710384,-2.4996557997701094,2.4996557997701094,1.0,0.007159856723764963,0.12495697497152558,0.030330606599278536
4,0.2682309056102573,0.16460558387069368,-2.4994305703977826,2.4994305703977826,1.0,0.007239071616475757,0.12492882129998184,0.06687222648121645
5,0.2687885103350364,0.16493184395342483,-2.4993822870687854,2.4993822870687854,1.0,0.007254048088722493,0.1249227858838567,0.08493009380457
6,0.267508223671553,0.16418259364130247,-2.4994903836593894,2.4994903836593894,1.0,0.007219698816685476,0.1249362979576834,0.08824698425849208
