epoch,beta,coefficient,loss,expected_cut,best_measured_cut,success_probability_ancilla_1,max_postselected_probability,grad
0,-0.30825431268151504,-0.23471478665365078,-4.4999999999967155,4.4999999999967155,0.0,0.013709644148289207,0.015624999999988596,1.991410238871145e-11
1,-0.30825520283055496,-0.2347154233362177,-4.499999999996717,4.499999999996717,0.0,0.013709718183619992,0.015624999999988603,1.9908375015105247e-11
2,-0.3082562926113803,-0.2347162028057352,-4.4999999999967155,4.4999999999967155,0.0,0.013709808822907836,0.015624999999988596,1.990463492573063e-11
3,-0.3082575509806872,-0.2347171028581176,-4.499999999996717,4.499999999996717,0.0,0.0137099134843367,0.015624999999988603,1.9926913109121923e-11
4,-0.3082589573819168,-0.23471810878997107,-4.499999999996719,4.499999999996719,0.0,0.01371003045828929,0.015624999999988613,1.990669512561458e-11
