epoch,beta,coefficient,loss,expected_cut,best_measured_cut,success_probability_ancilla_1,max_postselected_probability,grad
0,0.452528388233129,0.44398571205544285,-5.499999999999645,5.499999999999645,4.0,0.15390280208886672,0.031145868183440326,-5.396506561738337e-13
1,0.45252841216029127,0.4439857326078857,-5.499999999999645,5.499999999999645,4.0,0.1539028076013854,0.031145868270659086,-5.311235420577525e-13
2,0.4525284414855695,0.44398575779708643,-5.499999999999641,5.499999999999641,4.0,0.1539028143575625,0.031145868377554866,-5.365463266708882e-13
3,0.45252847533363266,0.4439857868711714,-5.49999999999964,5.49999999999964,4.0,0.15390282215573292,0.031145868500936924,-5.353809203095445e-13
4,0.4525285132028952,0.4439858193992992,-5.499999999999643,5.499999999999643,4.0,0.1539028308803376,0.031145868638976885,-5.376433450870134e-13
