epoch,beta,coefficient,loss,expected_cut,best_measured_cut,success_probability_ancilla_1,max_postselected_probability,grad
0,-0.42391657472404215,-0.41911442769620577,-5.499999999999727,5.499999999999727,2.0,0.20032196851761458,0.04394418467038001,2.6127783628209235e-13
1,-0.42391658640253677,-0.4191144379669461,-5.499999999999725,5.499999999999725,2.0,0.2003219707404184,0.043944184679423105,2.6113886252409854e-13
2,-0.4239166006933349,-0.41911445053509644,-5.499999999999723,5.499999999999723,2.0,0.20032197346043001,0.043944184690489003,2.6076912811178345e-13
3,-0.4239166172114606,-0.4191144650620866,-5.499999999999726,5.499999999999726,2.0,0.20032197660437567,0.04394418470327962,2.6216829457232815e-13
4,-0.4239166356320914,-0.419114481262249,-5.499999999999728,5.499999999999728,2.0,0.2003219801104312,0.04394418471754337,2.5890268145434675e-13
