{
  "config": {
    "N_VERTICES": 4,
    "PROB_ARESTA": 0.55,
    "COM_PESO": false,
    "PESO_MIN": 1,
    "PESO_MAX": 1,
    "GRAPH_SEED": 105087,
    "GRAPH_EDGES": [
      [
        0,
        1,
        1.0
      ],
      [
        1,
        2,
        1.0
      ],
      [
        1,
        3,
        1.0
      ]
    ],
    "REVERSE_BITS": false,
    "ER": 1.0,
    "MAX_TERMS": null,
    "A_MAX": 0.7853981633974483,
    "INIT_BETA": 0.35,
    "MAX_EPOCHS": 200,
    "LR": 0.01,
    "FD_EPS": 0.01,
    "LOSS_TOL_LAST5": 0.001,
    "PATIENCE_LAST5": 5,
    "TRAIN_SEED": 3,
    "INIT_BETA_JITTER": 0.05,
    "OPTIMIZER": "adam",
    "ADAM_BETA1": 0.9,
    "ADAM_BETA2": 0.999,
    "ADAM_EPS": 1e-08,
    "COEF_ZERO_TOL": 0.001,
    "IMPROVEMENT_TOL": 0.001,
    "SATURATION_PATIENCE": 100,
    "INDEX_STRATEGY": "ascending",
    "INDEX_RANDOM_SEED": 42,
    "ENABLE_BACKWARD_PRUNING": false,
    "BACKWARD_PASSES": 1,
    "PRUNE_IMPROVEMENT_TOL": 1e-06,
    "OUTDIR": "benchmark_results_walsh_article/unweighted/baseline/n4/graph09_trainseed03",
    "SHOW_PLOTS": false,
    "name": "baseline"
  },
  "n_qubits_register": 4,
  "graph_edges": [
    [
      0,
      1,
      1.0
    ],
    [
      1,
      2,
      1.0
    ],
    [
      1,
      3,
      1.0
    ]
  ],
  "graph_signature": "e05b7736fa85fadb9e519d205bc71874029e7ff2544024339aba6060afa201c5",
  "graph_num_edges": 3,
  "graph_density": 0.5,
  "best_cut_bruteforce": 3.0,
  "best_bitstring_bruteforce": "0100",
  "best_index_bruteforce": 4,
  "candidate_order": [
    1,
    2,
    3,
    4,
    5,
    6,
    7,
    8,
    9,
    10,
    11,
    12,
    13,
    14,
    15
  ],
  "total_possible_parameters": 15,
  "visited_parameters": 15,
  "trained_coefficients": {
    "0": 0.0,
    "1": -0.2349145553504897,
    "2": 0.23551793293955203,
    "3": -0.0014547773418846454,
    "4": -0.16638555394667842,
    "5": 0.0019468222395532674,
    "6": 0.0,
    "7": 0.200383579906334,
    "8": -0.10095812308926502,
    "9": 0.0020489550966196666,
    "10": 0.0,
    "11": 0.13331991197578164,
    "12": 0.0,
    "13": -0.12277157500174136,
    "14": 0.13693802928966647,
    "15": 0.0
  },
  "final_coefficient_vector": [
    0.0,
    -0.2349145553504897,
    0.23551793293955203,
    -0.0014547773418846454,
    -0.16638555394667842,
    0.0019468222395532674,
    0.0,
    0.200383579906334,
    -0.10095812308926502,
    0.0020489550966196666,
    0.0,
    0.13331991197578164,
    0.0,
    -0.12277157500174136,
    0.13693802928966647,
    0.0
  ],
  "active_indices": [
    1,
    2,
    3,
    4,
    5,
    7,
    8,
    9,
    11,
    13,
    14
  ],
  "active_parameter_count": 11,
  "compression_ratio_active_over_total": 0.7333333333333333,
  "final_loss": -2.8929410265877156,
  "final_expected_cut": 2.8929410265877156,
  "best_expected_cut_over_evolution": 2.8929410265877156,
  "final_best_measured_index": 11,
  "final_best_measured_bitstring": "1011",
  "final_best_measured_cut": 3.0,
  "best_measured_cut_over_evolution": 3.0,
  "final_success_probability_ancilla_1": 0.05232600605308489,
  "final_max_postselected_probability": 0.45864944882969844,
  "gap_expected_to_bruteforce": 0.10705897341228443,
  "gap_measured_to_bruteforce": 0.0,
  "approx_ratio_measured": 1.0,
  "n_steps": 15,
  "elapsed_seconds": 9.511717557907104,
  "steps": [
    {
      "visit_idx": 1,
      "j": 1,
      "kept": true,
      "beta": -0.3085336335299777,
      "coefficient": -0.2349145553504897,
      "loss": -1.5,
      "expected_cut": 1.5,
      "best_measured_cut": 0.0,
      "success_probability_ancilla_1": 0.013732883515076856,
      "epochs_run": 5,
      "stop_reason": "loss_plateau_last5",
      "history_path": "benchmark_results_walsh_article/unweighted/baseline/n4/graph09_trainseed03/histories/history_visit001_j001.json",
      "improvement_vs_previous": 1.5
    },
    {
      "visit_idx": 2,
      "j": 2,
      "kept": true,
      "beta": 0.3093775725762015,
      "coefficient": 0.23551793293955203,
      "loss": -1.9999983242579136,
      "expected_cut": 1.9999983242579136,
      "best_measured_cut": 3.0,
      "success_probability_ancilla_1": 0.027156961307039373,
      "epochs_run": 5,
      "stop_reason": "loss_plateau_last5",
      "history_path": "benchmark_results_walsh_article/unweighted/baseline/n4/graph09_trainseed03/histories/history_visit002_j002.json",
      "improvement_vs_previous": 0.4999983242579136
    },
    {
      "visit_idx": 3,
      "j": 3,
      "kept": true,
      "beta": -0.0018522821588313233,
      "coefficient": -0.0014547773418846454,
      "loss": -1.9999885830601063,
      "expected_cut": 1.9999885830601063,
      "best_measured_cut": 1.0,
      "success_probability_ancilla_1": 0.027157461664044046,
      "epochs_run": 42,
      "stop_reason": "loss_plateau_last5",
      "history_path": "benchmark_results_walsh_article/unweighted/baseline/n4/graph09_trainseed03/histories/history_visit003_j003.json",
      "improvement_vs_previous": -9.741197807278112e-06
    },
    {
      "visit_idx": 4,
      "j": 4,
      "kept": true,
      "beta": -0.2151060890798661,
      "coefficient": -0.16638555394667842,
      "loss": -2.17642838702766,
      "expected_cut": 2.17642838702766,
      "best_measured_cut": 2.0,
      "success_probability_ancilla_1": 0.03368749839501829,
      "epochs_run": 59,
      "stop_reason": "loss_plateau_last5",
      "history_path": "benchmark_results_walsh_article/unweighted/baseline/n4/graph09_trainseed03/histories/history_visit004_j004.json",
      "improvement_vs_previous": 0.17643980396755388
    },
    {
      "visit_idx": 5,
      "j": 5,
      "kept": true,
      "beta": 0.0024787761387637594,
      "coefficient": 0.0019468222395532674,
      "loss": -2.1764292439736783,
      "expected_cut": 2.1764292439736783,
      "best_measured_cut": 2.0,
      "success_probability_ancilla_1": 0.033688328860012745,
      "epochs_run": 43,
      "stop_reason": "loss_plateau_last5",
      "history_path": "benchmark_results_walsh_article/unweighted/baseline/n4/graph09_trainseed03/histories/history_visit005_j005.json",
      "improvement_vs_previous": 8.569460181462318e-07
    },
    {
      "visit_idx": 6,
      "j": 6,
      "kept": false,
      "beta": -0.00017407745079642007,
      "coefficient": 0.0,
      "loss": -2.1764292439736783,
      "expected_cut": 2.1764292439736783,
      "best_measured_cut": 2.0,
      "success_probability_ancilla_1": 0.033688328860012745,
      "epochs_run": 37,
      "stop_reason": "loss_plateau_last5_and_discarded_near_zero",
      "history_path": "benchmark_results_walsh_article/unweighted/baseline/n4/graph09_trainseed03/histories/history_visit006_j006.json",
      "improvement_vs_previous": 0.0
    },
    {
      "visit_idx": 7,
      "j": 7,
      "kept": true,
      "beta": 0.2608990992292009,
      "coefficient": 0.200383579906334,
      "loss": -2.478844885321477,
      "expected_cut": 2.478844885321477,
      "best_measured_cut": 2.0,
      "success_probability_ancilla_1": 0.04212378107725795,
      "epochs_run": 72,
      "stop_reason": "loss_plateau_last5",
      "history_path": "benchmark_results_walsh_article/unweighted/baseline/n4/graph09_trainseed03/histories/history_visit007_j007.json",
      "improvement_vs_previous": 0.30241564134779875
    },
    {
      "visit_idx": 8,
      "j": 8,
      "kept": true,
      "beta": -0.12925897721716464,
      "coefficient": -0.10095812308926502,
      "loss": -2.542867286701205,
      "expected_cut": 2.542867286701205,
      "best_measured_cut": 3.0,
      "success_probability_ancilla_1": 0.04445526119592666,
      "epochs_run": 56,
      "stop_reason": "loss_plateau_last5",
      "history_path": "benchmark_results_walsh_article/unweighted/baseline/n4/graph09_trainseed03/histories/history_visit008_j008.json",
      "improvement_vs_previous": 0.06402240137972814
    },
    {
      "visit_idx": 9,
      "j": 9,
      "kept": true,
      "beta": 0.002608816572855734,