{
  "0": 0.0,
  "1": -0.5080932197239226,
  "2": 0.5137680983467822,
  "3": -0.42908078362525054,
  "4": 0.37478913664128616,
  "5": 0.6633076046852834,
  "6": 0.39575293889034985,
  "7": -0.2821131928873592,
  "8": -0.3220959904475042,
  "9": 0.19971703966115667,
  "10": -0.19708701967511494,
  "11": 0.36922071757268515,
  "12": -0.2175075368106246,
  "13": 0.1524224574378147,
  "14": -0.2841155629674239,
  "15": -0.33315008983726535,
  "16": -0.03235012406612082,
  "17": -0.23542431576223663,
  "18": 0.09005818827447531,
  "19": 0.09856973573263429,
  "20": 0.06530857820214646,
  "21": 0.03217443105923209,
  "22": -0.1686672340047589,
  "23": 0.12548671949777765,
  "24": -0.16924325726896022,
  "25": 0.023150787682886035,
  "26": -0.02712977573823353,
  "27": 0.20472546815001344,
  "28": 0.0667464983286152,
  "29": -0.1509556848804671,
  "30": 0.03130072814498552,
  "31": -0.005186002421967316,
  "32": -0.07387545695102199,
  "33": 0.08987327048552733,
  "34": 0.07837409202832207,
  "35": 0.08118642674635357,
  "36": -0.0981039636189824,
  "37": 0.05462378006304684,
  "38": -0.06278707922778708,
  "39": -0.18896447245066345,
  "40": 0.13359338523011066,
  "41": 0.002696117752885625,
  "42": -0.0027892854000219837,
  "43": 0.13041667012364097,
  "44": 0.03652591348381794,
  "45": -0.14322617730386844,
  "46": -0.08055757564731829,
  "47": -0.01171589191747506,
  "48": 0.03501799982853458,
  "49": -0.0879934766928152,
  "50": 0.08284938873999874,
  "51": 0.008106573301783394,
  "52": 0.09626066799515923,
  "53": 0.017486810459758348,
  "54": -0.029385782454842038,
  "55": -0.07203464887865645,
  "56": -0.017418583541704353,
  "57": -0.0008515793567030542,
  "58": 0.03273411035994671,
  "59": -0.013311962920156632,
  "60": -0.023424406838936943,
  "61": 0.007570286998698792,
  "62": -0.014537395242141283,
  "63": 0.014375709312065414
}