{
  "0": 0.0,
  "1": -0.29548486120497025,
  "2": 0.2976154906097602,
  "3": -0.24906486228749072,
  "4": 0.2564368924525602,
  "5": 0.4077880134048946,
  "6": 0.3343675306419642,
  "7": -0.0853845649337714,
  "8": -0.2472372280743474,
  "9": -0.227980436829986,
  "10": -0.054835724370288864,
  "11": 0.053015700014048844,
  "12": -0.31354395466745133,
  "13": 0.20536000127932397,
  "14": -0.1927395071825915,
  "15": -0.13276008525077454,
  "16": 0.11232932378186501,
  "17": 0.11538124239702788,
  "18": 0.02653056697755237,
  "19": -0.04804932860935838,
  "20": 0.08902164915289172,
  "21": -0.1421585429474425,
  "22": 0.0649145765129031,
  "23": -0.037720574337643885,
  "24": -0.09703946707750975,
  "25": 0.16867457278949907,
  "26": -0.17444742412857595,
  "27": 0.05190644856201716,
  "28": -0.10635000178483145,
  "29": -0.25939329702027036,
  "30": -0.12923014591505286,
  "31": 0.07513605948639615,
  "32": 0.02357946423246065,
  "33": -0.09771890448184173,
  "34": -0.06143216269917846,
  "35": -0.009765290077892423,
  "36": 0.1910540288992085,
  "37": 0.02607877564652671,
  "38": 0.0,
  "39": 0.17721307119352692,
  "40": 0.08475228089941594,
  "41": -0.01190647594410893,
  "42": -0.01730892926870688,
  "43": 0.05906022662050846,
  "44": -0.01999824576166786,
  "45": -0.11398809389047077,
  "46": -0.1806703673821953,
  "47": -0.01872591564301628,
  "48": 0.04276180537338776,
  "49": 0.02954124582383811,
  "50": -0.008559118501840246,
  "51": 0.07058661419037834,
  "52": -0.01370213297292326,
  "53": -0.09044721636037782,
  "54": -0.011772900234905823,
  "55": 0.0,
  "56": 0.05028699263107471,
  "57": 0.11917824450292763,
  "58": 0.0090032921259347,
  "59": -0.013700957780984294,
  "60": 0.020450105995738745,
  "61": -0.0942608752896523,
  "62": 0.06642832598172,
  "63": -0.0500915212137427
}