{
  "0": 0.0,
  "1": -0.16996371929502918,
  "2": 0.16921673463453102,
  "3": 0.0,
  "4": -0.12353334633816751,
  "5": 0.0,
  "6": 0.0,
  "7": 0.14730684131808244,
  "8": 0.05696797114794481,
  "9": 0.0,
  "10": 0.0,
  "11": -0.08920854195291991,
  "12": 0.0,
  "13": 0.09525939756632003,
  "14": -0.12070862381065119,
  "15": 0.0
}