epoch,beta,coefficient,loss,expected_cut,best_measured_cut,success_probability_ancilla_1,max_postselected_probability,grad
0,0.2990722568912819,0.22812939824851575,-2.6699999366325486,2.6699999366325486,3.0,0.05122494840505043,0.1840024600273684,0.15261029385060998
1,0.2891780182502381,0.22099383148432455,-2.671080831332792,2.671080831332792,3.0,0.050492906512564495,0.18352036774561384,0.12415792521732422
2,0.27952226622503373,0.2139918372473709,-2.6718384025673036,2.6718384025673036,3.0,0.04979681619260776,0.18297358864490612,0.09399501656629525
3,0.270315342567006,0.20728089936799346,-2.6722698387860704,2.6722698387860704,3.0,0.049150375526815226,0.18237883124118107,0.06259533448772396
4,0.26186884613481975,0.2010954625579484,-2.672401501641982,2.672401501641982,3.0,0.04857253584828948,0.1817676101567115,0.03082553402648143
5,0.2545868353217389,0.19574123993254103,-2.6723020023489017,2.6723020023489017,3.0,0.048086292784819976,0.18118850615544776,9.732366915802777e-05
6,0.24888131426599,0.191532531683715,-2.6720806047903958,2.6720806047903958,3.0,0.04771317297865263,0.1807000701726587,-0.027612681556615653
