{
  "config": {
    "N_VERTICES": 4,
    "PROB_ARESTA": 0.55,
    "COM_PESO": false,
    "PESO_MIN": 1,
    "PESO_MAX": 1,
    "GRAPH_SEED": 105087,
    "GRAPH_EDGES": [
      [
        0,
        1,
        1.0
      ],
      [
        1,
        2,
        1.0
      ],
      [
        1,
        3,
        1.0
      ]
    ],
    "REVERSE_BITS": false,
    "ER": 0.75,
    "MAX_TERMS": null,
    "A_MAX": 0.6283185307179586,
    "INIT_BETA": 0.25,
    "MAX_EPOCHS": 200,
    "LR": 0.01,
    "FD_EPS": 0.01,
    "LOSS_TOL_LAST5": 0.002,
    "PATIENCE_LAST5": 7,
    "TRAIN_SEED": 1,
    "INIT_BETA_JITTER": 0.03,
    "OPTIMIZER": "adam",
    "ADAM_BETA1": 0.9,
    "ADAM_BETA2": 0.999,
    "ADAM_EPS": 1e-08,
    "COEF_ZERO_TOL": 0.002,
    "IMPROVEMENT_TOL": 0.002,
    "SATURATION_PATIENCE": 60,
    "INDEX_STRATEGY": "ascending",
    "INDEX_RANDOM_SEED": 42,
    "ENABLE_BACKWARD_PRUNING": false,
    "BACKWARD_PASSES": 1,
    "PRUNE_IMPROVEMENT_TOL": 1e-06,
    "OUTDIR": "benchmark_results_walsh_article/unweighted/coarse_loader/n4/graph09_trainseed01",
    "SHOW_PLOTS": false,
    "name": "coarse_loader"
  },
  "n_qubits_register": 4,
  "graph_edges": [
    [
      0,
      1,
      1.0
    ],
    [
      1,
      2,
      1.0
    ],
    [
      1,
      3,
      1.0
    ]
  ],
  "graph_signature": "e05b7736fa85fadb9e519d205bc71874029e7ff2544024339aba6060afa201c5",
  "graph_num_edges": 3,
  "graph_density": 0.5,
  "best_cut_bruteforce": 3.0,
  "best_bitstring_bruteforce": "0100",
  "best_index_bruteforce": 4,
  "candidate_order": [
    1,
    2,
    3,
    4,
    5,
    6,
    7,
    8,
    9,
    10,
    11,
    12,
    13,
    14,
    15
  ],
  "total_possible_parameters": 15,
  "visited_parameters": 15,
  "trained_coefficients": {
    "0": 0.0,
    "1": -0.1604664171278652,
    "2": 0.16137240466923053,
    "3": 0.0,
    "4": -0.11704825058136223,
    "5": 0.0,
    "6": 0.0,
    "7": 0.1410089767172802,
    "8": -0.07385618187289592,
    "9": 0.0,
    "10": 0.0,
    "11": 0.09801382539052535,
    "12": 0.0,
    "13": -0.0910488987025187,
    "14": 0.10033738238565024,
    "15": 0.0
  },
  "final_coefficient_vector": [
    0.0,
    -0.1604664171278652,
    0.16137240466923053,
    0.0,
    -0.11704825058136223,
    0.0,
    0.0,
    0.1410089767172802,
    -0.07385618187289592,
    0.0,
    0.0,
    0.09801382539052535,
    0.0,
    -0.0910488987025187,
    0.10033738238565024,
    0.0
  ],
  "active_indices": [
    1,
    2,
    4,
    7,
    8,
    11,
    13,
    14
  ],
  "active_parameter_count": 8,
  "compression_ratio_active_over_total": 0.5333333333333333,
  "final_loss": -2.918381058554059,
  "final_expected_cut": 2.918381058554059,
  "best_expected_cut_over_evolution": 2.918381058554059,
  "final_best_measured_index": 4,
  "final_best_measured_bitstring": "0100",
  "final_best_measured_cut": 3.0,
  "best_measured_cut_over_evolution": 3.0,
  "final_success_probability_ancilla_1": 0.01606222584300887,
  "final_max_postselected_probability": 0.46678363128736294,
  "gap_expected_to_bruteforce": 0.08161894144594095,
  "gap_measured_to_bruteforce": 0.0,
  "approx_ratio_measured": 1.0,
  "n_steps": 15,
  "elapsed_seconds": 25.137730598449707,
  "steps": [
    {
      "visit_idx": 1,
      "j": 1,
      "kept": true,
      "beta": -0.26117073569148086,
      "coefficient": -0.1604664171278652,
      "loss": -1.5,
      "expected_cut": 1.5,
      "best_measured_cut": 0.0,
      "success_probability_ancilla_1": 0.0036166508788565426,
      "epochs_run": 7,
      "stop_reason": "loss_plateau_last5",
      "history_path": "benchmark_results_walsh_article/unweighted/coarse_loader/n4/graph09_trainseed01/histories/history_visit001_j001.json",
      "improvement_vs_previous": 1.5
    },
    {
      "visit_idx": 2,
      "j": 2,
      "kept": true,
      "beta": 0.26271387932554546,
      "coefficient": 0.16137240466923053,
      "loss": -1.9999920370537994,
      "expected_cut": 1.9999920370537994,
      "best_measured_cut": 3.0,
      "success_probability_ancilla_1": 0.007247749799902628,
      "epochs_run": 7,
      "stop_reason": "loss_plateau_last5",
      "history_path": "benchmark_results_walsh_article/unweighted/coarse_loader/n4/graph09_trainseed01/histories/history_visit002_j002.json",
      "improvement_vs_previous": 0.49999203705379935
    },
    {
      "visit_idx": 3,
      "j": 3,
      "kept": false,
      "beta": 0.001461211770106047,
      "coefficient": 0.0,
      "loss": -1.9999920370537994,
      "expected_cut": 1.9999920370537994,
      "best_measured_cut": 3.0,
      "success_probability_ancilla_1": 0.007247749799902628,
      "epochs_run": 28,
      "stop_reason": "loss_plateau_last5_and_discarded_near_zero",
      "history_path": "benchmark_results_walsh_article/unweighted/coarse_loader/n4/graph09_trainseed01/histories/history_visit003_j003.json",
      "improvement_vs_previous": 0.0
    },
    {
      "visit_idx": 4,
      "j": 4,
      "kept": true,
      "beta": -0.18848902340025475,
      "coefficient": -0.11704825058136223,
      "loss": -2.181998182516101,
      "expected_cut": 2.181998182516101,
      "best_measured_cut": 3.0,
      "success_probability_ancilla_1": 0.009145207395569701,
      "epochs_run": 48,
      "stop_reason": "loss_plateau_last5",
      "history_path": "benchmark_results_walsh_article/unweighted/coarse_loader/n4/graph09_trainseed01/histories/history_visit004_j004.json",
      "improvement_vs_previous": 0.18200614546230165
    },
    {
      "visit_idx": 5,
      "j": 5,
      "kept": false,
      "beta": 0.002030656400386608,
      "coefficient": 0.0,
      "loss": -2.181998182516101,
      "expected_cut": 2.181998182516101,
      "best_measured_cut": 3.0,
      "success_probability_ancilla_1": 0.009145207395569701,
      "epochs_run": 31,
      "stop_reason": "loss_plateau_last5_and_discarded_near_zero",
      "history_path": "benchmark_results_walsh_article/unweighted/coarse_loader/n4/graph09_trainseed01/histories/history_visit005_j005.json",
      "improvement_vs_previous": 0.0
    },
    {
      "visit_idx": 6,
      "j": 6,
      "kept": false,
      "beta": -0.001269305523684,
      "coefficient": 0.0,
      "loss": -2.181998182516101,
      "expected_cut": 2.181998182516101,
      "best_measured_cut": 3.0,
      "success_probability_ancilla_1": 0.009145207395569701,
      "epochs_run": 31,
      "stop_reason": "loss_plateau_last5_and_discarded_near_zero",
      "history_path": "benchmark_results_walsh_article/unweighted/coarse_loader/n4/graph09_trainseed01/histories/history_visit006_j006.json",
      "improvement_vs_previous": 0.0
    },
    {
      "visit_idx": 7,
      "j": 7,
      "kept": true,
      "beta": 0.22830860531125644,
      "coefficient": 0.1410089767172802,
      "loss": -2.4826442891767777,
      "expected_cut": 2.4826442891767777,
      "best_measured_cut": 3.0,
      "success_probability_ancilla_1": 0.011820554004045436,
      "epochs_run": 56,
      "stop_reason": "loss_plateau_last5",
      "history_path": "benchmark_results_walsh_article/unweighted/coarse_loader/n4/graph09_trainseed01/histories/history_visit007_j007.json",
      "improvement_vs_previous": 0.3006461066606767
    },
    {
      "visit_idx": 8,
      "j": 8,
      "kept": true,
      "beta": -0.11809167400060415,
      "coefficient": -0.07385618187289592,
      "loss": -2.5522211578802407,
      "expected_cut": 2.5522211578802407,
      "best_measured_cut": 3.0,
      "success_probability_ancilla_1": 0.012569300284470255,
      "epochs_run": 47,
      "stop_reason": "loss_plateau_last5",
      "history_path": "benchmark_results_walsh_article/unweighted/coarse_loader/n4/graph09_trainseed01/histories/history_visit008_j008.json",
      "improvement_vs_previous": 0.06957686870346302
    },
    {
      "visit_idx": 9,
      "j": 9,
      "kept": false,
      "beta": -0.0015957447777319982,
      "coefficient": 0.0,
      "loss": -2.5522211578802407,
      "expected_cut": 2.5522211578802407,
      "best_measured_cut": 3.0,