epoch,beta,coefficient,loss,expected_cut,best_measured_cut,success_probability_ancilla_1,max_postselected_probability,grad
0,-0.4716732914353844,-0.4602960095836117,-3.999999999999801,3.999999999999801,2.0,0.20097430385747553,0.0440528414638784,2.0510775875262488e-13
1,-0.4716733005137583,-0.46029601725369634,-3.999999999999801,3.999999999999801,2.0,0.20097430571689,0.04405284142567828,2.0119718908766263e-13
2,-0.47167331162497333,-0.46029602664127633,-3.9999999999998006,3.9999999999998006,2.0,0.20097430799266716,0.04405284137892433,2.0281715237353492e-13
3,-0.47167332443491483,-0.46029603746406633,-3.9999999999998,3.9999999999998,2.0,0.2009743106163741,0.044052841325022456,2.020400629667398e-13
4,-0.47167333876078243,-0.4602960495676232,-3.999999999999802,3.999999999999802,2.0,0.20097431355057002,0.04405284126474183,2.0312991852165634e-13
