epoch,beta,coefficient,loss,expected_cut,best_measured_cut,success_probability_ancilla_1,max_postselected_probability,grad
0,-0.509679872518833,-0.4918642220345187,-2.999999999999824,2.999999999999824,1.0,0.17070461466144826,0.06815507449522132,-1.4150369277188645e-14
1,-0.5096798718849492,-0.4918642215171612,-2.9999999999998246,2.9999999999998246,1.0,0.17070461467008935,0.06815507451758482,-1.420213737988289e-14
2,-0.5096798711097881,-0.4918642208844971,-2.999999999999824,2.999999999999824,1.0,0.1707046146806563,0.0681550745449326,-1.412858255885954e-14
3,-0.5096798702188438,-0.4918642201573343,-2.999999999999825,2.999999999999825,1.0,0.17070461469280168,0.06815507457636523,-1.394670026979328e-14
4,-0.5096798692255203,-0.49186421934661234,-2.9999999999998233,2.9999999999998233,1.0,0.17070461470634266,0.06815507461140978,-1.3950762025846336e-14
