epoch,beta,coefficient,loss,expected_cut,best_measured_cut,success_probability_ancilla_1,max_postselected_probability,grad
0,0.5258960959310559,0.5049982446740304,-2.999999999999887,2.999999999999887,1.0,0.26603212509185664,0.05066447890728176,-7.2540435552017e-14
1,0.5258960991918497,0.5049982472946272,-2.9999999999998868,2.9999999999998868,1.0,0.26603212565213025,0.05066447886681319,-7.328407454525604e-14
2,0.5258961031785274,0.5049982504985937,-2.999999999999887,2.999999999999887,1.0,0.26603212633712614,0.050664478817335906,-7.263659102673425e-14
3,0.5258961077930338,0.5049982542071261,-2.9999999999998876,2.9999999999998876,1.0,0.26603212712999635,0.05066447876006691,-7.348884443835235e-14
4,0.5258961129465902,0.504998258348876,-2.999999999999887,2.999999999999887,1.0,0.266032128015487,0.0506644786961079,-7.276558015127863e-14
