epoch,beta,coefficient,loss,expected_cut,best_measured_cut,success_probability_ancilla_1,max_postselected_probability,grad
0,-0.4527397194306366,-0.4441672205506238,-2.999999999999858,2.999999999999858,1.0,0.21018174999850175,0.043829319942232076,1.3191945987224043e-13
1,-0.4527397252886781,-0.4441672255815373,-2.999999999999857,2.999999999999857,1.0,0.21018175112902926,0.04382931993645094,1.3021547625311452e-13
2,-0.45273973246449956,-0.4441672317441666,-2.999999999999857,2.999999999999857,1.0,0.2101817525138715,0.04382931992936934,1.311716137164595e-13
3,-0.4527397407373547,-0.4441672388489334,-2.999999999999857,2.999999999999857,1.0,0.21018175411042725,0.043829319921205104,1.3047914339384887e-13
4,-0.4527397499817022,-0.4441672467880225,-2.9999999999998592,2.9999999999998592,1.0,0.2101817558944687,0.04382931991208216,1.3074860509535535e-13
