{
  "0": 0.0,
  "1": -0.43765523608992424,
  "2": 0.447941238761863,
  "3": -0.43240711950911526,
  "4": 0.679397901983431,
  "5": -0.01913516151784257,
  "6": 0.45241046415299785,
  "7": -0.44736661623683943,
  "8": -0.033354155834326306,
  "9": 0.2803209796335279,
  "10": 0.01928958064612362,
  "11": -0.022872537703260105,
  "12": -0.40567987624843443,
  "13": -0.08218591740848408,
  "14": -0.005985878442452933,
  "15": 0.0
}