epoch,beta,coefficient,loss,expected_cut,best_measured_cut,success_probability_ancilla_1,max_postselected_probability,grad
0,0.3045514520529316,0.23206337855451106,-5.499999999997984,5.499999999997984,2.0,0.027264693004867092,0.031242575144217837,-5.927037505186849e-12
1,0.30455171698867806,0.2320635684683529,-5.499999999997982,5.499999999997982,2.0,0.02726471422152609,0.03124257554173885,-5.92465199896066e-12
2,0.30455204144712816,0.23206380104980281,-5.499999999997984,5.499999999997984,2.0,0.02726474020491769,0.03124257602855529,-5.928890845293152e-12
3,0.3045524158996187,0.23206406946840977,-5.499999999997984,5.499999999997984,2.0,0.02726477019197458,0.031242576590362118,-5.921251177180118e-12
4,0.30455283434158353,0.23206436941990108,-5.499999999997984,5.499999999997984,2.0,0.027264803701846918,0.03124257721814216,-5.919354256612376e-12
