epoch,beta,coefficient,loss,expected_cut,best_measured_cut,success_probability_ancilla_1,max_postselected_probability,grad
0,0.5769955885933281,0.5450436357852572,-5.499999999999725,5.499999999999725,4.0,0.19856737793215362,0.03124998123598192,-3.259168644211577e-13
1,0.5769956031256195,0.5450436468808673,-5.499999999999723,5.499999999999723,4.0,0.1985673813219733,0.031249981236515175,-3.2423876458795e-13
2,0.5769956209332473,0.5450436604772426,-5.499999999999723,5.499999999999723,4.0,0.19856738547580177,0.031249981237168618,-3.257135078673845e-13
3,0.5769956414307639,0.5450436761273859,-5.499999999999723,5.499999999999723,4.0,0.19856739025707704,0.03124998123792073,-3.220295716531253e-13
4,0.576995664360444,0.54504369363452,-5.49999999999972,5.49999999999972,4.0,0.19856739560568168,0.031249981238762076,-3.2541008488312606e-13
