epoch,beta,coefficient,loss,expected_cut,best_measured_cut,success_probability_ancilla_1,max_postselected_probability,grad
0,-0.5780193910505921,-0.5458249068598232,-5.499999999999506,5.499999999999506,0.0,0.11193183198004507,0.015624999999998598,1.3192754538577238e-12
1,-0.578019450243023,-0.5458249520059065,-5.4999999999995115,5.4999999999995115,0.0,0.11193184977226191,0.015624999999998616,1.328103606080846e-12
2,-0.5780195225113481,-0.545825007124974,-5.49999999999951,5.49999999999951,0.0,0.11193187149486566,0.015624999999998605,1.3135716693030504e-12
3,-0.5780196059410806,-0.5458250707568442,-5.499999999999506,5.499999999999506,0.0,0.11193189657239498,0.015624999999998598,1.3202337036513726e-12
4,-0.5780196992771671,-0.5458251419442857,-5.499999999999508,5.499999999999508,0.0,0.11193192462760265,0.015624999999998602,1.3249067522385705e-12
