epoch,beta,coefficient,loss,expected_cut,best_measured_cut,success_probability_ancilla_1,max_postselected_probability,grad
0,0.3045515032485211,0.23206341525303828,-6.999999999997431,6.999999999997431,4.0,0.027264951363364823,0.007810642685379149,-7.546053173073754e-12
1,0.304551840568568,0.2320636570540922,-6.999999999997432,6.999999999997432,4.0,0.027264978376714977,0.007810642811948496,-7.54376037918212e-12
2,0.304552253661184,0.2320639531711144,-6.999999999997435,6.999999999997435,4.0,0.02726501145813366,0.007810642966943177,-7.548214044276273e-12
3,0.3045527304335009,0.23206429493554223,-6.999999999997431,6.999999999997431,4.0,0.027265049639212606,0.0078106431458225154,-7.540446585226737e-12
4,0.30455326322736653,0.2320646768577511,-6.999999999997432,6.999999999997432,4.0,0.0272650923066851,0.007810643345709934,-7.537631078069479e-12
