epoch,beta,coefficient,loss,expected_cut,best_measured_cut,success_probability_ancilla_1,max_postselected_probability,grad
0,-0.3146245477899004,-0.23926240436789556,-6.999999999995081,6.999999999995081,0.0,0.014243480485886554,0.0039062499999972557,2.9133492353974055e-11
1,-0.31462585001404675,-0.23926333221480883,-6.999999999995085,6.999999999995085,0.0,0.014243590429509671,0.0039062499999972565,2.9126273355429616e-11
2,-0.3146274446993477,-0.23926446844203403,-6.99999999999509,6.99999999999509,0.0,0.014243725065368813,0.00390624999999726,2.914149105789955e-11
3,-0.31462928502736326,-0.23926577969046975,-6.99999999999509,6.99999999999509,0.0,0.014243880440932284,0.00390624999999726,2.9104086615129407e-11
4,-0.31463134182903046,-0.23926724517637443,-6.999999999995085,6.999999999995085,0.0,0.014244054093756538,0.0039062499999972574,2.911438351686354e-11
