{
  "0": 0.0,
  "1": -0.2770599320847219,
  "2": 0.2801118099621277,
  "3": -0.23565060769310833,
  "4": 0.41027709298939974,
  "5": 0.0,
  "6": 0.29002546252769335,
  "7": -0.28687785830470214,
  "8": -0.22253546565850044,
  "9": -0.06861290259780277,
  "10": -0.1310842418695436,
  "11": 0.12527416440340663,
  "12": 0.12225731878324857,
  "13": 0.2308959709614822,
  "14": -0.17778285015921053,
  "15": 0.15945116817600033
}