epoch,beta,coefficient,loss,expected_cut,best_measured_cut,success_probability_ancilla_1,max_postselected_probability,grad
0,-0.25518402792078254,-0.15694486009558709,-2.4999999999927756,2.4999999999927756,0.0,0.003459833752069955,0.06249999999981938,5.418051630508842e-11
1,-0.25518644975056487,-0.15694628683334946,-2.499999999992774,2.499999999992774,0.0,0.0034598965842898614,0.06249999999981935,5.418034344994447e-11
2,-0.25518941497116154,-0.15694803368877963,-2.4999999999927747,2.4999999999927747,0.0,0.0034599735149718797,0.06249999999981937,5.418040881533401e-11
3,-0.2551928379363192,-0.1569500502051016,-2.4999999999927756,2.4999999999927756,0.0,0.0034600623224510783,0.06249999999981938,5.4182372347973144e-11
4,-0.2551966637431305,-0.15695230403695656,-2.4999999999927756,2.4999999999927756,0.0,0.003460161582662262,0.06249999999981938,5.41766955344162e-11
5,-0.25520085335592524,-0.15695477218664,-2.4999999999927756,2.4999999999927756,0.0,0.003460270283196671,0.06249999999981941,5.4170916322795425e-11
6,-0.2552053773280146,-0.1569574373054763,-2.4999999999927747,2.4999999999927747,0.0,0.0034603876604202737,0.06249999999981937,5.4175197299085284e-11
