epoch,beta,coefficient,loss,expected_cut,best_measured_cut,success_probability_ancilla_1,max_postselected_probability,grad
0,0.2692660295090012,0.16521116928122015,-2.813269332098419,2.813269332098419,3.0,0.025310483880680676,0.1853744457791193,-0.10993567712454985
1,0.27920360937812705,0.17100809909466758,-2.814146310251882,2.814146310251882,3.0,0.02557332085147268,0.18627890850064663,-0.09530253508319314
2,0.28902602771311997,0.17670712391651766,-2.814878788982943,2.814878788982943,3.0,0.02584046068163761,0.18710572686768204,-0.08128270062638843
3,0.29867139181055347,0.18227287089012967,-2.8154731136554703,2.8154731136554703,3.0,0.026109714272997242,0.18785454363687895,-0.06794924146297379
4,0.30806866660404436,0.18766559613824285,-2.815937829983002,2.815937829983002,3.0,0.02637847406137392,0.18852579198538355,-0.05537178762847231
5,0.31713845362422266,0.1928417696735411,-2.8162837213468546,2.8162837213468546,3.0,0.0266437287375317,0.18912078363473847,-0.04361475411753544
6,0.3257948297488475,0.19775521424246797,-2.8165237031428125,2.8165237031428125,3.0,0.026902119801219548,0.1896417689745455,-0.0327352566454618
7,0.3339484095888735,0.20235885717286667,-2.8166725308830123,2.8166725308830123,3.0,0.027150048639318795,0.19009194950840702,-0.02278080940998845
8,0.3415105885172368,0.20660704055002324,-2.8167462988259473,2.8167462988259473,3.0,0.02738383523830424,0.1904754235148083,-0.013786999301232894
