epoch,beta,coefficient,loss,expected_cut,best_measured_cut,success_probability_ancilla_1,max_postselected_probability,grad
0,-0.22146893789235178,-0.13692172236610692,-2.4999999999971987,2.4999999999971987,2.0,0.008926663502567832,0.18651266016223259,7.130123138928304e-12
1,-0.22146925661108552,-0.13692191311315724,-2.4999999999971987,2.4999999999971987,2.0,0.008926670742420893,0.18651267018295434,7.127565690766085e-12
2,-0.2214696468189911,-0.13692214664506996,-2.4999999999971987,2.4999999999971987,2.0,0.008926679606198033,0.186512682451124,7.126754581247995e-12
3,-0.2214700972818971,-0.13692241623839,-2.4999999999971987,2.4999999999971987,2.0,0.008926689838715954,0.18651269661341816,7.128300787966089e-12
4,-0.22147060076176764,-0.13692271756127325,-2.4999999999971996,2.4999999999971996,2.0,0.008926701275565385,0.18651271244215734,7.126692505935872e-12
5,-0.22147115214722798,-0.1369230475546419,-2.4999999999971996,2.4999999999971996,2.0,0.008926713800645122,0.1865127297765271,7.127239172653732e-12
6,-0.22147174751923313,-0.1369234038730047,-2.499999999997199,2.499999999997199,2.0,0.008926727324938266,0.186512748493202,7.125093701785941e-12
