epoch,beta,coefficient,loss,expected_cut,best_measured_cut,success_probability_ancilla_1,max_postselected_probability,grad
0,0.23219917305202312,0.14332833627356492,-5.499999999991308,5.499999999991308,2.0,0.006326950771579914,0.031185392459846792,-3.2697032583257755e-11
1,0.23220063495800058,0.1433292070185542,-5.499999999991305,5.499999999991305,2.0,0.0063269855623186285,0.031185401063794516,-3.270678893288905e-11
2,0.2322024247739556,0.14333027307351437,-5.499999999991308,5.499999999991308,2.0,0.006327028156981427,0.031185411596783313,-3.269525629048154e-11
3,0.23220449084609515,0.14333150367183872,-5.499999999991308,5.499999999991308,2.0,0.0063270773264341796,0.031185423754363208,-3.2696588443635234e-11
4,0.23220680008862646,0.14333287910646114,-5.4999999999913065,5.4999999999913065,2.0,0.006327132283424443,0.031185437341376337,-3.269508897698288e-11
5,0.23220932893713667,0.14333438534147533,-5.499999999991308,5.499999999991308,2.0,0.00632719246728966,0.03118545221870857,-3.2691041664340356e-11
6,0.23221205971869932,0.1433360118500835,-5.499999999991308,5.499999999991308,2.0,0.006327257457573073,0.03118546828192297,-3.269954959166225e-11
