epoch,beta,coefficient,loss,expected_cut,best_measured_cut,success_probability_ancilla_1,max_postselected_probability,grad
0,0.23450669974546934,0.14470202744358143,-5.523317286679525,5.523317286679525,3.0,0.011816913610275353,0.06197349624365031,-0.05288761841327078
1,0.24447636363119296,0.1506201294249422,-5.523782136491944,5.523782136491944,3.0,0.012057808657143815,0.0619568208717152,-0.04866499052126579
2,0.25439359195905475,0.15647910977893556,-5.524205307880883,5.524205307880883,3.0,0.012305766532214723,0.06190443431988664,-0.04461527777853394
3,0.2642350778357991,0.1622648055192138,-5.524588223662363,5.524588223662363,3.0,0.012559864023885946,0.0618198610251812,-0.04075364991252576
4,0.2739766700111413,0.16796288877782753,-5.524932589960236,5.524932589960236,3.0,0.012819084463715873,0.06170674389982124,-0.037091602361303475
5,0.2835937182882065,0.17355909301635664,-5.5252403528486305,5.5252403528486305,3.0,0.013082330525281825,0.06156877780918279,-0.033637031300437284
6,0.2930614462028844,0.1790394451856615,-5.525513650930005,5.525513650930005,3.0,0.013348439979663134,0.06140964455804407,-0.030394406252216104
7,0.3023553367583949,0.184390494298421,-5.52575476581958,5.52575476581958,3.0,0.013616203830574419,0.06123295182475598,-0.027365027161020683
