epoch,beta,coefficient,loss,expected_cut,best_measured_cut,success_probability_ancilla_1,max_postselected_probability,grad
0,-0.3136485456558261,-0.23856678681550098,-4.531018863212843,4.531018863212843,6.0,0.20983490434448665,0.07384522704373075,-0.04337752018373138
1,-0.3038600667254387,-0.2315676717134706,-4.53126628031945,4.53126628031945,6.0,0.20958781148038474,0.07388404821913719,-0.03130200432761739
2,-0.2945790614660064,-0.22489398367928976,-4.531390358664264,4.531390358664264,6.0,0.2093654568599655,0.07391479965573854,-0.01920597497687288
3,-0.28628149557890165,-0.21889731901707835,-4.531408410478434,4.531408410478434,6.0,0.20917670024431984,0.07393719262912295,-0.007493314110325697
4,-0.279580801897082,-0.21403439746544953,-4.531357929579624,4.531357929579624,6.0,0.2090313091501963,0.07395169803356359,0.003172150203179271
