{
  "0": 0.0,
  "1": -0.5080931249430474,
  "2": 0.5079676889442348,
  "3": -0.0022097304174346385,
  "4": -0.28844041746108595,
  "5": -0.0041020588801492655,
  "6": 0.008054680220607022,
  "7": 0.38829562845680293,
  "8": 0.02203764431536684,
  "9": 0.0,
  "10": 0.002133269451347705,
  "11": -0.08604137582662258,
  "12": -0.0034298650827397506,
  "13": 0.11318268532670957,
  "14": -0.22381302526755834,
  "15": 0.0023707935931027006
}