{
  "0": 0.0,
  "1": -0.5458248981297201,
  "2": 0.5450436336611033,
  "3": -0.4777368104141301,
  "4": 0.5584104518510961,
  "5": 0.6902215475629064,
  "6": 0.4597549029920255,
  "7": -0.4870129012845716,
  "8": -0.14939293059760225,
  "9": -0.6181551490485409,
  "10": 0.35886583220846835,
  "11": -0.01673171713874505,
  "12": -0.21290852243159275,
  "13": 0.09251952736349704,
  "14": -0.03466973110656526,
  "15": -0.5333463564641336,
  "16": 0.0392386734073845,
  "17": -0.21940013755057258,
  "18": 0.03622373534648132,
  "19": -0.1026049803146715,
  "20": 0.1205930287595233,
  "21": -0.058194098987401056,
  "22": 0.1848050686358002,
  "23": 0.06796417486901961,
  "24": 0.257663118724036,
  "25": -0.082077735828174,
  "26": 0.026094283917970633,
  "27": -0.29843712805645095,
  "28": 0.09608484869004463,
  "29": 0.023747720948282907,
  "30": 0.2517429391558052,
  "31": -0.14534131744884055,
  "32": 0.030089494925045587,
  "33": 0.05010111806675134,
  "34": 0.07855431453841755,
  "35": -0.0060577422707855455,
  "36": -0.1701933943316378,
  "37": -0.007347508479983598,
  "38": 0.016831123228726874,
  "39": -0.16793571670600282,
  "40": 0.2324237091488323,
  "41": -0.04479025101418179,
  "42": 0.009461545687059944,
  "43": 0.13711911722289222,
  "44": 0.04592883661066144,
  "45": 0.0689228460545269,
  "46": 0.08735945579037176,
  "47": 0.012030871744289726,
  "48": -0.05481569114559766,
  "49": -0.04783662575828804,
  "50": -0.05563706622591029,
  "51": -0.038199629140236974,
  "52": 0.04911243433965077,
  "53": -0.055548267786825804,
  "54": -0.0489627528975677,
  "55": 0.04495988580332673,
  "56": 0.0137066704686417,
  "57": 0.06080171722700686,
  "58": 0.0377009361223469,
  "59": 0.03597982746307571,
  "60": -0.06183632158687091,
  "61": 0.007154603228393069,
  "62": -0.011817530942346265,
  "63": -0.023944442360942474
}