epoch,beta,coefficient,loss,expected_cut,best_measured_cut,success_probability_ancilla_1,max_postselected_probability,grad
0,-0.4686649913414288,-0.4577510165918098,-3.2727570300776856,3.2727570300776856,4.0,0.2649560577824952,0.05750356429691276,0.02068291850748963
1,-0.4766632892405615,-0.46450266885799685,-3.272737184947007,3.272737184947007,4.0,0.2653727775619926,0.05733483839345215,0.004022130062786056
2,-0.4798606990001203,-0.4671883816732417,-3.2727004965561006,3.2727004965561006,4.0,0.2655431905242219,0.05726631416066943,-0.00892847504628144
3,-0.47905618111465614,-0.46651333418827234,-3.2727112567429417,3.2727112567429417,4.0,0.2655001089437714,0.05728361248875024,-0.014011332537449682
4,-0.47610001202291485,-0.46402874461515753,-3.272741960467955,3.272741960467955,4.0,0.2653429807054238,0.057346847464050436,-0.012737499741054752
