epoch,beta,coefficient,loss,expected_cut,best_measured_cut,success_probability_ancilla_1,max_postselected_probability,grad
0,0.32879577490277073,0.24931546752641623,-4.499999999998439,4.499999999998439,2.0,0.02876757710287662,0.03122184259299467,-4.608470195084994e-12
1,0.328795980838235,0.24931561296953975,-4.499999999998437,4.499999999998437,2.0,0.02876759455341615,0.031221842041302593,-4.603973427686282e-12
2,0.3287962330572881,0.249315791100692,-4.499999999998436,4.499999999998436,2.0,0.028767615925940432,0.031221841365612017,-4.609314689193443e-12
3,0.32879652425510203,0.24931599676078214,-4.499999999998435,4.499999999998435,2.0,0.028767640601459147,0.031221840585488683,-4.6091531328209586e-12
4,0.32879684963122285,0.24931622655944832,-4.499999999998434,4.499999999998434,2.0,0.028767668173197227,0.031221839713789338,-4.601427049541025e-12
