epoch,beta,coefficient,loss,expected_cut,best_measured_cut,success_probability_ancilla_1,max_postselected_probability,grad
0,0.37934218001867676,0.28442099011890026,-4.29686661134518,4.29686661134518,4.0,0.1278153890657116,0.03872322950812522,-0.06667243945909977
1,0.3893006493432101,0.29119199805949125,-4.297431527473868,4.297431527473868,4.0,0.1286162662665522,0.03886528751982064,-0.05997377841458655
2,0.39918510969822457,0.29786342741363536,-4.297929701512061,4.297929701512061,4.0,0.1294220182892766,0.03899949286172556,-0.053516236323110464
3,0.4089592981882495,0.30441143327034326,-4.2983630974719444,4.2983630974719444,4.0,0.13022890259937786,0.039125700123681474,-0.04731843168376164
4,0.4185832819218966,0.3108105258749757,-4.298734268694956,4.298734268694956,4.0,0.13103275484225912,0.03924380635513908,-0.0413977879209447
5,0.4280137002270327,0.31703381758969823,-4.299046360058032,4.299046360058032,4.0,0.13182901497106828,0.039353755341300346,-0.03577024203409887
6,0.4372042168566007,0.3230533853642832,-4.299303091269685,4.299303091269685,4.0,0.1326127757286856,0.03945554132537199,-0.03044994341695806
7,0.4461062106331376,0.32884075651570077,-4.2995087176460505,4.2995087176460505,4.0,0.13337885628746476,0.03954921184361143,-0.02544895515142311
8,0.454669716965464,0.33436751531384357,-4.299667965772684,4.299667965772684,4.0,0.13412190213556796,0.03963486931164545,-0.020776972452354173
