epoch,beta,coefficient,loss,expected_cut,best_measured_cut,success_probability_ancilla_1,max_postselected_probability,grad
0,0.32879575858597676,0.24931545600258448,-3.999999999998609,3.999999999998609,3.0,0.02876741086555587,0.031221836758841853,-4.092473666752973e-12
1,0.32879594165182385,0.24931558529390963,-3.9999999999986073,3.9999999999986073,3.0,0.028767426378176496,0.031221836268366103,-4.096467136927602e-12
2,0.32879616587337923,0.24931574365167397,-3.9999999999986096,3.9999999999986096,3.0,0.028767445378254826,0.031221835667619362,-4.098019465556552e-12
3,0.3287964246054336,0.24931592638264893,-3.999999999998611,3.999999999998611,3.0,0.028767467302693955,0.03122183497440283,-4.089801144047666e-12
4,0.32879671371875974,0.24931613057053315,-3.999999999998611,3.999999999998611,3.0,0.02876749180159591,0.031221834199776925,-4.089176155511857e-12
