{
  "config": {
    "N_VERTICES": 4,
    "PROB_ARESTA": 0.7,
    "COM_PESO": false,
    "PESO_MIN": 1,
    "PESO_MAX": 1,
    "GRAPH_SEED": 104986,
    "GRAPH_EDGES": [
      [
        0,
        2,
        1.0
      ],
      [
        0,
        3,
        1.0
      ]
    ],
    "REVERSE_BITS": false,
    "ER": 1.25,
    "MAX_TERMS": null,
    "A_MAX": 1.0471975511965976,
    "INIT_BETA": 0.5,
    "MAX_EPOCHS": 200,
    "LR": 0.01,
    "FD_EPS": 0.01,
    "LOSS_TOL_LAST5": 0.0005,
    "PATIENCE_LAST5": 5,
    "TRAIN_SEED": 8,
    "INIT_BETA_JITTER": 0.08,
    "OPTIMIZER": "adam",
    "ADAM_BETA1": 0.9,
    "ADAM_BETA2": 0.999,
    "ADAM_EPS": 1e-08,
    "COEF_ZERO_TOL": 0.0005,
    "IMPROVEMENT_TOL": 0.0005,
    "SATURATION_PATIENCE": 150,
    "INDEX_STRATEGY": "ascending",
    "INDEX_RANDOM_SEED": 42,
    "ENABLE_BACKWARD_PRUNING": false,
    "BACKWARD_PASSES": 1,
    "PRUNE_IMPROVEMENT_TOL": 1e-06,
    "OUTDIR": "benchmark_results_walsh_article/unweighted/aggressive_loader/n4/graph08_trainseed08",
    "SHOW_PLOTS": false,
    "name": "aggressive_loader"
  },
  "n_qubits_register": 4,
  "graph_edges": [
    [
      0,
      2,
      1.0
    ],
    [
      0,
      3,
      1.0
    ]
  ],
  "graph_signature": "2cf81b7f6c28153cc1763d3712042bf1e2dce228b62300b14a9509084e53b32c",
  "graph_num_edges": 2,
  "graph_density": 0.3333333333333333,
  "best_cut_bruteforce": 2.0,
  "best_bitstring_bruteforce": "0011",
  "best_index_bruteforce": 3,
  "candidate_order": [
    1,
    2,
    3,
    4,
    5,
    6,
    7,
    8,
    9,
    10,
    11,
    12,
    13,
    14,
    15
  ],
  "total_possible_parameters": 15,
  "visited_parameters": 15,
  "trained_coefficients": {
    "0": 0.0,
    "1": -0.5458248808219126,
    "2": 0.5450436313619728,
    "3": -0.4777367930510452,
    "4": 0.751455484505612,
    "5": 0.004954059973145302,
    "6": 0.4677139644476766,
    "7": -0.5468752708211584,
    "8": -0.058468893900635706,
    "9": 0.2949310061692248,
    "10": 0.004962577244990076,
    "11": -0.0011844999098237306,
    "12": -0.43617575601831055,
    "13": -0.05232052940051787,
    "14": -0.017283304843863284,
    "15": 0.04197677574636185
  },
  "final_coefficient_vector": [
    0.0,
    -0.5458248808219126,
    0.5450436313619728,
    -0.4777367930510452,
    0.751455484505612,
    0.004954059973145302,
    0.4677139644476766,
    -0.5468752708211584,
    -0.058468893900635706,
    0.2949310061692248,
    0.004962577244990076,
    -0.0011844999098237306,
    -0.43617575601831055,
    -0.05232052940051787,
    -0.017283304843863284,
    0.04197677574636185
  ],
  "active_indices": [
    1,
    2,
    3,
    4,
    5,
    6,
    7,
    8,
    9,
    10,
    11,
    12,
    13,
    14,
    15
  ],
  "active_parameter_count": 15,
  "compression_ratio_active_over_total": 1.0,
  "final_loss": -1.8022613203276079,
  "final_expected_cut": 1.8022613203276079,
  "best_expected_cut_over_evolution": 1.8022613203276079,
  "final_best_measured_index": 8,
  "final_best_measured_bitstring": "1000",
  "final_best_measured_cut": 2.0,
  "best_measured_cut_over_evolution": 2.0,
  "final_success_probability_ancilla_1": 0.2621031400391159,
  "final_max_postselected_probability": 0.23839252475019196,
  "gap_expected_to_bruteforce": 0.19773867967239211,
  "gap_measured_to_bruteforce": 0.0,
  "approx_ratio_measured": 1.0,
  "n_steps": 15,
  "elapsed_seconds": 27.59020209312439,
  "steps": [
    {
      "visit_idx": 1,
      "j": 1,
      "kept": true,
      "beta": -0.5780193569114809,
      "coefficient": -0.5458248808219126,
      "loss": -1.0,
      "expected_cut": 1.0,
      "best_measured_cut": 0.0,
      "success_probability_ancilla_1": 0.11193182171842118,
      "epochs_run": 5,
      "stop_reason": "loss_plateau_last5",
      "history_path": "benchmark_results_walsh_article/unweighted/aggressive_loader/n4/graph08_trainseed08/histories/history_visit001_j001.json",
      "improvement_vs_previous": 1.0
    },
    {
      "visit_idx": 2,
      "j": 2,
      "kept": true,
      "beta": 0.5769955828000045,
      "coefficient": 0.5450436313619728,
      "loss": -1.0,
      "expected_cut": 1.0,
      "best_measured_cut": 0.0,
      "success_probability_ancilla_1": 0.19856735478992563,
      "epochs_run": 5,
      "stop_reason": "loss_plateau_last5",
      "history_path": "benchmark_results_walsh_article/unweighted/aggressive_loader/n4/graph08_trainseed08/histories/history_visit002_j002.json",
      "improvement_vs_previous": 0.0
    },
    {
      "visit_idx": 3,
      "j": 3,
      "kept": true,
      "beta": -0.4925083802257926,
      "coefficient": -0.4777367930510452,
      "loss": -1.0000000000000002,
      "expected_cut": 1.0000000000000002,
      "best_measured_cut": 2.0,
      "success_probability_ancilla_1": 0.2507363965798011,
      "epochs_run": 5,
      "stop_reason": "loss_plateau_last5",
      "history_path": "benchmark_results_walsh_article/unweighted/aggressive_loader/n4/graph08_trainseed08/histories/history_visit003_j003.json",
      "improvement_vs_previous": 2.220446049250313e-16
    },
    {
      "visit_idx": 4,
      "j": 4,
      "kept": true,
      "beta": 0.9026528360679148,
      "coefficient": 0.751455484505612,
      "loss": -1.231626360563286,
      "expected_cut": 1.231626360563286,
      "best_measured_cut": 2.0,
      "success_probability_ancilla_1": 0.35285033549045913,
      "epochs_run": 47,
      "stop_reason": "loss_plateau_last5",
      "history_path": "benchmark_results_walsh_article/unweighted/aggressive_loader/n4/graph08_trainseed08/histories/history_visit004_j004.json",
      "improvement_vs_previous": 0.23162636056328578
    },
    {
      "visit_idx": 5,
      "j": 5,
      "kept": true,
      "beta": 0.004730814091105097,
      "coefficient": 0.004954059973145302,
      "loss": -1.2317472980883555,
      "expected_cut": 1.2317472980883555,
      "best_measured_cut": 2.0,
      "success_probability_ancilla_1": 0.35354008910247237,
      "epochs_run": 59,
      "stop_reason": "loss_plateau_last5",
      "history_path": "benchmark_results_walsh_article/unweighted/aggressive_loader/n4/graph08_trainseed08/histories/history_visit005_j005.json",
      "improvement_vs_previous": 0.00012093752506947553
    },
    {
      "visit_idx": 6,
      "j": 6,
      "kept": true,
      "beta": 0.48048748573450784,
      "coefficient": 0.4677139644476766,
      "loss": -1.303653609662263,
      "expected_cut": 1.303653609662263,
      "best_measured_cut": 2.0,
      "success_probability_ancilla_1": 0.3168539566627967,
      "epochs_run": 5,
      "stop_reason": "loss_plateau_last5",
      "history_path": "benchmark_results_walsh_article/unweighted/aggressive_loader/n4/graph08_trainseed08/histories/history_visit006_j006.json",
      "improvement_vs_previous": 0.07190631157390759
    },
    {
      "visit_idx": 7,
      "j": 7,
      "kept": true,
      "beta": -0.579397545926884,
      "coefficient": -0.5468752708211584,
      "loss": -1.4683931482441583,
      "expected_cut": 1.4683931482441583,
      "best_measured_cut": 2.0,
      "success_probability_ancilla_1": 0.2606222019357435,
      "epochs_run": 5,
      "stop_reason": "loss_plateau_last5",
      "history_path": "benchmark_results_walsh_article/unweighted/aggressive_loader/n4/graph08_trainseed08/histories/history_visit007_j007.json",
      "improvement_vs_previous": 0.16473953858189527
    },
    {
      "visit_idx": 8,
      "j": 8,
      "kept": true,
      "beta": -0.05589180828849304,
      "coefficient": -0.058468893900635706,
      "loss": -1.4721853895766437,
      "expected_cut": 1.4721853895766437,
      "best_measured_cut": 2.0,
      "success_probability_ancilla_1": 0.26126124529677686,
      "epochs_run": 67,
      "stop_reason": "loss_plateau_last5",
      "history_path": "benchmark_results_walsh_article/unweighted/aggressive_loader/n4/graph08_trainseed08/histories/history_visit008_j008.json",
      "improvement_vs_previous": 0.0037922413324853466
    },
    {
      "visit_idx": 9,