{
  "config": {
    "N_VERTICES": 4,
    "PROB_ARESTA": 0.55,
    "COM_PESO": false,
    "PESO_MIN": 1,
    "PESO_MAX": 1,
    "GRAPH_SEED": 105087,
    "GRAPH_EDGES": [
      [
        0,
        1,
        1.0
      ],
      [
        1,
        2,
        1.0
      ],
      [
        1,
        3,
        1.0
      ]
    ],
    "REVERSE_BITS": false,
    "ER": 0.75,
    "MAX_TERMS": null,
    "A_MAX": 0.6283185307179586,
    "INIT_BETA": 0.25,
    "MAX_EPOCHS": 200,
    "LR": 0.01,
    "FD_EPS": 0.01,
    "LOSS_TOL_LAST5": 0.002,
    "PATIENCE_LAST5": 7,
    "TRAIN_SEED": 3,
    "INIT_BETA_JITTER": 0.03,
    "OPTIMIZER": "adam",
    "ADAM_BETA1": 0.9,
    "ADAM_BETA2": 0.999,
    "ADAM_EPS": 1e-08,
    "COEF_ZERO_TOL": 0.002,
    "IMPROVEMENT_TOL": 0.002,
    "SATURATION_PATIENCE": 60,
    "INDEX_STRATEGY": "ascending",
    "INDEX_RANDOM_SEED": 42,
    "ENABLE_BACKWARD_PRUNING": false,
    "BACKWARD_PASSES": 1,
    "PRUNE_IMPROVEMENT_TOL": 1e-06,
    "OUTDIR": "benchmark_results_walsh_article/unweighted/coarse_loader/n4/graph09_trainseed03",
    "SHOW_PLOTS": false,
    "name": "coarse_loader"
  },
  "n_qubits_register": 4,
  "graph_edges": [
    [
      0,
      1,
      1.0
    ],
    [
      1,
      2,
      1.0
    ],
    [
      1,
      3,
      1.0
    ]
  ],
  "graph_signature": "e05b7736fa85fadb9e519d205bc71874029e7ff2544024339aba6060afa201c5",
  "graph_num_edges": 3,
  "graph_density": 0.5,
  "best_cut_bruteforce": 3.0,
  "best_bitstring_bruteforce": "0100",
  "best_index_bruteforce": 4,
  "candidate_order": [
    1,
    2,
    3,
    4,
    5,
    6,
    7,
    8,
    9,
    10,
    11,
    12,
    13,
    14,
    15
  ],
  "total_possible_parameters": 15,
  "visited_parameters": 15,
  "trained_coefficients": {
    "0": 0.0,
    "1": -0.13911422715883104,
    "2": 0.1395876073008814,
    "3": 0.0,
    "4": -0.10226537012787879,
    "5": 0.0,
    "6": 0.0,
    "7": 0.12223072115333397,
    "8": -0.06548472282710797,
    "9": 0.0,
    "10": 0.0,
    "11": 0.08517580315979328,
    "12": 0.0,
    "13": -0.0789320894306928,
    "14": 0.08428807828320312,
    "15": 0.0
  },
  "final_coefficient_vector": [
    0.0,
    -0.13911422715883104,
    0.1395876073008814,
    0.0,
    -0.10226537012787879,
    0.0,
    0.0,
    0.12223072115333397,
    -0.06548472282710797,
    0.0,
    0.0,
    0.08517580315979328,
    0.0,
    -0.0789320894306928,
    0.08428807828320312,
    0.0
  ],
  "active_indices": [
    1,
    2,
    4,
    7,
    8,
    11,
    13,
    14
  ],
  "active_parameter_count": 8,
  "compression_ratio_active_over_total": 0.5333333333333333,
  "final_loss": -2.9221709289541034,
  "final_expected_cut": 2.9221709289541034,
  "best_expected_cut_over_evolution": 2.9221709289541034,
  "final_best_measured_index": 4,
  "final_best_measured_bitstring": "0100",
  "final_best_measured_cut": 3.0,
  "best_measured_cut_over_evolution": 3.0,
  "final_success_probability_ancilla_1": 0.012167877548643503,
  "final_max_postselected_probability": 0.4673277481555295,
  "gap_expected_to_bruteforce": 0.07782907104589665,
  "gap_measured_to_bruteforce": 0.0,
  "approx_ratio_measured": 1.0,
  "n_steps": 15,
  "elapsed_seconds": 6.152673244476318,
  "steps": [
    {
      "visit_idx": 1,
      "j": 1,
      "kept": true,
      "beta": -0.22513533141278175,
      "coefficient": -0.13911422715883104,
      "loss": -1.5,
      "expected_cut": 1.5,
      "best_measured_cut": 0.0,
      "success_probability_ancilla_1": 0.0027190151002272718,
      "epochs_run": 7,
      "stop_reason": "loss_plateau_last5",
      "history_path": "benchmark_results_walsh_article/unweighted/coarse_loader/n4/graph09_trainseed03/histories/history_visit001_j001.json",
      "improvement_vs_previous": 1.5
    },
    {
      "visit_idx": 2,
      "j": 2,
      "kept": true,
      "beta": 0.2259277151956243,
      "coefficient": 0.1395876073008814,
      "loss": -1.9999971045171439,
      "expected_cut": 1.9999971045171439,
      "best_measured_cut": 3.0,
      "success_probability_ancilla_1": 0.005441662574556625,
      "epochs_run": 7,
      "stop_reason": "loss_plateau_last5",
      "history_path": "benchmark_results_walsh_article/unweighted/coarse_loader/n4/graph09_trainseed03/histories/history_visit002_j002.json",
      "improvement_vs_previous": 0.49999710451714385
    },
    {
      "visit_idx": 3,
      "j": 3,
      "kept": false,
      "beta": -0.000586856270886062,
      "coefficient": 0.0,
      "loss": -1.9999971045171439,
      "expected_cut": 1.9999971045171439,
      "best_measured_cut": 3.0,
      "success_probability_ancilla_1": 0.005441662574556625,
      "epochs_run": 32,
      "stop_reason": "loss_plateau_last5_and_discarded_near_zero",
      "history_path": "benchmark_results_walsh_article/unweighted/coarse_loader/n4/graph09_trainseed03/histories/history_visit003_j003.json",
      "improvement_vs_previous": 0.0
    },
    {
      "visit_idx": 4,
      "j": 4,
      "kept": true,
      "beta": -0.1642209026012146,
      "coefficient": -0.10226537012787879,
      "loss": -2.1821307701560895,
      "expected_cut": 2.1821307701560895,
      "best_measured_cut": 3.0,
      "success_probability_ancilla_1": 0.006895628852510721,
      "epochs_run": 44,
      "stop_reason": "loss_plateau_last5",
      "history_path": "benchmark_results_walsh_article/unweighted/coarse_loader/n4/graph09_trainseed03/histories/history_visit004_j004.json",
      "improvement_vs_previous": 0.18213366563894562
    },
    {
      "visit_idx": 5,
      "j": 5,
      "kept": false,
      "beta": 0.0013516827012454305,
      "coefficient": 0.0,
      "loss": -2.1821307701560895,
      "expected_cut": 2.1821307701560895,
      "best_measured_cut": 3.0,
      "success_probability_ancilla_1": 0.006895628852510721,
      "epochs_run": 32,
      "stop_reason": "loss_plateau_last5_and_discarded_near_zero",
      "history_path": "benchmark_results_walsh_article/unweighted/coarse_loader/n4/graph09_trainseed03/histories/history_visit005_j005.json",
      "improvement_vs_previous": 0.0
    },
    {
      "visit_idx": 6,
      "j": 6,
      "kept": false,
      "beta": -0.0010365886133041468,
      "coefficient": 0.0,
      "loss": -2.1821307701560895,
      "expected_cut": 2.1821307701560895,
      "best_measured_cut": 3.0,
      "success_probability_ancilla_1": 0.006895628852510721,
      "epochs_run": 28,
      "stop_reason": "loss_plateau_last5_and_discarded_near_zero",
      "history_path": "benchmark_results_walsh_article/unweighted/coarse_loader/n4/graph09_trainseed03/histories/history_visit006_j006.json",
      "improvement_vs_previous": 0.0
    },
    {
      "visit_idx": 7,
      "j": 7,
      "kept": true,
      "beta": 0.19704754170550748,
      "coefficient": 0.12223072115333397,
      "loss": -2.483645546110234,
      "expected_cut": 2.483645546110234,
      "best_measured_cut": 3.0,
      "success_probability_ancilla_1": 0.00892801916949915,
      "epochs_run": 53,
      "stop_reason": "loss_plateau_last5",
      "history_path": "benchmark_results_walsh_article/unweighted/coarse_loader/n4/graph09_trainseed03/histories/history_visit007_j007.json",
      "improvement_vs_previous": 0.30151477595414455
    },
    {
      "visit_idx": 8,
      "j": 8,
      "kept": true,
      "beta": -0.10460201483302453,
      "coefficient": -0.06548472282710797,
      "loss": -2.5534483485491357,
      "expected_cut": 2.5534483485491357,
      "best_measured_cut": 3.0,
      "success_probability_ancilla_1": 0.009520167315189537,
      "epochs_run": 43,
      "stop_reason": "loss_plateau_last5",
      "history_path": "benchmark_results_walsh_article/unweighted/coarse_loader/n4/graph09_trainseed03/histories/history_visit008_j008.json",
      "improvement_vs_previous": 0.06980280243890169
    },
    {
      "visit_idx": 9,
      "j": 9,
      "kept": false,
      "beta": 0.002149389135985825,
      "coefficient": 0.0,
      "loss": -2.5534483485491357,
      "expected_cut": 2.5534483485491357,