epoch,beta,coefficient,loss,expected_cut,best_measured_cut,success_probability_ancilla_1,max_postselected_probability,grad
0,-0.5614370478387751,-0.5330684624908756,-2.968303812220361,2.968303812220361,2.0,0.26072466951389645,0.04607197161654719,0.021223985029841286
1,-0.5709913162395593,-0.5404449729035722,-2.96838483780757,2.96838483780757,2.0,0.2606610546656843,0.045849498379313625,0.012535551592437216
2,-0.5793975458017414,-0.5468752707258494,-2.968393171284916,2.968393171284916,2.0,0.2606222004219761,0.045651463816844894,0.004463221466859859
3,-0.5856839788194647,-0.5516473158563436,-2.9683618249772463,2.9683618249772463,2.0,0.2606033632061276,0.04550205938500724,-0.0024509530071754933
4,-0.589213854196105,-0.5543130458265281,-2.9683303929286384,2.9683303929286384,2.0,0.2605965486722537,0.04541770351081666,-0.007505020086262214
