{
  "0": 0.0,
  "1": -0.27018852187373943,
  "2": 0.24332076828377006,
  "3": -0.23055470358402627,
  "4": 0.39377225388960074,
  "5": 0.0,
  "6": 0.27229635712778605,
  "7": -0.24974345009994198,
  "8": -0.12913154170396493,
  "9": 0.11211952813300326,
  "10": 0.07343648777723036,
  "11": 0.13056971992846056,
  "12": -0.20100343868820658,
  "13": 0.1856959263676814,
  "14": -0.24788483351259258,
  "15": -0.05560839390093833,
  "16": 0.0,
  "17": 0.0,
  "18": 0.0,
  "19": 0.0,
  "20": 0.0,
  "21": 0.0,
  "22": 0.0,
  "23": 0.0,
  "24": 0.0,
  "25": 0.0,
  "26": 0.0,
  "27": 0.0,
  "28": 0.0,
  "29": 0.0,
  "30": 0.0,
  "31": 0.0,
  "32": 0.01537951639306864,
  "33": 0.09960025221443392,
  "34": 0.024311651288597032,
  "35": 0.0,
  "36": -0.11052039731190863,
  "37": -0.103283250794608,
  "38": 0.0,
  "39": -0.055219322100120906,
  "40": -0.027490575085296072,
  "41": 0.06075891743143988,
  "42": -0.042070861816279906,
  "43": -0.0741375654532335,
  "44": -0.11137735042398428,
  "45": 0.09356737430028043,
  "46": 0.1143875510976337,
  "47": 0.12265059962362453,
  "48": 0.0,
  "49": 0.0,
  "50": 0.0,
  "51": 0.0,
  "52": 0.0,
  "53": 0.0,
  "54": 0.0,
  "55": 0.0,
  "56": 0.0,
  "57": 0.0,
  "58": 0.0,
  "59": 0.0,
  "60": 0.0,
  "61": 0.0,
  "62": 0.0,
  "63": 0.0
}