{
  "0": 0.0,
  "1": -0.2770606318569557,
  "2": 0.28011192362599835,
  "3": -0.2356506184858224,
  "4": 0.19436115521357444,
  "5": 0.38455733658361996,
  "6": 0.30984833643889964,
  "7": -0.05978665237544472,
  "8": -0.19608545458970045,
  "9": -0.21627414405357703,
  "10": -0.05141584338733776,
  "11": 0.03573035186799823,
  "12": -0.29866881925261246,
  "13": 0.19752772803322988,
  "14": -0.17633286549771607,
  "15": -0.12489305649186411,
  "16": -0.0653388842510441,
  "17": -0.22517718482892313,
  "18": -0.1127116993837011,
  "19": 0.006932946908802555,
  "20": 0.19892879568131797,
  "21": 0.12876773675104883,
  "22": -0.07517986761368403,
  "23": 0.213707654974872,
  "24": 0.14720471335074056,
  "25": -0.13728495008974276,
  "26": 0.14394179986668176,
  "27": 0.028101006763431323,
  "28": 0.10264223161762119,
  "29": -0.028612012800357575,
  "30": -0.11865982787343024,
  "31": -0.06804167779789592,
  "32": 0.013270618769417864,
  "33": 0.02588261967342493,
  "34": 0.05354964863094013,
  "35": -0.016152774950569552,
  "36": -0.18140717635388756,
  "37": -0.03370030929710276,
  "38": -0.007444221838412638,
  "39": -0.199038357528452,
  "40": 0.21466577007416046,
  "41": 0.03703021173657514,
  "42": 0.06214247812302374,
  "43": 0.15777161727289352,
  "44": -0.014813206422311652,
  "45": 0.07901950444342988,
  "46": 0.08586399784801804,
  "47": -0.025148759343195437,
  "48": 0.08040115171939415,
  "49": -0.006555655830005128,
  "50": 0.014790679186292632,
  "51": 0.04777459422967195,
  "52": -0.012562808073138032,
  "53": -0.14277295340109813,
  "54": -0.09901564615994111,
  "55": -0.02964913778696127,
  "56": 0.012973545150959722,
  "57": -0.00667145931120289,
  "58": 0.0,
  "59": -0.008017764211700458,
  "60": 0.0,
  "61": 0.0,
  "62": 0.016544926081235138,
  "63": 0.00661590867459659
}