epoch,beta,coefficient,loss,expected_cut,best_measured_cut,success_probability_ancilla_1,max_postselected_probability,grad
0,-0.3823776340970782,-0.2864901003369581,-2.9091318041555603,2.9091318041555603,3.0,0.1768129667351191,0.2195407442884744,-0.04841014477911314
1,-0.3724165423125353,-0.279683134494412,-2.909544018864981,2.909544018864981,3.0,0.1761895880731758,0.21914513134850033,-0.043769601822002575
2,-0.3625300269683479,-0.2728792102671213,-2.9099049377164934,2.9099049377164934,3.0,0.17558148152942718,0.21872626681658236,-0.03896512605840091
3,-0.3527634276734538,-0.2661117568106481,-2.9102125956440026,2.9102125956440026,3.0,0.17499153237870874,0.21828629652489273,-0.034017554174293065
4,-0.34317376061351723,-0.2594231751810482,-2.9104657705164136,2.9104657705164136,3.0,0.17442308435225573,0.21782846965994335,-0.028955734974300835
5,-0.33383177949058135,-0.25286646866542684,-2.9106642880370686,2.9106642880370686,3.0,0.17387998133315585,0.21735740549003088,-0.023818369581097506
6,-0.32482359436021363,-0.24650656461818363,-2.910809373155939,2.910809373155939,3.0,0.1733665746458227,0.21687935135462638,-0.01865591810596054
