epoch,beta,coefficient,loss,expected_cut,best_measured_cut,success_probability_ancilla_1,max_postselected_probability,grad
0,-0.26691549576879386,-0.1638355470316122,-1.999999999994695,1.999999999994695,0.0,0.0037699214258004703,0.062499999999834216,3.787900204388515e-11
1,-0.2669171889387301,-0.16383653854814217,-1.999999999994695,1.999999999994695,0.0,0.0037699669988934042,0.062499999999834216,3.787389197358146e-11
2,-0.2669192619698811,-0.16383775250935823,-1.9999999999946945,1.9999999999946945,0.0,0.0037700227965892998,0.0624999999998342,3.7872704327936424e-11
3,-0.2669216550038111,-0.16383915386167042,-1.999999999994695,1.999999999994695,0.0,0.0037700872079148573,0.062499999999834216,3.787381896085977e-11
4,-0.2669243296645051,-0.1638407201315623,-1.999999999994695,1.999999999994695,0.0,0.0037701592001099025,0.062499999999834216,3.7869505431097105e-11
5,-0.266927258730005,-0.16384243537731688,-1.999999999994695,1.999999999994695,0.0,0.0037702380406328196,0.062499999999834216,3.78690350854727e-11
6,-0.2669304215092639,-0.1638442874817095,-1.9999999999946958,1.9999999999946958,0.0,0.003770323172725456,0.062499999999834244,3.786566634344965e-11
