epoch,beta,coefficient,loss,expected_cut,best_measured_cut,success_probability_ancilla_1,max_postselected_probability,grad
0,-0.23802801477172952,-0.14679548095789827,-2.9806296564911063,2.9806296564911063,3.0,0.012285026346414641,0.24581372032538526,0.027116796737614243
1,-0.23447693677267414,-0.14468431854412045,-2.9807677715110734,2.9807677715110734,3.0,0.012201317429822448,0.24576384670834184,-0.05267413150876572
2,-0.22946368985124527,-0.14169800544664088,-2.9807926446226016,2.9807926446226016,3.0,0.012084996734928114,0.24565966847698636,-0.024993731096481123
3,-0.22681640781426105,-0.14011832529522666,-2.980723262369417,2.980723262369417,3.0,0.012024455931693049,0.2455883002795339,0.01531046824392251
4,-0.2275437622013258,-0.14055253729713302,-2.9807481001378333,2.9807481001378333,3.0,0.012041028728267369,0.24560905265009897,0.03717424103080063
5,-0.23010885135959228,-0.1420826997996309,-2.9808008218815454,2.9808008218815454,3.0,0.012099843741990246,0.24567533164155558,0.031127011918299387
6,-0.23294918374238863,-0.1437749836249983,-2.9807967068312777,2.9807967068312777,3.0,0.01216563853784423,0.2457363355248378,0.010043001281590575
