epoch,beta,coefficient,loss,expected_cut,best_measured_cut,success_probability_ancilla_1,max_postselected_probability,grad
0,-0.37583086546437494,-0.2820218314895438,-5.123013654014963,5.123013654014963,7.0,0.20692558022047747,0.0729904304052516,-0.1672445928634219
1,-0.36585332421093597,-0.27517158694804283,-5.124521924706801,5.124521924706801,7.0,0.2064304262866677,0.07307155642663467,-0.15662925851754675
2,-0.3559170640946055,-0.26830192175574047,-5.1259129953776235,5.1259129953776235,7.0,0.20594770318424355,0.07314672620840941,-0.14563740486976867
3,-0.34604439860487124,-0.2614298771688061,-5.127181632289167,5.127181632289167,7.0,0.2054786970473038,0.0732156614004907,-0.13429597578519173
4,-0.3362616148405428,-0.25457569671837316,-5.128323357299881,5.128323357299881,7.0,0.20502476461615804,0.07327812011436989,-0.12263987939042587
5,-0.32659948986508996,-0.24776324861172838,-5.12933470672775,5.12933470672775,7.0,0.20458732746991723,0.07333390987679199,-0.11071315371264928
6,-0.31709378744326056,-0.2410204354611206,-5.13021352697189,5.13021352697189,7.0,0.2041678620130427,0.07338290247248985,-0.09857016425071664
7,-0.30778567908843774,-0.23437954763649074,-5.130959299816446,5.130959299816446,7.0,0.20376788384384995,0.07342505034297087,-0.08627676118842305
8,-0.2987220077071393,-0.22787749620939085,-5.131573482174533,5.131573482174533,7.0,0.20338892499157296,0.07346040380399538,-0.07391128202001457
9,-0.2899552844679368,-0.2215558393104656,-5.1320598339069186,5.1320598339069186,7.0,0.20303250258430391,0.07348912778995648,-0.061565234521255015
10,-0.28154328611934576,-0.21546049661806357,-5.1324246939778035,5.1324246939778035,7.0,0.20270007796355777,0.07351151616188333,-0.04934343990903426
11,-0.27354811169002796,-0.20964103912535229,-5.132677151857057,5.132677151857057,7.0,0.20239300626684403,0.07352800093774607,-0.03736336887707364
12,-0.26603457896098415,-0.20414945687776756,-5.1328290521181685,5.1328290521181685,7.0,0.20211247816290687,0.07353915333525844,-0.025753385101593914
13,-0.25906790658302764,-0.199038357528452,-5.132894771876767,5.132894771876767,7.0,0.20185945765137822,0.07354567357128183,-0.014649650484334075
