epoch,beta,coefficient,loss,expected_cut,best_measured_cut,success_probability_ancilla_1,max_postselected_probability,grad
0,-0.49968003887728935,-0.48366440734269633,-4.277148456334954,4.277148456334954,3.0,0.4583683299732682,0.03358651378807153,-0.019059770170206297
1,-0.48975851006030935,-0.47545360023534916,-4.277293411669964,4.277293411669964,3.0,0.4575388040834597,0.03360432347619114,-0.016115268919710494
2,-0.4799990614096636,-0.46730442872590805,-4.277406179603208,4.277406179603208,3.0,0.45671992750218937,0.03362001317059951,-0.013087365668059785
3,-0.4705202339059661,-0.45932132735103426,-4.277486432265892,4.277486432265892,3.0,0.45592209259704924,0.03363345207109437,-0.010004883596340846
4,-0.4614847374417568,-0.4516495391785222,-4.277535218828056,4.277535218828056,3.0,0.4551595052579993,0.03364455503002814,-0.006911831385886172
