epoch,beta,coefficient,loss,expected_cut,best_measured_cut,success_probability_ancilla_1,max_postselected_probability,grad
0,-0.4517380377308049,-0.4433066062325669,-4.567303237560891,4.567303237560891,3.0,0.47937424768230374,0.032377260531590235,-0.055978025840677285
1,-0.44178860959137256,-0.43471884680368594,-4.567763316005477,4.567763316005477,3.0,0.4799894304124184,0.03236327600129353,-0.049520743499273434
2,-0.4319370764495859,-0.42614539840332244,-4.568153555756921,4.568153555756921,3.0,0.4806058881242526,0.03234734893606809,-0.04293632515199005
3,-0.42224436548163874,-0.4176428071043344,-4.568472620942554,4.568472620942554,3.0,0.4812194510382767,0.03232962304521985,-0.03626252318093288
4,-0.41278781314826735,-0.4092837741904747,-4.568720547804413,4.568720547804413,3.0,0.4818247228874285,0.032310331716832244,-0.029549591084409268
5,-0.40366362093367353,-0.40115973313276454,-4.568899242130465,4.568899242130465,3.0,0.4824148811493007,0.03228981997769604,-0.022863026295752827
6,-0.39498788322406364,-0.39338212079533,-4.569013002019405,4.569013002019405,3.0,0.4829815735556124,0.03226856299325093,-0.016286047774298547
7,-0.3868946554450755,-0.386080850052834,-4.569068941786715,4.569068941786715,3.0,0.48351502352948417,0.03224717292513057,-0.009920923494399677
8,-0.37952935418092787,-0.37939827857914127,-4.569077114819599,4.569077114819599,3.0,0.48400447431384463,0.03222638313103115,-0.0038877837896508904
