epoch,beta,coefficient,loss,expected_cut,best_measured_cut,success_probability_ancilla_1,max_postselected_probability,grad
0,-0.4527397207865871,-0.4441672217151204,-3.9999999999998113,3.9999999999998113,3.0,0.21018174382816004,0.04382932018601771,1.7479841901744073e-13
1,-0.4527397285605409,-0.4441672283914286,-3.9999999999998086,3.9999999999998086,3.0,0.2101817453284343,0.043829320178345794,1.7304297387542306e-13
2,-0.45273973806410905,-0.4441672365531376,-3.999999999999808,3.999999999999808,3.0,0.21018174716250212,0.043829320168967,1.7312404168905894e-13
3,-0.45273974906721365,-0.44416724600265545,-3.9999999999998095,3.9999999999998095,3.0,0.2101817492859613,0.04382932015810835,1.7534291614152899e-13
4,-0.452739761360585,-0.4441672565602604,-3.999999999999811,3.999999999999811,3.0,0.21018175165842568,0.04382932014597636,1.7379218209484426e-13
