epoch,beta,coefficient,loss,expected_cut,best_measured_cut,success_probability_ancilla_1,max_postselected_probability,grad
0,0.3790843674886824,0.28424504266535056,-5.4980596032329485,5.4980596032329485,3.0,0.07459207342442759,0.05970977693251389,0.002198157685028369
1,0.36907459983515983,0.27738850146088156,-5.498083550027086,5.498083550027086,3.0,0.07374991115865229,0.059736903823347544,0.002326426859921836
2,0.359046961337327,0.27047093934035354,-5.498108889778795,5.498108889778795,3.0,0.0729205612081454,0.05975048959372642,0.002458935610158498
3,0.34899484550943527,0.26348837637253675,-5.498135687839868,5.498135687839868,3.0,0.07210414415949928,0.059749666894363264,0.002595710560708758
4,0.33891184911818656,0.25643689299154293,-5.498164012058003,5.498164012058003,3.0,0.07130084129230405,0.05973350673668493,0.0027367621456690977
