{
  "0": 0.0,
  "1": -0.2347174472387709,
  "2": 0.23326351667400919,
  "3": -0.0010557438419171344,
  "4": 0.0,
  "5": 0.0026500644432686463,
  "6": -0.003228941306727999,
  "7": 0.0,
  "8": 0.0020778294946361534,
  "9": 0.0,
  "10": 0.0023945180734064185,
  "11": -0.0023457299983766066,
  "12": -0.0023859858209044635,
  "13": 0.1655408838369725,
  "14": -0.1972775849989037,
  "15": 0.0018388608625357662,
  "16": 0.0,
  "17": 0.0,
  "18": 0.0018183275459311128,
  "19": 0.0,
  "20": 0.0,
  "21": 0.03644501130990156,
  "22": -0.035831533278310394,
  "23": -0.0017962627419811745,
  "24": 0.0,
  "25": 0.017977717851974336,
  "26": -0.009064188270639024,
  "27": -0.002067192203553417,
  "28": 0.010868186733871287,
  "29": 0.0023853437548187755,
  "30": 0.0021595037987047847,
  "31": 0.007351646273768604,
  "32": 0.0,
  "33": 0.0,
  "34": 0.0,
  "35": 0.001480407874273582,
  "36": 0.0,
  "37": 0.016126410377556112,
  "38": -0.011131067855493835,
  "39": 0.0,
  "40": -0.0015256122630755995,
  "41": 0.014950942350373336,
  "42": -0.014193871751026661,
  "43": 0.0,
  "44": 0.006479412829438005,
  "45": -0.0016772792668434562,
  "46": 0.0,
  "47": 0.007555576374576586,
  "48": 0.0017928873363852857,
  "49": 0.0598105011155589,
  "50": -0.0940687010286965,
  "51": 0.0,
  "52": 0.005127570920636904,
  "53": 0.0,
  "54": 0.0,
  "55": 0.004604518669461365,
  "56": 0.001294882659082729,
  "57": 0.0,
  "58": -0.002933499515674449,
  "59": 0.001506788985991694,
  "60": 0.0,
  "61": -0.13707762321415295,
  "62": 0.16077671565054863,
  "63": 0.0
}