{
  "config": {
    "N_VERTICES": 4,
    "PROB_ARESTA": 0.4,
    "COM_PESO": false,
    "PESO_MIN": 1,
    "PESO_MAX": 1,
    "GRAPH_SEED": 104678,
    "GRAPH_EDGES": [
      [
        1,
        2,
        1.0
      ],
      [
        1,
        3,
        1.0
      ],
      [
        2,
        3,
        1.0
      ]
    ],
    "REVERSE_BITS": false,
    "ER": 1.0,
    "MAX_TERMS": null,
    "A_MAX": 0.7853981633974483,
    "INIT_BETA": 0.35,
    "MAX_EPOCHS": 200,
    "LR": 0.01,
    "FD_EPS": 0.01,
    "LOSS_TOL_LAST5": 0.001,
    "PATIENCE_LAST5": 5,
    "TRAIN_SEED": 2,
    "INIT_BETA_JITTER": 0.05,
    "OPTIMIZER": "adam",
    "ADAM_BETA1": 0.9,
    "ADAM_BETA2": 0.999,
    "ADAM_EPS": 1e-08,
    "COEF_ZERO_TOL": 0.001,
    "IMPROVEMENT_TOL": 0.001,
    "SATURATION_PATIENCE": 100,
    "INDEX_STRATEGY": "ascending",
    "INDEX_RANDOM_SEED": 42,
    "ENABLE_BACKWARD_PRUNING": false,
    "BACKWARD_PASSES": 1,
    "PRUNE_IMPROVEMENT_TOL": 1e-06,
    "OUTDIR": "benchmark_results_walsh_article/unweighted/baseline/n4/graph05_trainseed02",
    "SHOW_PLOTS": false,
    "name": "baseline"
  },
  "n_qubits_register": 4,
  "graph_edges": [
    [
      1,
      2,
      1.0
    ],
    [
      1,
      3,
      1.0
    ],
    [
      2,
      3,
      1.0
    ]
  ],
  "graph_signature": "be861fe0b30163c15a2bc45387e42148d677589ca12d320c9ad2ad740a6f1fe8",
  "graph_num_edges": 3,
  "graph_density": 0.5,
  "best_cut_bruteforce": 2.0,
  "best_bitstring_bruteforce": "0001",
  "best_index_bruteforce": 1,
  "candidate_order": [
    1,
    2,
    3,
    4,
    5,
    6,
    7,
    8,
    9,
    10,
    11,
    12,
    13,
    14,
    15
  ],
  "total_possible_parameters": 15,
  "visited_parameters": 15,
  "trained_coefficients": {
    "0": 0.0,
    "1": -0.23471448643119452,
    "2": 0.2600095046065662,
    "3": -0.251784686333185,
    "4": -0.3556028959100483,
    "5": 0.25351093648328465,
    "6": 0.019646984320753954,
    "7": 0.20679601342515982,
    "8": 0.10380594074293069,
    "9": -0.012587445768333884,
    "10": -0.0075163559417442995,
    "11": 0.015767167390491894,
    "12": 0.0,
    "13": -0.0017462642304534827,
    "14": 0.0,
    "15": 0.0
  },
  "final_coefficient_vector": [
    0.0,
    -0.23471448643119452,
    0.2600095046065662,
    -0.251784686333185,
    -0.3556028959100483,
    0.25351093648328465,
    0.019646984320753954,
    0.20679601342515982,
    0.10380594074293069,
    -0.012587445768333884,
    -0.0075163559417442995,
    0.015767167390491894,
    0.0,
    -0.0017462642304534827,
    0.0,
    0.0
  ],
  "active_indices": [
    1,
    2,
    3,
    4,
    5,
    6,
    7,
    8,
    9,
    10,
    11,
    13
  ],
  "active_parameter_count": 12,
  "compression_ratio_active_over_total": 0.8,
  "final_loss": -1.9992918394993224,
  "final_expected_cut": 1.9992918394993224,
  "best_expected_cut_over_evolution": 1.9993530532798787,
  "final_best_measured_index": 10,
  "final_best_measured_bitstring": "1010",
  "final_best_measured_cut": 2.0,
  "best_measured_cut_over_evolution": 2.0,
  "final_success_probability_ancilla_1": 0.09277908632143818,
  "final_max_postselected_probability": 0.3581412145175778,
  "gap_expected_to_bruteforce": 0.0007081605006775682,
  "gap_measured_to_bruteforce": 0.0,
  "approx_ratio_measured": 1.0,
  "n_steps": 15,
  "elapsed_seconds": 10.912988901138306,
  "steps": [
    {
      "visit_idx": 1,
      "j": 1,
      "kept": true,
      "beta": -0.30825389293918104,
      "coefficient": -0.23471448643119452,
      "loss": -1.5,
      "expected_cut": 1.5,
      "best_measured_cut": 0.0,
      "success_probability_ancilla_1": 0.013709609237602997,
      "epochs_run": 5,
      "stop_reason": "loss_plateau_last5",
      "history_path": "benchmark_results_walsh_article/unweighted/baseline/n4/graph05_trainseed02/histories/history_visit001_j001.json",
      "improvement_vs_previous": 1.5
    },
    {
      "visit_idx": 2,
      "j": 2,
      "kept": true,
      "beta": 0.3440119550427023,
      "coefficient": 0.2600095046065662,
      "loss": -1.5,
      "expected_cut": 1.5,
      "best_measured_cut": 2.0,
      "success_probability_ancilla_1": 0.030055028151343047,
      "epochs_run": 5,
      "stop_reason": "loss_plateau_last5",
      "history_path": "benchmark_results_walsh_article/unweighted/baseline/n4/graph05_trainseed02/histories/history_visit002_j002.json",
      "improvement_vs_previous": 0.0
    },
    {
      "visit_idx": 3,
      "j": 3,
      "kept": true,
      "beta": -0.33229588360845663,
      "coefficient": -0.251784686333185,
      "loss": -1.4999999999999996,
      "expected_cut": 1.4999999999999996,
      "best_measured_cut": 0.0,
      "success_probability_ancilla_1": 0.044872703072263126,
      "epochs_run": 5,
      "stop_reason": "loss_plateau_last5",
      "history_path": "benchmark_results_walsh_article/unweighted/baseline/n4/graph05_trainseed02/histories/history_visit003_j003.json",
      "improvement_vs_previous": -4.440892098500626e-16
    },
    {
      "visit_idx": 4,
      "j": 4,
      "kept": true,
      "beta": -0.4881761525406021,
      "coefficient": -0.3556028959100483,
      "loss": -1.7873609070276126,
      "expected_cut": 1.7873609070276126,
      "best_measured_cut": 2.0,
      "success_probability_ancilla_1": 0.07334694246690537,
      "epochs_run": 102,
      "stop_reason": "loss_plateau_last5",
      "history_path": "benchmark_results_walsh_article/unweighted/baseline/n4/graph05_trainseed02/histories/history_visit004_j004.json",
      "improvement_vs_previous": 0.2873609070276131
    },
    {
      "visit_idx": 5,
      "j": 5,
      "kept": true,
      "beta": 0.3347475059008837,
      "coefficient": 0.25351093648328465,
      "loss": -1.9054725524823746,
      "expected_cut": 1.9054725524823746,
      "best_measured_cut": 2.0,
      "success_probability_ancilla_1": 0.08426400843207874,
      "epochs_run": 82,
      "stop_reason": "loss_plateau_last5",
      "history_path": "benchmark_results_walsh_article/unweighted/baseline/n4/graph05_trainseed02/histories/history_visit005_j005.json",
      "improvement_vs_previous": 0.11811164545476194
    },
    {
      "visit_idx": 6,
      "j": 6,
      "kept": true,
      "beta": 0.025020537244524993,
      "coefficient": 0.019646984320753954,
      "loss": -1.9053688990753521,
      "expected_cut": 1.9053688990753521,
      "best_measured_cut": 2.0,
      "success_probability_ancilla_1": 0.08466334048958382,
      "epochs_run": 42,
      "stop_reason": "loss_plateau_last5",
      "history_path": "benchmark_results_walsh_article/unweighted/baseline/n4/graph05_trainseed02/histories/history_visit006_j006.json",
      "improvement_vs_previous": -0.00010365340702245263
    },
    {
      "visit_idx": 7,
      "j": 7,
      "kept": true,
      "beta": 0.26965186127068164,
      "coefficient": 0.20679601342515982,
      "loss": -1.9857713882539794,
      "expected_cut": 1.9857713882539794,
      "best_measured_cut": 2.0,
      "success_probability_ancilla_1": 0.09043253513201738,
      "epochs_run": 77,
      "stop_reason": "loss_plateau_last5",
      "history_path": "benchmark_results_walsh_article/unweighted/baseline/n4/graph05_trainseed02/histories/history_visit007_j007.json",
      "improvement_vs_previous": 0.08040248917862725
    },
    {
      "visit_idx": 8,
      "j": 8,
      "kept": true,
      "beta": 0.13294761629828997,
      "coefficient": 0.10380594074293069,
      "loss": -1.9983327012260088,
      "expected_cut": 1.9983327012260088,
      "best_measured_cut": 2.0,
      "success_probability_ancilla_1": 0.09263723690744871,
      "epochs_run": 25,
      "stop_reason": "loss_plateau_last5",
      "history_path": "benchmark_results_walsh_article/unweighted/baseline/n4/graph05_trainseed02/histories/history_visit008_j008.json",
      "improvement_vs_previous": 0.012561312972029448
    },
    {
      "visit_idx": 9,
      "j": 9,
      "kept": true,
      "beta": -0.016028206145263204,
      "coefficient": -0.012587445768333884,