{
  "config": {
    "N_VERTICES": 4,
    "PROB_ARESTA": 0.85,
    "COM_PESO": false,
    "PESO_MIN": 1,
    "PESO_MAX": 1,
    "GRAPH_SEED": 104271,
    "GRAPH_EDGES": [
      [
        0,
        1,
        1.0
      ],
      [
        0,
        2,
        1.0
      ],
      [
        0,
        3,
        1.0
      ],
      [
        1,
        3,
        1.0
      ],
      [
        2,
        3,
        1.0
      ]
    ],
    "REVERSE_BITS": false,
    "ER": 1.0,
    "MAX_TERMS": null,
    "A_MAX": 0.7853981633974483,
    "INIT_BETA": 0.35,
    "MAX_EPOCHS": 200,
    "LR": 0.01,
    "FD_EPS": 0.01,
    "LOSS_TOL_LAST5": 0.001,
    "PATIENCE_LAST5": 5,
    "TRAIN_SEED": 2,
    "INIT_BETA_JITTER": 0.05,
    "OPTIMIZER": "adam",
    "ADAM_BETA1": 0.9,
    "ADAM_BETA2": 0.999,
    "ADAM_EPS": 1e-08,
    "COEF_ZERO_TOL": 0.005,
    "IMPROVEMENT_TOL": 0.003,
    "SATURATION_PATIENCE": 40,
    "INDEX_STRATEGY": "ascending",
    "INDEX_RANDOM_SEED": 42,
    "ENABLE_BACKWARD_PRUNING": false,
    "BACKWARD_PASSES": 1,
    "PRUNE_IMPROVEMENT_TOL": 1e-06,
    "OUTDIR": "benchmark_results_walsh_article/unweighted/sparse_threshold/n4/graph01_trainseed02",
    "SHOW_PLOTS": false,
    "name": "sparse_threshold"
  },
  "n_qubits_register": 4,
  "graph_edges": [
    [
      0,
      1,
      1.0
    ],
    [
      0,
      2,
      1.0
    ],
    [
      0,
      3,
      1.0
    ],
    [
      1,
      3,
      1.0
    ],
    [
      2,
      3,
      1.0
    ]
  ],
  "graph_signature": "36d4961c72903175cef8219a78618293792cc3cd1b729b430a90aa47da048173",
  "graph_num_edges": 5,
  "graph_density": 0.8333333333333334,
  "best_cut_bruteforce": 4.0,
  "best_bitstring_bruteforce": "0110",
  "best_index_bruteforce": 6,
  "candidate_order": [
    1,
    2,
    3,
    4,
    5,
    6,
    7,
    8,
    9,
    10,
    11,
    12,
    13,
    14,
    15
  ],
  "total_possible_parameters": 15,
  "visited_parameters": 15,
  "trained_coefficients": {
    "0": 0.0,
    "1": -0.23471643255847197,
    "2": 0.23326335449290203,
    "3": 0.0,
    "4": 0.1698562602324865,
    "5": 0.0,
    "6": 0.0,
    "7": -0.20703243669292729,
    "8": -0.07201226374591718,
    "9": 0.0,
    "10": 0.0,
    "11": 0.11503350475239163,
    "12": 0.0,
    "13": 0.1317904878704205,
    "14": -0.15212819775178832,
    "15": 0.0
  },
  "final_coefficient_vector": [
    0.0,
    -0.23471643255847197,
    0.23326335449290203,
    0.0,
    0.1698562602324865,
    0.0,
    0.0,
    -0.20703243669292729,
    -0.07201226374591718,
    0.0,
    0.0,
    0.11503350475239163,
    0.0,
    0.1317904878704205,
    -0.15212819775178832,
    0.0
  ],
  "active_indices": [
    1,
    2,
    4,
    7,
    8,
    11,
    13,
    14
  ],
  "active_parameter_count": 8,
  "compression_ratio_active_over_total": 0.5333333333333333,
  "final_loss": -3.8820190449636525,
  "final_expected_cut": 3.8820190449636525,
  "best_expected_cut_over_evolution": 3.8820190449636525,
  "final_best_measured_index": 6,
  "final_best_measured_bitstring": "0110",
  "final_best_measured_cut": 4.0,
  "best_measured_cut_over_evolution": 4.0,
  "final_success_probability_ancilla_1": 0.05261276000937313,
  "final_max_postselected_probability": 0.4441591372125043,
  "gap_expected_to_bruteforce": 0.11798095503634753,
  "gap_measured_to_bruteforce": 0.0,
  "approx_ratio_measured": 1.0,
  "n_steps": 15,
  "elapsed_seconds": 7.8979268074035645,
  "steps": [
    {
      "visit_idx": 1,
      "j": 1,
      "kept": true,
      "beta": -0.3082566138301414,
      "coefficient": -0.23471643255847197,
      "loss": -2.5,
      "expected_cut": 2.5,
      "best_measured_cut": 0.0,
      "success_probability_ancilla_1": 0.013709835539370663,
      "epochs_run": 5,
      "stop_reason": "loss_plateau_last5",
      "history_path": "benchmark_results_walsh_article/unweighted/sparse_threshold/n4/graph01_trainseed02/histories/history_visit001_j001.json",
      "improvement_vs_previous": 2.5
    },
    {
      "visit_idx": 2,
      "j": 2,
      "kept": true,
      "beta": 0.30622628584402906,
      "coefficient": 0.23326335449290203,
      "loss": -2.9999901811655745,
      "expected_cut": 2.9999901811655745,
      "best_measured_cut": 2.0,
      "success_probability_ancilla_1": 0.026879915191829626,
      "epochs_run": 6,
      "stop_reason": "loss_plateau_last5",
      "history_path": "benchmark_results_walsh_article/unweighted/sparse_threshold/n4/graph01_trainseed02/histories/history_visit002_j002.json",
      "improvement_vs_previous": 0.4999901811655745
    },
    {
      "visit_idx": 3,
      "j": 3,
      "kept": false,
      "beta": -0.0013441107537450437,
      "coefficient": 0.0,
      "loss": -2.9999901811655745,
      "expected_cut": 2.9999901811655745,
      "best_measured_cut": 2.0,
      "success_probability_ancilla_1": 0.026879915191829626,
      "epochs_run": 38,
      "stop_reason": "loss_plateau_last5_and_discarded_near_zero",
      "history_path": "benchmark_results_walsh_article/unweighted/sparse_threshold/n4/graph01_trainseed02/histories/history_visit003_j003.json",
      "improvement_vs_previous": 0.0
    },
    {
      "visit_idx": 4,
      "j": 4,
      "kept": true,
      "beta": 0.2197373469959928,
      "coefficient": 0.1698562602324865,
      "loss": -3.177038182715,
      "expected_cut": 3.177038182715,
      "best_measured_cut": 4.0,
      "success_probability_ancilla_1": 0.03368855086752698,
      "epochs_run": 21,
      "stop_reason": "loss_plateau_last5",
      "history_path": "benchmark_results_walsh_article/unweighted/sparse_threshold/n4/graph01_trainseed02/histories/history_visit004_j004.json",
      "improvement_vs_previous": 0.17704800154942557
    },
    {
      "visit_idx": 5,
      "j": 5,
      "kept": false,
      "beta": -0.0018909701737583537,
      "coefficient": 0.0,
      "loss": -3.177038182715,
      "expected_cut": 3.177038182715,
      "best_measured_cut": 4.0,
      "success_probability_ancilla_1": 0.03368855086752698,
      "epochs_run": 39,
      "stop_reason": "loss_plateau_last5_and_discarded_near_zero",
      "history_path": "benchmark_results_walsh_article/unweighted/sparse_threshold/n4/graph01_trainseed02/histories/history_visit005_j005.json",
      "improvement_vs_previous": 0.0
    },
    {
      "visit_idx": 6,
      "j": 6,
      "kept": false,
      "beta": -0.0015496529604758485,
      "coefficient": 0.0,
      "loss": -3.177038182715,
      "expected_cut": 3.177038182715,
      "best_measured_cut": 4.0,
      "success_probability_ancilla_1": 0.03368855086752698,
      "epochs_run": 44,
      "stop_reason": "loss_plateau_last5_and_discarded_near_zero",
      "history_path": "benchmark_results_walsh_article/unweighted/sparse_threshold/n4/graph01_trainseed02/histories/history_visit006_j006.json",
      "improvement_vs_previous": 0.0
    },
    {
      "visit_idx": 7,
      "j": 7,
      "kept": true,
      "beta": -0.26997533601862145,
      "coefficient": -0.20703243669292729,
      "loss": -3.481633141014018,
      "expected_cut": 3.481633141014018,
      "best_measured_cut": 4.0,
      "success_probability_ancilla_1": 0.042712537170907325,
      "epochs_run": 13,
      "stop_reason": "loss_plateau_last5",
      "history_path": "benchmark_results_walsh_article/unweighted/sparse_threshold/n4/graph01_trainseed02/histories/history_visit007_j007.json",
      "improvement_vs_previous": 0.30459495829901817
    },
    {
      "visit_idx": 8,
      "j": 8,
      "kept": true,
      "beta": -0.09194710385455325,
      "coefficient": -0.07201226374591718,
      "loss": -3.511739656598541,
      "expected_cut": 3.511739656598541,
      "best_measured_cut": 4.0,
      "success_probability_ancilla_1": 0.04389771778378629,
      "epochs_run": 52,
      "stop_reason": "loss_plateau_last5",
      "history_path": "benchmark_results_walsh_article/unweighted/sparse_threshold/n4/graph01_trainseed02/histories/history_visit008_j008.json",