epoch,beta,coefficient,loss,expected_cut,best_measured_cut,success_probability_ancilla_1,max_postselected_probability,grad
0,-0.5254081821012492,-0.5046060315390833,-2.4999999999997407,2.4999999999997407,0.0,0.0962095119376987,0.06249999999999352,7.984778386579592e-13
1,-0.5254082178082419,-0.5046060602491632,-2.49999999999974,2.49999999999974,0.0,0.09620952252017527,0.062499999999993505,7.987767562884107e-13
2,-0.5254082615986293,-0.5046060954586663,-2.4999999999997398,2.4999999999997398,0.0,0.09620953549832657,0.06249999999999349,8.020705978771141e-13
3,-0.5254083121801795,-0.5046061361285776,-2.49999999999974,2.49999999999974,0.0,0.09620955048917419,0.062499999999993505,8.015048247260067e-13
4,-0.525408368731735,-0.5046061815986478,-2.4999999999997398,2.4999999999997398,0.0,0.0962095672493519,0.06249999999999349,8.011704034777151e-13
