epoch,beta,coefficient,loss,expected_cut,best_measured_cut,success_probability_ancilla_1,max_postselected_probability,grad
0,0.31751119485614954,0.24131735548459712,-4.0269857422941016,4.0269857422941016,3.0,0.05790070205412359,0.06037463203097739,-0.044513912730842785
1,0.3274909903527938,0.24839357444862617,-4.0273914770676535,4.0273914770676535,3.0,0.05868170322913359,0.060358143145807085,-0.041918498482326164
2,0.3374363901015261,0.2554011093073269,-4.02777126278958,4.02777126278958,3.0,0.0594769011667126,0.06032369023839368,-0.03940590078759918
3,0.34733267273318824,0.26232919316618025,-4.028125641471767,4.028125641471767,3.0,0.06028434888148719,0.0602726369960036,-0.03698169846977535
4,0.35716478393533313,0.2691671492230474,-4.028455275241456,4.028455275241456,3.0,0.06110198811594546,0.06020639248207078,-0.034650440369649024
5,0.36691747700015076,0.27590450322063337,-4.028760934461044,4.028760934461044,3.0,0.061927669277932904,0.06012639394485249,-0.03241564902977794
6,0.3765754609253117,0.28253109486744066,-4.029043484450963,4.029043484450963,3.0,0.06275917361705229,0.06003408968103281,-0.030279842641098616
7,0.38612355205695376,0.28903718496675923,-4.029303871184702,4.029303871184702,3.0,0.06359423703471981,0.05993092239615453,-0.028244574611564408
8,0.3955468255255111,0.29541355543987147,-4.029543106365855,4.029543106365855,3.0,0.06443057488593552,0.059818313471057094,-0.02631048868615007
9,0.4048307628256613,0.3016515997704714,-4.0297622523014,4.0297622523014,3.0,0.06526590710170163,0.0596976484913493,-0.024477387005776948
10,0.4139613920891422,0.3077434018013416,-4.0299624069670195,4.0299624069670195,3.0,0.06609798296038866,0.05957026433063132,-0.0227443081983585
