epoch,beta,coefficient,loss,expected_cut,best_measured_cut,success_probability_ancilla_1,max_postselected_probability,grad
0,-0.32782830961485515,-0.2486319797830112,-4.418480188056541,4.418480188056541,4.0,0.14423382218542652,0.06241068123780539,-0.064073698090574
1,-0.31786837134979556,-0.241571370181068,-4.419023740421819,4.419023740421819,4.0,0.14364161532433492,0.062288242181281595,-0.05779994166665115
2,-0.30798542600397816,-0.23452244890847804,-4.419497991385606,4.419497991385606,4.0,0.14306810989243562,0.06215690012053335,-0.05130741158155868
3,-0.298226539603643,-0.22752106411446357,-4.419900375248646,4.419900375248646,4.0,0.1425160279092722,0.06201738382771157,-0.04462689165823685
4,-0.2886510304389173,-0.22061264932653976,-4.420229390496345,4.420229390496345,4.0,0.14198845288024228,0.06187082403640556,-0.03780046371251753
5,-0.2793325911777852,-0.21385391865910985,-4.420485026349466,4.420485026349466,4.0,0.14148884376415705,0.0617188507552019,-0.0308839833123777
6,-0.2703608752296374,-0.2073141693639152,-4.4206692478366225,4.4206692478366225,4.0,0.14102101121325067,0.06156368592259704,-0.02394957170006022
7,-0.261841730346039,-0.20107556189458486,-4.420786477651891,4.420786477651891,4.0,0.1405890297963156,0.061408206427109834,-0.017087632418877317
