epoch,beta,coefficient,loss,expected_cut,best_measured_cut,success_probability_ancilla_1,max_postselected_probability,grad
0,0.39812227675466483,0.29714845553237634,-2.4999999999994182,2.4999999999994182,2.0,0.042924720877532595,0.031249983127882575,-1.2752039101752958e-12
1,0.39812233377042405,0.29714849390253734,-2.4999999999994182,2.4999999999994182,2.0,0.042924726247940345,0.031249983130891557,-1.2752672608967765e-12
2,0.3981224036332077,0.2971485409184179,-2.4999999999994174,2.4999999999994174,2.0,0.042924732828430956,0.031249983134578163,-1.2777406706136346e-12
3,0.39812248433892067,0.29714859523131154,-2.4999999999994174,2.4999999999994174,2.0,0.04292474043023575,0.031249983138836448,-1.2791740607001685e-12
4,0.3981225745446594,0.29714865593747725,-2.499999999999418,2.499999999999418,2.0,0.04292474892686473,0.031249983143595356,-1.276842594203152e-12
