epoch,beta,coefficient,loss,expected_cut,best_measured_cut,success_probability_ancilla_1,max_postselected_probability,grad
0,-0.3284408877885499,-0.24906479818593014,-6.999999999998765,6.999999999998765,1.0,0.05680879087612524,0.011488407277907882,1.7279888914260203e-12
1,-0.32844096509822457,-0.24906485279863846,-6.999999999998767,6.999999999998767,1.0,0.056808797032283545,0.011488407433823669,1.7301809049134948e-12
2,-0.3284410596521042,-0.24906491959290694,-6.999999999998771,6.999999999998771,1.0,0.056808804561596815,0.011488407624516715,1.723850016468325e-12
3,-0.3284411688115638,-0.2490649967047697,-6.999999999998769,6.999999999998769,1.0,0.056808813253952435,0.011488407844665345,1.7274885168540068e-12
4,-0.32844129077962286,-0.24906508286481086,-6.999999999998768,6.999999999998768,1.0,0.05680882296625781,0.011488408090645299,1.7246520644889096e-12
