epoch,beta,coefficient,loss,expected_cut,best_measured_cut,success_probability_ancilla_1,max_postselected_probability,grad
0,-0.39565274505186926,-0.2954849723946263,-6.999999999996767,6.999999999996767,0.0,0.02166948549693324,0.003906249999998196,1.4633734068031533e-11
1,-0.39565339946161204,-0.2954854136171172,-6.999999999996769,6.999999999996769,0.0,0.02166954973982131,0.0039062499999981968,1.4641201366159485e-11
2,-0.3956542008218401,-0.2954859539176954,-6.999999999996769,6.999999999996769,0.0,0.0216696284088063,0.0039062499999981976,1.4641990572024257e-11
3,-0.3956551256962028,-0.295486577494722,-6.999999999996769,6.999999999996769,0.0,0.021669719203203968,0.0039062499999981976,1.4627614014495957e-11
4,-0.3956561596600787,-0.2954872746225377,-6.999999999996771,6.999999999996771,0.0,0.021669820707003358,0.0039062499999981985,1.4647039955931827e-11
