epoch,beta,coefficient,loss,expected_cut,best_measured_cut,success_probability_ancilla_1,max_postselected_probability,grad
0,0.2597111827413062,0.15960884865914093,-2.999999999997673,2.999999999997673,1.0,0.012884464908778285,0.06193782973456977,-4.6684566979193445e-12
1,0.25971139141694205,0.15960897131321286,-2.999999999997672,2.999999999997672,1.0,0.012884470298607528,0.06193782838393667,-4.66643650411971e-12
2,0.2597116469465016,0.159609121506776,-2.9999999999976716,2.9999999999976716,1.0,0.012884476898619532,0.06193782673002702,-4.668395036512023e-12
3,0.25971194193983155,0.1596092948960825,-2.999999999997672,2.999999999997672,1.0,0.012884484517938465,0.06193782482066301,-4.668205104997009e-12
4,0.2597122716448845,0.15960948868799443,-2.9999999999976716,2.9999999999976716,1.0,0.01288449303382738,0.0619378226865921,-4.666503151612533e-12
5,0.25971263270577905,0.15960970091000368,-2.999999999997672,2.999999999997672,1.0,0.012884502359610516,0.061937820349525365,-4.666249209052847e-12
6,0.2597130225967778,0.15960993007753918,-2.999999999997671,2.999999999997671,1.0,0.012884512430053665,0.0619378178258009,-4.667225184562907e-12
