epoch,beta,coefficient,loss,expected_cut,best_measured_cut,success_probability_ancilla_1,max_postselected_probability,grad
0,-0.26120764627069754,-0.16048809587143223,-4.165074328633688,4.165074328633688,6.0,0.05517682577685572,0.2826201501615107,-0.025336333643604197
1,-0.25317328405451756,-0.1557597051000218,-4.1650488586965215,4.1650488586965215,6.0,0.05513088278849823,0.2828101182818205,-0.005085112173424128
2,-0.25009013407488273,-0.15394016870743993,-4.165003630148056,4.165003630148056,6.0,0.05511469409113437,0.2828751804557857,0.011465467285945337
3,-0.2510655175618489,-0.154516094983976,-4.165020077749331,4.165020077749331,6.0,0.055119728580640896,0.28285507090938367,0.017879356627667195
4,-0.25414847738057333,-0.15633464310035636,-4.165059053737923,4.165059053737923,6.0,0.055136170351182304,0.28278862976235836,0.01584660738712523
5,-0.258015667728176,-0.15861184084037971,-4.165080122318849,4.165080122318849,6.0,0.055157925791901735,0.2826991365515438,0.00944386652815035
6,-0.2615844057031629,-0.16070935514147744,-4.165072267673731,4.165072267673731,6.0,0.05517911263865368,0.2826105233956157,0.0014614098268025558
