epoch,beta,coefficient,loss,expected_cut,best_measured_cut,success_probability_ancilla_1,max_postselected_probability,grad
0,-0.2448074655620437,-0.1508161963812153,-2.9999999999981144,2.9999999999981144,1.0,0.01591914419832117,0.07733571803376753,2.853953804758964e-12
1,-0.24480759317558323,-0.15081627194347447,-2.9999999999981157,2.9999999999981157,1.0,0.01591914727520832,0.07733571807213814,2.854565150870726e-12
2,-0.24480774940979178,-0.1508163644525373,-2.9999999999981153,2.9999999999981153,1.0,0.015919151042169642,0.07733571811910586,2.8532706325713328e-12
3,-0.24480792977475116,-0.15081647124983966,-2.999999999998116,2.999999999998116,1.0,0.01591915539094977,0.0773357181733162,2.854272678012885e-12
4,-0.24480813138171198,-0.1508165906248982,-2.999999999998115,2.999999999998115,1.0,0.015919160251899097,0.07733571823389626,2.854222095492248e-12
5,-0.24480835220349584,-0.1508167213773811,-2.999999999998116,2.999999999998116,1.0,0.015919165576141304,0.07733571830023228,2.855760813703583e-12
6,-0.24480859062047017,-0.15081686254827187,-2.999999999998115,2.999999999998115,1.0,0.015919171324626405,0.07733571837183292,2.8520643996289e-12
