epoch,beta,coefficient,loss,expected_cut,best_measured_cut,success_probability_ancilla_1,max_postselected_probability,grad
0,0.32321410332271727,0.2453664230909538,-2.499999999999133,2.499999999999133,2.0,0.02888406529783896,0.12498474593381213,-2.505164257185548e-12
1,0.32321421533334843,0.24536650247772218,-2.499999999999134,2.499999999999134,2.0,0.028884074663343605,0.12498474548266528,-2.5053999563411207e-12
2,0.32321435248463953,0.2453665996827537,-2.499999999999134,2.499999999999134,2.0,0.02888408613092835,0.1249847449302501,-2.5053617993652786e-12
3,0.323214510800172,0.2453667118877849,-2.4999999999991345,2.4999999999991345,2.0,0.028884099368116017,0.12498474429257798,-2.50459613550597e-12
4,0.32321468782579893,0.2453668373534522,-2.499999999999134,2.499999999999134,2.0,0.02888411416971048,0.12498474357952888,-2.5090510304519396e-12
