{
  "0": 0.0,
  "1": -0.24005620388638568,
  "2": 0.24536659972806574,
  "3": -0.23735731910540867,
  "4": 0.38932175935972424,
  "5": -0.01748014644764277,
  "6": 0.2925547861807897,
  "7": -0.2568679091810786,
  "8": -0.1335251793975483,
  "9": 0.11908299963678488,
  "10": 0.07795775555185713,
  "11": 0.11370854985006174,
  "12": -0.21848706386586472,
  "13": 0.19172776274695788,
  "14": -0.23912498942689578,
  "15": -0.05908846529595651,
  "16": 0.009721595866437808,
  "17": -0.009962899087957125,
  "18": 0.01093540943612187,
  "19": -0.006621840683204827,
  "20": 0.01081065989150684,
  "21": -0.011858152790212665,
  "22": 0.010886419285533733,
  "23": -0.018179349432729964,
  "24": 0.0,
  "25": -0.007309035861896769,
  "26": 0.008802356322169936,
  "27": -0.005599740792370137,
  "28": 0.010573336411075279,
  "29": 0.0,
  "30": 0.007526353993106275,
  "31": -0.011884655644190174,
  "32": 0.0,
  "33": 0.0970772384039032,
  "34": 0.026368575558317318,
  "35": -0.0074533042600745175,
  "36": -0.11241291125497412,
  "37": -0.0957687071426699,
  "38": 0.0,
  "39": -0.06415772546977039,
  "40": -0.03333488404224702,
  "41": 0.05834735071541714,
  "42": -0.024890323468787008,
  "43": -0.07804598702716989,
  "44": -0.11482369531584166,
  "45": 0.10918554217288783,
  "46": 0.11662941423330311,
  "47": 0.11348215762153599,
  "48": 0.005413865972645942,
  "49": 0.0,
  "50": 0.0,
  "51": 0.0,
  "52": 0.0,
  "53": 0.0,
  "54": 0.006692974626341994,
  "55": 0.0,
  "56": 0.0,
  "57": 0.0,
  "58": 0.0,
  "59": -0.005983505332948958,
  "60": 0.0,
  "61": 0.0,
  "62": 0.007340159588831178,
  "63": -0.0061057360076386515
}