epoch,beta,coefficient,loss,expected_cut,best_measured_cut,success_probability_ancilla_1,max_postselected_probability,grad
0,-0.32844086042038434,-0.24906477885264877,-3.4999999999993836,3.4999999999993836,0.0,0.056808521473546585,0.011488410516695743,8.62524417042285e-13
1,-0.3284408990332803,-0.24906480612937568,-3.4999999999993823,3.4999999999993823,0.0,0.0568085245482875,0.011488410594567696,8.646247775713984e-13
2,-0.32844094633435195,-0.24906483954355896,-3.4999999999993823,3.4999999999993823,0.0,0.05680852831486731,0.011488410689961313,8.647183664542332e-13
3,-0.3284410009437318,-0.24906487812043898,-3.4999999999993854,3.4999999999993854,0.0,0.056808532663407435,0.011488410800093732,8.642763282811438e-13
4,-0.32844106194734524,-0.24906492121429935,-3.4999999999993845,3.4999999999993845,0.0,0.05680853752112045,0.011488410923121441,8.620022673436869e-13
