epoch,beta,coefficient,loss,expected_cut,best_measured_cut,success_probability_ancilla_1,max_postselected_probability,grad
0,-0.3617230803650687,-0.2723217857813189,-3.49999999999966,3.49999999999966,0.0,0.10224219879275588,0.025989327377751646,1.6922305233766527e-13
1,-0.3617230878915474,-0.2723217909819334,-3.499999999999658,3.499999999999658,0.0,0.10224219917234553,0.025989327373929526,1.6754410516525295e-13
2,-0.36172309712289763,-0.27232179736057294,-3.4999999999996594,3.4999999999996594,0.0,0.10224219963791843,0.02598932736924163,1.6911361713568652e-13
3,-0.36172310777014866,-0.2723218047175655,-3.499999999999657,3.499999999999657,0.0,0.10224220017490078,0.02598932736383469,1.681065941089692e-13
4,-0.36172311969086507,-0.2723218129544919,-3.4999999999996567,3.4999999999996567,0.0,0.10224220077610895,0.02598932735778106,1.6961660563505228e-13
