epoch,beta,coefficient,loss,expected_cut,best_measured_cut,success_probability_ancilla_1,max_postselected_probability,grad
0,0.398815885744011,0.29761511427781895,-3.4999999999991807,3.4999999999991807,4.0,0.04269767672276178,0.007812396283170138,-1.8096923091768145e-12
1,0.39881596667894675,0.29761516871637744,-3.4999999999991793,3.4999999999991793,4.0,0.042697684358646244,0.007812396277885772,-1.8107090603031912e-12
2,0.39881606579409073,0.29761523538332596,-3.4999999999991798,3.4999999999991798,4.0,0.042697693709761175,0.007812396271414218,-1.8109925974182397e-12
3,0.39881618019567955,0.2976153123322554,-3.49999999999918,3.49999999999918,4.0,0.042697704503092335,0.007812396263944307,-1.8095335361638162e-12
4,0.39881630809792284,0.2976153983620027,-3.4999999999991824,3.4999999999991824,4.0,0.042697716570158153,0.007812396255592555,-1.81193698211238e-12
