epoch,beta,coefficient,loss,expected_cut,best_measured_cut,success_probability_ancilla_1,max_postselected_probability,grad
0,-0.39565251373105226,-0.295484816431207,-3.4999999999983853,3.4999999999983853,0.0,0.021669462788365863,0.0039062499999981985,7.318219746354675e-12
1,-0.3956528406550822,-0.2954850368531664,-3.499999999998384,3.499999999998384,0.0,0.021669494882221366,0.0039062499999981976,7.306992858383992e-12
2,-0.39565324107539823,-0.29548530682844626,-3.4999999999983853,3.4999999999983853,0.0,0.02166953419116603,0.0039062499999981985,7.31849018758572e-12
3,-0.3956537032473566,-0.29548561843841786,-3.499999999998386,3.499999999998386,0.0,0.021669579562249023,0.0039062499999981994,7.310500195276414e-12
4,-0.3956542198792553,-0.2954859667667599,-3.4999999999983835,3.4999999999983835,0.0,0.021669630279660842,0.003906249999998196,7.315713883315918e-12
