epoch,beta,coefficient,loss,expected_cut,best_measured_cut,success_probability_ancilla_1,max_postselected_probability,grad
0,0.39954423800426353,0.2981048842458492,-3.5134629527959147,3.5134629527959147,2.0,0.08807639835040346,0.040519581299362104,-0.01724817644601382
1,0.409528946614411,0.30479153935283737,-3.5136233039022255,3.5136233039022255,2.0,0.08893191780832858,0.04021188862433581,-0.016449551594547935
2,0.4194880193594918,0.3114096085458417,-3.5137756301083196,3.5137756301083196,2.0,0.08979675975069033,0.039904286400294094,-0.015673357297537865
3,0.4294107422902846,0.31795174873660903,-3.5139200531090014,3.5139200531090014,2.0,0.09066933787108535,0.03959749439895727,-0.014920696472226403
4,0.4392862772286704,0.32441080369528097,-3.514056722172943,3.514056722172943,2.0,0.09154802119858593,0.039292208113865884,-0.014192484281102313
