epoch,beta,coefficient,loss,expected_cut,best_measured_cut,success_probability_ancilla_1,max_postselected_probability,grad
0,-0.3086988113252548,-0.23503267387564047,-3.499999999999716,3.499999999999716,0.0,0.12288243977880636,0.028157028757730664,1.1224038004907663e-13
1,-0.30869881634598445,-0.2350326774657833,-3.499999999999715,3.499999999999715,0.0,0.12288244002241802,0.028157028738213387,1.1234427481354236e-13
2,-0.30869882249442065,-0.23503268186230838,-3.499999999999715,3.499999999999715,0.0,0.12288244032074726,0.02815702871431234,1.1233769413093934e-13
3,-0.30869882959555617,-0.2350326869400744,-3.4999999999997162,3.4999999999997162,0.0,0.12288244066530256,0.028157028686707847,1.1249080875200824e-13
4,-0.3086988375271055,-0.23503269261163937,-3.499999999999716,3.499999999999716,0.0,0.12288244105015059,0.02815702865587522,1.1202824931601112e-13
