epoch,beta,coefficient,loss,expected_cut,best_measured_cut,success_probability_ancilla_1,max_postselected_probability,grad
0,-0.3570579755030477,-0.2690931121689762,-6.9999999999987095,6.9999999999987095,1.0,0.054207636374754335,0.011562264621577164,2.0308485251675824e-12
1,-0.35705806617965247,-0.26909317502613117,-6.99999999999871,6.99999999999871,1.0,0.054207644102509556,0.011562264635730133,2.025656730031859e-12
2,-0.357058177222593,-0.26909325200125456,-6.9999999999987095,6.9999999999987095,1.0,0.05420765356595195,0.011562264653061522,2.0288695715865853e-12
3,-0.3570583054573743,-0.26909334089377906,-6.999999999998709,6.999999999998709,1.0,0.05420766449454158,0.011562264673075655,2.030881309123906e-12
4,-0.3570584487878735,-0.26909344025066634,-6.99999999999871,6.99999999999871,1.0,0.05420767670964094,0.011562264695445173,2.028868077630314e-12
