epoch,beta,coefficient,loss,expected_cut,best_measured_cut,success_probability_ancilla_1,max_postselected_probability,grad
0,0.3216204198026823,0.244236349073858,-7.566406691304661,7.566406691304661,5.0,0.11785570268099162,0.02254608378494512,0.0031975888443563725
1,0.32633868069227967,0.24757877920733395,-7.566434818709499,7.566434818709499,5.0,0.11817615214384113,0.02253644100455535,-0.008835482868143013
2,0.33180606855136136,0.2514394690481346,-7.566433899132045,7.566433899132045,5.0,0.11855159765609075,0.02252427591771664,-0.003103352206975367
3,0.33413980335197646,0.25308329145093544,-7.566422715812088,7.566422715812088,5.0,0.11871318266788537,0.022518764860553635,0.0034180611388108617
4,0.333069372960521,0.25232961394051406,-7.566428640242583,7.566428640242583,5.0,0.1186389694948207,0.022521316082443305,0.006162027890531594
