epoch,beta,coefficient,loss,expected_cut,best_measured_cut,success_probability_ancilla_1,max_postselected_probability,grad
0,-0.3146242184264727,-0.23926216969324873,-4.499999999996841,4.499999999996841,0.0,0.01424345267858443,0.01562499999998903,1.8716530199100355e-11
1,-0.31462505550140574,-0.23926276611719074,-4.4999999999968425,4.4999999999968425,0.0,0.014243523350696959,0.015624999999989037,1.8730367455789053e-11
2,-0.31462608042793627,-0.23926349638678873,-4.499999999996841,4.499999999996841,0.0,0.014243609882829416,0.01562499999998903,1.8723755790749685e-11
3,-0.3146272635112245,-0.23926433934396701,-4.499999999996842,4.499999999996842,0.0,0.014243709768019254,0.015624999999989033,1.8719144021678237e-11
4,-0.3146285860155803,-0.23926528163915473,-4.4999999999968425,4.4999999999968425,0.0,0.014243821424554777,0.015624999999989037,1.872974699243809e-11
