epoch,beta,coefficient,loss,expected_cut,best_measured_cut,success_probability_ancilla_1,max_postselected_probability,grad
0,0.366672874818947,0.27573608627208396,-4.507560655431694,4.507560655431694,2.0,0.062353163247523984,0.06005991111815164,-0.008636544378838458
1,0.3766487133158507,0.282581180845264,-4.507638298093208,4.507638298093208,2.0,0.06321103298448107,0.05996860899636307,-0.00806099423578822
2,0.3865838119052953,0.2893496615970206,-4.507710257646282,4.507710257646282,2.0,0.06407942464483024,0.05986481990486329,-0.007508814892011745
3,0.39646072462962995,0.29602957069914243,-4.5077767019031025,4.5077767019031025,2.0,0.0649560329679176,0.05974984487216263,-0.006980740864256414
4,0.4062616384205213,0.302609103360112,-4.507837823039532,4.507837823039532,2.0,0.06583844577705636,0.05962500601776459,-0.00647728167555232
