{
  "0": 0.0,
  "1": -0.13915289146445917,
  "2": 0.13967592222217806,
  "3": 0.0,
  "4": 0.0,
  "5": 0.0,
  "6": 0.0,
  "7": 0.0,
  "8": 0.0,
  "9": 0.0,
  "10": 0.0,
  "11": -0.0024598369366209648,
  "12": 0.0,
  "13": 0.10258585659325348,
  "14": -0.12255673504248361,
  "15": 0.0,
  "16": 0.0,
  "17": 0.0,
  "18": 0.0,
  "19": 0.002488222480458472,
  "20": 0.0,
  "21": 0.016412454505306123,
  "22": -0.01716981645174361,
  "23": 0.0,
  "24": 0.0,
  "25": 0.011299511988524092,
  "26": -0.004339702214949263,
  "27": 0.0,
  "28": 0.007745577398689449,
  "29": 0.0,
  "30": 0.0,
  "31": 0.0035529506593722686,
  "32": 0.0,
  "33": 0.0,
  "34": 0.0,
  "35": 0.0,
  "36": 0.0,
  "37": 0.00954400035866004,
  "38": -0.00626683839715382,
  "39": 0.0,
  "40": 0.0,
  "41": 0.0073997433798061694,
  "42": -0.004969279186075531,
  "43": 0.0,
  "44": 0.003151705192425025,
  "45": 0.0,
  "46": 0.0,
  "47": 0.0042923477038985984,
  "48": 0.0,
  "49": 0.04322477371310321,
  "50": -0.06755767170548634,
  "51": 0.0,
  "52": 0.00446217515139806,
  "53": 0.0,
  "54": 0.0,
  "55": 0.002181060666841566,
  "56": 0.0,
  "57": 0.0,
  "58": 0.0,
  "59": 0.0,
  "60": 0.0,
  "61": -0.08549719361076746,
  "62": 0.09792880815397537,
  "63": 0.0
}