{
  "0": 0.0,
  "1": -0.27519012007828175,
  "2": 0.24745097279794323,
  "3": -0.24341451773428557,
  "4": -0.3595573954208151,
  "5": 0.25902325429996914,
  "6": 0.0,
  "7": 0.24200724083205477,
  "8": 0.11805412275407427,
  "9": -0.02842093057290472,
  "10": 0.0,
  "11": 0.014489673907722673,
  "12": 0.0,
  "13": 0.0072122407483215,
  "14": 0.0,
  "15": 0.0
}