epoch,beta,coefficient,loss,expected_cut,best_measured_cut,success_probability_ancilla_1,max_postselected_probability,grad
0,-0.5451048039334437,-0.5202921238345302,-0.9999999999999023,0.9999999999999023,0.0,0.10206862061848182,0.06249999999999391,2.8688229087662355e-13
1,-0.5451048167576462,-0.5202921339489064,-0.9999999999999016,0.9999999999999016,0.0,0.10206862444599613,0.06249999999999385,2.8678288020339364e-13
2,-0.5451048324580472,-0.520292146331724,-0.9999999999999016,0.9999999999999016,0.0,0.10206862913194127,0.06249999999999385,2.8672877272781e-13
3,-0.5451048505832763,-0.5202921606269898,-0.9999999999999021,0.9999999999999021,0.0,0.10206863454160121,0.06249999999999388,2.8682001855375634e-13
4,-0.5451048708471011,-0.5202921766089534,-0.9999999999999021,0.9999999999999021,0.0,0.10206864058954686,0.06249999999999388,2.8704820539057944e-13
