epoch,beta,coefficient,loss,expected_cut,best_measured_cut,success_probability_ancilla_1,max_postselected_probability,grad
0,0.5169297921183589,0.49776121226162245,-0.9999999999999432,0.9999999999999432,0.0,0.17664202455232608,0.12492984238159606,-7.533339693636011e-14
1,0.5169297954821596,0.4977612149883135,-0.9999999999999434,0.9999999999999434,0.0,0.17664202534280937,0.12492984239888989,-7.514778594160013e-14
2,0.516929799603954,0.49776121832943265,-0.9999999999999434,0.9999999999999434,0.0,0.17664202631141887,0.12492984242008062,-7.538555420893212e-14
3,0.5169298043623617,0.4977612221865895,-0.9999999999999434,0.9999999999999434,0.0,0.17664202742963067,0.12492984244454428,-7.529966812653392e-14
4,0.5169298096761024,0.4977612264938982,-0.9999999999999435,0.9999999999999435,0.0,0.176642028678344,0.124929842471863,-7.500418523105662e-14
