epoch,beta,coefficient,loss,expected_cut,best_measured_cut,success_probability_ancilla_1,max_postselected_probability,grad
0,0.26345085731478957,0.1618048351560747,-3.498305397232138,3.498305397232138,1.0,0.014682868549707155,0.06180553495687808,0.002874848592570832
1,0.2534388817543714,0.15591631929229263,-3.498337725467753,3.498337725467753,1.0,0.014426214853399476,0.061790978860758274,0.003108385031514549
2,0.24340588294711685,0.14998601547302653,-3.4983725997493638,3.4983725997493638,1.0,0.014177311720306882,0.06174370145073104,0.003350947554760109
3,0.23334410282234366,0.14401010477646028,-3.4984101462353134,3.4984101462353134,1.0,0.013936216231564446,0.06166127443353832,0.0036023052625445006
4,0.22324611304726646,0.1379849148204663,-3.4984504923919104,3.4984504923919104,1.0,0.013703017610744758,0.06154112962951511,0.003862118523638984
5,0.2131048749518985,0.13190696739910543,-3.4984937652972947,3.4984937652972947,1.0,0.013477838246446959,0.06138056885866875,0.004129918347066908
6,0.20291378303556376,0.1257730169266119,-3.4985400896409766,3.4985400896409766,1.0,0.013260833920016327,0.06117677928271457,0.004405086432073643
