epoch,beta,coefficient,loss,expected_cut,best_measured_cut,success_probability_ancilla_1,max_postselected_probability,grad
0,0.25042660587053817,0.15413887345954183,-4.7020679981528755,4.7020679981528755,6.0,0.06568990604667825,0.12171207002883856,0.2474615572649159
1,0.24044816245633654,0.1482322876105919,-4.7043075936873855,4.7043075936873855,6.0,0.06550568525497147,0.12152614392092576,0.2322496323742224
2,0.23050911101270305,0.14232130864715653,-4.706380125021116,4.706380125021116,6.0,0.06532986362237872,0.12132313061519993,0.21655181371958127
3,0.22063035283117022,0.13641975363964645,-4.708278747744793,4.708278747744793,6.0,0.0651628446879634,0.12110347304589297,0.20041397756617424
4,0.21083621881878942,0.13054370557484363,-4.709997717504656,4.709997717504656,6.0,0.06500501132578668,0.12086788047002499,0.18389214469514437
5,0.20115484258622915,0.12471175341477951,-4.711532702219484,4.711532702219484,6.0,0.06485671597500067,0.12061737114634062,0.16705345209537026
6,0.19161850245719986,0.11894521084138132,-4.712881124966036,4.712881124966036,6.0,0.06471826927990251,0.12035331555624836,0.14997703843153895
7,0.1822638912285654,0.1132682871054996,-4.714042526741563,4.714042526741563,6.0,0.06458992723237246,0.12007747732386598,0.13275475964466202
8,0.17313225757321446,0.10770817389787879,-4.715018930634615,4.715018930634615,6.0,0.06447187711823167,0.11979204771273326,0.11549162146917008
9,0.1642693480864057,0.10229500272720596,-4.7158151793755545,4.7158151793755545,6.0,0.06436422286630317,0.11949966816507368,0.0983057850029331
10,0.15572506771692202,0.09706162022902194,-4.716439207679642,4.716439207679642,6.0,0.06426697077751879,0.11920343404396447,0.08132797456965728
11,0.14755277423152177,0.09204312767610083,-4.716902201176792,4.716902201176792,6.0,0.06418001703351399,0.11890687194743232,0.06470010306008625
12,0.1398081363179676,0.08727614009956731,-4.717218588236689,4.717218588236689,6.0,0.06410313876619585,0.1186138832500893,0.04857294156723376
13,0.13254752129292663,0.08279774388673694,-4.717405813803177,4.717405813803177,6.0,0.06403599067812923,0.11832864850099029,0.03310271202272378
14,0.1258259396246317,0.07864417102758905,-4.7174838594753306,4.7174838594753306,6.0,0.06397810907441923,0.11805549137892588,0.01844658512613476
15,0.11969465420255496,0.0748492598255994,-4.7174745034419985,4.7174745034419985,6.0,0.06392892456035568,0.11779870696028716,0.00475722164786263
