{
  "0": 0.0,
  "1": -0.2347150611328382,
  "2": 0.23326313532925877,
  "3": 0.0,
  "4": 0.0,
  "5": 0.0,
  "6": 0.0,
  "7": 0.0,
  "8": 0.0,
  "9": 0.0,
  "10": 0.0,
  "11": 0.0,
  "12": 0.0,
  "13": 0.1654822573182435,
  "14": -0.1973424798783545,
  "15": 0.0
}