epoch,beta,coefficient,loss,expected_cut,best_measured_cut,success_probability_ancilla_1,max_postselected_probability,grad
0,-0.36859653697722344,-0.27705981146067454,-1.999999999998951,1.999999999998951,0.0,0.019068089584185346,0.06249999999996722,5.172701557926389e-12
1,-0.3685967682966486,-0.2770599705301412,-1.9999999999989513,1.9999999999989513,0.0,0.019068111339229515,0.062499999999967235,5.174927055443575e-12
2,-0.368597051456293,-0.27706016524809624,-1.9999999999989513,1.9999999999989513,0.0,0.019068137969735294,0.062499999999967235,5.170143119458715e-12
3,-0.36859737833999684,-0.2770603900333505,-1.999999999998951,1.999999999998951,0.0,0.019068168712403178,0.06249999999996722,5.172619747711463e-12
4,-0.36859774376726384,-0.2770606413234579,-1.999999999998951,1.999999999998951,0.0,0.019068203080025787,0.06249999999996722,5.175600135812438e-12
