epoch,beta,coefficient,loss,expected_cut,best_measured_cut,success_probability_ancilla_1,max_postselected_probability,grad
0,-0.21766349661904041,-0.1346423593684114,-5.252676174026757,5.252676174026757,7.0,0.0806174519834034,0.10366280231884233,-0.12382500124063212
1,-0.2077154653956751,-0.12866631026218472,-5.253689650126945,5.253689650126945,7.0,0.08043862741840524,0.10345893694328488,-0.10926608377877188
2,-0.1978683126384628,-0.12272683087392779,-5.254545853362577,5.254545853362577,7.0,0.08026924834398752,0.10324454992372546,-0.09443067905103478
3,-0.18818510176961684,-0.11686390747566817,-5.255242099465408,5.255242099465408,7.0,0.08011022103392298,0.10302141576685901,-0.07941425061442393
4,-0.17874592559703562,-0.11112836954566188,-5.255778979743134,5.255778979743134,7.0,0.0799625049399829,0.10279206777939134,-0.06434114899852021
5,-0.16965028245590524,-0.10558341470199356,-5.256161488509752,5.256161488509752,7.0,0.07982708654260934,0.10255994935415048,-0.04937017336151454
6,-0.16101780656966447,-0.10030510501861145,-5.256400167845783,5.256400167845783,7.0,0.07970493117384923,0.10232951648708097,-0.03469910157818913
7,-0.1529857346892426,-0.09538081280849588,-5.2565119639614455,5.2565119639614455,7.0,0.07959690758903726,0.1021062211073244,-0.02056607412849515
8,-0.14570141682369506,-0.09090454080797757,-5.256520324362699,5.256520324362699,7.0,0.07950368753421913,0.10189629087961405,-0.007244782396125797
