{
  "config": {
    "N_VERTICES": 4,
    "PROB_ARESTA": 0.85,
    "COM_PESO": false,
    "PESO_MIN": 1,
    "PESO_MAX": 1,
    "GRAPH_SEED": 104882,
    "GRAPH_EDGES": [
      [
        0,
        1,
        1.0
      ],
      [
        0,
        2,
        1.0
      ],
      [
        0,
        3,
        1.0
      ],
      [
        2,
        3,
        1.0
      ]
    ],
    "REVERSE_BITS": false,
    "ER": 0.75,
    "MAX_TERMS": null,
    "A_MAX": 0.6283185307179586,
    "INIT_BETA": 0.25,
    "MAX_EPOCHS": 200,
    "LR": 0.01,
    "FD_EPS": 0.01,
    "LOSS_TOL_LAST5": 0.002,
    "PATIENCE_LAST5": 7,
    "TRAIN_SEED": 1,
    "INIT_BETA_JITTER": 0.03,
    "OPTIMIZER": "adam",
    "ADAM_BETA1": 0.9,
    "ADAM_BETA2": 0.999,
    "ADAM_EPS": 1e-08,
    "COEF_ZERO_TOL": 0.002,
    "IMPROVEMENT_TOL": 0.002,
    "SATURATION_PATIENCE": 60,
    "INDEX_STRATEGY": "ascending",
    "INDEX_RANDOM_SEED": 42,
    "ENABLE_BACKWARD_PRUNING": false,
    "BACKWARD_PASSES": 1,
    "PRUNE_IMPROVEMENT_TOL": 1e-06,
    "OUTDIR": "benchmark_results_walsh_article/unweighted/coarse_loader/n4/graph07_trainseed01",
    "SHOW_PLOTS": false,
    "name": "coarse_loader"
  },
  "n_qubits_register": 4,
  "graph_edges": [
    [
      0,
      1,
      1.0
    ],
    [
      0,
      2,
      1.0
    ],
    [
      0,
      3,
      1.0
    ],
    [
      2,
      3,
      1.0
    ]
  ],
  "graph_signature": "0c4184843706290033a85b58881df740fdc53f7edeeaffa6a9dd8c38dfc1a494",
  "graph_num_edges": 4,
  "graph_density": 0.6666666666666666,
  "best_cut_bruteforce": 3.0,
  "best_bitstring_bruteforce": "0101",
  "best_index_bruteforce": 5,
  "candidate_order": [
    1,
    2,
    3,
    4,
    5,
    6,
    7,
    8,
    9,
    10,
    11,
    12,
    13,
    14,
    15
  ],
  "total_possible_parameters": 15,
  "visited_parameters": 15,
  "trained_coefficients": {
    "0": 0.0,
    "1": -0.16046512389799505,
    "2": 0.16137050368508826,
    "3": 0.0,
    "4": 0.11458960046889562,
    "5": 0.0,
    "6": 0.0,
    "7": -0.14139071584888876,
    "8": 0.02372370042871414,
    "9": 0.0,
    "10": 0.0,
    "11": -0.02244672931029483,
    "12": 0.0,
    "13": 0.011124159982478243,
    "14": -0.005809250631883349,
    "15": 0.0
  },
  "final_coefficient_vector": [
    0.0,
    -0.16046512389799505,
    0.16137050368508826,
    0.0,
    0.11458960046889562,
    0.0,
    0.0,
    -0.14139071584888876,
    0.02372370042871414,
    0.0,
    0.0,
    -0.02244672931029483,
    0.0,
    0.011124159982478243,
    -0.005809250631883349,
    0.0
  ],
  "active_indices": [
    1,
    2,
    4,
    7,
    8,
    11,
    13,
    14
  ],
  "active_parameter_count": 8,
  "compression_ratio_active_over_total": 0.5333333333333333,
  "final_loss": -2.9944640927365196,
  "final_expected_cut": 2.9944640927365196,
  "best_expected_cut_over_evolution": 2.9944640927365196,
  "final_best_measured_index": 7,
  "final_best_measured_bitstring": "0111",
  "final_best_measured_cut": 3.0,
  "best_measured_cut_over_evolution": 3.0,
  "final_success_probability_ancilla_1": 0.01192728285411106,
  "final_max_postselected_probability": 0.26689422054450046,
  "gap_expected_to_bruteforce": 0.005535907263480411,
  "gap_measured_to_bruteforce": 0.0,
  "approx_ratio_measured": 1.0,
  "n_steps": 15,
  "elapsed_seconds": 11.744527578353882,
  "steps": [
    {
      "visit_idx": 1,
      "j": 1,
      "kept": true,
      "beta": -0.26116853383939514,
      "coefficient": -0.16046512389799505,
      "loss": -2.0,
      "expected_cut": 2.0,
      "best_measured_cut": 0.0,
      "success_probability_ancilla_1": 0.003616592654892053,
      "epochs_run": 7,
      "stop_reason": "loss_plateau_last5",
      "history_path": "benchmark_results_walsh_article/unweighted/coarse_loader/n4/graph07_trainseed01/histories/history_visit001_j001.json",
      "improvement_vs_previous": 2.0
    },
    {
      "visit_idx": 2,
      "j": 2,
      "kept": true,
      "beta": 0.2627106401530841,
      "coefficient": 0.16137050368508826,
      "loss": -2.499992047576448,
      "expected_cut": 2.499992047576448,
      "best_measured_cut": 1.0,
      "success_probability_ancilla_1": 0.007247606557331879,
      "epochs_run": 7,
      "stop_reason": "loss_plateau_last5",
      "history_path": "benchmark_results_walsh_article/unweighted/coarse_loader/n4/graph07_trainseed01/histories/history_visit002_j002.json",
      "improvement_vs_previous": 0.4999920475764479
    },
    {
      "visit_idx": 3,
      "j": 3,
      "kept": false,
      "beta": 0.0014614120634633297,
      "coefficient": 0.0,
      "loss": -2.499992047576448,
      "expected_cut": 2.499992047576448,
      "best_measured_cut": 1.0,
      "success_probability_ancilla_1": 0.007247606557331879,
      "epochs_run": 28,
      "stop_reason": "loss_plateau_last5_and_discarded_near_zero",
      "history_path": "benchmark_results_walsh_article/unweighted/coarse_loader/n4/graph07_trainseed01/histories/history_visit003_j003.json",
      "improvement_vs_previous": 0.0
    },
    {
      "visit_idx": 4,
      "j": 4,
      "kept": true,
      "beta": 0.18443831900303992,
      "coefficient": 0.11458960046889562,
      "loss": -2.6803125843724604,
      "expected_cut": 2.6803125843724604,
      "best_measured_cut": 3.0,
      "success_probability_ancilla_1": 0.009066236583024447,
      "epochs_run": 7,
      "stop_reason": "loss_plateau_last5",
      "history_path": "benchmark_results_walsh_article/unweighted/coarse_loader/n4/graph07_trainseed01/histories/history_visit004_j004.json",
      "improvement_vs_previous": 0.18032053679601256
    },
    {
      "visit_idx": 5,
      "j": 5,
      "kept": false,
      "beta": 0.002129432914318374,
      "coefficient": 0.0,
      "loss": -2.6803125843724604,
      "expected_cut": 2.6803125843724604,
      "best_measured_cut": 3.0,
      "success_probability_ancilla_1": 0.009066236583024447,
      "epochs_run": 31,
      "stop_reason": "loss_plateau_last5_and_discarded_near_zero",
      "history_path": "benchmark_results_walsh_article/unweighted/coarse_loader/n4/graph07_trainseed01/histories/history_visit005_j005.json",
      "improvement_vs_previous": 0.0
    },
    {
      "visit_idx": 6,
      "j": 6,
      "kept": false,
      "beta": -0.0013691857354791292,
      "coefficient": 0.0,
      "loss": -2.6803125843724604,
      "expected_cut": 2.6803125843724604,
      "best_measured_cut": 3.0,
      "success_probability_ancilla_1": 0.009066236583024447,
      "epochs_run": 31,
      "stop_reason": "loss_plateau_last5_and_discarded_near_zero",
      "history_path": "benchmark_results_walsh_article/unweighted/coarse_loader/n4/graph07_trainseed01/histories/history_visit006_j006.json",
      "improvement_vs_previous": 0.0
    },
    {
      "visit_idx": 7,
      "j": 7,
      "kept": true,
      "beta": -0.22894847683439812,
      "coefficient": -0.14139071584888876,
      "loss": -2.980730327008478,
      "expected_cut": 2.980730327008478,
      "best_measured_cut": 3.0,
      "success_probability_ancilla_1": 0.011758111135021222,
      "epochs_run": 7,
      "stop_reason": "loss_plateau_last5",
      "history_path": "benchmark_results_walsh_article/unweighted/coarse_loader/n4/graph07_trainseed01/histories/history_visit007_j007.json",
      "improvement_vs_previous": 0.3004177426360175
    },
    {
      "visit_idx": 8,
      "j": 8,
      "kept": true,
      "beta": 0.03777539992368575,
      "coefficient": 0.02372370042871414,
      "loss": -2.987098802543385,
      "expected_cut": 2.987098802543385,
      "best_measured_cut": 3.0,
      "success_probability_ancilla_1": 0.011835393601352679,
      "epochs_run": 29,
      "stop_reason": "loss_plateau_last5",
      "history_path": "benchmark_results_walsh_article/unweighted/coarse_loader/n4/graph07_trainseed01/histories/history_visit008_j008.json",
      "improvement_vs_previous": 0.006368475534907159
    },
    {
      "visit_idx": 9,
      "j": 9,
      "kept": false,
      "beta": -0.0010191061038544022,