{
  "config": {
    "N_VERTICES": 4,
    "PROB_ARESTA": 0.85,
    "COM_PESO": false,
    "PESO_MIN": 1,
    "PESO_MAX": 1,
    "GRAPH_SEED": 104375,
    "GRAPH_EDGES": [
      [
        0,
        1,
        1.0
      ],
      [
        0,
        3,
        1.0
      ],
      [
        1,
        2,
        1.0
      ],
      [
        1,
        3,
        1.0
      ],
      [
        2,
        3,
        1.0
      ]
    ],
    "REVERSE_BITS": false,
    "ER": 0.75,
    "MAX_TERMS": null,
    "A_MAX": 0.6283185307179586,
    "INIT_BETA": 0.25,
    "MAX_EPOCHS": 200,
    "LR": 0.01,
    "FD_EPS": 0.01,
    "LOSS_TOL_LAST5": 0.002,
    "PATIENCE_LAST5": 7,
    "TRAIN_SEED": 1,
    "INIT_BETA_JITTER": 0.03,
    "OPTIMIZER": "adam",
    "ADAM_BETA1": 0.9,
    "ADAM_BETA2": 0.999,
    "ADAM_EPS": 1e-08,
    "COEF_ZERO_TOL": 0.002,
    "IMPROVEMENT_TOL": 0.002,
    "SATURATION_PATIENCE": 60,
    "INDEX_STRATEGY": "ascending",
    "INDEX_RANDOM_SEED": 42,
    "ENABLE_BACKWARD_PRUNING": false,
    "BACKWARD_PASSES": 1,
    "PRUNE_IMPROVEMENT_TOL": 1e-06,
    "OUTDIR": "benchmark_results_walsh_article/unweighted/coarse_loader/n4/graph02_trainseed01",
    "SHOW_PLOTS": false,
    "name": "coarse_loader"
  },
  "n_qubits_register": 4,
  "graph_edges": [
    [
      0,
      1,
      1.0
    ],
    [
      0,
      3,
      1.0
    ],
    [
      1,
      2,
      1.0
    ],
    [
      1,
      3,
      1.0
    ],
    [
      2,
      3,
      1.0
    ]
  ],
  "graph_signature": "088078414915f783002f6e924a47ca164ddb929b0c303d60c8d30a073f7782ae",
  "graph_num_edges": 5,
  "graph_density": 0.8333333333333334,
  "best_cut_bruteforce": 4.0,
  "best_bitstring_bruteforce": "0101",
  "best_index_bruteforce": 5,
  "candidate_order": [
    1,
    2,
    3,
    4,
    5,
    6,
    7,
    8,
    9,
    10,
    11,
    12,
    13,
    14,
    15
  ],
  "total_possible_parameters": 15,
  "visited_parameters": 15,
  "trained_coefficients": {
    "0": 0.0,
    "1": -0.16046459990624612,
    "2": 0.16136973398660134,
    "3": 0.0,
    "4": -0.11704774019668157,
    "5": 0.0,
    "6": 0.0,
    "7": 0.14100852104666292,
    "8": 0.05583943985506309,
    "9": 0.0,
    "10": 0.0,
    "11": -0.08723778875984582,
    "12": 0.0,
    "13": 0.09060447665097084,
    "14": -0.11728209769130342,
    "15": 0.0
  },
  "final_coefficient_vector": [
    0.0,
    -0.16046459990624612,
    0.16136973398660134,
    0.0,
    -0.11704774019668157,
    0.0,
    0.0,
    0.14100852104666292,
    0.05583943985506309,
    0.0,
    0.0,
    -0.08723778875984582,
    0.0,
    0.09060447665097084,
    -0.11728209769130342,
    0.0
  ],
  "active_indices": [
    1,
    2,
    4,
    7,
    8,
    11,
    13,
    14
  ],
  "active_parameter_count": 8,
  "compression_ratio_active_over_total": 0.5333333333333333,
  "final_loss": -3.909897886498826,
  "final_expected_cut": 3.909897886498826,
  "best_expected_cut_over_evolution": 3.909897886498826,
  "final_best_measured_index": 5,
  "final_best_measured_bitstring": "0101",
  "final_best_measured_cut": 4.0,
  "best_measured_cut_over_evolution": 4.0,
  "final_success_probability_ancilla_1": 0.01599173893300479,
  "final_max_postselected_probability": 0.4571919246637736,
  "gap_expected_to_bruteforce": 0.09010211350117414,
  "gap_measured_to_bruteforce": 0.0,
  "approx_ratio_measured": 1.0,
  "n_steps": 15,
  "elapsed_seconds": 15.32567834854126,
  "steps": [
    {
      "visit_idx": 1,
      "j": 1,
      "kept": true,
      "beta": -0.2611676416921904,
      "coefficient": -0.16046459990624612,
      "loss": -2.5,
      "expected_cut": 2.5,
      "best_measured_cut": 0.0,
      "success_probability_ancilla_1": 0.0036165690637998803,
      "epochs_run": 7,
      "stop_reason": "loss_plateau_last5",
      "history_path": "benchmark_results_walsh_article/unweighted/coarse_loader/n4/graph02_trainseed01/histories/history_visit001_j001.json",
      "improvement_vs_previous": 2.5
    },
    {
      "visit_idx": 2,
      "j": 2,
      "kept": true,
      "beta": 0.26270932863071367,
      "coefficient": 0.16136973398660134,
      "loss": -2.9999920518285816,
      "expected_cut": 2.9999920518285816,
      "best_measured_cut": 3.0,
      "success_probability_ancilla_1": 0.007247548543052907,
      "epochs_run": 7,
      "stop_reason": "loss_plateau_last5",
      "history_path": "benchmark_results_walsh_article/unweighted/coarse_loader/n4/graph02_trainseed01/histories/history_visit002_j002.json",
      "improvement_vs_previous": 0.49999205182858164
    },
    {
      "visit_idx": 3,
      "j": 3,
      "kept": false,
      "beta": 0.001461493185454155,
      "coefficient": 0.0,
      "loss": -2.9999920518285816,
      "expected_cut": 2.9999920518285816,
      "best_measured_cut": 3.0,
      "success_probability_ancilla_1": 0.007247548543052907,
      "epochs_run": 28,
      "stop_reason": "loss_plateau_last5_and_discarded_near_zero",
      "history_path": "benchmark_results_walsh_article/unweighted/coarse_loader/n4/graph02_trainseed01/histories/history_visit003_j003.json",
      "improvement_vs_previous": 0.0
    },
    {
      "visit_idx": 4,
      "j": 4,
      "kept": true,
      "beta": -0.1884881818949678,
      "coefficient": -0.11704774019668157,
      "loss": -3.1819974975547254,
      "expected_cut": 3.1819974975547254,
      "best_measured_cut": 3.0,
      "success_probability_ancilla_1": 0.009144990376772928,
      "epochs_run": 48,
      "stop_reason": "loss_plateau_last5",
      "history_path": "benchmark_results_walsh_article/unweighted/coarse_loader/n4/graph02_trainseed01/histories/history_visit004_j004.json",
      "improvement_vs_previous": 0.18200544572614374
    },
    {
      "visit_idx": 5,
      "j": 5,
      "kept": false,
      "beta": 0.0020309260287509727,
      "coefficient": 0.0,
      "loss": -3.1819974975547254,
      "expected_cut": 3.1819974975547254,
      "best_measured_cut": 3.0,
      "success_probability_ancilla_1": 0.009144990376772928,
      "epochs_run": 31,
      "stop_reason": "loss_plateau_last5_and_discarded_near_zero",
      "history_path": "benchmark_results_walsh_article/unweighted/coarse_loader/n4/graph02_trainseed01/histories/history_visit005_j005.json",
      "improvement_vs_previous": 0.0
    },
    {
      "visit_idx": 6,
      "j": 6,
      "kept": false,
      "beta": -0.0012695781661497324,
      "coefficient": 0.0,
      "loss": -3.1819974975547254,
      "expected_cut": 3.1819974975547254,
      "best_measured_cut": 3.0,
      "success_probability_ancilla_1": 0.009144990376772928,
      "epochs_run": 31,
      "stop_reason": "loss_plateau_last5_and_discarded_near_zero",
      "history_path": "benchmark_results_walsh_article/unweighted/coarse_loader/n4/graph02_trainseed01/histories/history_visit006_j006.json",
      "improvement_vs_previous": 0.0
    },
    {
      "visit_idx": 7,
      "j": 7,
      "kept": true,
      "beta": 0.2283078416256031,
      "coefficient": 0.14100852104666292,
      "loss": -3.4826453971714373,
      "expected_cut": 3.4826453971714373,
      "best_measured_cut": 3.0,
      "success_probability_ancilla_1": 0.011820322858241677,
      "epochs_run": 56,
      "stop_reason": "loss_plateau_last5",
      "history_path": "benchmark_results_walsh_article/unweighted/coarse_loader/n4/graph02_trainseed01/histories/history_visit007_j007.json",
      "improvement_vs_previous": 0.3006478996167119
    },
    {
      "visit_idx": 8,
      "j": 8,
      "kept": true,
      "beta": 0.08910631491819346,
      "coefficient": 0.05583943985506309,
      "loss": -3.5190131567795473,
      "expected_cut": 3.5190131567795473,
      "best_measured_cut": 4.0,
      "success_probability_ancilla_1": 0.012248369265728806,
      "epochs_run": 24,
      "stop_reason": "loss_plateau_last5",
      "history_path": "benchmark_results_walsh_article/unweighted/coarse_loader/n4/graph02_trainseed01/histories/history_visit008_j008.json",