{
  "0": 0.0,
  "1": -0.16046459990624612,
  "2": 0.16136973398660134,
  "3": 0.0,
  "4": -0.11704774019668157,
  "5": 0.0,
  "6": 0.0,
  "7": 0.14100852104666292,
  "8": 0.05583943985506309,
  "9": 0.0,
  "10": 0.0,
  "11": -0.08723778875984582,
  "12": 0.0,
  "13": 0.09060447665097084,
  "14": -0.11728209769130342,
  "15": 0.0
}