epoch,beta,coefficient,loss,expected_cut,best_measured_cut,success_probability_ancilla_1,max_postselected_probability,grad
0,-0.4389900994346565,-0.4322904667377175,-2.9444685647330027,2.9444685647330027,3.0,0.20853357495166724,0.24039039538606993,-0.07533946401093541
1,-0.4292895550234735,-0.4238295510889112,-2.9448315760938364,2.9448315760938364,3.0,0.20752202586580493,0.24028797074280736,-0.05009720944251137
2,-0.42037773683296553,-0.41599776873467526,-2.9449427851666226,2.9449427851666226,3.0,0.2066148470154314,0.24014939191970003,-0.02457693366710947
3,-0.4130629259874169,-0.4095278374670654,-2.9448694953457024,2.9448694953457024,3.0,0.20588662036621652,0.2400028127422078,-0.00023871144514424732
4,-0.4081819896084565,-0.40518998954541086,-2.94473582770205,2.94473582770205,3.0,0.20540914106364205,0.23988813396492834,0.020372330444713187
