epoch,beta,coefficient,loss,expected_cut,best_measured_cut,success_probability_ancilla_1,max_postselected_probability,grad
0,0.37618495919297745,0.28226404660653037,-6.028774814446946,6.028774814446946,4.0,0.0651409332281583,0.060082835840777206,-0.031835689515359755
1,0.38616167180840927,0.289063069003416,-6.0290617339657455,6.0290617339657455,4.0,0.06600841766310432,0.059991932564130414,-0.02976112920491055
2,0.39609881507062594,0.29578567564344294,-6.029328153662766,6.029328153662766,4.0,0.06688587736387647,0.0598893217654846,-0.027769777573222278
3,0.40597952119932335,0.30242040152199967,-6.029574664138124,6.029574664138124,4.0,0.06777105841154901,0.059776215472116125,-0.02586412450923146
4,0.41578658241702254,0.3089559467121014,-6.029801940933254,6.029801940933254,4.0,0.0686616092881924,0.0596538443299811,-0.02404589790971304
5,0.4255026153882224,0.31538129784966284,-6.030010734069094,6.030010734069094,4.0,0.06955510554215415,0.059523443365617455,-0.022316085677558696
