epoch,beta,coefficient,loss,expected_cut,best_measured_cut,success_probability_ancilla_1,max_postselected_probability,grad
0,0.32879571009120434,0.24931542175286533,-2.4999999999991314,2.4999999999991314,2.0,0.02876738987524877,0.12488734514738005,-2.55890205677395e-12
1,0.32879582451681183,0.2493155025666241,-2.4999999999991314,2.4999999999991314,2.0,0.02876739957143632,0.12488734392108086,-2.5596648942360637e-12
2,0.3287959646396891,0.2493156015292228,-2.4999999999991314,2.4999999999991314,2.0,0.028767411445160183,0.12488734241937562,-2.5601003242095067e-12
3,0.3287961264094263,0.24931571578003167,-2.4999999999991305,2.4999999999991305,2.0,0.028767425153198786,0.12488734068566815,-2.5601725933456392e-12
4,0.32879630721235775,0.24931584347312966,-2.4999999999991314,2.4999999999991314,2.0,0.02876744047407718,0.12488733874796495,-2.5588609900692836e-12
