{
  "config": {
    "N_VERTICES": 4,
    "PROB_ARESTA": 0.85,
    "COM_PESO": false,
    "PESO_MIN": 1,
    "PESO_MAX": 1,
    "GRAPH_SEED": 104375,
    "GRAPH_EDGES": [
      [
        0,
        1,
        1.0
      ],
      [
        0,
        3,
        1.0
      ],
      [
        1,
        2,
        1.0
      ],
      [
        1,
        3,
        1.0
      ],
      [
        2,
        3,
        1.0
      ]
    ],
    "REVERSE_BITS": false,
    "ER": 0.75,
    "MAX_TERMS": null,
    "A_MAX": 0.6283185307179586,
    "INIT_BETA": 0.25,
    "MAX_EPOCHS": 200,
    "LR": 0.01,
    "FD_EPS": 0.01,
    "LOSS_TOL_LAST5": 0.002,
    "PATIENCE_LAST5": 7,
    "TRAIN_SEED": 2,
    "INIT_BETA_JITTER": 0.03,
    "OPTIMIZER": "adam",
    "ADAM_BETA1": 0.9,
    "ADAM_BETA2": 0.999,
    "ADAM_EPS": 1e-08,
    "COEF_ZERO_TOL": 0.002,
    "IMPROVEMENT_TOL": 0.002,
    "SATURATION_PATIENCE": 60,
    "INDEX_STRATEGY": "ascending",
    "INDEX_RANDOM_SEED": 42,
    "ENABLE_BACKWARD_PRUNING": false,
    "BACKWARD_PASSES": 1,
    "PRUNE_IMPROVEMENT_TOL": 1e-06,
    "OUTDIR": "benchmark_results_walsh_article/unweighted/coarse_loader/n4/graph02_trainseed02",
    "SHOW_PLOTS": false,
    "name": "coarse_loader"
  },
  "n_qubits_register": 4,
  "graph_edges": [
    [
      0,
      1,
      1.0
    ],
    [
      0,
      3,
      1.0
    ],
    [
      1,
      2,
      1.0
    ],
    [
      1,
      3,
      1.0
    ],
    [
      2,
      3,
      1.0
    ]
  ],
  "graph_signature": "088078414915f783002f6e924a47ca164ddb929b0c303d60c8d30a073f7782ae",
  "graph_num_edges": 5,
  "graph_density": 0.8333333333333334,
  "best_cut_bruteforce": 4.0,
  "best_bitstring_bruteforce": "0101",
  "best_index_bruteforce": 5,
  "candidate_order": [
    1,
    2,
    3,
    4,
    5,
    6,
    7,
    8,
    9,
    10,
    11,
    12,
    13,
    14,
    15
  ],
  "total_possible_parameters": 15,
  "visited_parameters": 15,
  "trained_coefficients": {
    "0": 0.0,
    "1": -0.13902491974827555,
    "2": 0.1401646864096641,
    "3": 0.0,
    "4": -0.10144583225091197,
    "5": 0.0,
    "6": 0.0,
    "7": 0.12229688386352294,
    "8": 0.04916269772419897,
    "9": 0.0,
    "10": 0.0,
    "11": -0.07705974606798108,
    "12": 0.0,
    "13": 0.07806562543375031,
    "14": -0.10210816161493724,
    "15": 0.0
  },
  "final_coefficient_vector": [
    0.0,
    -0.13902491974827555,
    0.1401646864096641,
    0.0,
    -0.10144583225091197,
    0.0,
    0.0,
    0.12229688386352294,
    0.04916269772419897,
    0.0,
    0.0,
    -0.07705974606798108,
    0.0,
    0.07806562543375031,
    -0.10210816161493724,
    0.0
  ],
  "active_indices": [
    1,
    2,
    4,
    7,
    8,
    11,
    13,
    14
  ],
  "active_parameter_count": 8,
  "compression_ratio_active_over_total": 0.5333333333333333,
  "final_loss": -3.9120479336117353,
  "final_expected_cut": 3.9120479336117353,
  "best_expected_cut_over_evolution": 3.9120479336117353,
  "final_best_measured_index": 5,
  "final_best_measured_bitstring": "0101",
  "final_best_measured_cut": 4.0,
  "best_measured_cut_over_evolution": 4.0,
  "final_success_probability_ancilla_1": 0.012178736120409452,
  "final_max_postselected_probability": 0.45836813444021696,
  "gap_expected_to_bruteforce": 0.0879520663882647,
  "gap_measured_to_bruteforce": 0.0,
  "approx_ratio_measured": 1.0,
  "n_steps": 15,
  "elapsed_seconds": 23.42345666885376,
  "steps": [
    {
      "visit_idx": 1,
      "j": 1,
      "kept": true,
      "beta": -0.22498587230158879,
      "coefficient": -0.13902491974827555,
      "loss": -2.5,
      "expected_cut": 2.5,
      "best_measured_cut": 0.0,
      "success_probability_ancilla_1": 0.0027155283212333577,
      "epochs_run": 7,
      "stop_reason": "loss_plateau_last5",
      "history_path": "benchmark_results_walsh_article/unweighted/coarse_loader/n4/graph02_trainseed02/histories/history_visit001_j001.json",
      "improvement_vs_previous": 2.5
    },
    {
      "visit_idx": 2,
      "j": 2,
      "kept": true,
      "beta": 0.22689405667930618,
      "coefficient": 0.1401646864096641,
      "loss": -2.999983273175388,
      "expected_cut": 2.999983273175388,
      "best_measured_cut": 3.0,
      "success_probability_ancilla_1": 0.005460732582975876,
      "epochs_run": 7,
      "stop_reason": "loss_plateau_last5",
      "history_path": "benchmark_results_walsh_article/unweighted/coarse_loader/n4/graph02_trainseed02/histories/history_visit002_j002.json",
      "improvement_vs_previous": 0.49998327317538793
    },
    {
      "visit_idx": 3,
      "j": 3,
      "kept": false,
      "beta": 0.0025541589470664096,
      "coefficient": 0.0,
      "loss": -2.999983273175388,
      "expected_cut": 2.999983273175388,
      "best_measured_cut": 3.0,
      "success_probability_ancilla_1": 0.005460732582975876,
      "epochs_run": 29,
      "stop_reason": "loss_plateau_last5_and_discarded_near_zero",
      "history_path": "benchmark_results_walsh_article/unweighted/coarse_loader/n4/graph02_trainseed02/histories/history_visit003_j003.json",
      "improvement_vs_previous": 0.0
    },
    {
      "visit_idx": 4,
      "j": 4,
      "kept": true,
      "beta": -0.16288136555276345,
      "coefficient": -0.10144583225091197,
      "loss": -3.1828038991142398,
      "expected_cut": 3.1828038991142398,
      "best_measured_cut": 3.0,
      "success_probability_ancilla_1": 0.006891444571039637,
      "epochs_run": 48,
      "stop_reason": "loss_plateau_last5",
      "history_path": "benchmark_results_walsh_article/unweighted/coarse_loader/n4/graph02_trainseed02/histories/history_visit004_j004.json",
      "improvement_vs_previous": 0.18282062593885184
    },
    {
      "visit_idx": 5,
      "j": 5,
      "kept": false,
      "beta": -0.0010866159884770866,
      "coefficient": 0.0,
      "loss": -3.1828038991142398,
      "expected_cut": 3.1828038991142398,
      "best_measured_cut": 3.0,
      "success_probability_ancilla_1": 0.006891444571039637,
      "epochs_run": 30,
      "stop_reason": "loss_plateau_last5_and_discarded_near_zero",
      "history_path": "benchmark_results_walsh_article/unweighted/coarse_loader/n4/graph02_trainseed02/histories/history_visit005_j005.json",
      "improvement_vs_previous": 0.0
    },
    {
      "visit_idx": 6,
      "j": 6,
      "kept": false,
      "beta": 0.002545096229676973,
      "coefficient": 0.0,
      "loss": -3.1828038991142398,
      "expected_cut": 3.1828038991142398,
      "best_measured_cut": 3.0,
      "success_probability_ancilla_1": 0.006891444571039637,
      "epochs_run": 33,
      "stop_reason": "loss_plateau_last5_and_discarded_near_zero",
      "history_path": "benchmark_results_walsh_article/unweighted/coarse_loader/n4/graph02_trainseed02/histories/history_visit006_j006.json",
      "improvement_vs_previous": 0.0
    },
    {
      "visit_idx": 7,
      "j": 7,
      "kept": true,
      "beta": 0.19715698705956855,
      "coefficient": 0.12229688386352294,
      "loss": -3.482553857298508,
      "expected_cut": 3.482553857298508,
      "best_measured_cut": 3.0,
      "success_probability_ancilla_1": 0.008926246217579857,
      "epochs_run": 52,
      "stop_reason": "loss_plateau_last5",
      "history_path": "benchmark_results_walsh_article/unweighted/coarse_loader/n4/graph02_trainseed02/histories/history_visit007_j007.json",
      "improvement_vs_previous": 0.2997499581842682
    },
    {
      "visit_idx": 8,
      "j": 8,
      "kept": true,
      "beta": 0.07840513114998063,
      "coefficient": 0.04916269772419897,
      "loss": -3.5191584782566405,
      "expected_cut": 3.5191584782566405,
      "best_measured_cut": 4.0,
      "success_probability_ancilla_1": 0.009260027102942506,
      "epochs_run": 31,
      "stop_reason": "loss_plateau_last5",
      "history_path": "benchmark_results_walsh_article/unweighted/coarse_loader/n4/graph02_trainseed02/histories/history_visit008_j008.json",