{
  "0": 0.0,
  "1": -0.13902491974827555,
  "2": 0.1401646864096641,
  "3": 0.0,
  "4": -0.10144583225091197,
  "5": 0.0,
  "6": 0.0,
  "7": 0.12229688386352294,
  "8": 0.04916269772419897,
  "9": 0.0,
  "10": 0.0,
  "11": -0.07705974606798108,
  "12": 0.0,
  "13": 0.07806562543375031,
  "14": -0.10210816161493724,
  "15": 0.0
}