{
  "config": {
    "N_VERTICES": 4,
    "PROB_ARESTA": 0.55,
    "COM_PESO": false,
    "PESO_MIN": 1,
    "PESO_MAX": 1,
    "GRAPH_SEED": 105087,
    "GRAPH_EDGES": [
      [
        0,
        1,
        1.0
      ],
      [
        1,
        2,
        1.0
      ],
      [
        1,
        3,
        1.0
      ]
    ],
    "REVERSE_BITS": false,
    "ER": 1.25,
    "MAX_TERMS": null,
    "A_MAX": 1.0471975511965976,
    "INIT_BETA": 0.5,
    "MAX_EPOCHS": 200,
    "LR": 0.01,
    "FD_EPS": 0.01,
    "LOSS_TOL_LAST5": 0.0005,
    "PATIENCE_LAST5": 5,
    "TRAIN_SEED": 2,
    "INIT_BETA_JITTER": 0.08,
    "OPTIMIZER": "adam",
    "ADAM_BETA1": 0.9,
    "ADAM_BETA2": 0.999,
    "ADAM_EPS": 1e-08,
    "COEF_ZERO_TOL": 0.0005,
    "IMPROVEMENT_TOL": 0.0005,
    "SATURATION_PATIENCE": 150,
    "INDEX_STRATEGY": "ascending",
    "INDEX_RANDOM_SEED": 42,
    "ENABLE_BACKWARD_PRUNING": false,
    "BACKWARD_PASSES": 1,
    "PRUNE_IMPROVEMENT_TOL": 1e-06,
    "OUTDIR": "benchmark_results_walsh_article/unweighted/aggressive_loader/n4/graph09_trainseed02",
    "SHOW_PLOTS": false,
    "name": "aggressive_loader"
  },
  "n_qubits_register": 4,
  "graph_edges": [
    [
      0,
      1,
      1.0
    ],
    [
      1,
      2,
      1.0
    ],
    [
      1,
      3,
      1.0
    ]
  ],
  "graph_signature": "e05b7736fa85fadb9e519d205bc71874029e7ff2544024339aba6060afa201c5",
  "graph_num_edges": 3,
  "graph_density": 0.5,
  "best_cut_bruteforce": 3.0,
  "best_bitstring_bruteforce": "0100",
  "best_index_bruteforce": 4,
  "candidate_order": [
    1,
    2,
    3,
    4,
    5,
    6,
    7,
    8,
    9,
    10,
    11,
    12,
    13,
    14,
    15
  ],
  "total_possible_parameters": 15,
  "visited_parameters": 15,
  "trained_coefficients": {
    "0": 0.0,
    "1": -0.42725364073541877,
    "2": 0.4277341259957966,
    "3": 0.0015650587704073423,
    "4": -0.2686500425317233,
    "5": -0.0018590740681062702,
    "6": 0.001818627650457131,
    "7": 0.3448746390787636,
    "8": -0.12434003685080128,
    "9": 0.0005703688362719945,
    "10": -0.0022873124682216053,
    "11": 0.17463073455981853,
    "12": 0.0011479312398957513,
    "13": -0.155031438774423,
    "14": 0.16451320384255252,
    "15": -0.0008006248630336415
  },
  "final_coefficient_vector": [
    0.0,
    -0.42725364073541877,
    0.4277341259957966,
    0.0015650587704073423,
    -0.2686500425317233,
    -0.0018590740681062702,
    0.001818627650457131,
    0.3448746390787636,
    -0.12434003685080128,
    0.0005703688362719945,
    -0.0022873124682216053,
    0.17463073455981853,
    0.0011479312398957513,
    -0.155031438774423,
    0.16451320384255252,
    -0.0008006248630336415
  ],
  "active_indices": [
    1,
    2,
    3,
    4,
    5,
    6,
    7,
    8,
    9,
    10,
    11,
    12,
    13,
    14,
    15
  ],
  "active_parameter_count": 15,
  "compression_ratio_active_over_total": 1.0,
  "final_loss": -2.71345907290788,
  "final_expected_cut": 2.71345907290788,
  "best_expected_cut_over_evolution": 2.7134593447837667,
  "final_best_measured_index": 4,
  "final_best_measured_bitstring": "0100",
  "final_best_measured_cut": 3.0,
  "best_measured_cut_over_evolution": 3.0,
  "final_success_probability_ancilla_1": 0.1557553243120967,
  "final_max_postselected_probability": 0.3735147716424855,
  "gap_expected_to_bruteforce": 0.28654092709212,
  "gap_measured_to_bruteforce": 0.0,
  "approx_ratio_measured": 1.0,
  "n_steps": 15,
  "elapsed_seconds": 28.227301836013794,
  "steps": [
    {
      "visit_idx": 1,
      "j": 1,
      "kept": true,
      "beta": -0.43320605966120274,
      "coefficient": -0.42725364073541877,
      "loss": -1.5,
      "expected_cut": 1.5,
      "best_measured_cut": 0.0,
      "success_probability_ancilla_1": 0.06962804472574387,
      "epochs_run": 5,
      "stop_reason": "loss_plateau_last5",
      "history_path": "benchmark_results_walsh_article/unweighted/aggressive_loader/n4/graph09_trainseed02/histories/history_visit001_j001.json",
      "improvement_vs_previous": 1.5
    },
    {
      "visit_idx": 2,
      "j": 2,
      "kept": true,
      "beta": 0.4337566435255681,
      "coefficient": 0.4277341259957966,
      "loss": -1.999999652321129,
      "expected_cut": 1.999999652321129,
      "best_measured_cut": 3.0,
      "success_probability_ancilla_1": 0.1296916053862327,
      "epochs_run": 8,
      "stop_reason": "loss_plateau_last5",
      "history_path": "benchmark_results_walsh_article/unweighted/aggressive_loader/n4/graph09_trainseed02/histories/history_visit002_j002.json",
      "improvement_vs_previous": 0.499999652321129
    },
    {
      "visit_idx": 3,
      "j": 3,
      "kept": true,
      "beta": 0.0014945221499567123,
      "coefficient": 0.0015650587704073423,
      "loss": -1.9999959635928883,
      "expected_cut": 1.9999959635928883,
      "best_measured_cut": 3.0,
      "success_probability_ancilla_1": 0.12969231400842687,
      "epochs_run": 54,
      "stop_reason": "loss_plateau_last5",
      "history_path": "benchmark_results_walsh_article/unweighted/aggressive_loader/n4/graph09_trainseed02/histories/history_visit003_j003.json",
      "improvement_vs_previous": -3.688728240636152e-06
    },
    {
      "visit_idx": 4,
      "j": 4,
      "kept": true,
      "beta": -0.26240313981381885,
      "coefficient": -0.2686500425317233,
      "loss": -2.1474200320045806,
      "expected_cut": 2.1474200320045806,
      "best_measured_cut": 3.0,
      "success_probability_ancilla_1": 0.15037664394814815,
      "epochs_run": 89,
      "stop_reason": "loss_plateau_last5",
      "history_path": "benchmark_results_walsh_article/unweighted/aggressive_loader/n4/graph09_trainseed02/histories/history_visit004_j004.json",
      "improvement_vs_previous": 0.1474240684116923
    },
    {
      "visit_idx": 5,
      "j": 5,
      "kept": true,
      "beta": -0.0017752868300997117,
      "coefficient": -0.0018590740681062702,
      "loss": -2.1474198280429126,
      "expected_cut": 2.1474198280429126,
      "best_measured_cut": 3.0,
      "success_probability_ancilla_1": 0.15037725943575359,
      "epochs_run": 56,
      "stop_reason": "loss_plateau_last5",
      "history_path": "benchmark_results_walsh_article/unweighted/aggressive_loader/n4/graph09_trainseed02/histories/history_visit005_j005.json",
      "improvement_vs_previous": -2.039616679994083e-07
    },
    {
      "visit_idx": 6,
      "j": 6,
      "kept": true,
      "beta": 0.0017366632272059535,
      "coefficient": 0.001818627650457131,
      "loss": -2.147420426745402,
      "expected_cut": 2.147420426745402,
      "best_measured_cut": 3.0,
      "success_probability_ancilla_1": 0.15037719502362346,
      "epochs_run": 63,
      "stop_reason": "loss_plateau_last5",
      "history_path": "benchmark_results_walsh_article/unweighted/aggressive_loader/n4/graph09_trainseed02/histories/history_visit006_j006.json",
      "improvement_vs_previous": 5.98702489362779e-07
    },
    {
      "visit_idx": 7,
      "j": 7,
      "kept": true,
      "beta": 0.34207770667219417,
      "coefficient": 0.3448746390787636,
      "loss": -2.4552600045550914,
      "expected_cut": 2.4552600045550914,
      "best_measured_cut": 3.0,
      "success_probability_ancilla_1": 0.16450474281711536,
      "epochs_run": 96,
      "stop_reason": "loss_plateau_last5",
      "history_path": "benchmark_results_walsh_article/unweighted/aggressive_loader/n4/graph09_trainseed02/histories/history_visit007_j007.json",
      "improvement_vs_previous": 0.3078395778096894
    },
    {
      "visit_idx": 8,
      "j": 8,
      "kept": true,
      "beta": -0.1192987462855479,
      "coefficient": -0.12434003685080128,
      "loss": -2.4936325357276936,
      "expected_cut": 2.4936325357276936,
      "best_measured_cut": 3.0,
      "success_probability_ancilla_1": 0.16854886207226646,
      "epochs_run": 74,
      "stop_reason": "loss_plateau_last5",