{
  "0": 0.0,
  "1": -0.42725364073541877,
  "2": 0.4277341259957966,
  "3": 0.0015650587704073423,
  "4": -0.2686500425317233,
  "5": -0.0018590740681062702,
  "6": 0.001818627650457131,
  "7": 0.3448746390787636,
  "8": -0.12434003685080128,
  "9": 0.0005703688362719945,
  "10": -0.0022873124682216053,
  "11": 0.17463073455981853,
  "12": 0.0011479312398957513,
  "13": -0.155031438774423,
  "14": 0.16451320384255252,
  "15": -0.0008006248630336415
}