epoch,beta,coefficient,loss,expected_cut,best_measured_cut,success_probability_ancilla_1,max_postselected_probability,grad
0,-0.2249547104848013,-0.13900629865260614,-2.499999999990792,2.499999999990792,0.0,0.0027148015893549374,0.062499999999769795,7.909871931579617e-11
1,-0.22495824574977516,-0.13900841120304308,-2.4999999999907905,2.4999999999907905,0.0,0.0027148840317067044,0.06249999999976977,7.90986096938791e-11
2,-0.2249625740610604,-0.13901099764565958,-2.4999999999907914,2.4999999999907914,0.0,0.002714984969416528,0.06249999999976978,7.90956631920233e-11
3,-0.22496757025759095,-0.13901398318623578,-2.499999999990793,2.499999999990793,0.0,0.002715101484526575,0.06249999999976984,7.909081762289485e-11
4,-0.2249731541873242,-0.13901731992642752,-2.499999999990792,2.499999999990792,0.0,0.002715231708668407,0.062499999999769795,7.908031567087289e-11
5,-0.22497926913326366,-0.1390209739718843,-2.499999999990793,2.499999999990793,0.0,0.002715374319967963,0.06249999999976984,7.908645330710693e-11
6,-0.22498587183948637,-0.13902491947214293,-2.499999999990794,2.499999999990794,0.0,0.0027155283104559175,0.06249999999976985,7.907709204396822e-11
