{
  "config": {
    "N_VERTICES": 4,
    "PROB_ARESTA": 0.85,
    "COM_PESO": false,
    "PESO_MIN": 1,
    "PESO_MAX": 1,
    "GRAPH_SEED": 104271,
    "GRAPH_EDGES": [
      [
        0,
        1,
        1.0
      ],
      [
        0,
        2,
        1.0
      ],
      [
        0,
        3,
        1.0
      ],
      [
        1,
        3,
        1.0
      ],
      [
        2,
        3,
        1.0
      ]
    ],
    "REVERSE_BITS": false,
    "ER": 1.0,
    "MAX_TERMS": null,
    "A_MAX": 0.7853981633974483,
    "INIT_BETA": 0.35,
    "MAX_EPOCHS": 200,
    "LR": 0.01,
    "FD_EPS": 0.01,
    "LOSS_TOL_LAST5": 0.001,
    "PATIENCE_LAST5": 5,
    "TRAIN_SEED": 7,
    "INIT_BETA_JITTER": 0.05,
    "OPTIMIZER": "adam",
    "ADAM_BETA1": 0.9,
    "ADAM_BETA2": 0.999,
    "ADAM_EPS": 1e-08,
    "COEF_ZERO_TOL": 0.005,
    "IMPROVEMENT_TOL": 0.003,
    "SATURATION_PATIENCE": 40,
    "INDEX_STRATEGY": "ascending",
    "INDEX_RANDOM_SEED": 42,
    "ENABLE_BACKWARD_PRUNING": false,
    "BACKWARD_PASSES": 1,
    "PRUNE_IMPROVEMENT_TOL": 1e-06,
    "OUTDIR": "benchmark_results_walsh_article/unweighted/sparse_threshold/n4/graph01_trainseed07",
    "SHOW_PLOTS": false,
    "name": "sparse_threshold"
  },
  "n_qubits_register": 4,
  "graph_edges": [
    [
      0,
      1,
      1.0
    ],
    [
      0,
      2,
      1.0
    ],
    [
      0,
      3,
      1.0
    ],
    [
      1,
      3,
      1.0
    ],
    [
      2,
      3,
      1.0
    ]
  ],
  "graph_signature": "36d4961c72903175cef8219a78618293792cc3cd1b729b430a90aa47da048173",
  "graph_num_edges": 5,
  "graph_density": 0.8333333333333334,
  "best_cut_bruteforce": 4.0,
  "best_bitstring_bruteforce": "0110",
  "best_index_bruteforce": 6,
  "candidate_order": [
    1,
    2,
    3,
    4,
    5,
    6,
    7,
    8,
    9,
    10,
    11,
    12,
    13,
    14,
    15
  ],
  "total_possible_parameters": 15,
  "visited_parameters": 15,
  "trained_coefficients": {
    "0": 0.0,
    "1": -0.24005660502482176,
    "2": 0.23964045962253241,
    "3": 0.0,
    "4": 0.17318124770934348,
    "5": 0.0,
    "6": 0.0,
    "7": -0.20829930752229547,
    "8": -0.07350021479843596,
    "9": 0.0,
    "10": 0.0,
    "11": 0.11591683705203536,
    "12": 0.0,
    "13": 0.13262935241186716,
    "14": -0.15671800719116988,
    "15": 0.0
  },
  "final_coefficient_vector": [
    0.0,
    -0.24005660502482176,
    0.23964045962253241,
    0.0,
    0.17318124770934348,
    0.0,
    0.0,
    -0.20829930752229547,
    -0.07350021479843596,
    0.0,
    0.0,
    0.11591683705203536,
    0.0,
    0.13262935241186716,
    -0.15671800719116988,
    0.0
  ],
  "active_indices": [
    1,
    2,
    4,
    7,
    8,
    11,
    13,
    14
  ],
  "active_parameter_count": 8,
  "compression_ratio_active_over_total": 0.5333333333333333,
  "final_loss": -3.879816599707487,
  "final_expected_cut": 3.879816599707487,
  "best_expected_cut_over_evolution": 3.879816599707487,
  "final_best_measured_index": 6,
  "final_best_measured_bitstring": "0110",
  "final_best_measured_cut": 4.0,
  "best_measured_cut_over_evolution": 4.0,
  "final_success_probability_ancilla_1": 0.05438833388348788,
  "final_max_postselected_probability": 0.44310442257839655,
  "gap_expected_to_bruteforce": 0.12018340029251284,
  "gap_measured_to_bruteforce": 0.0,
  "approx_ratio_measured": 1.0,
  "n_steps": 15,
  "elapsed_seconds": 7.925204277038574,
  "steps": [
    {
      "visit_idx": 1,
      "j": 1,
      "kept": true,
      "beta": -0.315739579357744,
      "coefficient": -0.24005660502482176,
      "loss": -2.5,
      "expected_cut": 2.5,
      "best_measured_cut": 0.0,
      "success_probability_ancilla_1": 0.014337740933589142,
      "epochs_run": 5,
      "stop_reason": "loss_plateau_last5",
      "history_path": "benchmark_results_walsh_article/unweighted/sparse_threshold/n4/graph01_trainseed07/histories/history_visit001_j001.json",
      "improvement_vs_previous": 2.5
    },
    {
      "visit_idx": 2,
      "j": 2,
      "kept": true,
      "beta": 0.3151552302930328,
      "coefficient": 0.23964045962253241,
      "loss": -2.9999992328157106,
      "expected_cut": 2.9999992328157106,
      "best_measured_cut": 2.0,
      "success_probability_ancilla_1": 0.02821632881841256,
      "epochs_run": 5,
      "stop_reason": "loss_plateau_last5",
      "history_path": "benchmark_results_walsh_article/unweighted/sparse_threshold/n4/graph01_trainseed07/histories/history_visit002_j002.json",
      "improvement_vs_previous": 0.49999923281571057
    },
    {
      "visit_idx": 3,
      "j": 3,
      "kept": false,
      "beta": -0.0024374367168455233,
      "coefficient": 0.0,
      "loss": -2.9999992328157106,
      "expected_cut": 2.9999992328157106,
      "best_measured_cut": 2.0,
      "success_probability_ancilla_1": 0.02821632881841256,
      "epochs_run": 36,
      "stop_reason": "loss_plateau_last5_and_discarded_near_zero",
      "history_path": "benchmark_results_walsh_article/unweighted/sparse_threshold/n4/graph01_trainseed07/histories/history_visit003_j003.json",
      "improvement_vs_previous": 0.0
    },
    {
      "visit_idx": 4,
      "j": 4,
      "kept": true,
      "beta": 0.22418287564790637,
      "coefficient": 0.17318124770934348,
      "loss": -3.17605552610284,
      "expected_cut": 3.17605552610284,
      "best_measured_cut": 4.0,
      "success_probability_ancilla_1": 0.03527347201057794,
      "epochs_run": 18,
      "stop_reason": "loss_plateau_last5",
      "history_path": "benchmark_results_walsh_article/unweighted/sparse_threshold/n4/graph01_trainseed07/histories/history_visit004_j004.json",
      "improvement_vs_previous": 0.17605629328712924
    },
    {
      "visit_idx": 5,
      "j": 5,
      "kept": false,
      "beta": -0.0015574900579051944,
      "coefficient": 0.0,
      "loss": -3.17605552610284,
      "expected_cut": 3.17605552610284,
      "best_measured_cut": 4.0,
      "success_probability_ancilla_1": 0.03527347201057794,
      "epochs_run": 42,
      "stop_reason": "loss_plateau_last5_and_discarded_near_zero",
      "history_path": "benchmark_results_walsh_article/unweighted/sparse_threshold/n4/graph01_trainseed07/histories/history_visit005_j005.json",
      "improvement_vs_previous": 0.0
    },
    {
      "visit_idx": 6,
      "j": 6,
      "kept": false,
      "beta": 0.0016141225249702547,
      "coefficient": 0.0,
      "loss": -3.17605552610284,
      "expected_cut": 3.17605552610284,
      "best_measured_cut": 4.0,
      "success_probability_ancilla_1": 0.03527347201057794,
      "epochs_run": 42,
      "stop_reason": "loss_plateau_last5_and_discarded_near_zero",
      "history_path": "benchmark_results_walsh_article/unweighted/sparse_threshold/n4/graph01_trainseed07/histories/history_visit006_j006.json",
      "improvement_vs_previous": 0.0
    },
    {
      "visit_idx": 7,
      "j": 7,
      "kept": true,
      "beta": -0.2717096129732008,
      "coefficient": -0.20829930752229547,
      "loss": -3.4811458108649638,
      "expected_cut": 3.4811458108649638,
      "best_measured_cut": 4.0,
      "success_probability_ancilla_1": 0.04431351553462652,
      "epochs_run": 10,
      "stop_reason": "loss_plateau_last5",
      "history_path": "benchmark_results_walsh_article/unweighted/sparse_threshold/n4/graph01_trainseed07/histories/history_visit007_j007.json",
      "improvement_vs_previous": 0.30509028476212396
    },
    {
      "visit_idx": 8,
      "j": 8,
      "kept": true,
      "beta": -0.09385802100833897,
      "coefficient": -0.07350021479843596,
      "loss": -3.511385912994739,
      "expected_cut": 3.511385912994739,
      "best_measured_cut": 4.0,
      "success_probability_ancilla_1": 0.0455438348569638,
      "epochs_run": 51,
      "stop_reason": "loss_plateau_last5",
      "history_path": "benchmark_results_walsh_article/unweighted/sparse_threshold/n4/graph01_trainseed07/histories/history_visit008_j008.json",