epoch,beta,coefficient,loss,expected_cut,best_measured_cut,success_probability_ancilla_1,max_postselected_probability,grad
0,0.3190720703472781,0.2424269986149477,-3.5104136432760606,3.5104136432760606,1.0,0.06724312545270049,0.06006351606310884,-0.0190699076688712
1,0.32905593916328024,0.2494991948882511,-3.5105902966803426,3.5105902966803426,1.0,0.06801078456702922,0.06009827868728304,-0.01814633467051592
2,0.3390125592060588,0.2565075559235148,-3.510757614160341,3.510757614160341,1.0,0.06879282934442613,0.06011600261544132,-0.01724499931670746
3,0.348930329504965,0.2634434076102236,-3.5109157106063646,3.5109157106063646,1.0,0.06958763513883139,0.06011768703238711,-0.016368033636896904
4,0.35879740911623936,0.27029817074243173,-3.511064741185396,3.511064741185396,1.0,0.07039349249436576,0.06010437665700792,-0.01551728430745887
