{
  "0": 0.0,
  "1": -0.16996886909565506,
  "2": 0.17106193554782195,
  "3": -0.14622596708454233,
  "4": 0.12577305005152437,
  "5": 0.2511315069544555,
  "6": 0.2125966619296627,
  "7": -0.016610699885983297,
  "8": -0.13696141981349844,
  "9": -0.13136884318694067,
  "10": -0.0636618654487141,
  "11": 0.007946344351758073,
  "12": -0.2008776999500008,
  "13": 0.13163175601175367,
  "14": -0.10267443465303196,
  "15": -0.09004032164919801,
  "16": 0.016025908490194415,
  "17": 0.017325814830034408,
  "18": 0.00906161072260368,
  "19": 0.0,
  "20": -0.15651660785860863,
  "21": -0.049033098470560504,
  "22": -0.09790869755568318,
  "23": -0.1397122860868171,
  "24": 0.25112944088587,
  "25": 0.07241527198417466,
  "26": 0.0600922500698329,
  "27": 0.19190148842265103,
  "28": -0.005902857326242458,
  "29": -0.002884942956571398,
  "30": -0.004380114649215866,
  "31": -0.008526395833922333,
  "32": 0.043854600411517126,
  "33": 0.08603273497355163,
  "34": 0.06899822187066572,
  "35": -0.01844227105781859,
  "36": -0.11728674672016845,
  "37": -0.07164376326777838,
  "38": 0.01211450696450495,
  "39": -0.16048825714867956,
  "40": 0.029415525002251593,
  "41": 0.08418023177465256,
  "42": -0.04773329571622057,
  "43": 0.0824471618848863,
  "44": -0.04375337133326951,
  "45": 0.04592373396504668,
  "46": 0.06807095619954479,
  "47": 0.019178500685698686,
  "48": -0.08814070737579549,
  "49": -0.02497920711249267,
  "50": -0.004712924487021148,
  "51": -0.08109399385577368,
  "52": 0.05024896384275313,
  "53": 0.14072594802292407,
  "54": 0.15097265633536247,
  "55": 0.03909342229844642,
  "56": -0.02944477251702666,
  "57": -0.16285831461308142,
  "58": -0.13634803132581114,
  "59": -0.022285766119710487,
  "60": 0.03843492356886772,
  "61": -0.006298614898126828,
  "62": 0.02022407626102662,
  "63": 0.023234993934295595
}