{
  "0": 0.0,
  "1": -0.275190311860844,
  "2": 0.273743864836739,
  "3": 0.0,
  "4": 0.19607627506787506,
  "5": 0.0,
  "6": 0.0,
  "7": -0.24144840014094276,
  "8": 0.041426058049769995,
  "9": 0.0,
  "10": 0.0,
  "11": -0.035721251804284045,
  "12": 0.0,
  "13": 0.018035677315880617,
  "14": -0.008304191193371899,
  "15": 0.0
}