{
  "0": 0.0,
  "1": -0.5080931170506428,
  "2": 0.5137680945208615,
  "3": -0.42908078164798097,
  "4": -0.6488364736958587,
  "5": 0.39700870992198456,
  "6": 0.11749687762516228,
  "7": 0.4671936238763409,
  "8": 0.14499355396871813,
  "9": 0.015704603520342766,
  "10": -0.0958633414416546,
  "11": 0.0229247854561,
  "12": -0.0060684095807743066,
  "13": 0.0016813062531691402,
  "14": 0.0036786755624460513,
  "15": -0.0010524834407931736
}