epoch,beta,coefficient,loss,expected_cut,best_measured_cut,success_probability_ancilla_1,max_postselected_probability,grad
0,-0.3157385554331457,-0.24005587596471523,-2.4999999999982556,2.4999999999982556,0.0,0.014337654263924466,0.062499999999956396,1.0294914784040974e-11
1,-0.31573901563882906,-0.2400562036428108,-2.499999999998257,2.499999999998257,0.0,0.014337693217814723,0.062499999999956424,1.0292339227157466e-11
2,-0.31573957908456973,-0.24005660483031488,-2.499999999998257,2.499999999998257,0.0,0.014337740910466404,0.062499999999956424,1.0291475601843048e-11
3,-0.3157402295416603,-0.2400570679719114,-2.499999999998257,2.499999999998257,0.0,0.014337795968237674,0.06249999999995644,1.0293566884064118e-11
4,-0.31574095666238794,-0.24005758569970273,-2.4999999999982565,2.4999999999982565,0.0,0.014337857515279967,0.06249999999995641,1.0297358845821917e-11
