epoch,beta,coefficient,loss,expected_cut,best_measured_cut,success_probability_ancilla_1,max_postselected_probability,grad
0,-0.38972803458158334,-0.2914814785931058,-5.993387121113379,5.993387121113379,3.0,0.17404059859497034,0.05947103256094636,-0.06597678574453679
1,-0.37976082492884417,-0.28470662969433463,-5.993960447780053,5.993960447780053,3.0,0.17352801833036216,0.05935789706339177,-0.060393750103480734
2,-0.36985553667902926,-0.27792519237704755,-5.994472073739604,5.994472073739604,3.0,0.1730299460058028,0.05923818126984424,-0.05461293933459673
3,-0.36004831456350606,-0.2711638918524322,-5.994919476447056,5.994919476447056,3.0,0.17254832233231074,0.05911235720119006,-0.048655458958671696
4,-0.35038360741780683,-0.2644558949103032,-5.995300825556122,5.995300825556122,3.0,0.17208528844681237,0.05898113165403783,-0.04254977919365799
5,-0.3409155298495426,-0.2578418947672337,-5.995615249363699,5.995615249363699,3.0,0.17164318930472364,0.05884549848390871,-0.0363332036014226
6,-0.33170905377417725,-0.25137108104691636,-5.995863143273134,5.995863143273134,3.0,0.1712245618659948,0.05870679149800767,-0.03005339618731803
7,-0.3228407018174238,-0.2451017464565106,-5.996046499231194,5.996046499231194,3.0,0.17083209886412654,0.05856672957097328,-0.02376978580120615
8,-0.3143982652433217,-0.23910116475578982,-5.996169212108141,5.996169212108141,3.0,0.17046857742840496,0.05842744051251898,-0.017554534649622144
