epoch,beta,coefficient,loss,expected_cut,best_measured_cut,success_probability_ancilla_1,max_postselected_probability,grad
0,-0.4905251258543755,-0.4760906889584496,-2.8933319970972007,2.8933319970972007,3.0,0.4508853192669991,0.13837194196903047,0.034917372791039
1,-0.5004537905732984,-0.4843016036181663,-2.893603833990939,2.893603833990939,3.0,0.451138249227371,0.13835036042261617,0.029843841293560873
2,-0.510247265596016,-0.49232718839248013,-2.8938248534649462,2.8938248534649462,3.0,0.45139044467373474,0.13832073634198935,0.024935703026624165
3,-0.5198268717470189,-0.5001063439475499,-2.8939969706870015,2.8939969706870015,3.0,0.45163956563890406,0.1382839911733076,0.020221459555468682
4,-0.5290980129026845,-0.5075675478650254,-2.894123145149046,2.894123145149046,3.0,0.4518828009385066,0.1382413369636246,0.015732906099419578
5,-0.5379505409890982,-0.5146295657144292,-2.8942075186661356,2.8942075186661356,3.0,0.4521168786063514,0.13819429569938552,0.011504893288875379
6,-0.5462616518170172,-0.5212039987258117,-2.894255468203976,2.894255468203976,3.0,0.45233814890666624,0.13814468606044839,0.007574510863376157
