epoch,beta,coefficient,loss,expected_cut,best_measured_cut,success_probability_ancilla_1,max_postselected_probability,grad
0,-0.5138195334895288,-0.49523631746955377,-2.49999999999973,2.49999999999973,0.0,0.09278362812497594,0.062499999999993255,8.586789015691114e-13
1,-0.513819571801419,-0.4952363486168306,-2.49999999999973,2.49999999999973,0.0,0.09278363942088598,0.06249999999999324,8.552941298594623e-13
2,-0.5138196187412313,-0.49523638677854126,-2.49999999999973,2.49999999999973,0.0,0.09278365326066007,0.062499999999993255,8.583474580327292e-13
3,-0.5138196729151409,-0.49523643082151597,-2.49999999999973,2.49999999999973,0.0,0.09278366923334196,0.062499999999993255,8.566744717261269e-13
4,-0.5138197334724535,-0.4952364800541459,-2.499999999999731,2.499999999999731,0.0,0.09278368708811224,0.06249999999999327,8.574564602945879e-13
