{
  "0": 0.0,
  "1": -0.1595295441300518,
  "2": 0.14541362333845678,
  "3": -0.14337608127521267,
  "4": 0.19903081255796096,
  "5": 0.24702173072935463,
  "6": 0.21298958240084678,
  "7": 0.0,
  "8": -0.04297448673856284,
  "9": -0.24735049563898573,
  "10": -0.04885886306921738,
  "11": -0.13717933506417446,
  "12": 0.04215966818683702,
  "13": 0.092369856817152,
  "14": 0.025379714853531583,
  "15": 0.1426855800743169,
  "16": -0.00394975405539748,
  "17": -0.021145508058362357,
  "18": -0.023143680489256666,
  "19": -0.02723043359437388,
  "20": -0.13908639435529646,
  "21": -0.06382466904565917,
  "22": -0.06709564971277475,
  "23": -0.10355885238178403,
  "24": 0.20876791094898106,
  "25": 0.0717245035269342,
  "26": 0.023647488724471033,
  "27": 0.06860644470894062,
  "28": -0.11183824994159082,
  "29": -0.0657020341413865,
  "30": -0.17669481082890234,
  "31": 0.0622864287752677,
  "32": -0.11174112010118246,
  "33": 0.058045022439688,
  "34": -0.05089752973000696,
  "35": 0.1186798379662378,
  "36": -0.04708395205032949,
  "37": 0.04639753044231304,
  "38": -0.11336644852622105,
  "39": -0.05632595387221547,
  "40": -0.07049830485962481,
  "41": 0.06298883962688137,
  "42": -0.04836249217801608,
  "43": 0.09234482053285477,
  "44": -0.005560855217593406,
  "45": -0.036799391789398006,
  "46": 0.021818304425409496,
  "47": -0.00759469196655652,
  "48": 0.019343484662692832,
  "49": 0.05500332034443647,
  "50": -0.006642359500202695,
  "51": 0.06609651744103155,
  "52": 0.0,
  "53": -0.035237319131263135,
  "54": 0.04107718649693497,
  "55": 0.0,
  "56": 0.05848229006389791,
  "57": 0.09805085342759683,
  "58": -0.03428085727064983,
  "59": -0.017806153251785497,
  "60": 0.05151303075619364,
  "61": -0.1203898515549478,
  "62": 0.08073333773309578,
  "63": -0.08440492041166617
}