{
  "0": 0.0,
  "1": -0.23926231384273353,
  "2": 0.2320637555401181,
  "3": -0.2761222015536749,
  "4": 0.302609102894562,
  "5": 0.3955028250745382,
  "6": 0.33021667997606197,
  "7": -0.06301546113203271,
  "8": -0.26079433153476456,
  "9": -0.1747348208382169,
  "10": -0.032514397889387196,
  "11": 0.03436026121008459,
  "12": -0.3165437578021113,
  "13": 0.1359929354547673,
  "14": -0.15574082724196947,
  "15": -0.13337570720202518
}