{
  "0": 0.0,
  "1": -0.14171589152602113,
  "2": 0.14435923136450454,
  "3": -0.14033191163223652,
  "4": 0.11961866202594655,
  "5": 0.23319977489798258,
  "6": 0.1937534596776858,
  "7": -0.012068739963521759,
  "8": -0.12822980044222684,
  "9": -0.10916274312466714,
  "10": -0.04972311848674791,
  "11": 0.006642847951446838,
  "12": -0.19322760983720624,
  "13": 0.10733487582417069,
  "14": -0.08774728029321582,
  "15": -0.08710735279970716,
  "16": -0.06675747839017317,
  "17": -0.1467142178769434,
  "18": -0.09751387629779103,
  "19": 0.006767497339799503,
  "20": 0.13939022035623444,
  "21": 0.09528861462557506,
  "22": -0.038419492358219315,
  "23": 0.15961015378060767,
  "24": 0.1264389383244801,
  "25": -0.06871738773709185,
  "26": 0.08308919310196132,
  "27": 0.05630346472454023,
  "28": 0.05626864429119279,
  "29": -0.08636968869311375,
  "30": -0.11318555238177602,
  "31": -0.03603088075778118,
  "32": 0.0,
  "33": 0.03497743445183268,
  "34": 0.04017841185701501,
  "35": -0.004034981467022212,
  "36": -0.14724026428248513,
  "37": -0.03173926869821279,
  "38": -0.030055347859510185,
  "39": -0.15273522552358282,
  "40": 0.09966667545807675,
  "41": 0.049559695093617614,
  "42": 0.054531624486252615,
  "43": 0.0846975792015321,
  "44": -0.01770003136219969,
  "45": 0.09196341483540194,
  "46": 0.09671027662836346,
  "47": -0.018605765283766014,
  "48": 0.09651049253493707,
  "49": 0.021466856159795027,
  "50": 0.024246375049610108,
  "51": 0.08267884009737277,
  "52": -0.027293599333157018,
  "53": -0.1314541181491895,
  "54": -0.11267564684512625,
  "55": -0.027482311188106567,
  "56": 0.0,
  "57": -0.0644752004500227,
  "58": -0.06174378497413118,
  "59": 0.0,
  "60": 0.07973607088116477,
  "61": -0.008571004247112891,
  "62": -0.008600758476305353,
  "63": 0.07763684125237062
}