epoch,beta,coefficient,loss,expected_cut,best_measured_cut,success_probability_ancilla_1,max_postselected_probability,grad
0,0.32813303085958195,0.24884730222332538,-7.578036957904798,7.578036957904798,5.0,0.09958990133207324,0.02327009471847174,0.03479054066659712
1,0.3185481974220941,0.24205469069342628,-7.578173183404171,7.578173183404171,5.0,0.09890799587523522,0.023298664247578368,0.021037042732253906
2,0.31012630452805184,0.23605298625994212,-7.578182214337499,7.578182214337499,5.0,0.09832088743254495,0.023320446780750303,0.007297533759061989
3,0.3040121154445812,0.23167670438111468,-7.578121812069689,7.578121812069689,5.0,0.09790190402323481,0.023334241714733875,-0.005222397341429362
4,0.3009402348612962,0.22947199642654262,-7.578069721651207,7.578069721651207,5.0,0.09769374275073422,0.023340514688511914,-0.014571999849249437
