epoch,beta,coefficient,loss,expected_cut,best_measured_cut,success_probability_ancilla_1,max_postselected_probability,grad
0,0.3232142455314816,0.24536652388044147,-6.999999999997575,6.999999999997575,4.0,0.028884322905034045,0.0078115473581289825,-7.002335448093318e-12
1,0.3232145589987106,0.2453667460481613,-6.999999999997579,6.999999999997579,4.0,0.02888434911485714,0.0078115472792487095,-7.019392965242674e-12
2,0.3232149427485371,0.24536701802812444,-6.999999999997575,6.999999999997575,4.0,0.028884381201218598,0.0078115471826783285,-7.007903177157075e-12
3,0.3232153858411266,0.24536733206676797,-6.99999999999758,6.99999999999758,4.0,0.028884418249422783,0.007811547071168466,-7.014943925339421e-12
4,0.32321588109193267,0.2453676830720647,-6.999999999997577,6.999999999997577,4.0,0.02888445965876343,0.007811546946524805,-7.010584620152876e-12
