epoch,beta,coefficient,loss,expected_cut,best_measured_cut,success_probability_ancilla_1,max_postselected_probability,grad
0,-0.31573914187840396,-0.24005629352856744,-6.999999999995115,6.999999999995115,0.0,0.014337703903310434,0.0039062499999972747,2.8842237409595085e-11
1,-0.315740430678073,-0.2400572111859933,-6.999999999995115,6.999999999995115,0.0,0.014337812993393657,0.0039062499999972747,2.8817769598828827e-11
2,-0.3157420081844978,-0.2400583344088274,-6.999999999995117,6.999999999995117,0.0,0.014337946521418206,0.0039062499999972756,2.880439700592554e-11
3,-0.3157438294895904,-0.24005963122087867,-6.999999999995117,6.999999999995117,0.0,0.01433810068638186,0.0039062499999972756,2.8834150143380405e-11
4,-0.3157458649563928,-0.24006108051939454,-6.999999999995115,6.999999999995115,0.0,0.014338272979896647,0.0039062499999972747,2.8809045572406418e-11
