epoch,beta,coefficient,loss,expected_cut,best_measured_cut,success_probability_ancilla_1,max_postselected_probability,grad
0,-0.3119528320652963,-0.23735723501248873,-6.999999999998341,6.999999999998341,1.0,0.04209319215107719,0.011601498509318402,3.1223545999278145e-12
1,-0.3119529716315007,-0.23735733461611316,-6.9999999999983356,6.9999999999983356,1.0,0.04209320318473664,0.01160149852535737,3.1209574615137206e-12
2,-0.3119531424536757,-0.2373574565260428,-6.9999999999983356,6.9999999999983356,1.0,0.04209321668939842,0.011601498544987054,3.118275204456269e-12
3,-0.3119533396549691,-0.23735759726182917,-6.999999999998339,6.999999999998339,1.0,0.04209323227951676,0.011601498567646326,3.1205299299481114e-12
4,-0.3119535601001356,-0.2373577545859492,-6.999999999998334,6.999999999998334,1.0,0.042093249707231654,0.011601498592974246,3.121762400042259e-12
