epoch,beta,coefficient,loss,expected_cut,best_measured_cut,success_probability_ancilla_1,max_postselected_probability,grad
0,0.36058113851076934,0.2715324193973909,-0.999999999999734,0.999999999999734,0.0,0.037565240677634455,0.124939077755889,-6.30107268353114e-13
1,0.3605811666867395,0.2715324388817052,-0.9999999999997333,0.9999999999997333,0.0,0.037565243186158725,0.12493907795611772,-6.302705192138823e-13
2,0.3605812012073035,0.2715324627534476,-0.999999999999734,0.999999999999734,0.0,0.03756524625954634,0.12493907820143316,-6.312247069082062e-13
3,0.3605812410670166,0.27153249031733034,-0.9999999999997333,0.9999999999997333,0.0,0.037565249808282006,0.12493907848468964,-6.310517962685855e-13
4,0.3605812856368499,0.2715325211383656,-0.9999999999997339,0.9999999999997339,0.0,0.03756525377636297,0.1249390788014172,-6.316680199792825e-13
