epoch,beta,coefficient,loss,expected_cut,best_measured_cut,success_probability_ancilla_1,max_postselected_probability,grad
0,-0.36859661871958094,-0.277059867671751,-2.999999999998427,2.999999999998427,0.0,0.019068097271859524,0.062499999999967235,7.75772756553027e-12
1,-0.3685969655219138,-0.2770601061543456,-2.999999999998427,2.999999999998427,0.0,0.019068129887805478,0.062499999999967235,7.756239427967677e-12
2,-0.36859739009263126,-0.2770603981151807,-2.999999999998427,2.999999999998427,0.0,0.019068169817712005,0.062499999999967235,7.753767301723362e-12
3,-0.36859788022323203,-0.2770607351588991,-2.999999999998428,2.999999999998428,0.0,0.019068215913411946,0.06249999999996726,7.756006844101874e-12
4,-0.36859842812406535,-0.2770611119288178,-2.999999999998426,2.999999999998426,0.0,0.019068267442320402,0.06249999999996722,7.759218549279769e-12
