epoch,beta,coefficient,loss,expected_cut,best_measured_cut,success_probability_ancilla_1,max_postselected_probability,grad
0,-0.4772529898542004,-0.46499857125453326,-3.074886328953346,3.074886328953346,4.0,0.4889825160951924,0.12254704748513676,-0.025908680958818316
1,-0.46741981008019895,-0.4566956429128094,-3.0750478592396133,3.0750478592396133,4.0,0.4898617708611611,0.1220606749880796,-0.019591360977562908
2,-0.4579689054426661,-0.44864809094416763,-3.075143636948021,3.075143636948021,4.0,0.4907150251558472,0.12158468737591091,-0.013239966444315625
3,-0.4492378472968835,-0.4411553349780846,-3.0751792895473486,3.0751792895473486,2.0,0.4915103027545611,0.12115834795430745,-0.007007890353550104
4,-0.44168756767940265,-0.43463126662038315,-3.0751684959908117,3.0751684959908117,2.0,0.49220337327857094,0.12120541213747812,-0.001141745946493247
