epoch,beta,coefficient,loss,expected_cut,best_measured_cut,success_probability_ancilla_1,max_postselected_probability,grad
0,0.520947688572865,0.5010118863597162,-2.7334308080625607,2.7334308080625607,3.0,0.4683932865745756,0.1260667117882263,0.025367870603367326
1,0.5109813129165923,0.4929257704736832,-2.733650652107719,2.733650652107719,3.0,0.46749902248323183,0.1259961832199825,0.02318372076732616
2,0.5010785537518282,0.48481577295025025,-2.7338462978370606,2.7338462978370606,3.0,0.4666054524927213,0.12591819323198764,0.020918675954516654
3,0.4912769732002701,0.47671507331865826,-2.7340167106523383,2.7340167106523383,3.0,0.46571633291103476,0.12583300935795363,0.01857999967506978
4,0.4816231201552677,0.4686654844569025,-2.7341611271171415,2.7341611271171415,3.0,0.4648363049651623,0.1257411218120537,0.01617799849672916
5,0.47217412612872645,0.4607190587767308,-2.734279170069074,2.734279170069074,3.0,0.46397104696867275,0.1256433028167665,0.013726748249796913
6,0.462999135796378,0.4529395748543829,-2.7343709851811644,2.7343709851811644,3.0,0.46312740962467236,0.1255406698827287,0.011244886685242617
7,0.4541801769771138,0.4454035360749457,-2.734437390132472,2.734437390132472,3.0,0.46231349642059366,0.1254347443596082,0.008756394183905373
