epoch,beta,coefficient,loss,expected_cut,best_measured_cut,success_probability_ancilla_1,max_postselected_probability,grad
0,-0.26115878296219414,-0.16045939682657587,-1.4999999999958518,1.4999999999958518,0.0,0.0036163348155460184,0.06249999999982715,3.032660097100468e-11
1,-0.2611601387565376,-0.16046019313930981,-1.4999999999958522,1.4999999999958522,0.0,0.0036163706659135394,0.062499999999827194,3.032959539938813e-11
2,-0.26116179879957463,-0.16046116814882913,-1.4999999999958522,1.4999999999958522,0.0,0.003616414561534087,0.062499999999827194,3.032849836883037e-11
3,-0.26116371511116665,-0.1604622936740692,-1.499999999995852,1.499999999995852,0.0,0.003616465233809264,0.062499999999827166,3.032760086550301e-11
4,-0.2611658570668832,-0.1604635517276829,-1.4999999999958522,1.4999999999958522,0.0,0.00361652187306339,0.06249999999982718,3.033029626122288e-11
5,-0.2611682027731635,-0.16046492945032104,-1.4999999999958522,1.4999999999958522,0.0,0.0036165839004838034,0.06249999999982718,3.032532640882445e-11
6,-0.26117073569148086,-0.1604664171278652,-1.4999999999958533,1.4999999999958533,0.0,0.0036166508788565426,0.06249999999982722,3.032457532102857e-11
