{
  "0": 0.0,
  "1": -0.5202924455195717,
  "2": 0.4977612360652856,
  "3": -0.49317953816728294,
  "4": 0.4709282610942148,
  "5": 0.6676442063038653,
  "6": 0.42700409446303755,
  "7": -0.35840574498477196,
  "8": 0.07536787955251487,
  "9": -0.6664010989005353,
  "10": 0.39620890167940825,
  "11": -0.16571038567854196,
  "12": 0.08549301074968248,
  "13": -0.1071943512222194,
  "14": 0.12326081048108939,
  "15": -0.2983602459077301,
  "16": 0.06088397874936293,
  "17": -0.269976592794819,
  "18": 0.10011784074573445,
  "19": -0.05939006994589481,
  "20": 0.07118637408963509,
  "21": 0.015563858349846056,
  "22": -0.028555504407992493,
  "23": -0.11208337461813082,
  "24": 0.34876938383431105,
  "25": -0.03703302098266688,
  "26": 0.04985192297421078,
  "27": 0.06955098730215653,
  "28": 0.10727625758991513,
  "29": -0.13704063349595416,
  "30": -0.1696584811308475,
  "31": -0.08344243373138163,
  "32": -0.05128337765330183,
  "33": -0.09285560518798783,
  "34": 0.0,
  "35": 0.0485290808416763,
  "36": 0.06699746159983061,
  "37": 0.07387189504853553,
  "38": -0.10308663512872007,
  "39": -0.16682898224794074,
  "40": 0.09448724142708231,
  "41": -0.06182621498023376,
  "42": 0.1165598321474586,
  "43": 0.24810131436225874,
  "44": 0.05114279354024989,
  "45": -0.12754719211338383,
  "46": -0.06659138900605024,
  "47": -0.07391608587175207,
  "48": -0.014115077289330258,
  "49": -0.015018478782626597,
  "50": 0.022220234239745663,
  "51": 0.15896888405772802,
  "52": -0.023649679720052247,
  "53": -0.03900696760603845,
  "54": -0.15449080863754835,
  "55": -0.003482194307935996,
  "56": -0.007437824352818598,
  "57": 0.09983901972831684,
  "58": 0.0015979694859731713,
  "59": 0.01698984870974509,
  "60": 0.024828635799826693,
  "61": 0.031828068969292446,
  "62": -0.04068483918582121,
  "63": -0.018245386586972934
}