{
  "config": {
    "N_VERTICES": 4,
    "PROB_ARESTA": 0.7,
    "COM_PESO": false,
    "PESO_MIN": 1,
    "PESO_MAX": 1,
    "GRAPH_SEED": 104476,
    "GRAPH_EDGES": [
      [
        0,
        1,
        1.0
      ],
      [
        0,
        2,
        1.0
      ],
      [
        0,
        3,
        1.0
      ],
      [
        1,
        2,
        1.0
      ],
      [
        1,
        3,
        1.0
      ]
    ],
    "REVERSE_BITS": false,
    "ER": 0.75,
    "MAX_TERMS": null,
    "A_MAX": 0.6283185307179586,
    "INIT_BETA": 0.25,
    "MAX_EPOCHS": 200,
    "LR": 0.01,
    "FD_EPS": 0.01,
    "LOSS_TOL_LAST5": 0.002,
    "PATIENCE_LAST5": 7,
    "TRAIN_SEED": 9,
    "INIT_BETA_JITTER": 0.03,
    "OPTIMIZER": "adam",
    "ADAM_BETA1": 0.9,
    "ADAM_BETA2": 0.999,
    "ADAM_EPS": 1e-08,
    "COEF_ZERO_TOL": 0.002,
    "IMPROVEMENT_TOL": 0.002,
    "SATURATION_PATIENCE": 60,
    "INDEX_STRATEGY": "ascending",
    "INDEX_RANDOM_SEED": 42,
    "ENABLE_BACKWARD_PRUNING": false,
    "BACKWARD_PASSES": 1,
    "PRUNE_IMPROVEMENT_TOL": 1e-06,
    "OUTDIR": "benchmark_results_walsh_article/unweighted/coarse_loader/n4/graph03_trainseed09",
    "SHOW_PLOTS": false,
    "name": "coarse_loader"
  },
  "n_qubits_register": 4,
  "graph_edges": [
    [
      0,
      1,
      1.0
    ],
    [
      0,
      2,
      1.0
    ],
    [
      0,
      3,
      1.0
    ],
    [
      1,
      2,
      1.0
    ],
    [
      1,
      3,
      1.0
    ]
  ],
  "graph_signature": "37c67a7d685a1ea528dadea71897f720cb7ad726475a7878001b269ff86755a3",
  "graph_num_edges": 5,
  "graph_density": 0.8333333333333334,
  "best_cut_bruteforce": 4.0,
  "best_bitstring_bruteforce": "0011",
  "best_index_bruteforce": 3,
  "candidate_order": [
    1,
    2,
    3,
    4,
    5,
    6,
    7,
    8,
    9,
    10,
    11,
    12,
    13,
    14,
    15
  ],
  "total_possible_parameters": 15,
  "visited_parameters": 15,
  "trained_coefficients": {
    "0": 0.0,
    "1": -0.15694486011009579,
    "2": 0.15483490311612882,
    "3": 0.0,
    "4": 0.0026384745466905405,
    "5": 0.0,
    "6": 0.0,
    "7": 0.0,
    "8": 0.002211451721546807,
    "9": 0.0,
    "10": 0.0,
    "11": 0.0,
    "12": 0.0,
    "13": -0.006597681175994285,
    "14": 0.0035488388479691167,
    "15": 0.0
  },
  "final_coefficient_vector": [
    0.0,
    -0.15694486011009579,
    0.15483490311612882,
    0.0,
    0.0026384745466905405,
    0.0,
    0.0,
    0.0,
    0.002211451721546807,
    0.0,
    0.0,
    0.0,
    0.0,
    -0.006597681175994285,
    0.0035488388479691167,
    0.0
  ],
  "active_indices": [
    1,
    2,
    4,
    8,
    13,
    14
  ],
  "active_parameter_count": 6,
  "compression_ratio_active_over_total": 0.4,
  "final_loss": -3.0002522147297928,
  "final_expected_cut": 3.0002522147297928,
  "best_expected_cut_over_evolution": 3.0002542269342714,
  "final_best_measured_index": 7,
  "final_best_measured_bitstring": "0111",
  "final_best_measured_cut": 3.0,
  "best_measured_cut_over_evolution": 3.0,
  "final_success_probability_ancilla_1": 0.006813404780045066,
  "final_max_postselected_probability": 0.1370579715639334,
  "gap_expected_to_bruteforce": 0.9997477852702072,
  "gap_measured_to_bruteforce": 1.0,
  "approx_ratio_measured": 0.75,
  "n_steps": 15,
  "elapsed_seconds": 13.503191471099854,
  "steps": [
    {
      "visit_idx": 1,
      "j": 1,
      "kept": true,
      "beta": -0.25518402794541045,
      "coefficient": -0.15694486011009579,
      "loss": -2.5,
      "expected_cut": 2.5,
      "best_measured_cut": 0.0,
      "success_probability_ancilla_1": 0.0034598337527089007,
      "epochs_run": 7,
      "stop_reason": "loss_plateau_last5",
      "history_path": "benchmark_results_walsh_article/unweighted/coarse_loader/n4/graph03_trainseed09/histories/history_visit001_j001.json",
      "improvement_vs_previous": 2.5
    },
    {
      "visit_idx": 2,
      "j": 2,
      "kept": true,
      "beta": 0.2516056492646868,
      "coefficient": 0.15483490311612882,
      "loss": -2.9999539943594975,
      "expected_cut": 2.9999539943594975,
      "best_measured_cut": 3.0,
      "success_probability_ancilla_1": 0.006804066891408621,
      "epochs_run": 7,
      "stop_reason": "loss_plateau_last5",
      "history_path": "benchmark_results_walsh_article/unweighted/coarse_loader/n4/graph03_trainseed09/histories/history_visit002_j002.json",
      "improvement_vs_previous": 0.4999539943594975
    },
    {
      "visit_idx": 3,
      "j": 3,
      "kept": false,
      "beta": -0.0011898477792913814,
      "coefficient": 0.0,
      "loss": -2.9999539943594975,
      "expected_cut": 2.9999539943594975,
      "best_measured_cut": 3.0,
      "success_probability_ancilla_1": 0.006804066891408621,
      "epochs_run": 27,
      "stop_reason": "loss_plateau_last5_and_discarded_near_zero",
      "history_path": "benchmark_results_walsh_article/unweighted/coarse_loader/n4/graph03_trainseed09/histories/history_visit003_j003.json",
      "improvement_vs_previous": 0.0
    },
    {
      "visit_idx": 4,
      "j": 4,
      "kept": true,
      "beta": 0.004199287346536293,
      "coefficient": 0.0026384745466905405,
      "loss": -2.9999971138349792,
      "expected_cut": 2.9999971138349792,
      "best_measured_cut": 3.0,
      "success_probability_ancilla_1": 0.006805032536848528,
      "epochs_run": 27,
      "stop_reason": "loss_plateau_last5",
      "history_path": "benchmark_results_walsh_article/unweighted/coarse_loader/n4/graph03_trainseed09/histories/history_visit004_j004.json",
      "improvement_vs_previous": 4.311947548174544e-05
    },
    {
      "visit_idx": 5,
      "j": 5,
      "kept": false,
      "beta": -0.0022837965856896533,
      "coefficient": 0.0,
      "loss": -2.9999971138349792,
      "expected_cut": 2.9999971138349792,
      "best_measured_cut": 3.0,
      "success_probability_ancilla_1": 0.006805032536848528,
      "epochs_run": 31,
      "stop_reason": "loss_plateau_last5_and_discarded_near_zero",
      "history_path": "benchmark_results_walsh_article/unweighted/coarse_loader/n4/graph03_trainseed09/histories/history_visit005_j005.json",
      "improvement_vs_previous": 0.0
    },
    {
      "visit_idx": 6,
      "j": 6,
      "kept": false,
      "beta": 7.446155461772203e-05,
      "coefficient": 0.0,
      "loss": -2.9999971138349792,
      "expected_cut": 2.9999971138349792,
      "best_measured_cut": 3.0,
      "success_probability_ancilla_1": 0.006805032536848528,
      "epochs_run": 31,
      "stop_reason": "loss_plateau_last5_and_discarded_near_zero",
      "history_path": "benchmark_results_walsh_article/unweighted/coarse_loader/n4/graph03_trainseed09/histories/history_visit006_j006.json",
      "improvement_vs_previous": 0.0
    },
    {
      "visit_idx": 7,
      "j": 7,
      "kept": false,
      "beta": -0.00038012731465938195,
      "coefficient": 0.0,
      "loss": -2.9999971138349792,
      "expected_cut": 2.9999971138349792,
      "best_measured_cut": 3.0,
      "success_probability_ancilla_1": 0.006805032536848528,
      "epochs_run": 30,
      "stop_reason": "loss_plateau_last5_and_discarded_near_zero",
      "history_path": "benchmark_results_walsh_article/unweighted/coarse_loader/n4/graph03_trainseed09/histories/history_visit007_j007.json",
      "improvement_vs_previous": 0.0
    },
    {
      "visit_idx": 8,
      "j": 8,
      "kept": true,
      "beta": 0.003519649262584533,
      "coefficient": 0.002211451721546807,
      "loss": -3.0000430019762194,
      "expected_cut": 3.0000430019762194,
      "best_measured_cut": 3.0,
      "success_probability_ancilla_1": 0.006805710905848467,
      "epochs_run": 31,
      "stop_reason": "loss_plateau_last5",
      "history_path": "benchmark_results_walsh_article/unweighted/coarse_loader/n4/graph03_trainseed09/histories/history_visit008_j008.json",
      "improvement_vs_previous": 4.588814124018015e-05
    },
    {
      "visit_idx": 9,
      "j": 9,
      "kept": false,