{
  "0": 0.0,
  "1": -0.2770607351588991,
  "2": 0.27742956924202583,
  "3": 0.0,
  "4": 0.0,
  "5": 0.0,
  "6": 0.0,
  "7": 0.0,
  "8": 0.0,
  "9": 0.0,
  "10": 0.0,
  "11": 0.0,
  "12": 0.0,
  "13": 0.18898723127090428,
  "14": -0.2251959476069954,
  "15": 0.0
}