{
  "config": {
    "N_VERTICES": 4,
    "PROB_ARESTA": 0.55,
    "COM_PESO": false,
    "PESO_MIN": 1,
    "PESO_MAX": 1,
    "GRAPH_SEED": 104577,
    "GRAPH_EDGES": [
      [
        0,
        2,
        1.0
      ],
      [
        2,
        3,
        1.0
      ]
    ],
    "REVERSE_BITS": false,
    "ER": 1.25,
    "MAX_TERMS": null,
    "A_MAX": 1.0471975511965976,
    "INIT_BETA": 0.5,
    "MAX_EPOCHS": 200,
    "LR": 0.01,
    "FD_EPS": 0.01,
    "LOSS_TOL_LAST5": 0.0005,
    "PATIENCE_LAST5": 5,
    "TRAIN_SEED": 6,
    "INIT_BETA_JITTER": 0.08,
    "OPTIMIZER": "adam",
    "ADAM_BETA1": 0.9,
    "ADAM_BETA2": 0.999,
    "ADAM_EPS": 1e-08,
    "COEF_ZERO_TOL": 0.0005,
    "IMPROVEMENT_TOL": 0.0005,
    "SATURATION_PATIENCE": 150,
    "INDEX_STRATEGY": "ascending",
    "INDEX_RANDOM_SEED": 42,
    "ENABLE_BACKWARD_PRUNING": false,
    "BACKWARD_PASSES": 1,
    "PRUNE_IMPROVEMENT_TOL": 1e-06,
    "OUTDIR": "benchmark_results_walsh_article/unweighted/aggressive_loader/n4/graph04_trainseed06",
    "SHOW_PLOTS": false,
    "name": "aggressive_loader"
  },
  "n_qubits_register": 4,
  "graph_edges": [
    [
      0,
      2,
      1.0
    ],
    [
      2,
      3,
      1.0
    ]
  ],
  "graph_signature": "ab3e1e60a1be6f27a830f37b39d70bd64af7163327db0f23a1fcb2724d77253c",
  "graph_num_edges": 2,
  "graph_density": 0.3333333333333333,
  "best_cut_bruteforce": 2.0,
  "best_bitstring_bruteforce": "0010",
  "best_index_bruteforce": 2,
  "candidate_order": [
    1,
    2,
    3,
    4,
    5,
    6,
    7,
    8,
    9,
    10,
    11,
    12,
    13,
    14,
    15
  ],
  "total_possible_parameters": 15,
  "visited_parameters": 15,
  "trained_coefficients": {
    "0": 0.0,
    "1": -0.4361126721706533,
    "2": 0.4220702281215722,
    "3": -0.5063454161298043,
    "4": 0.6891218435993504,
    "5": -0.018948135540859667,
    "6": 0.5207798562477732,
    "7": -0.42579309776702123,
    "8": -0.16455314889546566,
    "9": -0.2912367047329716,
    "10": -0.01456507167035193,
    "11": -0.004751060243755597,
    "12": 0.4459415047813572,
    "13": 0.009530819480405916,
    "14": 0.04870509975281089,
    "15": -0.01600714418525511
  },
  "final_coefficient_vector": [
    0.0,
    -0.4361126721706533,
    0.4220702281215722,
    -0.5063454161298043,
    0.6891218435993504,
    -0.018948135540859667,
    0.5207798562477732,
    -0.42579309776702123,
    -0.16455314889546566,
    -0.2912367047329716,
    -0.01456507167035193,
    -0.004751060243755597,
    0.4459415047813572,
    0.009530819480405916,
    0.04870509975281089,
    -0.01600714418525511
  ],
  "active_indices": [
    1,
    2,
    3,
    4,
    5,
    6,
    7,
    8,
    9,
    10,
    11,
    12,
    13,
    14,
    15
  ],
  "active_parameter_count": 15,
  "compression_ratio_active_over_total": 1.0,
  "final_loss": -1.7562886960821764,
  "final_expected_cut": 1.7562886960821764,
  "best_expected_cut_over_evolution": 1.7563106641884987,
  "final_best_measured_index": 9,
  "final_best_measured_bitstring": "1001",
  "final_best_measured_cut": 2.0,
  "best_measured_cut_over_evolution": 2.0,
  "final_success_probability_ancilla_1": 0.26593393203391763,
  "final_max_postselected_probability": 0.2338691022212131,
  "gap_expected_to_bruteforce": 0.24371130391782359,
  "gap_measured_to_bruteforce": 0.0,
  "approx_ratio_measured": 1.0,
  "n_steps": 15,
  "elapsed_seconds": 12.047704935073853,
  "steps": [
    {
      "visit_idx": 1,
      "j": 1,
      "kept": true,
      "beta": -0.4433978194428197,
      "coefficient": -0.4361126721706533,
      "loss": -1.0,
      "expected_cut": 1.0,
      "best_measured_cut": 0.0,
      "success_probability_ancilla_1": 0.07247286590740967,
      "epochs_run": 5,
      "stop_reason": "loss_plateau_last5",
      "history_path": "benchmark_results_walsh_article/unweighted/aggressive_loader/n4/graph04_trainseed06/histories/history_visit001_j001.json",
      "improvement_vs_previous": 1.0
    },
    {
      "visit_idx": 2,
      "j": 2,
      "kept": true,
      "beta": 0.4272820502293971,
      "coefficient": 0.4220702281215722,
      "loss": -1.0,
      "expected_cut": 1.0,
      "best_measured_cut": 0.0,
      "success_probability_ancilla_1": 0.1306062894549381,
      "epochs_run": 5,
      "stop_reason": "loss_plateau_last5",
      "history_path": "benchmark_results_walsh_article/unweighted/aggressive_loader/n4/graph04_trainseed06/histories/history_visit002_j002.json",
      "improvement_vs_previous": 0.0
    },
    {
      "visit_idx": 3,
      "j": 3,
      "kept": true,
      "beta": -0.5275737315849193,
      "coefficient": -0.5063454161298043,
      "loss": -1.0,
      "expected_cut": 1.0,
      "best_measured_cut": 1.0,
      "success_probability_ancilla_1": 0.20215903282016398,
      "epochs_run": 5,
      "stop_reason": "loss_plateau_last5",
      "history_path": "benchmark_results_walsh_article/unweighted/aggressive_loader/n4/graph04_trainseed06/histories/history_visit003_j003.json",
      "improvement_vs_previous": 0.0
    },
    {
      "visit_idx": 4,
      "j": 4,
      "kept": true,
      "beta": 0.789389211848123,
      "coefficient": 0.6891218435993504,
      "loss": -1.2239397959899714,
      "expected_cut": 1.2239397959899714,
      "best_measured_cut": 1.0,
      "success_probability_ancilla_1": 0.3059941077677963,
      "epochs_run": 35,
      "stop_reason": "loss_plateau_last5",
      "history_path": "benchmark_results_walsh_article/unweighted/aggressive_loader/n4/graph04_trainseed06/histories/history_visit004_j004.json",
      "improvement_vs_previous": 0.22393979598997138
    },
    {
      "visit_idx": 5,
      "j": 5,
      "kept": true,
      "beta": -0.01809611165025635,
      "coefficient": -0.018948135540859667,
      "loss": -1.2235625048237888,
      "expected_cut": 1.2235625048237888,
      "best_measured_cut": 1.0,
      "success_probability_ancilla_1": 0.30376070215921613,
      "epochs_run": 67,
      "stop_reason": "loss_plateau_last5",
      "history_path": "benchmark_results_walsh_article/unweighted/aggressive_loader/n4/graph04_trainseed06/histories/history_visit005_j005.json",
      "improvement_vs_previous": -0.0003772911661825695
    },
    {
      "visit_idx": 6,
      "j": 6,
      "kept": true,
      "beta": 0.5457233989092155,
      "coefficient": 0.5207798562477732,
      "loss": -1.34108435937336,
      "expected_cut": 1.34108435937336,
      "best_measured_cut": 1.0,
      "success_probability_ancilla_1": 0.2820022672457222,
      "epochs_run": 10,
      "stop_reason": "loss_plateau_last5",
      "history_path": "benchmark_results_walsh_article/unweighted/aggressive_loader/n4/graph04_trainseed06/histories/history_visit006_j006.json",
      "improvement_vs_previous": 0.11752185454957109
    },
    {
      "visit_idx": 7,
      "j": 7,
      "kept": true,
      "beta": -0.4315339522238853,
      "coefficient": -0.42579309776702123,
      "loss": -1.4503639671257809,
      "expected_cut": 1.4503639671257809,
      "best_measured_cut": 1.0,
      "success_probability_ancilla_1": 0.2519646025149641,
      "epochs_run": 5,
      "stop_reason": "loss_plateau_last5",
      "history_path": "benchmark_results_walsh_article/unweighted/aggressive_loader/n4/graph04_trainseed06/histories/history_visit007_j007.json",
      "improvement_vs_previous": 0.10927960775242096
    },
    {
      "visit_idx": 8,
      "j": 8,
      "kept": true,
      "beta": -0.15844952419331415,
      "coefficient": -0.16455314889546566,
      "loss": -1.4759926728457802,
      "expected_cut": 1.4759926728457802,
      "best_measured_cut": 1.0,
      "success_probability_ancilla_1": 0.25719318948592285,
      "epochs_run": 74,
      "stop_reason": "loss_plateau_last5",
      "history_path": "benchmark_results_walsh_article/unweighted/aggressive_loader/n4/graph04_trainseed06/histories/history_visit008_j008.json",
      "improvement_vs_previous": 0.025628705719999312
    },
    {
      "visit_idx": 9,
      "j": 9,
      "kept": true,