epoch,beta,coefficient,loss,expected_cut,best_measured_cut,success_probability_ancilla_1,max_postselected_probability,grad
0,-0.24719070300718493,-0.15222654447759285,-0.9999999999991205,0.9999999999991205,2.0,0.011374173394173218,0.18648650637913053,1.9211979083385464e-12
1,-0.24719078890684687,-0.1522265952818887,-0.999999999999121,0.999999999999121,2.0,0.011374175529097998,0.1864865092869774,1.921338133730532e-12
2,-0.24719089408220996,-0.15222665748655745,-0.9999999999991208,0.9999999999991208,2.0,0.011374178143096197,0.18648651284732634,1.9211081336924394e-12
3,-0.24719101550498984,-0.1522267293005561,-0.9999999999991211,0.9999999999991211,2.0,0.011374181160904181,0.18648651695765864,1.9216077196126795e-12
4,-0.24719115121859933,-0.1522268095666839,-0.9999999999991207,0.9999999999991207,2.0,0.011374184533893932,0.18648652155173387,1.920917004798469e-12
5,-0.24719129984952415,-0.15222689747259127,-0.9999999999991205,0.9999999999991205,2.0,0.011374188227928956,0.18648652658305034,1.921314578263413e-12
6,-0.24719146034689862,-0.1522269923967552,-0.9999999999991211,0.9999999999991211,2.0,0.011374192216891775,0.18648653201602833,1.921115727882729e-12
