epoch,beta,coefficient,loss,expected_cut,best_measured_cut,success_probability_ancilla_1,max_postselected_probability,grad
0,0.2788734727699996,0.17081601641090008,-0.9999999999987765,0.9999999999987765,0.0,0.008172223241838016,0.12499994576964953,-4.1398676527704735e-12
1,0.2788736578446841,0.17081612410217506,-0.9999999999987761,0.9999999999987761,0.0,0.008172228359009194,0.12499994582168633,-4.139183085258302e-12
2,0.27887388448570305,0.17081625598005784,-0.9999999999987763,0.9999999999987763,0.0,0.008172234625460873,0.12499994588537626,-4.14096053457634e-12
3,0.2788741461265975,0.17081640822364905,-0.9999999999987765,0.9999999999987765,0.0,0.008172241859637495,0.12499994595885508,-4.140300193398616e-12
4,0.27887443856332156,0.1708165783866905,-0.9999999999987765,0.9999999999987765,0.0,0.008172249945302338,0.12499994604092336,-4.139382830241608e-12
5,0.27887475883751633,0.1708167647477646,-0.9999999999987758,0.9999999999987758,0.0,0.008172258800660916,0.12499994613073212,-4.140347415045e-12
6,0.27887510469719934,0.1708169659964802,-0.9999999999987762,0.9999999999987762,0.0,0.00817226836344949,0.1249999462276313,-4.14073296162143e-12
