{
  "config": {
    "N_VERTICES": 4,
    "PROB_ARESTA": 0.85,
    "COM_PESO": false,
    "PESO_MIN": 1,
    "PESO_MAX": 1,
    "GRAPH_SEED": 104882,
    "GRAPH_EDGES": [
      [
        0,
        1,
        1.0
      ],
      [
        0,
        2,
        1.0
      ],
      [
        0,
        3,
        1.0
      ],
      [
        2,
        3,
        1.0
      ]
    ],
    "REVERSE_BITS": false,
    "ER": 1.0,
    "MAX_TERMS": null,
    "A_MAX": 0.7853981633974483,
    "INIT_BETA": 0.35,
    "MAX_EPOCHS": 200,
    "LR": 0.01,
    "FD_EPS": 0.01,
    "LOSS_TOL_LAST5": 0.001,
    "PATIENCE_LAST5": 5,
    "TRAIN_SEED": 3,
    "INIT_BETA_JITTER": 0.05,
    "OPTIMIZER": "adam",
    "ADAM_BETA1": 0.9,
    "ADAM_BETA2": 0.999,
    "ADAM_EPS": 1e-08,
    "COEF_ZERO_TOL": 0.001,
    "IMPROVEMENT_TOL": 0.001,
    "SATURATION_PATIENCE": 100,
    "INDEX_STRATEGY": "ascending",
    "INDEX_RANDOM_SEED": 42,
    "ENABLE_BACKWARD_PRUNING": false,
    "BACKWARD_PASSES": 1,
    "PRUNE_IMPROVEMENT_TOL": 1e-06,
    "OUTDIR": "benchmark_results_walsh_article/unweighted/baseline/n4/graph07_trainseed03",
    "SHOW_PLOTS": false,
    "name": "baseline"
  },
  "n_qubits_register": 4,
  "graph_edges": [
    [
      0,
      1,
      1.0
    ],
    [
      0,
      2,
      1.0
    ],
    [
      0,
      3,
      1.0
    ],
    [
      2,
      3,
      1.0
    ]
  ],
  "graph_signature": "0c4184843706290033a85b58881df740fdc53f7edeeaffa6a9dd8c38dfc1a494",
  "graph_num_edges": 4,
  "graph_density": 0.6666666666666666,
  "best_cut_bruteforce": 3.0,
  "best_bitstring_bruteforce": "0101",
  "best_index_bruteforce": 5,
  "candidate_order": [
    1,
    2,
    3,
    4,
    5,
    6,
    7,
    8,
    9,
    10,
    11,
    12,
    13,
    14,
    15
  ],
  "total_possible_parameters": 15,
  "visited_parameters": 15,
  "trained_coefficients": {
    "0": 0.0,
    "1": -0.23491350072140166,
    "2": 0.23551786100133126,
    "3": -0.0014546781586463238,
    "4": 0.17075334173478318,
    "5": 0.0012417556952460404,
    "6": 0.0,
    "7": -0.2058783511886644,
    "8": 0.03276826235068098,
    "9": -0.0015812481263586748,
    "10": 0.0015368546343640518,
    "11": -0.031964330465956224,
    "12": 0.0,
    "13": 0.014562501588089782,
    "14": -0.00704826040241215,
    "15": 0.0015459864322183265
  },
  "final_coefficient_vector": [
    0.0,
    -0.23491350072140166,
    0.23551786100133126,
    -0.0014546781586463238,
    0.17075334173478318,
    0.0012417556952460404,
    0.0,
    -0.2058783511886644,
    0.03276826235068098,
    -0.0015812481263586748,
    0.0015368546343640518,
    -0.031964330465956224,
    0.0,
    0.014562501588089782,
    -0.00704826040241215,
    0.0015459864322183265
  ],
  "active_indices": [
    1,
    2,
    3,
    4,
    5,
    7,
    8,
    9,
    10,
    11,
    13,
    14,
    15
  ],
  "active_parameter_count": 13,
  "compression_ratio_active_over_total": 0.8666666666666667,
  "final_loss": -2.995196276252918,
  "final_expected_cut": 2.995196276252918,
  "best_expected_cut_over_evolution": 2.9952106643521574,
  "final_best_measured_index": 8,
  "final_best_measured_bitstring": "1000",
  "final_best_measured_cut": 3.0,
  "best_measured_cut_over_evolution": 3.0,
  "final_success_probability_ancilla_1": 0.04348073824286361,
  "final_max_postselected_probability": 0.26744598672672343,
  "gap_expected_to_bruteforce": 0.004803723747082156,
  "gap_measured_to_bruteforce": 0.0,
  "approx_ratio_measured": 1.0,
  "n_steps": 15,
  "elapsed_seconds": 10.738391399383545,
  "steps": [
    {
      "visit_idx": 1,
      "j": 1,
      "kept": true,
      "beta": -0.3085321588025974,
      "coefficient": -0.23491350072140166,
      "loss": -2.0,
      "expected_cut": 2.0,
      "best_measured_cut": 0.0,
      "success_probability_ancilla_1": 0.013732760777672801,
      "epochs_run": 5,
      "stop_reason": "loss_plateau_last5",
      "history_path": "benchmark_results_walsh_article/unweighted/baseline/n4/graph07_trainseed03/histories/history_visit001_j001.json",
      "improvement_vs_previous": 2.0
    },
    {
      "visit_idx": 2,
      "j": 2,
      "kept": true,
      "beta": 0.3093774719313871,
      "coefficient": 0.23551786100133126,
      "loss": -2.499998318787181,
      "expected_cut": 2.499998318787181,
      "best_measured_cut": 1.0,
      "success_probability_ancilla_1": 0.02715683379522682,
      "epochs_run": 5,
      "stop_reason": "loss_plateau_last5",
      "history_path": "benchmark_results_walsh_article/unweighted/baseline/n4/graph07_trainseed03/histories/history_visit002_j002.json",
      "improvement_vs_previous": 0.4999983187871808
    },
    {
      "visit_idx": 3,
      "j": 3,
      "kept": true,
      "beta": -0.0018521558743768724,
      "coefficient": -0.0014546781586463238,
      "loss": -2.499988578871941,
      "expected_cut": 2.499988578871941,
      "best_measured_cut": 3.0,
      "success_probability_ancilla_1": 0.02715733408414245,
      "epochs_run": 42,
      "stop_reason": "loss_plateau_last5",
      "history_path": "benchmark_results_walsh_article/unweighted/baseline/n4/graph07_trainseed03/histories/history_visit003_j003.json",
      "improvement_vs_previous": -9.739915239670438e-06
    },
    {
      "visit_idx": 4,
      "j": 4,
      "kept": true,
      "beta": 0.2209359017221661,
      "coefficient": 0.17075334173478318,
      "loss": -2.6756735198537855,
      "expected_cut": 2.6756735198537855,
      "best_measured_cut": 3.0,
      "success_probability_ancilla_1": 0.03403386836553375,
      "epochs_run": 12,
      "stop_reason": "loss_plateau_last5",
      "history_path": "benchmark_results_walsh_article/unweighted/baseline/n4/graph07_trainseed03/histories/history_visit004_j004.json",
      "improvement_vs_previous": 0.1756849409818444
    },
    {
      "visit_idx": 5,
      "j": 5,
      "kept": true,
      "beta": 0.0015810537734891085,
      "coefficient": 0.0012417556952460404,
      "loss": -2.6756663958834377,
      "expected_cut": 2.6756663958834377,
      "best_measured_cut": 3.0,
      "success_probability_ancilla_1": 0.03403426244400294,
      "epochs_run": 43,
      "stop_reason": "loss_plateau_last5",
      "history_path": "benchmark_results_walsh_article/unweighted/baseline/n4/graph07_trainseed03/histories/history_visit005_j005.json",
      "improvement_vs_previous": -7.123970347855391e-06
    },
    {
      "visit_idx": 6,
      "j": 6,
      "kept": false,
      "beta": 0.0008239002848818367,
      "coefficient": 0.0,
      "loss": -2.6756663958834377,
      "expected_cut": 2.6756663958834377,
      "best_measured_cut": 3.0,
      "success_probability_ancilla_1": 0.03403426244400294,
      "epochs_run": 36,
      "stop_reason": "loss_plateau_last5_and_discarded_near_zero",
      "history_path": "benchmark_results_walsh_article/unweighted/baseline/n4/graph07_trainseed03/histories/history_visit006_j006.json",
      "improvement_vs_previous": 0.0
    },
    {
      "visit_idx": 7,
      "j": 7,
      "kept": true,
      "beta": -0.2683968352895709,
      "coefficient": -0.2058783511886644,
      "loss": -2.981851692751467,
      "expected_cut": 2.981851692751467,
      "best_measured_cut": 3.0,
      "success_probability_ancilla_1": 0.042931311646237605,
      "epochs_run": 16,
      "stop_reason": "loss_plateau_last5",
      "history_path": "benchmark_results_walsh_article/unweighted/baseline/n4/graph07_trainseed03/histories/history_visit007_j007.json",
      "improvement_vs_previous": 0.3061852968680294
    },
    {
      "visit_idx": 8,
      "j": 8,
      "kept": true,
      "beta": 0.04174608133392946,
      "coefficient": 0.03276826235068098,
      "loss": -2.9879052661553454,
      "expected_cut": 2.9879052661553454,
      "best_measured_cut": 3.0,
      "success_probability_ancilla_1": 0.04317668050233815,
      "epochs_run": 36,
      "stop_reason": "loss_plateau_last5",