epoch,beta,coefficient,loss,expected_cut,best_measured_cut,success_probability_ancilla_1,max_postselected_probability,grad
0,-0.31573855552552094,-0.24005587603048867,-2.4999999999982556,2.4999999999982556,0.0,0.014337654271743517,0.015624999999989096,1.029783613628422e-11
1,-0.3157390159809166,-0.24005620388638568,-2.4999999999982565,2.4999999999982565,0.0,0.014337693246770563,0.01562499999998911,1.0300322728197655e-11
2,-0.3157395795988352,-0.24005660519648475,-2.4999999999982556,2.4999999999982556,0.0,0.014337740953996229,0.015624999999989096,1.0290448353590792e-11
3,-0.31574023031640297,-0.24005706852354733,-2.4999999999982556,2.4999999999982556,0.0,0.014337796033815605,0.015624999999989099,1.0300071112856159e-11
4,-0.3157409575823554,-0.24005758635474192,-2.4999999999982565,2.4999999999982565,0.0,0.014337857593150564,0.015624999999989102,1.0293020652035859e-11
