{
  "0": 0.0,
  "1": -0.5458248894698523,
  "2": 0.5476287543762605,
  "3": -0.006889316301683167,
  "4": 0.32095135653281265,
  "5": -0.004872128879816752,
  "6": 0.011310679266722377,
  "7": -0.4419229912242912,
  "8": -0.0007525328867358252,
  "9": -0.003913902258876092,
  "10": 0.007897297481714517,
  "11": 0.061036252865204574,
  "12": 0.005954721693582211,
  "13": 0.16472686124270242,
  "14": -0.15732323693773478,
  "15": -0.011374428853984328
}