epoch,beta,coefficient,loss,expected_cut,best_measured_cut,success_probability_ancilla_1,max_postselected_probability,grad
0,0.2602790171290209,0.15994255868236457,-2.888090404364725,2.888090404364725,2.0,0.022082389555017318,0.0739437416061703,-0.06891058685582589
1,0.270074057804527,0.16568366645433372,-2.8884934836034013,2.8884934836034013,2.0,0.02232970462887803,0.07404903288424891,-0.0500548542693289
2,0.2794224388956727,0.1711354011901331,-2.8887202463052555,2.8887202463052555,2.0,0.022572751942852826,0.07412463532973469,-0.03238006934150851
3,0.28798257749633877,0.17610318391322485,-2.8887985122626363,2.8887985122626363,2.0,0.022801174378639995,0.07417342673628215,-0.016255504383329518
4,0.29534182304718326,0.18035505236184957,-2.888771070640754,2.888771070640754,2.0,0.023001939864747346,0.0742003759745599,-0.0021332873706037107
5,0.3011162143075237,0.18367872418648512,-2.8886905237990286,2.8886905237990286,2.0,0.023162255552841453,0.07421215948377352,0.009515087955963472
6,0.3050820749345165,0.1859549481791475,-2.888606069262671,2.888606069262671,2.0,0.023273757622966466,0.0742156229478085,0.01833620795135868
