epoch,beta,coefficient,loss,expected_cut,best_measured_cut,success_probability_ancilla_1,max_postselected_probability,grad
0,0.4718526501686992,0.46044753321999377,-7.997638929619073,7.997638929619073,5.0,0.1612650415657919,0.031176216550609516,-0.11509144974599879
1,0.4817474802735838,0.46876962401595773,-7.998466779638843,7.998466779638843,5.0,0.16356966485698218,0.031202086863727253,-0.09370817276563757
2,0.4914416073542548,0.47685173952635806,-7.999092907119765,7.999092907119765,5.0,0.1658426811881251,0.03122165334750582,-0.07382946141308348
3,0.5008182700476058,0.48460160007322955,-7.999534936754575,7.999534936754575,5.0,0.16805428775555176,0.031235466773593564,-0.055538492924514515
4,0.5097407698197058,0.49191392322529265,-7.999815111754988,7.999815111754988,5.0,0.17016959881785718,0.031244222242356134,-0.038915995256834646
5,0.518058000963715,0.49867524580568223,-7.999960092787061,7.999960092787061,5.0,0.17215004000055983,0.031248752899608392,-0.02403487025568763
6,0.5256151869125869,0.5047724564180012,-7.999999968917246,7.999999968917246,5.0,0.17395604289616914,0.031249999028676513,-0.010952222666783031
7,0.5322690438205641,0.5101042197235391,-7.999966367578488,7.999966367578488,5.0,0.17555084458427936,0.031248948986840237,0.00030030628250172646
