{
  "0": 0.0,
  "1": -0.27705992409356767,
  "2": 0.28011192368892474,
  "3": -0.23565081951715075,
  "4": 0.19436115477188548,
  "5": 0.3845574724276393,
  "6": 0.3098483460299878,
  "7": -0.05978683608720581,
  "8": -0.19608567516263004,
  "9": -0.21627411805646699,
  "10": -0.05141576550187742,
  "11": 0.035730120679751065,
  "12": -0.29866877456197694,
  "13": 0.19752759099683284,
  "14": -0.1763326470568928,
  "15": -0.12489304807539663,
  "16": 0.015137953403774064,
  "17": -0.09959206518518961,
  "18": -0.11326575920084438,
  "19": -0.014151025503978058,
  "20": 0.2783867274085633,
  "21": 0.03148167651767947,
  "22": -0.027152678803227085,
  "23": 0.21826158527814157,
  "24": 0.031159517231164512,
  "25": 0.004621552414086445,
  "26": -0.024587365551478495,
  "27": 0.05896190017756789,
  "28": 0.012924418254524384,
  "29": -0.24279686540830386,
  "30": -0.19893003953574315,
  "31": -0.010702684102793004,
  "32": -0.0696892037305936,
  "33": 0.05156903879636754,
  "34": -0.010130616531130527,
  "35": 0.09883221510997511,
  "36": -0.056231424353161696,
  "37": 0.0020385459739752187,
  "38": -0.05333396998012158,
  "39": -0.11250762995429246,
  "40": 0.08752092246262341,
  "41": -0.03543999433082663,
  "42": 0.10291901666235811,
  "43": 0.13557068937849792,
  "44": 0.09134231848902094,
  "45": -0.04311434330952967,
  "46": 0.07222006574991574,
  "47": -0.14427536804629942,
  "48": 0.013382689536380084,
  "49": 0.01711687144493866,
  "50": 0.0,
  "51": -0.018574168939891004,
  "52": 0.008162161579556487,
  "53": -0.054764817566531995,
  "54": -0.061665371243203,
  "55": -0.01745324450274293,
  "56": 0.0,
  "57": 0.03440720050550688,
  "58": 0.051968479238070554,
  "59": -0.002524451768180869,
  "60": 0.037905207520420044,
  "61": 0.0,
  "62": -0.0012642658273765356,
  "63": 0.0404227107928237
}