epoch,beta,coefficient,loss,expected_cut,best_measured_cut,success_probability_ancilla_1,max_postselected_probability,grad
0,0.2638255829286488,0.1620246468975262,-3.9999999999945017,3.9999999999945017,3.0,0.007277198901415523,0.03124926841219589,-1.9992977530128568e-11
1,0.26382647685152316,0.16202517121642235,-3.999999999994504,3.999999999994504,3.0,0.0072772225632047015,0.031249267921639796,-1.9997788510977328e-11
2,0.2638275712783034,0.1620258131379613,-3.999999999994503,3.999999999994503,3.0,0.007277251532342827,0.031249267320832205,-1.9990309791817224e-11
3,0.26382883464802787,0.16202655415029696,-3.999999999994504,3.999999999994504,3.0,0.007277284973470064,0.03124926662697698,-1.999205326837627e-11
4,0.26383024677538214,0.1620273824138265,-3.999999999994505,3.999999999994505,3.0,0.007277322352334376,0.03124926585103823,-1.999378506751615e-11
5,0.2638317932141685,0.16202828945515413,-3.999999999994503,3.999999999994503,3.0,0.007277363286595234,0.031249265000832315,-1.998954879639948e-11
6,0.2638334631710084,0.1620292689433991,-3.999999999994503,3.999999999994503,3.0,0.007277407490600463,0.03124926408217188,-1.999562023083036e-11
