epoch,beta,coefficient,loss,expected_cut,best_measured_cut,success_probability_ancilla_1,max_postselected_probability,grad
0,0.2117252172583415,0.1310780689410816,-3.997686613775735,3.997686613775735,3.0,0.012336747944643598,0.06161572789506439,0.006066357309340181
1,0.20171344772943217,0.12504887058687483,-3.997754015694542,3.997754015694542,3.0,0.01212424688290148,0.06144791764149297,0.006507180380251133
2,0.19168181863186567,0.11898356740554099,-3.9978261323129516,3.9978261323129516,3.0,0.011920538945992624,0.06123355406971755,0.006958943157335955
3,0.18162308492370347,0.11287869637165077,-3.9979031235579434,3.9979031235579434,3.0,0.01172570105412411,0.0609698195682196,0.007420161103541467
4,0.17153042039957073,0.10673101818955293,-3.9979851371413275,3.9979851371413275,3.0,0.011539841086942731,0.060653851800840874,0.00788905205659316
5,0.16139747497638737,0.10053756407423062,-3.998072303880808,3.998072303880808,3.0,0.011363097678695176,0.060282779990089234,0.008363507072227638
6,0.15121842449934433,0.0942956781691728,-3.998164732502645,3.998164732502645,3.0,0.011195639401917389,0.05985376943830878,0.008841066261279349
