epoch,beta,coefficient,loss,expected_cut,best_measured_cut,success_probability_ancilla_1,max_postselected_probability,grad
0,-0.22573820003024037,-0.13947440367468555,-3.999999999995987,3.999999999995987,3.0,0.009970642965827182,0.04656264735683192,9.275087359708345e-12
1,-0.22573861469544068,-0.139474651378215,-3.9999999999959868,3.9999999999959868,3.0,0.009970652523669155,0.046562652154273736,9.274729998542998e-12
2,-0.22573912250034647,-0.13947495471942029,-3.999999999995988,3.999999999995988,3.0,0.0099706642283591,0.0465626580292026,9.27873672630777e-12
3,-0.2257397087407541,-0.1394753049145969,-3.9999999999959877,3.9999999999959877,3.0,0.009970677740982701,0.04656266481145382,9.277891709943286e-12
4,-0.22574036393633024,-0.13947569630056122,-3.99999999999599,3.99999999999599,3.0,0.00997069284303316,0.04656267239130112,9.272552646986057e-12
5,-0.2257410814398933,-0.1394761249065357,-3.999999999995986,3.999999999995986,3.0,0.009970709381306384,0.046562680691796754,9.273112785437257e-12
6,-0.22574185628767302,-0.13947658776734187,-3.999999999995987,3.999999999995987,3.0,0.009970727241400044,0.04656268965546952,9.278517210342775e-12
