epoch,beta,coefficient,loss,expected_cut,best_measured_cut,success_probability_ancilla_1,max_postselected_probability,grad
0,-0.2611603808991447,-0.1604603353593771,-3.9999999999889404,3.9999999999889404,0.0,0.0036163770687453693,0.015624999999956798,8.087557482764554e-11
1,-0.2611639951670132,-0.1604624581618009,-3.9999999999889377,3.9999999999889377,0.0,0.0036164726392415494,0.015624999999956788,8.0859142073091e-11
2,-0.26116842037726856,-0.16046505725741603,-3.9999999999889404,3.9999999999889404,0.0,0.0036165896546038324,0.015624999999956798,8.087285970429743e-11
3,-0.2611735285038709,-0.16046805744867543,-3.999999999988943,3.999999999988943,0.0,0.003616724730266557,0.015624999999956805,8.086694573374928e-11
4,-0.2611792377399602,-0.16047141068445547,-3.9999999999889395,3.9999999999889395,0.0,0.003616875703797746,0.015624999999956795,8.086544225663893e-11
5,-0.2611854898406574,-0.16047508275255443,-3.999999999988943,3.999999999988943,0.0,0.0036170410357936893,0.015624999999956805,8.085854489938185e-11
6,-0.2611922404351822,-0.16047904758960402,-3.999999999988943,3.999999999988943,0.0,0.003617219553709994,0.015624999999956809,8.0839397974227e-11
