epoch,beta,coefficient,loss,expected_cut,best_measured_cut,success_probability_ancilla_1,max_postselected_probability,grad
0,-0.44518118449654653,-0.43765516187175163,-0.999999999999863,0.999999999999863,0.0,0.0729735604941747,0.06249999999999144,5.27235440613122e-13
1,-0.4451812080931076,-0.43765518226598493,-0.9999999999998628,0.9999999999998628,0.0,0.07297356712467401,0.062499999999991424,5.282479686531586e-13
2,-0.445181236990712,-0.4376552072418477,-0.9999999999998626,0.9999999999998626,0.0,0.07297357524473647,0.06249999999999141,5.280196797681301e-13
3,-0.4451812703754715,-0.43765523609590556,-0.9999999999998632,0.9999999999998632,0.0,0.07297358462566428,0.06249999999999145,5.292234290645023e-13
4,-0.44518130769666614,-0.4376552683521775,-0.999999999999863,0.999999999999863,0.0,0.07297359511270834,0.06249999999999144,5.285610821449798e-13
