epoch,beta,coefficient,loss,expected_cut,best_measured_cut,success_probability_ancilla_1,max_postselected_probability,grad
0,-0.4391243751015149,-0.43240711158906525,-0.9999999999999472,0.9999999999999472,1.0,0.18976114821462503,0.1773006767513302,5.6146763425176655e-14
1,-0.4391243776139625,-0.43240711377149965,-0.9999999999999472,0.9999999999999472,1.0,0.1897611487225349,0.17730067672470667,5.623670373121217e-14
2,-0.43912438069465304,-0.4324071164475375,-0.9999999999999478,0.9999999999999478,1.0,0.18976114934531924,0.1773006766920618,5.640956578630539e-14
3,-0.43912438424469874,-0.43240711953128,-0.9999999999999475,0.9999999999999475,1.0,0.18976115006298722,0.17730067665444316,5.5928608792558346e-14
4,-0.4391243882082619,-0.432407122974224,-0.9999999999999476,0.9999999999999476,1.0,0.1897611508642508,0.1773006766124427,5.591145897434216e-14
