epoch,beta,coefficient,loss,expected_cut,best_measured_cut,success_probability_ancilla_1,max_postselected_probability,grad
0,0.5259516886180071,0.5050429215569056,-1.326873118950004,1.326873118950004,1.0,0.28158747490373853,0.22194991427803315,0.04193820709003682
1,0.5160088770437165,0.4970143934292625,-1.3272109144585822,1.3272109144585822,1.0,0.2810773238811438,0.22235873483011745,0.0366769862300635
2,0.5061801946604462,0.4890031951419096,-1.3274906450796484,1.3274906450796484,1.0,0.28059025116061137,0.22273952616396978,0.031235798502476094
3,0.4965425022785934,0.48107593188551295,-1.3277106824834368,1.3277106824834368,1.0,0.2801299391259052,0.22308937066711965,0.02565146136203115
4,0.4871976664529394,0.4733222210318289,-1.3278709409674367,1.3278709409674367,1.0,0.2797005894779754,0.22340537604688304,0.019977817223482686
5,0.47827690764997177,0.46585900705055017,-1.3279735748016237,1.3279735748016237,1.0,0.2793068709513029,0.22368488244856796,0.014290612391610323
6,0.46994176144780986,0.4588319715946106,-1.3280237051653183,1.3280237051653183,1.0,0.2789537181643157,0.2239257759684324,0.008692045531174518
7,0.46237776198829794,0.452410463617509,-1.3280299124088755,1.3280299124088755,1.0,0.2786459098945172,0.22412689110073528,0.0033129171309783895
