{
  "0": 0.0,
  "1": -0.5458249308885771,
  "2": 0.5450436627810873,
  "3": -0.47773681028012643,
  "4": 0.5584104519782799,
  "5": 0.6902215519061654,
  "6": 0.4597549017866234,
  "7": -0.48701290334009795,
  "8": -0.14939291182584172,
  "9": -0.6181551507452333,
  "10": 0.35886583468579686,
  "11": -0.016731727214678083,
  "12": -0.2129085175892487,
  "13": 0.0925195275951837,
  "14": -0.034669733239580926,
  "15": -0.5333463599390409,
  "16": 0.04962828327144898,
  "17": -0.1456723864580368,
  "18": 0.1819612926600448,
  "19": -0.1435514238882705,
  "20": 0.27006252220689314,
  "21": -0.05715725632795318,
  "22": 0.20852499195022536,
  "23": -0.14071629739061833,
  "24": 0.046772985662006744,
  "25": -0.06455820020475891,
  "26": 0.022268974022696352,
  "27": -0.02729918534520041,
  "28": 0.07906112270931676,
  "29": -0.16031574361537454,
  "30": 0.036337494738955374,
  "31": -0.11080268327913276,
  "32": 0.019686915412566505,
  "33": 0.14761401228932106,
  "34": -0.06748866082694821,
  "35": 0.028104226287619646,
  "36": -0.10432948693465767,
  "37": -0.010313574634048639,
  "38": -0.014929963136484807,
  "39": -0.12158021938775446,
  "40": 0.1862113952656899,
  "41": 0.009855500208298949,
  "42": -0.014106532238497022,
  "43": 0.15127750239206217,
  "44": -0.036448769481956154,
  "45": -0.19450616673108728,
  "46": 0.19014358318755714,
  "47": 0.002151413637830703,
  "48": -0.043489394135991774,
  "49": -0.026716139699349096,
  "50": 0.03521496993906674,
  "51": -0.02342954991416335,
  "52": 0.03930177832643064,
  "53": 0.05220409200002676,
  "54": -0.0469445694818967,
  "55": -0.027655569418989855,
  "56": 0.050847382108056324,
  "57": -0.030022062991773756,
  "58": 0.01625445592764254,
  "59": -0.02346993787831034,
  "60": 0.007556600956565078,
  "61": -0.06548886316115812,
  "62": -0.011892833248131668,
  "63": -0.021185595405842663
}