{
  "0": 0.0,
  "1": 0.0,
  "2": 0.2976151198071037,
  "3": -0.24906494427520764,
  "4": 0.0,
  "5": 0.4077877200286962,
  "6": 0.33436750694635314,
  "7": -0.08538432595546175,
  "8": -0.24723685763884853,
  "9": 0.0,
  "10": 0.0,
  "11": 0.0,
  "12": -0.31354411344086275,
  "13": 0.0,
  "14": -0.19273959366110655,
  "15": -0.13276012377745847,
  "16": -0.07184725319095374,
  "17": -0.23847189865247417,
  "18": -0.10286060134966414,
  "19": 0.009668092784547827,
  "20": 0.2078770029798145,
  "21": 0.12674548958778778,
  "22": -0.0654620651670686,
  "23": 0.21441957712050352,
  "24": 0.14584729199868682,
  "25": -0.14372282530686017,
  "26": 0.14283153327817413,
  "27": 0.02697541670524993,
  "28": 0.0,
  "29": 0.0,
  "30": -0.12620318645974793,
  "31": -0.08048333966393861,
  "32": 0.0,
  "33": 0.0,
  "34": 0.0,
  "35": -0.016824601824953263,
  "36": -0.1886492116134543,
  "37": -0.032461341869348556,
  "38": -0.009614341437194094,
  "39": -0.20421091519905146,
  "40": 0.2270373898010156,
  "41": 0.03924806694669796,
  "42": 0.07476717294353308,
  "43": 0.16328375743456255,
  "44": 0.0,
  "45": 0.08110251663802295,
  "46": 0.08665574454163945,
  "47": 0.0,
  "48": 0.07335138045410075,
  "49": 0.0,
  "50": 0.014184816562813793,
  "51": 0.03416596767650167,
  "52": -0.00791089050372035,
  "53": -0.13873053238713792,
  "54": -0.08978678588075122,
  "55": -0.03532670369888528,
  "56": 0.0,
  "57": 0.0,
  "58": 0.0,
  "59": 0.0,
  "60": -0.008387000645057667,
  "61": 0.006631977089705953,
  "62": 0.0,
  "63": 0.0
}