epoch,beta,coefficient,loss,expected_cut,best_measured_cut,success_probability_ancilla_1,max_postselected_probability,grad
0,-0.29869931266659017,-0.22786117198623854,-4.900780244704183,4.900780244704183,4.0,0.15629186404442114,0.053205723611884304,-0.006262975498973534
1,-0.2923371185092977,-0.22327650459389986,-4.900764955701538,4.900764955701538,4.0,0.15593047973665508,0.0530997737544056,0.00027907344683157225
2,-0.2921041461169016,-0.2231083050677679,-4.900763879730412,4.900763879730412,4.0,0.15591735896962045,0.05309582934368192,0.004539733053849651
3,-0.2949583540152434,-0.22516742432870218,-4.900774539965108,4.900774539965108,4.0,0.15607865476359506,0.05314383773549856,0.004697181819182617
4,-0.29886512961566497,-0.227980436829986,-4.900780281856068,4.900780281856068,4.0,0.15630136148668478,0.05320843952281386,0.0027751790658583587
