{
  "0": 0.0,
  "1": -0.4276419952513619,
  "2": 0.4555528677451658,
  "3": -0.5182984810922697,
  "4": -0.4374943735466084,
  "5": 0.7162200476156131,
  "6": 0.16074829824685477,
  "7": 0.3454523411057829,
  "8": 0.08355138277139879,
  "9": -0.009761884781142899,
  "10": -0.11377557223622789,
  "11": -0.005393175520165911,
  "12": -0.2258662485060566,
  "13": 0.07371115177483159,
  "14": -0.1416674769322081,
  "15": -0.2637940482196825
}