{
  "0": 0.0,
  "1": -0.2400568755434997,
  "2": 0.2453671255917395,
  "3": -0.23735739417850413,
  "4": -0.34562731155333454,
  "5": 0.2462310264105412,
  "6": 0.019653558688953618,
  "7": 0.21460237941980648,
  "8": 0.10499322360639667,
  "9": -0.02043087040970052,
  "10": -0.007382651921163901,
  "11": 0.014589412884054924,
  "12": 0.0,
  "13": 0.0,
  "14": 0.00620686682438602,
  "15": 0.0,
  "16": -0.06424868882812206,
  "17": 0.1748324678343537,
  "18": 0.1816153276967495,
  "19": -0.02048161787528435,
  "20": -0.24156145219640116,
  "21": 0.07702075246269699,
  "22": 0.07689634896823778,
  "23": -0.20798074372272166,
  "24": 0.05211424743118551,
  "25": 0.01537448541597212,
  "26": -0.11879598775889705,
  "27": 0.0782194687787054,
  "28": 0.1666230152819874,
  "29": -0.09155082602046413,
  "30": 0.03308049065935527,
  "31": -0.16978291699265288,
  "32": 0.1085630788711785,
  "33": -0.05952152330111548,
  "34": -0.0054529024345607476,
  "35": -0.05865749698296372,
  "36": 0.03597365547079862,
  "37": 0.09753241960768164,
  "38": -0.09961886659338803,
  "39": 0.07479970960416114,
  "40": -0.021863279264358906,
  "41": 0.023335120082234137,
  "42": -0.07769459827658053,
  "43": 0.040058393967533724,
  "44": 0.04434989131327562,
  "45": -0.06137498256945111,
  "46": 0.0,
  "47": -0.0712827113740753,
  "48": -0.007726160445964053,
  "49": 0.034662194552027376,
  "50": -0.02443139433564313,
  "51": 0.0,
  "52": 0.030587089300862045,
  "53": 0.018231394695516528,
  "54": 0.03188260772489312,
  "55": -0.039455834308100186,
  "56": -0.04121282736607184,
  "57": -0.07461117612761356,
  "58": -0.08825567826626832,
  "59": 0.0989709632670623,
  "60": 0.09218465526443076,
  "61": -0.05870056177985583,
  "62": 0.07998512257061649,
  "63": 0.059494599391686324
}