epoch,beta,coefficient,loss,expected_cut,best_measured_cut,success_probability_ancilla_1,max_postselected_probability,grad
0,0.4560730551321695,0.44702585275281015,-2.4994572066915604,2.4994572066915604,1.0,0.1351918894585213,0.12493215083645892,0.0652597691041994
1,0.44628699622115425,0.43861046020878897,-2.4998230835923225,2.4998230835923225,1.0,0.13281270044112925,0.12497788544905447,0.046978368327845244
2,0.43705996668295516,0.43061233850844116,-2.499986805008588,2.499986805008588,1.0,0.13058913624190485,0.12499835062608786,0.027532752819069074
3,0.42900728077627126,0.4235823459893366,-2.4999749813119814,2.4999749813119814,1.0,0.12866520495245853,0.12499687266401226,0.0077066296197010175
4,0.42294398762125973,0.4182587458043642,-2.499864836454743,2.499864836454743,1.0,0.12722734102832842,0.12498310455685749,-0.010841472479111158
5,0.41942885281722736,0.41516059178649545,-2.499759279149247,2.499759279149247,1.0,0.12639814781362133,0.12496990989367067,-0.02560704249255687
