{
  "config": {
    "N_VERTICES": 4,
    "PROB_ARESTA": 0.85,
    "COM_PESO": false,
    "PESO_MIN": 1,
    "PESO_MAX": 1,
    "GRAPH_SEED": 104271,
    "GRAPH_EDGES": [
      [
        0,
        1,
        1.0
      ],
      [
        0,
        2,
        1.0
      ],
      [
        0,
        3,
        1.0
      ],
      [
        1,
        3,
        1.0
      ],
      [
        2,
        3,
        1.0
      ]
    ],
    "REVERSE_BITS": false,
    "ER": 0.75,
    "MAX_TERMS": null,
    "A_MAX": 0.6283185307179586,
    "INIT_BETA": 0.25,
    "MAX_EPOCHS": 200,
    "LR": 0.01,
    "FD_EPS": 0.01,
    "LOSS_TOL_LAST5": 0.002,
    "PATIENCE_LAST5": 7,
    "TRAIN_SEED": 0,
    "INIT_BETA_JITTER": 0.03,
    "OPTIMIZER": "adam",
    "ADAM_BETA1": 0.9,
    "ADAM_BETA2": 0.999,
    "ADAM_EPS": 1e-08,
    "COEF_ZERO_TOL": 0.002,
    "IMPROVEMENT_TOL": 0.002,
    "SATURATION_PATIENCE": 60,
    "INDEX_STRATEGY": "ascending",
    "INDEX_RANDOM_SEED": 42,
    "ENABLE_BACKWARD_PRUNING": false,
    "BACKWARD_PASSES": 1,
    "PRUNE_IMPROVEMENT_TOL": 1e-06,
    "OUTDIR": "benchmark_results_walsh_article/unweighted/coarse_loader/n4/graph01_trainseed00",
    "SHOW_PLOTS": false,
    "name": "coarse_loader"
  },
  "n_qubits_register": 4,
  "graph_edges": [
    [
      0,
      1,
      1.0
    ],
    [
      0,
      2,
      1.0
    ],
    [
      0,
      3,
      1.0
    ],
    [
      1,
      3,
      1.0
    ],
    [
      2,
      3,
      1.0
    ]
  ],
  "graph_signature": "36d4961c72903175cef8219a78618293792cc3cd1b729b430a90aa47da048173",
  "graph_num_edges": 5,
  "graph_density": 0.8333333333333334,
  "best_cut_bruteforce": 4.0,
  "best_bitstring_bruteforce": "0110",
  "best_index_bruteforce": 6,
  "candidate_order": [
    1,
    2,
    3,
    4,
    5,
    6,
    7,
    8,
    9,
    10,
    11,
    12,
    13,
    14,
    15
  ],
  "total_possible_parameters": 15,
  "visited_parameters": 15,
  "trained_coefficients": {
    "0": 0.0,
    "1": -0.16996166819702166,
    "2": 0.16921345334283935,
    "3": 0.0,
    "4": 0.123142228611631,
    "5": 0.0,
    "6": 0.0,
    "7": -0.14814278949241694,
    "8": -0.05670050608610716,
    "9": 0.0,
    "10": 0.0,
    "11": 0.09094880843868304,
    "12": 0.0,
    "13": 0.10008948771826617,
    "14": -0.11704470457370984,
    "15": 0.0
  },
  "final_coefficient_vector": [
    0.0,
    -0.16996166819702166,
    0.16921345334283935,
    0.0,
    0.123142228611631,
    0.0,
    0.0,
    -0.14814278949241694,
    -0.05670050608610716,
    0.0,
    0.0,
    0.09094880843868304,
    0.0,
    0.10008948771826617,
    -0.11704470457370984,
    0.0
  ],
  "active_indices": [
    1,
    2,
    4,
    7,
    8,
    11,
    13,
    14
  ],
  "active_parameter_count": 8,
  "compression_ratio_active_over_total": 0.5333333333333333,
  "final_loss": -3.906407957562596,
  "final_expected_cut": 3.906407957562596,
  "best_expected_cut_over_evolution": 3.906407957562596,
  "final_best_measured_index": 6,
  "final_best_measured_bitstring": "0110",
  "final_best_measured_cut": 4.0,
  "best_measured_cut_over_evolution": 4.0,
  "final_success_probability_ancilla_1": 0.01752245436766648,
  "final_max_postselected_probability": 0.4561679191475524,
  "gap_expected_to_bruteforce": 0.09359204243740393,
  "gap_measured_to_bruteforce": 0.0,
  "approx_ratio_measured": 1.0,
  "n_steps": 15,
  "elapsed_seconds": 6.471648454666138,
  "steps": [
    {
      "visit_idx": 1,
      "j": 1,
      "kept": true,
      "beta": -0.277405802877502,
      "coefficient": -0.16996166819702166,
      "loss": -2.5,
      "expected_cut": 2.5,
      "best_measured_cut": 0.0,
      "success_probability_ancilla_1": 0.00405673237493864,
      "epochs_run": 7,
      "stop_reason": "loss_plateau_last5",
      "history_path": "benchmark_results_walsh_article/unweighted/coarse_loader/n4/graph01_trainseed00/histories/history_visit001_j001.json",
      "improvement_vs_previous": 2.5
    },
    {
      "visit_idx": 2,
      "j": 2,
      "kept": true,
      "beta": 0.27612141432809634,
      "coefficient": 0.16921345334283935,
      "loss": -2.999995107332199,
      "expected_cut": 2.999995107332199,
      "best_measured_cut": 2.0,
      "success_probability_ancilla_1": 0.008045248275055362,
      "epochs_run": 7,
      "stop_reason": "loss_plateau_last5",
      "history_path": "benchmark_results_walsh_article/unweighted/coarse_loader/n4/graph01_trainseed00/histories/history_visit002_j002.json",
      "improvement_vs_previous": 0.4999951073321989
    },
    {
      "visit_idx": 3,
      "j": 3,
      "kept": false,
      "beta": -0.0006916639666935112,
      "coefficient": 0.0,
      "loss": -2.999995107332199,
      "expected_cut": 2.999995107332199,
      "best_measured_cut": 2.0,
      "success_probability_ancilla_1": 0.008045248275055362,
      "epochs_run": 29,
      "stop_reason": "loss_plateau_last5_and_discarded_near_zero",
      "history_path": "benchmark_results_walsh_article/unweighted/coarse_loader/n4/graph01_trainseed00/histories/history_visit003_j003.json",
      "improvement_vs_previous": 0.0
    },
    {
      "visit_idx": 4,
      "j": 4,
      "kept": true,
      "beta": 0.1985557549686697,
      "coefficient": 0.123142228611631,
      "loss": -3.1816227176797685,
      "expected_cut": 3.1816227176797685,
      "best_measured_cut": 4.0,
      "success_probability_ancilla_1": 0.010141884016850441,
      "epochs_run": 12,
      "stop_reason": "loss_plateau_last5",
      "history_path": "benchmark_results_walsh_article/unweighted/coarse_loader/n4/graph01_trainseed00/histories/history_visit004_j004.json",
      "improvement_vs_previous": 0.18162761034756958
    },
    {
      "visit_idx": 5,
      "j": 5,
      "kept": false,
      "beta": -0.0012634840433732343,
      "coefficient": 0.0,
      "loss": -3.1816227176797685,
      "expected_cut": 3.1816227176797685,
      "best_measured_cut": 4.0,
      "success_probability_ancilla_1": 0.010141884016850441,
      "epochs_run": 30,
      "stop_reason": "loss_plateau_last5_and_discarded_near_zero",
      "history_path": "benchmark_results_walsh_article/unweighted/coarse_loader/n4/graph01_trainseed00/histories/history_visit005_j005.json",
      "improvement_vs_previous": 0.0
    },
    {
      "visit_idx": 6,
      "j": 6,
      "kept": false,
      "beta": 0.0010280631440767254,
      "coefficient": 0.0,
      "loss": -3.1816227176797685,
      "expected_cut": 3.1816227176797685,
      "best_measured_cut": 4.0,
      "success_probability_ancilla_1": 0.010141884016850441,
      "epochs_run": 32,
      "stop_reason": "loss_plateau_last5_and_discarded_near_zero",
      "history_path": "benchmark_results_walsh_article/unweighted/coarse_loader/n4/graph01_trainseed00/histories/history_visit006_j006.json",
      "improvement_vs_previous": 0.0
    },
    {
      "visit_idx": 7,
      "j": 7,
      "kept": true,
      "beta": -0.24029733195375058,
      "coefficient": -0.14814278949241694,
      "loss": -3.4824698874432025,
      "expected_cut": 3.4824698874432025,
      "best_measured_cut": 4.0,
      "success_probability_ancilla_1": 0.013080103076890486,
      "epochs_run": 7,
      "stop_reason": "loss_plateau_last5",
      "history_path": "benchmark_results_walsh_article/unweighted/coarse_loader/n4/graph01_trainseed00/histories/history_visit007_j007.json",
      "improvement_vs_previous": 0.30084716976343406
    },
    {
      "visit_idx": 8,
      "j": 8,
      "kept": true,
      "beta": -0.09048782481336035,
      "coefficient": -0.05670050608610716,
      "loss": -3.5186756587324712,
      "expected_cut": 3.5186756587324712,
      "best_measured_cut": 4.0,
      "success_probability_ancilla_1": 0.013520311627035889,
      "epochs_run": 43,
      "stop_reason": "loss_plateau_last5",
      "history_path": "benchmark_results_walsh_article/unweighted/coarse_loader/n4/graph01_trainseed00/histories/history_visit008_j008.json",
      "improvement_vs_previous": 0.03620577128926872
    },
    {
      "visit_idx": 9,