{
  "config": {
    "N_VERTICES": 4,
    "PROB_ARESTA": 0.85,
    "COM_PESO": false,
    "PESO_MIN": 1,
    "PESO_MAX": 1,
    "GRAPH_SEED": 104781,
    "GRAPH_EDGES": [
      [
        0,
        2,
        1.0
      ],
      [
        0,
        3,
        1.0
      ],
      [
        1,
        2,
        1.0
      ],
      [
        1,
        3,
        1.0
      ],
      [
        2,
        3,
        1.0
      ]
    ],
    "REVERSE_BITS": false,
    "ER": 1.0,
    "MAX_TERMS": null,
    "A_MAX": 0.7853981633974483,
    "INIT_BETA": 0.35,
    "MAX_EPOCHS": 200,
    "LR": 0.01,
    "FD_EPS": 0.01,
    "LOSS_TOL_LAST5": 0.001,
    "PATIENCE_LAST5": 5,
    "TRAIN_SEED": 0,
    "INIT_BETA_JITTER": 0.05,
    "OPTIMIZER": "adam",
    "ADAM_BETA1": 0.9,
    "ADAM_BETA2": 0.999,
    "ADAM_EPS": 1e-08,
    "COEF_ZERO_TOL": 0.001,
    "IMPROVEMENT_TOL": 0.001,
    "SATURATION_PATIENCE": 100,
    "INDEX_STRATEGY": "ascending",
    "INDEX_RANDOM_SEED": 42,
    "ENABLE_BACKWARD_PRUNING": true,
    "BACKWARD_PASSES": 2,
    "PRUNE_IMPROVEMENT_TOL": 0.0001,
    "OUTDIR": "benchmark_results_walsh_article/unweighted/with_pruning/n4/graph06_trainseed00",
    "SHOW_PLOTS": false,
    "name": "with_pruning"
  },
  "n_qubits_register": 4,
  "graph_edges": [
    [
      0,
      2,
      1.0
    ],
    [
      0,
      3,
      1.0
    ],
    [
      1,
      2,
      1.0
    ],
    [
      1,
      3,
      1.0
    ],
    [
      2,
      3,
      1.0
    ]
  ],
  "graph_signature": "d0a2f764541f34d9979e15c4cf98ceeae9b64c9a96b6d443de24544368e1cb36",
  "graph_num_edges": 5,
  "graph_density": 0.8333333333333334,
  "best_cut_bruteforce": 4.0,
  "best_bitstring_bruteforce": "0011",
  "best_index_bruteforce": 3,
  "candidate_order": [
    1,
    2,
    3,
    4,
    5,
    6,
    7,
    8,
    9,
    10,
    11,
    12,
    13,
    14,
    15
  ],
  "total_possible_parameters": 15,
  "visited_parameters": 15,
  "trained_coefficients": {
    "0": 0.0,
    "1": -0.2954847717940816,
    "2": 0.2976151033042744,
    "3": -0.24906487504201352,
    "4": 0.2564368927987462,
    "5": 0.4077878449159611,
    "6": 0.33436751445470525,
    "7": -0.08538446986372059,
    "8": -0.24723708136461453,
    "9": 0.0,
    "10": 0.0,
    "11": 0.053015796944256594,
    "12": -0.31354403442338225,
    "13": 0.20535983718754822,
    "14": -0.19273943149210085,
    "15": -0.13276012649567917
  },
  "final_coefficient_vector": [
    0.0,
    -0.2954847717940816,
    0.2976151033042744,
    -0.24906487504201352,
    0.2564368927987462,
    0.4077878449159611,
    0.33436751445470525,
    -0.08538446986372059,
    -0.24723708136461453,
    0.0,
    0.0,
    0.053015796944256594,
    -0.31354403442338225,
    0.20535983718754822,
    -0.19273943149210085,
    -0.13276012649567917
  ],
  "active_indices": [
    1,
    2,
    3,
    4,
    5,
    6,
    7,
    8,
    11,
    12,
    13,
    14,
    15
  ],
  "active_parameter_count": 13,
  "compression_ratio_active_over_total": 0.8666666666666667,
  "final_loss": -3.290390207396908,
  "final_expected_cut": 3.290390207396908,
  "best_expected_cut_over_evolution": 3.150182290668469,
  "final_best_measured_index": 9,
  "final_best_measured_bitstring": "1001",
  "final_best_measured_cut": 3.0,
  "best_measured_cut_over_evolution": 3.0,
  "final_success_probability_ancilla_1": 0.17526222818862952,
  "final_max_postselected_probability": 0.2508314357857235,
  "gap_expected_to_bruteforce": 0.709609792603092,
  "gap_measured_to_bruteforce": 1.0,
  "approx_ratio_measured": 0.75,
  "n_steps": 15,
  "elapsed_seconds": 38.92047953605652,
  "steps": [
    {
      "visit_idx": 1,
      "j": 1,
      "kept": true,
      "beta": -0.39565244752645634,
      "coefficient": -0.2954847717940816,
      "loss": -2.5,
      "expected_cut": 2.5,
      "best_measured_cut": 0.0,
      "success_probability_ancilla_1": 0.02166945628911856,
      "epochs_run": 5,
      "stop_reason": "loss_plateau_last5",
      "history_path": "benchmark_results_walsh_article/unweighted/with_pruning/n4/graph06_trainseed00/histories/history_visit001_j001.json",
      "improvement_vs_previous": 2.5
    },
    {
      "visit_idx": 2,
      "j": 2,
      "kept": true,
      "beta": 0.39881586942941494,
      "coefficient": 0.2976151033042744,
      "loss": -2.5,
      "expected_cut": 2.5,
      "best_measured_cut": 2.0,
      "success_probability_ancilla_1": 0.04269755732967987,
      "epochs_run": 5,
      "stop_reason": "loss_plateau_last5",
      "history_path": "benchmark_results_walsh_article/unweighted/with_pruning/n4/graph06_trainseed00/histories/history_visit002_j002.json",
      "improvement_vs_previous": 0.0
    },
    {
      "visit_idx": 3,
      "j": 3,
      "kept": true,
      "beta": -0.32844099658591674,
      "coefficient": -0.24906487504201352,
      "loss": -2.5000000000000004,
      "expected_cut": 2.5000000000000004,
      "best_measured_cut": 2.0,
      "success_probability_ancilla_1": 0.056808377989544176,
      "epochs_run": 5,
      "stop_reason": "loss_plateau_last5",
      "history_path": "benchmark_results_walsh_article/unweighted/with_pruning/n4/graph06_trainseed00/histories/history_visit003_j003.json",
      "improvement_vs_previous": 4.440892098500626e-16
    },
    {
      "visit_idx": 4,
      "j": 4,
      "kept": true,
      "beta": 0.3389118488434182,
      "coefficient": 0.2564368927987462,
      "loss": -2.4981639242790035,
      "expected_cut": 2.4981639242790035,
      "best_measured_cut": 2.0,
      "success_probability_ancilla_1": 0.07130081172503634,
      "epochs_run": 5,
      "stop_reason": "loss_plateau_last5",
      "history_path": "benchmark_results_walsh_article/unweighted/with_pruning/n4/graph06_trainseed00/histories/history_visit004_j004.json",
      "improvement_vs_previous": -0.001836075720996977
    },
    {
      "visit_idx": 5,
      "j": 5,
      "kept": true,
      "beta": 0.575259782999824,
      "coefficient": 0.4077878449159611,
      "loss": -2.713947227468101,
      "expected_cut": 2.713947227468101,
      "best_measured_cut": 3.0,
      "success_probability_ancilla_1": 0.10993180288439634,
      "epochs_run": 117,
      "stop_reason": "loss_plateau_last5",
      "history_path": "benchmark_results_walsh_article/unweighted/with_pruning/n4/graph06_trainseed00/histories/history_visit005_j005.json",
      "improvement_vs_previous": 0.21578330318909744
    },
    {
      "visit_idx": 6,
      "j": 6,
      "kept": true,
      "beta": 0.454669715629423,
      "coefficient": 0.33436751445470525,
      "loss": -2.799668104339947,
      "expected_cut": 2.799668104339947,
      "best_measured_cut": 3.0,
      "success_probability_ancilla_1": 0.13412188889866902,
      "epochs_run": 9,
      "stop_reason": "loss_plateau_last5",
      "history_path": "benchmark_results_walsh_article/unweighted/with_pruning/n4/graph06_trainseed00/histories/history_visit006_j006.json",
      "improvement_vs_previous": 0.08572087687184604
    },
    {
      "visit_idx": 7,
      "j": 7,
      "kept": true,
      "beta": -0.10914624434421362,
      "coefficient": -0.08538446986372059,
      "loss": -2.801026281672887,
      "expected_cut": 2.801026281672887,
      "best_measured_cut": 3.0,
      "success_probability_ancilla_1": 0.13612739003081198,
      "epochs_run": 28,
      "stop_reason": "loss_plateau_last5",
      "history_path": "benchmark_results_walsh_article/unweighted/with_pruning/n4/graph06_trainseed00/histories/history_visit007_j007.json",
      "improvement_vs_previous": 0.0013581773329400804
    },
    {
      "visit_idx": 8,
      "j": 8,
      "kept": true,
      "beta": -0.32585568979462287,
      "coefficient": -0.24723708136461453,
      "loss": -2.865497063857095,
      "expected_cut": 2.865497063857095,
      "best_measured_cut": 3.0,
      "success_probability_ancilla_1": 0.14719192659776456,
      "epochs_run": 87,
      "stop_reason": "loss_plateau_last5",