{
  "0": 0.0,
  "1": -0.2400560918642313,
  "2": 0.2396391304416883,
  "3": 0.0,
  "4": 0.1731821754001677,
  "5": 0.0,
  "6": 0.0,
  "7": -0.20829989983609218,
  "8": 0.032600716985796335,
  "9": 0.0,
  "10": 0.0,
  "11": -0.03081042485359131,
  "12": 0.0,
  "13": 0.0180867298407642,
  "14": -0.008505670073695359,
  "15": 0.0
}