epoch,beta,coefficient,loss,expected_cut,best_measured_cut,success_probability_ancilla_1,max_postselected_probability,grad
0,0.3045513497838851,0.23206330524500154,-2.499999999999083,2.499999999999083,2.0,0.027264690611246197,0.12497029955463732,-2.6929181381963705e-12
1,0.3045514702029498,0.23206339156498615,-2.4999999999990834,2.4999999999990834,2.0,0.027264700254675377,0.1249703002773833,-2.6937538622125654e-12
2,0.3045516176297013,0.23206349724487957,-2.499999999999083,2.499999999999083,2.0,0.027264712060944662,0.12497030116221494,-2.692436588448922e-12
3,0.3045517877572006,0.2320636191973347,-2.4999999999990834,2.4999999999990834,2.0,0.027264725685146703,0.12497030218327587,-2.689572632390621e-12
4,0.3045519779596793,0.2320637555401181,-2.4999999999990843,2.4999999999990843,2.0,0.027264740917006033,0.12497030332480012,-2.694454923024817e-12
