epoch,beta,coefficient,loss,expected_cut,best_measured_cut,success_probability_ancilla_1,max_postselected_probability,grad
0,-0.38237763409711417,-0.2864901003369826,-4.909131915783404,4.909131915783404,4.0,0.17681296646110164,0.05488517851540512,-0.048410118090302955
1,-0.37241654236404853,-0.27968313452973986,-4.9095441301969736,4.9095441301969736,4.0,0.17618958780700497,0.05478627523975137,-0.04376957326884522
2,-0.3625300271784008,-0.2728792104121815,-4.909905048732795,4.909905048732795,4.0,0.17558148127752765,0.05468155906807812,-0.038965095631304694
3,-0.3527634282275879,-0.26611175719590047,-4.910212706325737,4.910212706325737,4.0,0.17499153215181518,0.05457156645976829,-0.03401752190344904
4,-0.3431737618049476,-0.25942317601470233,-4.910465880847437,4.910465880847437,4.0,0.17442308416675223,0.054457109713394763,-0.028955700948149227
5,-0.33383178175509265,-0.2528664702596097,-4.91066439800653,4.91066439800653,4.0,0.1738799812125823,0.05433934364874462,-0.02381833397040515
6,-0.32482359831352625,-0.24650656741724414,-4.91080948276173,4.91080948276173,4.0,0.17336657462235575,0.0542198301042857,-0.018655881193368244
