epoch,beta,coefficient,loss,expected_cut,best_measured_cut,success_probability_ancilla_1,max_postselected_probability,grad
0,-0.34531777146038023,-0.2609222941749228,-4.499999999999231,4.499999999999231,2.0,0.05839560787518623,0.046058689664737786,1.0868936605803104e-12
1,-0.3453178200852022,-0.26092232814983657,-4.499999999999228,4.499999999999228,2.0,0.05839561188125353,0.04605868993674388,1.0881621445277997e-12
2,-0.34531787957466553,-0.2609223697160416,-4.499999999999229,4.499999999999229,2.0,0.05839561678242969,0.04605869026952607,1.0851561672421206e-12
3,-0.3453179482637701,-0.2609224177101757,-4.499999999999231,4.499999999999231,2.0,0.05839562244154015,0.046058690653770155,1.087425928371321e-12
4,-0.3453180250268573,-0.2609224713457231,-4.49999999999923,4.49999999999923,2.0,0.05839562876584522,0.046058691083178914,1.0860569849643398e-12
