epoch,beta,coefficient,loss,expected_cut,best_measured_cut,success_probability_ancilla_1,max_postselected_probability,grad
0,-0.3781912913172946,-0.28363529762794765,-10.499999999994746,10.499999999994746,0.0,0.01997777243190852,0.003906249999998045,2.5127206217956916e-11
1,-0.37819241440134427,-0.2836360646573605,-10.499999999994746,10.499999999994746,0.0,0.019977879757695848,0.003906249999998046,2.5117361569152165e-11
2,-0.3781937895781317,-0.28363700385696217,-10.49999999999474,10.49999999999474,0.0,0.019978011174601178,0.0039062499999980432,2.5125187729462728e-11
3,-0.37819537747552134,-0.2836380883364367,-10.499999999994746,10.499999999994746,0.0,0.01997816292022681,0.003906249999998045,2.5145542838317278e-11
4,-0.3781971522635912,-0.2836393004543662,-10.499999999994746,10.499999999994746,0.0,0.019978332526311978,0.003906249999998046,2.512630858400529e-11
