epoch,beta,coefficient,loss,expected_cut,best_measured_cut,success_probability_ancilla_1,max_postselected_probability,grad
0,0.23569573876063935,0.1454093040265912,-5.499999999991572,5.499999999991572,4.0,0.006523767805115344,0.031182847138070815,-3.114023788347427e-11
1,0.23569713083347768,0.1454101318461355,-5.499999999991573,5.499999999991573,4.0,0.006523801351398874,0.03118285535689972,-3.113943382850751e-11
2,0.23569883524501792,0.14541114540241976,-5.499999999991571,5.499999999991571,4.0,0.0065238424246752275,0.031182865419035023,-3.113768241876206e-11
3,0.235700802838101,0.14541231546293176,-5.499999999991569,5.499999999991569,4.0,0.006523889840471395,0.031182877033860208,-3.114185095871037e-11
4,0.23570300217993137,0.14541362333525998,-5.499999999991568,5.499999999991568,4.0,0.0065239428414344824,0.031182890015413592,-3.114603070917767e-11
5,0.23570541078265275,0.1454150556462568,-5.499999999991566,5.499999999991566,4.0,0.0065240008857657735,0.031182904230550174,-3.114116818232905e-11
6,0.23570801172386707,0.14541660233237128,-5.49999999999157,5.49999999999157,4.0,0.006524063565782447,0.031182919578986733,-3.1144622497078306e-11
