epoch,beta,coefficient,loss,expected_cut,best_measured_cut,success_probability_ancilla_1,max_postselected_probability,grad
0,0.23829690014099542,0.14695519484511999,-5.985768947055206,5.985768947055206,5.0,0.025411667384133956,0.10395940452244304,0.22481570835082929
1,0.22831810071762704,0.14101464235693317,-5.9878045886089595,5.9878045886089595,5.0,0.025182379115485768,0.10387183753060845,0.21117649862499419
2,0.2183792340943539,0.13507135379618387,-5.989683729470785,5.989683729470785,5.0,0.024962417210379246,0.10374754133835726,0.1966671132166807
3,0.20850332102637964,0.12914049942861405,-5.991395598391914,5.991395598391914,5.0,0.024752324403492235,0.10358609257608171,0.18132500321250544
4,0.19871840180300487,0.12324049413590413,-5.992930529073046,5.992930529073046,5.0,0.02455265435393979,0.10338763717170248,0.16520621106864086
5,0.1890583309932847,0.11739350686065501,-5.994280498473399,5.994280498473399,5.0,0.024363962996279083,0.1031530379011534,0.148388349295742
6,0.17956356965558826,0.11162596770700274,-5.995439759293008,5.995439759293008,5.0,0.024186796582066777,0.10288403623717976,0.130973590565644
7,0.1702818832251964,0.10596901410036264,-5.996405551635003,5.996405551635003,5.0,0.024021675739845864,0.10258341951265841,0.11309143559757821
8,0.16126880266485585,0.1004587852149601,-5.997178856447508,5.997178856447508,5.0,0.023869075063191473,0.10225517741052884,0.09490090231404887
9,0.1525876500899203,0.09513643803786978,-5.997765121806452,5.997765121806452,5.0,0.02372939820819506,0.10190462298350923,0.07659163403872861
10,0.1443088831765339,0.09004772862515094,-5.998174854919448,5.998174854919448,5.0,0.023602949354527863,0.10153844422507959,0.058383279511004305
11,0.1365085026728738,0.08524199576093568,-5.998423936392928,5.998423936392928,5.0,0.023489903192648216,0.10116464585683327,0.04052240491154798
12,0.12926533071638238,0.08077042452722447,-5.998533495121854,5.998533495121854,5.0,0.023390277181451383,0.10079234250151185,0.02327624122027002
13,0.12265713505564071,0.07668357372436586,-5.998529204061421,5.998529204061421,5.0,0.02330391120186758,0.10043137930290237,0.006922848482309179
14,0.11675584317789098,0.07302832210428686,-5.998439937124246,5.998439937124246,5.0,0.023230460143073874,0.10009178701188165,-0.008262141336291547
