epoch,beta,coefficient,loss,expected_cut,best_measured_cut,success_probability_ancilla_1,max_postselected_probability,grad
0,-0.23227786149391141,-0.14337520410254267,-5.499999999994133,5.499999999994133,2.0,0.009374086570598695,0.04666856751895544,1.4808747793665447e-11
1,-0.23227852354911158,-0.1433755984238353,-5.499999999994133,5.499999999994133,2.0,0.009374102233648516,0.04666857086203649,1.4808632534415674e-11
2,-0.23227933410985743,-0.1433760811951413,-5.499999999994131,5.499999999994131,2.0,0.009374121410127702,0.046668574954789974,1.480506220009063e-11
3,-0.23228026988798242,-0.14337663854590105,-5.499999999994133,5.499999999994133,2.0,0.009374143549106812,0.04666857967950923,1.481109653596555e-11
4,-0.23228131573879762,-0.14337726145582733,-5.499999999994133,5.499999999994133,2.0,0.009374168292315913,0.04666858495961144,1.480217993698432e-11
5,-0.23228246109237857,-0.14337794362937215,-5.499999999994133,5.499999999994133,2.0,0.009374195389715508,0.046668590741615716,1.480564317863622e-11
6,-0.23228369791496994,-0.1433786802815351,-5.499999999994135,5.499999999994135,2.0,0.009374224651267148,0.04666859698484863,1.480787087136206e-11
