{
  "0": 0.0,
  "1": -0.2975790400668326,
  "2": 0.29714845553237634,
  "3": -0.26092228347791163,
  "4": 0.4410150320587087,
  "5": -0.021843722121489308,
  "6": 0.3046774484743875,
  "7": -0.30551914183668305,
  "8": -0.13549781906245728,
  "9": 0.1005577833722711,
  "10": 0.10962778247011712,
  "11": 0.11864455143334722,
  "12": -0.19332668096691083,
  "13": 0.20162208842622875,
  "14": -0.2580646624614533,
  "15": -0.09088269220141994,
  "16": 0.012030881495279986,
  "17": -0.012524398400617217,
  "18": 0.012031709412733826,
  "19": -0.012260554317104336,
  "20": 0.017738710629423362,
  "21": -0.021103492834268253,
  "22": 0.023132556855087416,
  "23": -0.020468871119610467,
  "24": 0.0143242851651435,
  "25": -0.01520495338494059,
  "26": 0.012638876289550221,
  "27": -0.013073567709837286,
  "28": 0.013758927330860196,
  "29": -0.016135884506919277,
  "30": 0.017398597640621252,
  "31": -0.017360814355386583,
  "32": 0.0,
  "33": 0.11737269739647348,
  "34": 0.02133755024328189,
  "35": 0.00611075039643383,
  "36": -0.13820019646656617,
  "37": -0.08989417218241409,
  "38": 0.0,
  "39": -0.04549914569913595,
  "40": -0.028735835262574477,
  "41": 0.06239081704399215,
  "42": -0.033867956605787085,
  "43": -0.08514767256767324,
  "44": -0.12055586313085748,
  "45": 0.09995249516461216,
  "46": 0.1362800506896411,
  "47": 0.12189325282771821,
  "48": 0.005383467836941153,
  "49": 0.0,
  "50": 0.0,
  "51": 0.0,
  "52": 0.0,
  "53": 0.0,
  "54": 0.0,
  "55": 0.0,
  "56": 0.005739077090175124,
  "57": -0.006477797672346664,
  "58": 0.0,
  "59": -0.0061630865290369695,
  "60": 0.0,
  "61": 0.0,
  "62": 0.005869048362342614,
  "63": 0.0
}