epoch,beta,coefficient,loss,expected_cut,best_measured_cut,success_probability_ancilla_1,max_postselected_probability,grad
0,0.26684062665370034,0.1637917029699545,-2.999999999998007,2.999999999998007,1.0,0.015057016746077033,0.06188987336543877,-3.4795492532814304e-12
1,0.26684078223212104,0.1637917940799232,-2.9999999999980074,2.9999999999980074,1.0,0.015057020837396903,0.06188987334146681,-3.4799561684842012e-12
2,0.26684097274331825,0.16379190564724455,-2.999999999998008,2.999999999998008,1.0,0.01505702584736327,0.061889873312102564,-3.480536845434717e-12
3,0.2668411926614923,0.1637920344358897,-2.9999999999980083,2.9999999999980083,1.0,0.015057031630662935,0.06188987327819238,-3.4795276754202854e-12
4,0.26684143846304786,0.1637921783823625,-2.999999999998007,2.999999999998007,1.0,0.015057038094635574,0.061889873240274125,-3.4791809924063498e-12
5,0.26684170764386106,0.1637923360201908,-2.999999999998007,2.999999999998007,1.0,0.015057045173430358,0.06188987319872883,-3.4789112605761735e-12
6,0.26684199835452316,0.16379250626631717,-2.999999999998008,2.999999999998008,1.0,0.015057052818413833,0.06188987315383659,-3.481760939385597e-12
