epoch,beta,coefficient,loss,expected_cut,best_measured_cut,success_probability_ancilla_1,max_postselected_probability,grad
0,-0.26898076750070166,-0.1650443134064205,-3.9787319458180455,3.9787319458180455,6.0,0.06053837624482152,0.2509528161783246,0.029170984304676642
1,-0.27817045619548925,-0.17040686690861762,-3.978788825488556,3.978788825488556,6.0,0.06063091478190159,0.2507388930147336,0.013345905280586077
2,-0.28508756091001974,-0.1744257261714158,-3.978745849243202,3.978745849243202,6.0,0.06070492503526236,0.2505584775381046,-0.000921603012638602
3,-0.2884624096298023,-0.1763809505667887,-3.9786985118716767,3.9786985118716767,6.0,0.06074237514212426,0.25046451108413337,-0.01147765101018845
4,-0.28863870228324967,-0.1764829845936576,-3.978695567560641,3.978695567560641,6.0,0.06074435542152602,0.2504594964752186,-0.016568827662371714
5,-0.2866545987136307,-0.17533405033794738,-3.978726006175504,3.978726006175504,6.0,0.06072220547145368,0.250515327099698,-0.016833692388924307
6,-0.28340458731167517,-0.17344932007620148,-3.9787630184544307,3.9787630184544307,6.0,0.06068657674048725,0.2506038876465523,-0.013846518357500698
