epoch,beta,coefficient,loss,expected_cut,best_measured_cut,success_probability_ancilla_1,max_postselected_probability,grad
0,-0.24418900016256886,-0.1504499376208435,-4.172230547472741,4.172230547472741,6.0,0.05877080034598384,0.26568715723233466,0.03787559759860297
1,-0.2534301137326456,-0.15591114940883063,-4.172312182978327,4.172312182978327,6.0,0.05881281280511898,0.2655242543154348,0.017932883627626777
2,-0.2605400864582756,-0.16009595389679143,-4.172261575252037,4.172261575252037,6.0,0.058850014904351405,0.26537548851485615,-0.0002185016201980937
3,-0.2642215134530202,-0.16225685115761856,-4.172197071585065,4.172197071585065,6.0,0.058870926230527684,0.2652905658811904,-0.013987802543649133
4,-0.26468035894228276,-0.16252589421698183,-4.172187213296147,4.172187213296147,6.0,0.05887361091183974,0.2652796069320039,-0.021046748762341347
5,-0.2629031003736526,-0.16148344797810874,-4.1722231578588875,4.1722231578588875,6.0,0.05886330875338655,0.2653215935980868,-0.021923093999167205
6,-0.2597798663761128,-0.15964921839806154,-4.172271652795843,4.172271652795843,6.0,0.05884583631217447,0.26539235731830557,-0.018524422193769468
