epoch,beta,coefficient,loss,expected_cut,best_measured_cut,success_probability_ancilla_1,max_postselected_probability,grad
0,-0.314623823997602,-0.23926188865877876,-1.4999999999989468,1.4999999999989468,0.0,0.014243419378003141,0.06249999999995612,6.242609660769474e-12
1,-0.3146241031020377,-0.23926208752345562,-1.4999999999989466,1.4999999999989466,0.0,0.014243442942045742,0.062499999999956105,6.242781253149687e-12
2,-0.3146244448892838,-0.2392623310502101,-1.4999999999989466,1.4999999999989466,0.0,0.014243471798251434,0.062499999999956105,6.244834409391884e-12
3,-0.31462483946359615,-0.23926261218820233,-1.4999999999989468,1.4999999999989468,0.0,0.014243505111159804,0.06249999999995612,6.244201714645933e-12
4,-0.3146252804553098,-0.23926292639895946,-1.499999999998947,1.499999999998947,0.0,0.014243542343007584,0.06249999999995613,6.2411742144976595e-12
