epoch,beta,coefficient,loss,expected_cut,best_measured_cut,success_probability_ancilla_1,max_postselected_probability,grad
0,-0.3024479208279314,-0.23055456898709661,-5.4999999999987725,5.4999999999987725,3.0,0.04470829801753712,0.04618093817612699,2.1120790370236666e-12
1,-0.3024480151437249,-0.2305546366792934,-5.49999999999877,5.49999999999877,3.0,0.04470830525179634,0.04618093871502793,2.107202790063145e-12
2,-0.3024481306794231,-0.23055471960140492,-5.499999999998769,5.499999999998769,3.0,0.04470831411367802,0.04618093937517263,2.112088520491943e-12
3,-0.30244826408638104,-0.23055481535004368,-5.499999999998769,5.499999999998769,3.0,0.044708324346333886,0.04618094013742634,2.1121722786577006e-12
4,-0.3024484132174951,-0.23055492238419098,-5.49999999999877,5.49999999999877,3.0,0.04470833578507685,0.046180940989519734,2.111836049262815e-12
