{
  "config": {
    "N_VERTICES": 4,
    "PROB_ARESTA": 0.85,
    "COM_PESO": false,
    "PESO_MIN": 1,
    "PESO_MAX": 1,
    "GRAPH_SEED": 104882,
    "GRAPH_EDGES": [
      [
        0,
        1,
        1.0
      ],
      [
        0,
        2,
        1.0
      ],
      [
        0,
        3,
        1.0
      ],
      [
        2,
        3,
        1.0
      ]
    ],
    "REVERSE_BITS": false,
    "ER": 0.75,
    "MAX_TERMS": null,
    "A_MAX": 0.6283185307179586,
    "INIT_BETA": 0.25,
    "MAX_EPOCHS": 200,
    "LR": 0.01,
    "FD_EPS": 0.01,
    "LOSS_TOL_LAST5": 0.002,
    "PATIENCE_LAST5": 7,
    "TRAIN_SEED": 5,
    "INIT_BETA_JITTER": 0.03,
    "OPTIMIZER": "adam",
    "ADAM_BETA1": 0.9,
    "ADAM_BETA2": 0.999,
    "ADAM_EPS": 1e-08,
    "COEF_ZERO_TOL": 0.002,
    "IMPROVEMENT_TOL": 0.002,
    "SATURATION_PATIENCE": 60,
    "INDEX_STRATEGY": "ascending",
    "INDEX_RANDOM_SEED": 42,
    "ENABLE_BACKWARD_PRUNING": false,
    "BACKWARD_PASSES": 1,
    "PRUNE_IMPROVEMENT_TOL": 1e-06,
    "OUTDIR": "benchmark_results_walsh_article/unweighted/coarse_loader/n4/graph07_trainseed05",
    "SHOW_PLOTS": false,
    "name": "coarse_loader"
  },
  "n_qubits_register": 4,
  "graph_edges": [
    [
      0,
      1,
      1.0
    ],
    [
      0,
      2,
      1.0
    ],
    [
      0,
      3,
      1.0
    ],
    [
      2,
      3,
      1.0
    ]
  ],
  "graph_signature": "0c4184843706290033a85b58881df740fdc53f7edeeaffa6a9dd8c38dfc1a494",
  "graph_num_edges": 4,
  "graph_density": 0.6666666666666666,
  "best_cut_bruteforce": 3.0,
  "best_bitstring_bruteforce": "0101",
  "best_index_bruteforce": 5,
  "candidate_order": [
    1,
    2,
    3,
    4,
    5,
    6,
    7,
    8,
    9,
    10,
    11,
    12,
    13,
    14,
    15
  ],
  "total_possible_parameters": 15,
  "visited_parameters": 15,
  "trained_coefficients": {
    "0": 0.0,
    "1": -0.1638442874817095,
    "2": 0.16350354105899387,
    "3": 0.0,
    "4": 0.11684761607299711,
    "5": 0.0,
    "6": 0.0,
    "7": -0.1420826997996309,
    "8": 0.022050034296922347,
    "9": 0.0,
    "10": 0.0,
    "11": -0.02155292518555657,
    "12": 0.0,
    "13": 0.012346735370195996,
    "14": -0.004759941385134213,
    "15": 0.0
  },
  "final_coefficient_vector": [
    0.0,
    -0.1638442874817095,
    0.16350354105899387,
    0.0,
    0.11684761607299711,
    0.0,
    0.0,
    -0.1420826997996309,
    0.022050034296922347,
    0.0,
    0.0,
    -0.02155292518555657,
    0.0,
    0.012346735370195996,
    -0.004759941385134213,
    0.0
  ],
  "active_indices": [
    1,
    2,
    4,
    7,
    8,
    11,
    13,
    14
  ],
  "active_parameter_count": 8,
  "compression_ratio_active_over_total": 0.5333333333333333,
  "final_loss": -2.994966272204214,
  "final_expected_cut": 2.994966272204214,
  "best_expected_cut_over_evolution": 2.994966272204214,
  "final_best_measured_index": 7,
  "final_best_measured_bitstring": "0111",
  "final_best_measured_cut": 3.0,
  "best_measured_cut_over_evolution": 3.0,
  "final_success_probability_ancilla_1": 0.012255621603381691,
  "final_max_postselected_probability": 0.26457625567563425,
  "gap_expected_to_bruteforce": 0.005033727795785925,
  "gap_measured_to_bruteforce": 0.0,
  "approx_ratio_measured": 1.0,
  "n_steps": 15,
  "elapsed_seconds": 5.31464958190918,
  "steps": [
    {
      "visit_idx": 1,
      "j": 1,
      "kept": true,
      "beta": -0.2669304215092639,
      "coefficient": -0.1638442874817095,
      "loss": -2.0,
      "expected_cut": 2.0,
      "best_measured_cut": 0.0,
      "success_probability_ancilla_1": 0.003770323172725456,
      "epochs_run": 7,
      "stop_reason": "loss_plateau_last5",
      "history_path": "benchmark_results_walsh_article/unweighted/coarse_loader/n4/graph07_trainseed05/histories/history_visit001_j001.json",
      "improvement_vs_previous": 2.0
    },
    {
      "visit_idx": 2,
      "j": 2,
      "kept": true,
      "beta": 0.2663486275068774,
      "coefficient": 0.16350354105899387,
      "loss": -2.4999989110053424,
      "expected_cut": 2.4999989110053424,
      "best_measured_cut": 1.0,
      "success_probability_ancilla_1": 0.007496687341454684,
      "epochs_run": 7,
      "stop_reason": "loss_plateau_last5",
      "history_path": "benchmark_results_walsh_article/unweighted/coarse_loader/n4/graph07_trainseed05/histories/history_visit002_j002.json",
      "improvement_vs_previous": 0.49999891100534244
    },
    {
      "visit_idx": 3,
      "j": 3,
      "kept": false,
      "beta": 0.0014751098492593187,
      "coefficient": 0.0,
      "loss": -2.4999989110053424,
      "expected_cut": 2.4999989110053424,
      "best_measured_cut": 1.0,
      "success_probability_ancilla_1": 0.007496687341454684,
      "epochs_run": 31,
      "stop_reason": "loss_plateau_last5_and_discarded_near_zero",
      "history_path": "benchmark_results_walsh_article/unweighted/coarse_loader/n4/graph07_trainseed05/histories/history_visit003_j003.json",
      "improvement_vs_previous": 0.0
    },
    {
      "visit_idx": 4,
      "j": 4,
      "kept": true,
      "beta": 0.18815824421564303,
      "coefficient": 0.11684761607299711,
      "loss": -2.681373378157601,
      "expected_cut": 2.681373378157601,
      "best_measured_cut": 3.0,
      "success_probability_ancilla_1": 0.009386694429319019,
      "epochs_run": 7,
      "stop_reason": "loss_plateau_last5",
      "history_path": "benchmark_results_walsh_article/unweighted/coarse_loader/n4/graph07_trainseed05/histories/history_visit004_j004.json",
      "improvement_vs_previous": 0.18137446715225858
    },
    {
      "visit_idx": 5,
      "j": 5,
      "kept": false,
      "beta": -0.0009527844955196912,
      "coefficient": 0.0,
      "loss": -2.681373378157601,
      "expected_cut": 2.681373378157601,
      "best_measured_cut": 3.0,
      "success_probability_ancilla_1": 0.009386694429319019,
      "epochs_run": 28,
      "stop_reason": "loss_plateau_last5_and_discarded_near_zero",
      "history_path": "benchmark_results_walsh_article/unweighted/coarse_loader/n4/graph07_trainseed05/histories/history_visit005_j005.json",
      "improvement_vs_previous": 0.0
    },
    {
      "visit_idx": 6,
      "j": 6,
      "kept": false,
      "beta": -0.0007633977517471011,
      "coefficient": 0.0,
      "loss": -2.681373378157601,
      "expected_cut": 2.681373378157601,
      "best_measured_cut": 3.0,
      "success_probability_ancilla_1": 0.009386694429319019,
      "epochs_run": 29,
      "stop_reason": "loss_plateau_last5_and_discarded_near_zero",
      "history_path": "benchmark_results_walsh_article/unweighted/coarse_loader/n4/graph07_trainseed05/histories/history_visit006_j006.json",
      "improvement_vs_previous": 0.0
    },
    {
      "visit_idx": 7,
      "j": 7,
      "kept": true,
      "beta": -0.23010885135959228,
      "coefficient": -0.1420826997996309,
      "loss": -2.98080082188401,
      "expected_cut": 2.98080082188401,
      "best_measured_cut": 3.0,
      "success_probability_ancilla_1": 0.012099843741990246,
      "epochs_run": 7,
      "stop_reason": "loss_plateau_last5",
      "history_path": "benchmark_results_walsh_article/unweighted/coarse_loader/n4/graph07_trainseed05/histories/history_visit007_j007.json",
      "improvement_vs_previous": 0.29942744372640906
    },
    {
      "visit_idx": 8,
      "j": 8,
      "kept": true,
      "beta": 0.03510813697294342,
      "coefficient": 0.022050034296922347,
      "loss": -2.987262203929738,
      "expected_cut": 2.987262203929738,
      "best_measured_cut": 3.0,
      "success_probability_ancilla_1": 0.012166560069044745,
      "epochs_run": 26,
      "stop_reason": "loss_plateau_last5",
      "history_path": "benchmark_results_walsh_article/unweighted/coarse_loader/n4/graph07_trainseed05/histories/history_visit008_j008.json",
      "improvement_vs_previous": 0.00646138204572777
    },
    {
      "visit_idx": 9,
      "j": 9,
      "kept": false,
      "beta": 0.0024854404977339923,