{
  "0": 0.0,
  "1": -0.23491404938371518,
  "2": 0.23551789842435314,
  "3": 0.0,
  "4": 0.0,
  "5": 0.0,
  "6": 0.0,
  "7": 0.0,
  "8": 0.0,
  "9": 0.0,
  "10": 0.0,
  "11": 0.0,
  "12": 0.0,
  "13": 0.16633767624614512,
  "14": -0.1998853925340455,
  "15": 0.0,
  "16": 0.0,
  "17": 0.0,
  "18": 0.0,
  "19": 0.0,
  "20": 0.0,
  "21": 0.03364413084175617,
  "22": -0.033344996419809314,
  "23": 0.0,
  "24": 0.0,
  "25": 0.017003953282487504,
  "26": -0.009817302457949456,
  "27": 0.0,
  "28": 0.011764951908070111,
  "29": 0.0,
  "30": 0.0,
  "31": 0.006905077633273569,
  "32": 0.0,
  "33": 0.0,
  "34": 0.0,
  "35": 0.0,
  "36": 0.0,
  "37": 0.01845416143785154,
  "38": -0.010518997204668657,
  "39": 0.0,
  "40": 0.0,
  "41": 0.016320406767045197,
  "42": -0.015271208684046656,
  "43": 0.0,
  "44": 0.005403104124763491,
  "45": 0.0,
  "46": 0.0,
  "47": 0.005121598176709414,
  "48": 0.0,
  "49": 0.06197558279286212,
  "50": -0.0956868024457106,
  "51": 0.0,
  "52": 0.005423434049450149,
  "53": 0.0,
  "54": 0.0,
  "55": 0.0,
  "56": 0.0,
  "57": 0.0,
  "58": 0.0,
  "59": 0.007354586941476727,
  "60": 0.0,
  "61": -0.13778131779891595,
  "62": 0.1630950710026571,
  "63": 0.0
}