epoch,beta,coefficient,loss,expected_cut,best_measured_cut,success_probability_ancilla_1,max_postselected_probability,grad
0,-0.3658805997240297,-0.27519037930311285,-5.99999999999681,5.99999999999681,0.0,0.018813258364636758,0.01562499999999169,1.5865690422410552e-11
1,-0.36588130917628287,-0.27519086809860777,-5.999999999996813,5.999999999996813,0.0,0.018813324774932742,0.015624999999991701,1.5871841646102697e-11
2,-0.36588217797979306,-0.2751914666829452,-5.999999999996811,5.999999999996811,0.0,0.01881340610186799,0.015624999999991698,1.5875688516401e-11
3,-0.36588318084243787,-0.2751921576302896,-5.99999999999681,5.99999999999681,0.0,0.018813499977959853,0.015624999999991694,1.586701235830774e-11
4,-0.36588430166750036,-0.2751929298502222,-5.999999999996808,5.999999999996808,0.0,0.018813604896486237,0.015624999999991687,1.5863412983351122e-11
