epoch,beta,coefficient,loss,expected_cut,best_measured_cut,success_probability_ancilla_1,max_postselected_probability,grad
0,-0.32046239001859084,-0.2434144919706419,-5.99999999999873,5.99999999999873,4.0,0.04722329518990863,0.04621488002781552,2.1497856473587644e-12
1,-0.32046248613756373,-0.2434145602110676,-5.999999999998729,5.999999999998729,4.0,0.047223302862998674,0.046214880345587274,2.1498960620995255e-12
2,-0.32046260381375696,-0.24341464375620703,-5.999999999998728,5.999999999998728,4.0,0.047223312256984215,0.04621488073462554,2.1490842323034123e-12
3,-0.32046273967911637,-0.24341474021488055,-5.999999999998729,5.999999999998729,4.0,0.04722332310299772,0.04621488118379428,2.150586853150338e-12
4,-0.3204628915320144,-0.24341484802402238,-5.9999999999987335,5.9999999999987335,4.0,0.047223335225286434,0.046214881685813725,2.14922408947436e-12
