{
  "0": 0.0,
  "1": -0.13902482456186493,
  "2": 0.15176431707530214,
  "3": -0.14759706887397697,
  "4": -0.16627741794516013,
  "5": 0.24068784449999905,
  "6": 0.19970501593016216,
  "7": -0.018104252744431507,
  "8": 0.1777625216330582,
  "9": -0.10488958594961657,
  "10": -0.04751505737555073,
  "11": 0.0,
  "12": -0.2012083543212376,
  "13": 0.09938874352658485,
  "14": -0.09755102759112262,
  "15": -0.09585099062944025,
  "16": -0.002921144731336282,
  "17": -0.08966214901972568,
  "18": -0.08404758003220997,
  "19": 0.009388898894650527,
  "20": 0.21184593195911944,
  "21": 0.008667698996399346,
  "22": -0.02554995337777878,
  "23": 0.1757624918115147,
  "24": 0.05670695909552704,
  "25": 0.012706733762590145,
  "26": -0.007440450398213395,
  "27": 0.0835849814601163,
  "28": 0.0030278811789025604,
  "29": -0.22527079041718565,
  "30": -0.17981964718835478,
  "31": 0.005503973682527975,
  "32": -0.04911687414324733,
  "33": 0.03826985072484267,
  "34": -0.004393191003878309,
  "35": 0.04140090184510343,
  "36": -0.060011988837030024,
  "37": 0.0034201010302007608,
  "38": 0.05544483313889496,
  "39": -0.077771640301988,
  "40": 0.04529614506145781,
  "41": -0.007422878235397757,
  "42": -0.07130262095205445,
  "43": 0.05926983771578936,
  "44": 0.060604751716718336,
  "45": 0.012358266740886753,
  "46": 0.06772149915365556,
  "47": -0.04325377074634235,
  "48": 0.01754353981997927,
  "49": -0.005038034861756268,
  "50": 0.00853228357875471,
  "51": 0.014329259330355625,
  "52": 0.007786044211152295,
  "53": -0.06953137548804286,
  "54": -0.07539421240505104,
  "55": -0.002156190391788011,
  "56": -0.0037053727347371975,
  "57": -0.008636833475230745,
  "58": 0.0,
  "59": -0.00838513593781296,
  "60": 0.08757646872470749,
  "61": 0.0,
  "62": 0.004664741035489945,
  "63": 0.0892184274536843
}