{
  "config": {
    "N_VERTICES": 4,
    "PROB_ARESTA": 0.4,
    "COM_PESO": false,
    "PESO_MIN": 1,
    "PESO_MAX": 1,
    "GRAPH_SEED": 104678,
    "GRAPH_EDGES": [
      [
        1,
        2,
        1.0
      ],
      [
        1,
        3,
        1.0
      ],
      [
        2,
        3,
        1.0
      ]
    ],
    "REVERSE_BITS": false,
    "ER": 0.75,
    "MAX_TERMS": null,
    "A_MAX": 0.6283185307179586,
    "INIT_BETA": 0.25,
    "MAX_EPOCHS": 200,
    "LR": 0.01,
    "FD_EPS": 0.01,
    "LOSS_TOL_LAST5": 0.002,
    "PATIENCE_LAST5": 7,
    "TRAIN_SEED": 7,
    "INIT_BETA_JITTER": 0.03,
    "OPTIMIZER": "adam",
    "ADAM_BETA1": 0.9,
    "ADAM_BETA2": 0.999,
    "ADAM_EPS": 1e-08,
    "COEF_ZERO_TOL": 0.002,
    "IMPROVEMENT_TOL": 0.002,
    "SATURATION_PATIENCE": 60,
    "INDEX_STRATEGY": "ascending",
    "INDEX_RANDOM_SEED": 42,
    "ENABLE_BACKWARD_PRUNING": false,
    "BACKWARD_PASSES": 1,
    "PRUNE_IMPROVEMENT_TOL": 1e-06,
    "OUTDIR": "benchmark_results_walsh_article/unweighted/coarse_loader/n4/graph05_trainseed07",
    "SHOW_PLOTS": false,
    "name": "coarse_loader"
  },
  "n_qubits_register": 4,
  "graph_edges": [
    [
      1,
      2,
      1.0
    ],
    [
      1,
      3,
      1.0
    ],
    [
      2,
      3,
      1.0
    ]
  ],
  "graph_signature": "be861fe0b30163c15a2bc45387e42148d677589ca12d320c9ad2ad740a6f1fe8",
  "graph_num_edges": 3,
  "graph_density": 0.5,
  "best_cut_bruteforce": 2.0,
  "best_bitstring_bruteforce": "0001",
  "best_index_bruteforce": 1,
  "candidate_order": [
    1,
    2,
    3,
    4,
    5,
    6,
    7,
    8,
    9,
    10,
    11,
    12,
    13,
    14,
    15
  ],
  "total_possible_parameters": 15,
  "visited_parameters": 15,
  "trained_coefficients": {
    "0": 0.0,
    "1": -0.1416969843246795,
    "2": 0.14435811167261156,
    "3": -0.14033062911219768,
    "4": -0.21700943194942865,
    "5": 0.156081044386969,
    "6": 0.0021100707322679597,
    "7": 0.13395152790672132,
    "8": 0.07259102987408397,
    "9": -0.015282378406458207,
    "10": -0.0027353166778536094,
    "11": 0.006388962815637256,
    "12": 0.0,
    "13": 0.002628861977812808,
    "14": 0.0,
    "15": 0.0
  },
  "final_coefficient_vector": [
    0.0,
    -0.1416969843246795,
    0.14435811167261156,
    -0.14033062911219768,
    -0.21700943194942865,
    0.156081044386969,
    0.0021100707322679597,
    0.13395152790672132,
    0.07259102987408397,
    -0.015282378406458207,
    -0.0027353166778536094,
    0.006388962815637256,
    0.0,
    0.002628861977812808,
    0.0,
    0.0
  ],
  "active_indices": [
    1,
    2,
    3,
    4,
    5,
    6,
    7,
    8,
    9,
    10,
    11,
    13
  ],
  "active_parameter_count": 12,
  "compression_ratio_active_over_total": 0.8,
  "final_loss": -1.9999925950498127,
  "final_expected_cut": 1.9999925950498127,
  "best_expected_cut_over_evolution": 1.9999925950498127,
  "final_best_measured_index": 10,
  "final_best_measured_bitstring": "1010",
  "final_best_measured_cut": 2.0,
  "best_measured_cut_over_evolution": 2.0,
  "final_success_probability_ancilla_1": 0.021198784576068438,
  "final_max_postselected_probability": 0.4051449647575921,
  "gap_expected_to_bruteforce": 7.404950187250847e-06,
  "gap_measured_to_bruteforce": 0.0,
  "approx_ratio_measured": 1.0,
  "n_steps": 15,
  "elapsed_seconds": 8.203199863433838,
  "steps": [
    {
      "visit_idx": 1,
      "j": 1,
      "kept": true,
      "beta": -0.22946197760255607,
      "coefficient": -0.1416969843246795,
      "loss": -1.5,
      "expected_cut": 1.5,
      "best_measured_cut": 0.0,
      "success_probability_ancilla_1": 0.002820817389007919,
      "epochs_run": 7,
      "stop_reason": "loss_plateau_last5",
      "history_path": "benchmark_results_walsh_article/unweighted/coarse_loader/n4/graph05_trainseed07/histories/history_visit001_j001.json",
      "improvement_vs_previous": 1.5
    },
    {
      "visit_idx": 2,
      "j": 2,
      "kept": true,
      "beta": 0.2339287606902831,
      "coefficient": 0.14435811167261156,
      "loss": -1.5,
      "expected_cut": 1.5,
      "best_measured_cut": 2.0,
      "success_probability_ancilla_1": 0.005731960623561101,
      "epochs_run": 7,
      "stop_reason": "loss_plateau_last5",
      "history_path": "benchmark_results_walsh_article/unweighted/coarse_loader/n4/graph05_trainseed07/histories/history_visit002_j002.json",
      "improvement_vs_previous": 0.0
    },
    {
      "visit_idx": 3,
      "j": 3,
      "kept": true,
      "beta": -0.22717201127880615,
      "coefficient": -0.14033062911219768,
      "loss": -1.4999999999999998,
      "expected_cut": 1.4999999999999998,
      "best_measured_cut": 0.0,
      "success_probability_ancilla_1": 0.008466971592027948,
      "epochs_run": 7,
      "stop_reason": "loss_plateau_last5",
      "history_path": "benchmark_results_walsh_article/unweighted/coarse_loader/n4/graph05_trainseed07/histories/history_visit003_j003.json",
      "improvement_vs_previous": -2.220446049250313e-16
    },
    {
      "visit_idx": 4,
      "j": 4,
      "kept": true,
      "beta": -0.3601898382950831,
      "coefficient": -0.21700943194942865,
      "loss": -1.7892882317620131,
      "expected_cut": 1.7892882317620131,
      "best_measured_cut": 2.0,
      "success_probability_ancilla_1": 0.014962934627163884,
      "epochs_run": 72,
      "stop_reason": "loss_plateau_last5",
      "history_path": "benchmark_results_walsh_article/unweighted/coarse_loader/n4/graph05_trainseed07/histories/history_visit004_j004.json",
      "improvement_vs_previous": 0.28928823176201335
    },
    {
      "visit_idx": 5,
      "j": 5,
      "kept": true,
      "beta": 0.2537182722927706,
      "coefficient": 0.156081044386969,
      "loss": -1.9011496211971979,
      "expected_cut": 1.9011496211971979,
      "best_measured_cut": 2.0,
      "success_probability_ancilla_1": 0.018175616357952694,
      "epochs_run": 62,
      "stop_reason": "loss_plateau_last5",
      "history_path": "benchmark_results_walsh_article/unweighted/coarse_loader/n4/graph05_trainseed07/histories/history_visit005_j005.json",
      "improvement_vs_previous": 0.11186138943518475
    },
    {
      "visit_idx": 6,
      "j": 6,
      "kept": true,
      "beta": 0.0033582944981901943,
      "coefficient": 0.0021100707322679597,
      "loss": -1.901150613108876,
      "expected_cut": 1.901150613108876,
      "best_measured_cut": 2.0,
      "success_probability_ancilla_1": 0.01817866988961955,
      "epochs_run": 30,
      "stop_reason": "loss_plateau_last5",
      "history_path": "benchmark_results_walsh_article/unweighted/coarse_loader/n4/graph05_trainseed07/histories/history_visit006_j006.json",
      "improvement_vs_previous": 9.919116781276216e-07
    },
    {
      "visit_idx": 7,
      "j": 7,
      "kept": true,
      "beta": 0.21651136925677122,
      "coefficient": 0.13395152790672132,
      "loss": -1.980787954998127,
      "expected_cut": 1.980787954998127,
      "best_measured_cut": 2.0,
      "success_probability_ancilla_1": 0.020454463535159666,
      "epochs_run": 57,
      "stop_reason": "loss_plateau_last5",
      "history_path": "benchmark_results_walsh_article/unweighted/coarse_loader/n4/graph05_trainseed07/histories/history_visit007_j007.json",
      "improvement_vs_previous": 0.07963734188925109
    },
    {
      "visit_idx": 8,
      "j": 8,
      "kept": true,
      "beta": 0.11605039807544057,
      "coefficient": 0.07259102987408397,
      "loss": -1.9989617862039586,
      "expected_cut": 1.9989617862039586,
      "best_measured_cut": 2.0,
      "success_probability_ancilla_1": 0.02116499125227006,
      "epochs_run": 15,
      "stop_reason": "loss_plateau_last5",
      "history_path": "benchmark_results_walsh_article/unweighted/coarse_loader/n4/graph05_trainseed07/histories/history_visit008_j008.json",
      "improvement_vs_previous": 0.018173831205831492
    },
    {
      "visit_idx": 9,
      "j": 9,
      "kept": true,