{
  "0": 0.0,
  "1": -0.1416969843246795,
  "2": 0.14435811167261156,
  "3": -0.14033062911219768,
  "4": -0.21700943194942865,
  "5": 0.156081044386969,
  "6": 0.0021100707322679597,
  "7": 0.13395152790672132,
  "8": 0.07259102987408397,
  "9": -0.015282378406458207,
  "10": -0.0027353166778536094,
  "11": 0.006388962815637256,
  "12": 0.0,
  "13": 0.002628861977812808,
  "14": 0.0,
  "15": 0.0
}