{
  "0": 0.0,
  "1": -0.2751914494032558,
  "2": 0.24745097909099373,
  "3": -0.243414475847794,
  "4": 0.31538129826409167,
  "5": 0.3809091714573106,
  "6": 0.3247919000832928,
  "7": -0.05046068962947562,
  "8": -0.27315285177020454,
  "9": -0.19871985458340352,
  "10": -0.05144511445556168,
  "11": 0.043116913170603254,
  "12": -0.3024543686375401,
  "13": 0.15861369474160644,
  "14": -0.18808476388307968,
  "15": -0.13350022953655144,
  "16": 0.00451376930100296,
  "17": -0.10457306967779925,
  "18": -0.10866448084116323,
  "19": -0.010077995445622432,
  "20": 0.27275148916202285,
  "21": 0.038252557668292025,
  "22": -0.013390097733188673,
  "23": 0.219369486177279,
  "24": 0.027256003410546004,
  "25": -0.010053222644299479,
  "26": -0.033692022065138695,
  "27": 0.06052282250635147,
  "28": 0.015525912456787572,
  "29": -0.23671281300422303,
  "30": -0.20074700195332845,
  "31": -0.0018129377366164269,
  "32": -0.05363589851571158,
  "33": 0.051171360419353225,
  "34": -0.009691721198156068,
  "35": 0.09059526453822705,
  "36": -0.053848254595121374,
  "37": 0.00548947663276389,
  "38": -0.08242949965146738,
  "39": -0.11095421691340303,
  "40": 0.07815183367669053,
  "41": -0.03135724525825796,
  "42": 0.13905336588119688,
  "43": 0.13542005430287413,
  "44": 0.07613903120164733,
  "45": -0.041509412426204345,
  "46": 0.06974621382660831,
  "47": -0.13617249569512827,
  "48": 0.018707015427562278,
  "49": 0.012607070488080928,
  "50": -0.001955151907512704,
  "51": -0.01738884877607045,
  "52": 0.01281455180682265,
  "53": -0.05543291259954218,
  "54": -0.05607123130335097,
  "55": -0.010449871545198193,
  "56": 0.0026137823462239113,
  "57": 0.03130009809293829,
  "58": 0.04855170793594572,
  "59": 0.005469226401869767,
  "60": 0.03621843864971077,
  "61": -0.0158652918609014,
  "62": -0.017622015416958327,
  "63": 0.03239265424048834
}