{
  "0": 0.0,
  "1": 0.0,
  "2": 0.0,
  "3": -0.27612213666888863,
  "4": 0.0,
  "5": 0.39550266640804377,
  "6": 0.0,
  "7": 0.0,
  "8": 0.0,
  "9": 0.1878867867430643,
  "10": 0.0,
  "11": 0.0,
  "12": 0.0,
  "13": 0.08245129577177959,
  "14": 0.0,
  "15": -0.28479527755153156,
  "16": 0.00840681106617,
  "17": -0.23103610827651508,
  "18": -0.031157269975817824,
  "19": 0.0,
  "20": 0.0,
  "21": 0.0,
  "22": 0.0,
  "23": 0.21005137328443108,
  "24": 0.0,
  "25": 0.0,
  "26": 0.0,
  "27": 0.18934692747961968,
  "28": 0.0,
  "29": -0.23240381425271317,
  "30": 0.0,
  "31": 0.0,
  "32": 0.0,
  "33": 0.02333977933255312,
  "34": 0.01629557478833396,
  "35": 0.0,
  "36": 0.0,
  "37": 0.0,
  "38": 0.0,
  "39": -0.05912833266984979,
  "40": 0.032137199509604,
  "41": 0.0,
  "42": 0.0,
  "43": 0.032592873895960224,
  "44": 0.0,
  "45": -0.05381601653508199,
  "46": -0.01971453030179349,
  "47": 0.0,
  "48": 0.0,
  "49": 0.0,
  "50": 0.04915325557367904,
  "51": 0.016794849469803603,
  "52": 0.024640330843591622,
  "53": 0.0,
  "54": -0.01717764252425638,
  "55": -0.023177228330175347,
  "56": 0.0,
  "57": 0.011424011942714554,
  "58": 0.01784439885639987,
  "59": 0.0,
  "60": -0.020672209542029817,
  "61": 0.0,
  "62": 0.0,
  "63": 0.0
}