epoch,beta,coefficient,loss,expected_cut,best_measured_cut,success_probability_ancilla_1,max_postselected_probability,grad
0,-0.36854001565691774,-0.27702094314574266,-4.613293675775612,4.613293675775612,6.0,0.18474530551910495,0.08419917906738508,-0.1019415939016528
1,-0.3585991499798081,-0.2701608919298652,-4.614110635986718,4.614110635986718,6.0,0.18440973650252163,0.08431270193621315,-0.0888556204842558
2,-0.3487756262521114,-0.26333556885931775,-4.614785027560838,4.614785027560838,6.0,0.18409060536423533,0.0844173388505964,-0.07544157309231804
3,-0.33914710481514077,-0.2566019521944731,-4.615314154537584,4.615314154537584,6.0,0.18379018339159375,0.0845123744627699,-0.06179579671338609
4,-0.3298152973361657,-0.2500352780363566,-4.615699090278456,4.615699090278456,6.0,0.18351101811679355,0.08459715027096726,-0.04805233121659936
5,-0.3209095746254652,-0.243731930215709,-4.615946192652252,4.615946192652252,6.0,0.18325588475412657,0.08467113066841946,-0.03439230119075341
6,-0.31258715074997684,-0.23780983974705477,-4.616068604098427,4.616068604098427,6.0,0.18302764905050922,0.0847339918682303,-0.021051819473150126
7,-0.30502643714556554,-0.23240381425271317,-4.616087150444283,4.616087150444283,6.0,0.18282900782856448,0.08478572208738815,-0.008324020807189681
