epoch,beta,coefficient,loss,expected_cut,best_measured_cut,success_probability_ancilla_1,max_postselected_probability,grad
0,-0.36859661871958094,-0.277059867671751,-2.999999999998427,2.999999999998427,0.0,0.019068097271859506,0.062499999999967235,7.75772756553027e-12
1,-0.36859696553456195,-0.2770601061630432,-2.999999999998426,2.999999999998426,0.0,0.01906812988899502,0.062499999999967235,7.756776960689392e-12
2,-0.3685973901699734,-0.2770603981683659,-2.999999999998426,2.999999999998426,0.0,0.019068169824985864,0.06249999999996722,7.756486288690648e-12
3,-0.36859788040967345,-0.2770607352871076,-2.999999999998429,2.999999999998429,0.0,0.019068215930946354,0.06249999999996726,7.759061676491345e-12
4,-0.3685984283503371,-0.277061112084416,-2.999999999998426,2.999999999998426,0.0,0.0190682674636008,0.06249999999996722,7.756184254962394e-12
