epoch,beta,coefficient,loss,expected_cut,best_measured_cut,success_probability_ancilla_1,max_postselected_probability,grad
0,0.5681058693669265,0.5382248390714012,-2.999985597098443,2.999985597098443,3.0,0.19532582549819386,0.12499819963731823,0.005815474018792017
1,0.5686752512788199,0.5386634580434733,-2.9999887414977864,2.9999887414977864,3.0,0.19545897107801935,0.12499859268723604,-0.005865813875940991
2,0.5724435208077971,0.5415598376923981,-2.9999997892789936,2.9999997892789936,3.0,0.19634048186563077,0.12499997365988699,-0.005179574011109042
3,0.5759404321756219,0.5442375665489156,-2.9999951288419315,2.9999951288419315,3.0,0.19715898766135462,0.12499939110525415,-0.0007026960244798236
4,0.5769638582502414,0.5450194088192836,-2.9999910991515093,2.9999910991515093,3.0,0.19739861503626968,0.1249988873939514,0.0033523351685503053
