epoch,beta,coefficient,loss,expected_cut,best_measured_cut,success_probability_ancilla_1,max_postselected_probability,grad
0,0.3221680506497688,0.24462479830028663,-5.889939667048552,5.889939667048552,5.0,0.10501484094058154,0.04410099022919446,-0.07310863800578589
1,0.33209396819671705,0.25164239127707694,-5.890505169045549,5.890505169045549,5.0,0.10583635341478256,0.044232534781967814,-0.06221789399582599
2,0.3418804487045065,0.25851784740366995,-5.890963240862925,5.890963240862925,5.0,0.106660052335007,0.044353022118107835,-0.05179041966074019
3,0.35144828707522346,0.26519702044180915,-5.891319107240337,5.891319107240337,5.0,0.1074780415446564,0.04446223221510827,-0.04188505787310253
4,0.360703995890153,0.2716173744179405,-5.891580077770265,5.891580077770265,5.0,0.10828084018183504,0.04456003953290888,-0.032562591398871056
5,0.3695409147535319,0.2777090072997912,-5.891755683841376,5.891755683841376,5.0,0.10905746424588497,0.04464643968736883,-0.023884349221418667
6,0.3778426278040071,0.28339714185869,-5.891857626887818,5.891857626887818,5.0,0.10979574426536289,0.044721576071813623,-0.01590992598523266
