epoch,beta,coefficient,loss,expected_cut,best_measured_cut,success_probability_ancilla_1,max_postselected_probability,grad
0,-0.32580950605281067,-0.2472044026639272,-6.146683985363964,6.146683985363964,7.0,0.13858361446181777,0.06810298124569966,0.06105077136137341
1,-0.3356863310099444,-0.25417126524281364,-6.14710415720759,6.14710415720759,7.0,0.13905837060555618,0.06825302853673518,0.048572330273251696
2,-0.3453112830435818,-0.26091776060808486,-6.1474010017026925,6.1474010017026925,7.0,0.1395348066556968,0.06838861570343584,0.03656314079055438
3,-0.3545097867044762,-0.26732516421461083,-6.147583590746794,6.147583590746794,7.0,0.14000248683108904,0.06850857873235128,0.02517093397055148
4,-0.3630595265922201,-0.2732448095082333,-6.14766706878247,6.14766706878247,7.0,0.14044770046258492,0.06861182029635897,0.014577146679592427
