{
  "0": 0.0,
  "1": -0.4376553692975261,
  "2": 0.4393489713777808,
  "3": 0.0,
  "4": 0.2825320176716619,
  "5": 0.000964717637648582,
  "6": -0.0013465078812012444,
  "7": -0.3671491545318984,
  "8": -0.046470218754059864,
  "9": 0.0,
  "10": 0.0,
  "11": 0.10808555864822912,
  "12": 0.0007548702716681367,
  "13": 0.17308870510941465,
  "14": -0.19748605080814632,
  "15": 0.0
}