epoch,beta,coefficient,loss,expected_cut,best_measured_cut,success_probability_ancilla_1,max_postselected_probability,grad
0,-0.4391243813218969,-0.43240711699239204,-4.499999999999763,4.499999999999763,2.0,0.1897612267255249,0.044325167884182365,2.528527051969326e-13
1,-0.43912439260599506,-0.43240712679430926,-4.499999999999762,4.499999999999762,2.0,0.18976122900668813,0.044325167854289096,2.5196120412960637e-13
2,-0.4391244064022555,-0.4324071387784128,-4.499999999999762,4.499999999999762,2.0,0.18976123179570348,0.044325167817740735,2.5137252568746985e-13
3,-0.43912442233236043,-0.4324071526160774,-4.499999999999763,4.499999999999763,2.0,0.18976123501609118,0.04432516777553947,2.522031242523934e-13
4,-0.4391244401572291,-0.4324071680996259,-4.499999999999762,4.499999999999762,2.0,0.18976123861951946,0.04432516772831866,2.531635338230889e-13
