epoch,beta,coefficient,loss,expected_cut,best_measured_cut,success_probability_ancilla_1,max_postselected_probability,grad
0,-0.3124662154516547,-0.237723562315594,-6.399700589612396,6.399700589612396,8.0,0.13653302168527193,0.07947917041192205,-0.05695428477636712
1,-0.3026787095581899,-0.23072019912605216,-6.400024189615255,6.400024189615255,8.0,0.13595971162231937,0.07944303915912476,-0.04105881888914644
2,-0.2934083720955041,-0.2240496326511268,-6.400183380292129,6.400183380292129,8.0,0.13543024710429427,0.07939759920046473,-0.024981369520525293
3,-0.2851535275305425,-0.21807997412043195,-6.400201072599291,6.400201072599291,8.0,0.13497017001092165,0.07934772231187566,-0.00928804119534394
4,-0.2785594261189033,-0.21329157913704425,-6.400129226559597,6.400129226559597,8.0,0.1346105332552371,0.07930137477766355,0.005059455070848341
