epoch,beta,coefficient,loss,expected_cut,best_measured_cut,success_probability_ancilla_1,max_postselected_probability,grad
0,-0.31462435017906987,-0.23926226356826177,-5.499999999996135,5.499999999996135,0.0,0.014243463802112825,0.01562499999998902,2.2883461254482765e-11
1,-0.31462537373136823,-0.2392629928590204,-5.499999999996136,5.499999999996136,0.0,0.014243550218081068,0.015624999999989023,2.2906130730269887e-11
2,-0.3146266270291359,-0.23926388584499408,-5.499999999996138,5.499999999996138,0.0,0.014243656031164844,0.01562499999998903,2.2897844251215562e-11
3,-0.3146280735792478,-0.23926491652415996,-5.499999999996135,5.499999999996135,0.0,0.014243778160486218,0.01562499999998902,2.2883028353835544e-11
4,-0.3146296906999626,-0.23926606873524486,-5.499999999996138,5.499999999996138,0.0,0.01424391469122452,0.01562499999998903,2.2907529550131417e-11
