{
  "config": {
    "N_VERTICES": 4,
    "PROB_ARESTA": 0.55,
    "COM_PESO": false,
    "PESO_MIN": 1,
    "PESO_MAX": 1,
    "GRAPH_SEED": 105087,
    "GRAPH_EDGES": [
      [
        0,
        1,
        1.0
      ],
      [
        1,
        2,
        1.0
      ],
      [
        1,
        3,
        1.0
      ]
    ],
    "REVERSE_BITS": false,
    "ER": 1.0,
    "MAX_TERMS": null,
    "A_MAX": 0.7853981633974483,
    "INIT_BETA": 0.35,
    "MAX_EPOCHS": 200,
    "LR": 0.01,
    "FD_EPS": 0.01,
    "LOSS_TOL_LAST5": 0.001,
    "PATIENCE_LAST5": 5,
    "TRAIN_SEED": 6,
    "INIT_BETA_JITTER": 0.05,
    "OPTIMIZER": "adam",
    "ADAM_BETA1": 0.9,
    "ADAM_BETA2": 0.999,
    "ADAM_EPS": 1e-08,
    "COEF_ZERO_TOL": 0.005,
    "IMPROVEMENT_TOL": 0.003,
    "SATURATION_PATIENCE": 40,
    "INDEX_STRATEGY": "ascending",
    "INDEX_RANDOM_SEED": 42,
    "ENABLE_BACKWARD_PRUNING": false,
    "BACKWARD_PASSES": 1,
    "PRUNE_IMPROVEMENT_TOL": 1e-06,
    "OUTDIR": "benchmark_results_walsh_article/unweighted/sparse_threshold/n4/graph09_trainseed06",
    "SHOW_PLOTS": false,
    "name": "sparse_threshold"
  },
  "n_qubits_register": 4,
  "graph_edges": [
    [
      0,
      1,
      1.0
    ],
    [
      1,
      2,
      1.0
    ],
    [
      1,
      3,
      1.0
    ]
  ],
  "graph_signature": "e05b7736fa85fadb9e519d205bc71874029e7ff2544024339aba6060afa201c5",
  "graph_num_edges": 3,
  "graph_density": 0.5,
  "best_cut_bruteforce": 3.0,
  "best_bitstring_bruteforce": "0100",
  "best_index_bruteforce": 4,
  "candidate_order": [
    1,
    2,
    3,
    4,
    5,
    6,
    7,
    8,
    9,
    10,
    11,
    12,
    13,
    14,
    15
  ],
  "total_possible_parameters": 15,
  "visited_parameters": 15,
  "trained_coefficients": {
    "0": 0.0,
    "1": -0.23926208750720807,
    "2": 0.23921014131278823,
    "3": 0.0,
    "4": -0.16774934043142922,
    "5": 0.0,
    "6": 0.0,
    "7": 0.20164812583649783,
    "8": -0.10233991524688404,
    "9": 0.0,
    "10": 0.0,
    "11": 0.1347043162940838,
    "12": 0.0,
    "13": -0.12712433111158386,
    "14": 0.1402708958151611,
    "15": 0.0
  },
  "final_coefficient_vector": [
    0.0,
    -0.23926208750720807,
    0.23921014131278823,
    0.0,
    -0.16774934043142922,
    0.0,
    0.0,
    0.20164812583649783,
    -0.10233991524688404,
    0.0,
    0.0,
    0.1347043162940838,
    0.0,
    -0.12712433111158386,
    0.1402708958151611,
    0.0
  ],
  "active_indices": [
    1,
    2,
    4,
    7,
    8,
    11,
    13,
    14
  ],
  "active_parameter_count": 8,
  "compression_ratio_active_over_total": 0.5333333333333333,
  "final_loss": -2.892795710770821,
  "final_expected_cut": 2.892795710770821,
  "best_expected_cut_over_evolution": 2.892795710770821,
  "final_best_measured_index": 4,
  "final_best_measured_bitstring": "0100",
  "final_best_measured_cut": 3.0,
  "best_measured_cut_over_evolution": 3.0,
  "final_success_probability_ancilla_1": 0.05369873784716962,
  "final_max_postselected_probability": 0.4558108703174065,
  "gap_expected_to_bruteforce": 0.10720428922917913,
  "gap_measured_to_bruteforce": 0.0,
  "approx_ratio_measured": 1.0,
  "n_steps": 15,
  "elapsed_seconds": 7.497972726821899,
  "steps": [
    {
      "visit_idx": 1,
      "j": 1,
      "kept": true,
      "beta": -0.3146241030792345,
      "coefficient": -0.23926208750720807,
      "loss": -1.5,
      "expected_cut": 1.5,
      "best_measured_cut": 0.0,
      "success_probability_ancilla_1": 0.014243442940120523,
      "epochs_run": 5,
      "stop_reason": "loss_plateau_last5",
      "history_path": "benchmark_results_walsh_article/unweighted/sparse_threshold/n4/graph09_trainseed06/histories/history_visit001_j001.json",
      "improvement_vs_previous": 1.5
    },
    {
      "visit_idx": 2,
      "j": 2,
      "kept": true,
      "beta": 0.3145511987667844,
      "coefficient": 0.23921014131278823,
      "loss": -1.9999999879857868,
      "expected_cut": 1.9999999879857868,
      "best_measured_cut": 3.0,
      "success_probability_ancilla_1": 0.02807515527223009,
      "epochs_run": 5,
      "stop_reason": "loss_plateau_last5",
      "history_path": "benchmark_results_walsh_article/unweighted/sparse_threshold/n4/graph09_trainseed06/histories/history_visit002_j002.json",
      "improvement_vs_previous": 0.4999999879857868
    },
    {
      "visit_idx": 3,
      "j": 3,
      "kept": false,
      "beta": 0.001540606708960792,
      "coefficient": 0.0,
      "loss": -1.9999999879857868,
      "expected_cut": 1.9999999879857868,
      "best_measured_cut": 3.0,
      "success_probability_ancilla_1": 0.02807515527223009,
      "epochs_run": 41,
      "stop_reason": "loss_plateau_last5_and_discarded_near_zero",
      "history_path": "benchmark_results_walsh_article/unweighted/sparse_threshold/n4/graph09_trainseed06/histories/history_visit003_j003.json",
      "improvement_vs_previous": 0.0
    },
    {
      "visit_idx": 4,
      "j": 4,
      "kept": true,
      "beta": -0.21692481088779703,
      "coefficient": -0.16774934043142922,
      "loss": -2.175763924737078,
      "expected_cut": 2.175763924737078,
      "best_measured_cut": 3.0,
      "success_probability_ancilla_1": 0.03469954438469225,
      "epochs_run": 62,
      "stop_reason": "loss_plateau_last5",
      "history_path": "benchmark_results_walsh_article/unweighted/sparse_threshold/n4/graph09_trainseed06/histories/history_visit004_j004.json",
      "improvement_vs_previous": 0.1757639367512911
    },
    {
      "visit_idx": 5,
      "j": 5,
      "kept": false,
      "beta": 0.0003462307021017703,
      "coefficient": 0.0,
      "loss": -2.175763924737078,
      "expected_cut": 2.175763924737078,
      "best_measured_cut": 3.0,
      "success_probability_ancilla_1": 0.03469954438469225,
      "epochs_run": 44,
      "stop_reason": "loss_plateau_last5_and_discarded_near_zero",
      "history_path": "benchmark_results_walsh_article/unweighted/sparse_threshold/n4/graph09_trainseed06/histories/history_visit005_j005.json",
      "improvement_vs_previous": 0.0
    },
    {
      "visit_idx": 6,
      "j": 6,
      "kept": false,
      "beta": 0.0008536710487104804,
      "coefficient": 0.0,
      "loss": -2.175763924737078,
      "expected_cut": 2.175763924737078,
      "best_measured_cut": 3.0,
      "success_probability_ancilla_1": 0.03469954438469225,
      "epochs_run": 37,
      "stop_reason": "loss_plateau_last5_and_discarded_near_zero",
      "history_path": "benchmark_results_walsh_article/unweighted/sparse_threshold/n4/graph09_trainseed06/histories/history_visit006_j006.json",
      "improvement_vs_previous": 0.0
    },
    {
      "visit_idx": 7,
      "j": 7,
      "kept": true,
      "beta": 0.2626220319631605,
      "coefficient": 0.20164812583649783,
      "loss": -2.4778167530731188,
      "expected_cut": 2.4778167530731188,
      "best_measured_cut": 3.0,
      "success_probability_ancilla_1": 0.04318870917185681,
      "epochs_run": 68,
      "stop_reason": "loss_plateau_last5",
      "history_path": "benchmark_results_walsh_article/unweighted/sparse_threshold/n4/graph09_trainseed06/histories/history_visit007_j007.json",
      "improvement_vs_previous": 0.30205282833604086
    },
    {
      "visit_idx": 8,
      "j": 8,
      "kept": true,
      "beta": -0.13104830213530624,
      "coefficient": -0.10233991524688404,
      "loss": -2.5419773244593946,
      "expected_cut": 2.5419773244593946,
      "best_measured_cut": 3.0,
      "success_probability_ancilla_1": 0.04557881901128874,
      "epochs_run": 52,
      "stop_reason": "loss_plateau_last5",
      "history_path": "benchmark_results_walsh_article/unweighted/sparse_threshold/n4/graph09_trainseed06/histories/history_visit008_j008.json",
      "improvement_vs_previous": 0.06416057138627584
    },
    {
      "visit_idx": 9,
      "j": 9,
      "kept": false,
      "beta": 0.001332355033665222,
      "coefficient": 0.0,
      "loss": -2.5419773244593946,
      "expected_cut": 2.5419773244593946,