{
  "0": 0.0,
  "1": -0.23926208750720807,
  "2": 0.23921014131278823,
  "3": 0.0,
  "4": -0.16774934043142922,
  "5": 0.0,
  "6": 0.0,
  "7": 0.20164812583649783,
  "8": -0.10233991524688404,
  "9": 0.0,
  "10": 0.0,
  "11": 0.1347043162940838,
  "12": 0.0,
  "13": -0.12712433111158386,
  "14": 0.1402708958151611,
  "15": 0.0
}