epoch,beta,coefficient,loss,expected_cut,best_measured_cut,success_probability_ancilla_1,max_postselected_probability,grad
0,0.22273137005801685,0.1376770556628607,-2.499999999995416,2.499999999995416,2.0,0.00545336555183773,0.03124470529703449,-1.9331608873376608e-11
1,0.22273223418421717,0.13767757254050317,-2.4999999999954157,2.4999999999954157,2.0,0.005453385418607807,0.03124470682610631,-1.9326560722692057e-11
2,0.2227332921610335,0.1376782053697497,-2.4999999999954152,2.4999999999954152,2.0,0.005453409742208621,0.0312447086978879,-1.93253760108292e-11
3,0.22273451338734285,0.13767893584637958,-2.4999999999954157,2.4999999999954157,2.0,0.005453437819149925,0.03124471085806894,-1.932247311900892e-11
4,0.2227358784874578,0.13767975238067678,-2.499999999995415,2.499999999995415,2.0,0.005453469204019664,0.031244713272206424,-1.9331260297570464e-11
5,0.22273737349364783,0.13768064661770035,-2.499999999995415,2.499999999995415,2.0,0.0054535035757372315,0.031244715915429096,-1.932780886603266e-11
6,0.22273898788236676,0.13768161226265146,-2.499999999995415,2.499999999995415,2.0,0.005453540692405454,0.031244718768961482,-1.9328734332836853e-11
