{
  "0": 0.0,
  "1": -0.27519020648133297,
  "2": 0.2474512189807496,
  "3": -0.24341446785996196,
  "4": 0.27540017740596967,
  "5": -0.2581432757858829,
  "6": 0.26789365395288434,
  "7": -0.2683941028521951,
  "8": -0.4269577000432171,
  "9": 0.30964816581797344,
  "10": -0.27034429114426756,
  "11": 0.25206946186938467,
  "12": 0.1490815767381277,
  "13": 0.23945351079511867,
  "14": -0.2044510662991701,
  "15": 0.20616742941834107,
  "16": 0.017828487456220028,
  "17": -0.021885223634132013,
  "18": 0.22695258988141975,
  "19": 0.009828877962613674,
  "20": 0.19876723867801305,
  "21": 0.0014304007915908754,
  "22": 0.013567639492048015,
  "23": -0.021693227288564453,
  "24": -0.3301195738495124,
  "25": 0.025924394498705015,
  "26": 0.03901465490530418,
  "27": 0.01762489623611049,
  "28": 0.04395483700416236,
  "29": 0.0065896340694103625,
  "30": -0.28853344804135544,
  "31": 0.03717288403735036,
  "32": 0.12013077731781566,
  "33": -0.009708504362863397,
  "34": 0.03965230235533822,
  "35": -0.061909984397324,
  "36": -0.1306817511067449,
  "37": -0.04499263704259345,
  "38": 0.0028646243023475186,
  "39": -0.07654878975690899,
  "40": 0.1669990345029154,
  "41": 0.10142031840882393,
  "42": -0.023199847916093506,
  "43": 0.10113682619125337,
  "44": -0.08016101484044769,
  "45": -0.071051248447615,
  "46": -0.009491123600420964,
  "47": 0.02585267022113497,
  "48": 0.12004461621638479,
  "49": 0.051708774127757526,
  "50": -0.08906663340036022,
  "51": 0.028651608963679732,
  "52": -0.07185275307324852,
  "53": 0.06270553750090903,
  "54": 0.0027198271685620152,
  "55": 0.06403915717716187,
  "56": 0.13221065593040346,
  "57": -0.056610965314380715,
  "58": 0.021658689095407146,
  "59": -0.14604628798085503,
  "60": -0.13421831898648312,
  "61": -0.10376309058619144,
  "62": 0.06161161335757945,
  "63": -0.016373324664504505
}