epoch,beta,coefficient,loss,expected_cut,best_measured_cut,success_probability_ancilla_1,max_postselected_probability,grad
0,-0.3146246133406367,-0.23926245107342728,-7.499999999994735,7.499999999994735,0.0,0.014243486020168167,0.01562499999998903,3.1206784198184803e-11
1,-0.31462600910145666,-0.2392634455660295,-7.499999999994735,7.499999999994735,0.0,0.014243603860896147,0.01562499999998903,3.123630979878059e-11
2,-0.31462771794502353,-0.23926466313185724,-7.499999999994737,7.499999999994737,0.0,0.01424374813496488,0.015624999999989037,3.121606200824376e-11
3,-0.3146296899317997,-0.23926606818792306,-7.4999999999947295,7.4999999999947295,0.0,0.014243914626369729,0.015624999999989023,3.118351056288703e-11
4,-0.31463189419371684,-0.239267638739853,-7.499999999994737,7.499999999994737,0.0,0.014244100729257948,0.015624999999989037,3.1216116874538425e-11
