{
  "config": {
    "N_VERTICES": 4,
    "PROB_ARESTA": 0.55,
    "COM_PESO": false,
    "PESO_MIN": 1,
    "PESO_MAX": 1,
    "GRAPH_SEED": 104577,
    "GRAPH_EDGES": [
      [
        0,
        2,
        1.0
      ],
      [
        2,
        3,
        1.0
      ]
    ],
    "REVERSE_BITS": false,
    "ER": 1.0,
    "MAX_TERMS": null,
    "A_MAX": 0.7853981633974483,
    "INIT_BETA": 0.35,
    "MAX_EPOCHS": 200,
    "LR": 0.01,
    "FD_EPS": 0.01,
    "LOSS_TOL_LAST5": 0.001,
    "PATIENCE_LAST5": 5,
    "TRAIN_SEED": 7,
    "INIT_BETA_JITTER": 0.05,
    "OPTIMIZER": "adam",
    "ADAM_BETA1": 0.9,
    "ADAM_BETA2": 0.999,
    "ADAM_EPS": 1e-08,
    "COEF_ZERO_TOL": 0.001,
    "IMPROVEMENT_TOL": 0.001,
    "SATURATION_PATIENCE": 100,
    "INDEX_STRATEGY": "ascending",
    "INDEX_RANDOM_SEED": 42,
    "ENABLE_BACKWARD_PRUNING": false,
    "BACKWARD_PASSES": 1,
    "PRUNE_IMPROVEMENT_TOL": 1e-06,
    "OUTDIR": "benchmark_results_walsh_article/unweighted/baseline/n4/graph04_trainseed07",
    "SHOW_PLOTS": false,
    "name": "baseline"
  },
  "n_qubits_register": 4,
  "graph_edges": [
    [
      0,
      2,
      1.0
    ],
    [
      2,
      3,
      1.0
    ]
  ],
  "graph_signature": "ab3e1e60a1be6f27a830f37b39d70bd64af7163327db0f23a1fcb2724d77253c",
  "graph_num_edges": 2,
  "graph_density": 0.3333333333333333,
  "best_cut_bruteforce": 2.0,
  "best_bitstring_bruteforce": "0010",
  "best_index_bruteforce": 2,
  "candidate_order": [
    1,
    2,
    3,
    4,
    5,
    6,
    7,
    8,
    9,
    10,
    11,
    12,
    13,
    14,
    15
  ],
  "total_possible_parameters": 15,
  "visited_parameters": 15,
  "trained_coefficients": {
    "0": 0.0,
    "1": -0.24005642087350879,
    "2": 0.24536642118280672,
    "3": -0.23735720628333704,
    "4": 0.38932175287257975,
    "5": -0.017480145345983047,
    "6": 0.2925547466967822,
    "7": -0.256867350243671,
    "8": -0.22380329094966797,
    "9": -0.057306910835916734,
    "10": -0.14527992199435746,
    "11": 0.11895966312306228,
    "12": 0.10349855144087443,
    "13": 0.22290581759468847,
    "14": -0.16592964306410807,
    "15": 0.17182509950366529
  },
  "final_coefficient_vector": [
    0.0,
    -0.24005642087350879,
    0.24536642118280672,
    -0.23735720628333704,
    0.38932175287257975,
    -0.017480145345983047,
    0.2925547466967822,
    -0.256867350243671,
    -0.22380329094966797,
    -0.057306910835916734,
    -0.14527992199435746,
    0.11895966312306228,
    0.10349855144087443,
    0.22290581759468847,
    -0.16592964306410807,
    0.17182509950366529
  ],
  "active_indices": [
    1,
    2,
    3,
    4,
    5,
    6,
    7,
    8,
    9,
    10,
    11,
    12,
    13,
    14,
    15
  ],
  "active_parameter_count": 15,
  "compression_ratio_active_over_total": 1.0,
  "final_loss": -1.8719988066059534,
  "final_expected_cut": 1.8719988066059534,
  "best_expected_cut_over_evolution": 1.8719988066059534,
  "final_best_measured_index": 9,
  "final_best_measured_bitstring": "1001",
  "final_best_measured_cut": 2.0,
  "best_measured_cut_over_evolution": 2.0,
  "final_success_probability_ancilla_1": 0.11907450128293187,
  "final_max_postselected_probability": 0.482723128501854,
  "gap_expected_to_bruteforce": 0.1280011933940466,
  "gap_measured_to_bruteforce": 0.0,
  "approx_ratio_measured": 1.0,
  "n_steps": 15,
  "elapsed_seconds": 12.998926401138306,
  "steps": [
    {
      "visit_idx": 1,
      "j": 1,
      "kept": true,
      "beta": -0.3157393207273491,
      "coefficient": -0.24005642087350879,
      "loss": -1.0,
      "expected_cut": 1.0,
      "best_measured_cut": 0.0,
      "success_probability_ancilla_1": 0.014337719041909482,
      "epochs_run": 5,
      "stop_reason": "loss_plateau_last5",
      "history_path": "benchmark_results_walsh_article/unweighted/baseline/n4/graph04_trainseed07/histories/history_visit001_j001.json",
      "improvement_vs_previous": 1.0
    },
    {
      "visit_idx": 2,
      "j": 2,
      "kept": true,
      "beta": 0.32321410063042033,
      "coefficient": 0.24536642118280672,
      "loss": -0.9999999999999999,
      "expected_cut": 0.9999999999999999,
      "best_measured_cut": 0.0,
      "success_probability_ancilla_1": 0.028884090123350258,
      "epochs_run": 5,
      "stop_reason": "loss_plateau_last5",
      "history_path": "benchmark_results_walsh_article/unweighted/baseline/n4/graph04_trainseed07/histories/history_visit002_j002.json",
      "improvement_vs_previous": -1.1102230246251565e-16
    },
    {
      "visit_idx": 3,
      "j": 3,
      "kept": true,
      "beta": -0.3119527918095479,
      "coefficient": -0.23735720628333704,
      "loss": -1.0000000000000002,
      "expected_cut": 1.0000000000000002,
      "best_measured_cut": 1.0,
      "success_probability_ancilla_1": 0.0420928700422567,
      "epochs_run": 5,
      "stop_reason": "loss_plateau_last5",
      "history_path": "benchmark_results_walsh_article/unweighted/baseline/n4/graph04_trainseed07/histories/history_visit003_j003.json",
      "improvement_vs_previous": 3.3306690738754696e-16
    },
    {
      "visit_idx": 4,
      "j": 4,
      "kept": true,
      "beta": 0.5435889402600801,
      "coefficient": 0.38932175287257975,
      "loss": -1.2785705941260863,
      "expected_cut": 1.2785705941260863,
      "best_measured_cut": 1.0,
      "success_probability_ancilla_1": 0.07635956764092258,
      "epochs_run": 20,
      "stop_reason": "loss_plateau_last5",
      "history_path": "benchmark_results_walsh_article/unweighted/baseline/n4/graph04_trainseed07/histories/history_visit004_j004.json",
      "improvement_vs_previous": 0.2785705941260861
    },
    {
      "visit_idx": 5,
      "j": 5,
      "kept": true,
      "beta": -0.022260088283766605,
      "coefficient": -0.017480145345983047,
      "loss": -1.278243821468029,
      "expected_cut": 1.278243821468029,
      "best_measured_cut": 1.0,
      "success_probability_ancilla_1": 0.07624025217694977,
      "epochs_run": 40,
      "stop_reason": "loss_plateau_last5",
      "history_path": "benchmark_results_walsh_article/unweighted/baseline/n4/graph04_trainseed07/histories/history_visit005_j005.json",
      "improvement_vs_previous": -0.00032677265805736155
    },
    {
      "visit_idx": 6,
      "j": 6,
      "kept": true,
      "beta": 0.3913137787233535,
      "coefficient": 0.2925547466967822,
      "loss": -1.383759063585918,
      "expected_cut": 1.383759063585918,
      "best_measured_cut": 1.0,
      "success_probability_ancilla_1": 0.09114708698175648,
      "epochs_run": 5,
      "stop_reason": "loss_plateau_last5",
      "history_path": "benchmark_results_walsh_article/unweighted/baseline/n4/graph04_trainseed07/histories/history_visit006_j006.json",
      "improvement_vs_previous": 0.1055152421178891
    },
    {
      "visit_idx": 7,
      "j": 7,
      "kept": true,
      "beta": -0.33952544738240925,
      "coefficient": -0.256867350243671,
      "loss": -1.4678231947940246,
      "expected_cut": 1.4678231947940246,
      "best_measured_cut": 1.0,
      "success_probability_ancilla_1": 0.09976091337068806,
      "epochs_run": 5,
      "stop_reason": "loss_plateau_last5",
      "history_path": "benchmark_results_walsh_article/unweighted/baseline/n4/graph04_trainseed07/histories/history_visit007_j007.json",
      "improvement_vs_previous": 0.08406413120810652
    },
    {
      "visit_idx": 8,
      "j": 8,
      "kept": true,
      "beta": -0.293066967720921,
      "coefficient": -0.22380329094966797,
      "loss": -1.5638462872432375,
      "expected_cut": 1.5638462872432375,
      "best_measured_cut": 2.0,
      "success_probability_ancilla_1": 0.10974271513477002,
      "epochs_run": 81,
      "stop_reason": "loss_plateau_last5",
      "history_path": "benchmark_results_walsh_article/unweighted/baseline/n4/graph04_trainseed07/histories/history_visit008_j008.json",
      "improvement_vs_previous": 0.09602309244921292
    },
    {
      "visit_idx": 9,
      "j": 9,
      "kept": true,