epoch,beta,coefficient,loss,expected_cut,best_measured_cut,success_probability_ancilla_1,max_postselected_probability,grad
0,0.5368665389089053,0.5137680945208615,-1.4999999999999158,1.4999999999999158,2.0,0.1776874342161109,0.12499557503541983,-1.1432129758615697e-13
1,0.5368665440011366,0.5137680985698807,-1.4999999999999158,1.4999999999999158,2.0,0.17768743543630763,0.12499557502913596,-1.1350998045848187e-13
2,0.5368665502233441,0.5137681035173852,-1.4999999999999156,1.4999999999999156,2.0,0.17768743692726843,0.12499557502145764,-1.132548703604912e-13
3,0.5368665574149677,0.513768109235708,-1.4999999999999154,1.4999999999999154,2.0,0.17768743865051997,0.124995575012583,-1.1412816202581524e-13
4,0.5368665654457389,0.5137681156212677,-1.4999999999999156,1.4999999999999156,2.0,0.17768744057484748,0.12499557500267292,-1.1334866487842637e-13
