epoch,beta,coefficient,loss,expected_cut,best_measured_cut,success_probability_ancilla_1,max_postselected_probability,grad
0,0.3399229301993931,0.25714610396936033,-4.439334955948102,4.439334955948102,5.0,0.12264188192700332,0.05553959941059269,0.0536000416087229
1,0.3299947011992827,0.250161893732784,-4.43974955274765,4.43974955274765,5.0,0.12195802625573478,0.05540751738074033,0.045779186245173464
2,0.32021417930707397,0.24323825925245787,-4.440077832610829,4.440077832610829,5.0,0.12129830303035113,0.05526723525365286,0.037684978013395945
3,0.310688253426909,0.2364544039164699,-4.440318137436913,4.440318137436913,5.0,0.12066950614832558,0.05512068030325233,0.029391648911450585
4,0.3015632629099082,0.22991946878474243,-4.440472184589639,4.440472184589639,5.0,0.12008028931373065,0.05497091395143602,0.021011628474998514
5,0.2930303007778688,0.22377683091786799,-4.440546616056449,4.440546616056449,5.0,0.1195412360082983,0.05482240154425575,0.01270727012500301
