epoch,beta,coefficient,loss,expected_cut,best_measured_cut,success_probability_ancilla_1,max_postselected_probability,grad
0,0.3287957588333595,0.2493154561773,-3.999999999998611,3.999999999998611,3.0,0.028767642463116957,0.031221845014808472,-4.1002967972878945e-12
1,0.3287959418467614,0.24931558543158547,-3.999999999998609,3.999999999998609,3.0,0.028767657971285863,0.031221844524544802,-4.087197547894754e-12
2,0.3287961659504917,0.24931574370613513,-3.999999999998609,3.999999999998609,3.0,0.02876767696137062,0.031221843924201343,-4.094192503017818e-12
3,0.3287964246413921,0.2493159264080448,-3.99999999999861,3.99999999999861,3.0,0.028767698882311673,0.03122184323119621,-4.092811162654118e-12
4,0.3287967138716617,0.24931613067852096,-3.999999999998609,3.999999999998609,3.0,0.02876772339111115,0.03122184245637005,-4.097971481150683e-12
