{
  "0": 0.0,
  "1": -0.15951409581574963,
  "2": 0.14540982219344195,
  "3": -0.14337523124860077,
  "4": 0.19903067277499975,
  "5": 0.2470247671328994,
  "6": 0.21298977040245964,
  "7": 0.0,
  "8": -0.18499022937556345,
  "9": -0.12126646576250467,
  "10": -0.059927695163644226,
  "11": 0.004079705841037872,
  "12": -0.20031004922658718,
  "13": 0.0994943016473236,
  "14": -0.10921450993562529,
  "15": -0.10027280246002133
}