{
  "config": {
    "N_VERTICES": 4,
    "PROB_ARESTA": 0.7,
    "COM_PESO": false,
    "PESO_MIN": 1,
    "PESO_MAX": 1,
    "GRAPH_SEED": 104476,
    "GRAPH_EDGES": [
      [
        0,
        1,
        1.0
      ],
      [
        0,
        2,
        1.0
      ],
      [
        0,
        3,
        1.0
      ],
      [
        1,
        2,
        1.0
      ],
      [
        1,
        3,
        1.0
      ]
    ],
    "REVERSE_BITS": false,
    "ER": 1.0,
    "MAX_TERMS": null,
    "A_MAX": 0.7853981633974483,
    "INIT_BETA": 0.35,
    "MAX_EPOCHS": 200,
    "LR": 0.01,
    "FD_EPS": 0.01,
    "LOSS_TOL_LAST5": 0.001,
    "PATIENCE_LAST5": 5,
    "TRAIN_SEED": 3,
    "INIT_BETA_JITTER": 0.05,
    "OPTIMIZER": "adam",
    "ADAM_BETA1": 0.9,
    "ADAM_BETA2": 0.999,
    "ADAM_EPS": 1e-08,
    "COEF_ZERO_TOL": 0.001,
    "IMPROVEMENT_TOL": 0.001,
    "SATURATION_PATIENCE": 100,
    "INDEX_STRATEGY": "ascending",
    "INDEX_RANDOM_SEED": 42,
    "ENABLE_BACKWARD_PRUNING": false,
    "BACKWARD_PASSES": 1,
    "PRUNE_IMPROVEMENT_TOL": 1e-06,
    "OUTDIR": "benchmark_results_walsh_article/unweighted/baseline/n4/graph03_trainseed03",
    "SHOW_PLOTS": false,
    "name": "baseline"
  },
  "n_qubits_register": 4,
  "graph_edges": [
    [
      0,
      1,
      1.0
    ],
    [
      0,
      2,
      1.0
    ],
    [
      0,
      3,
      1.0
    ],
    [
      1,
      2,
      1.0
    ],
    [
      1,
      3,
      1.0
    ]
  ],
  "graph_signature": "37c67a7d685a1ea528dadea71897f720cb7ad726475a7878001b269ff86755a3",
  "graph_num_edges": 5,
  "graph_density": 0.8333333333333334,
  "best_cut_bruteforce": 4.0,
  "best_bitstring_bruteforce": "0011",
  "best_index_bruteforce": 3,
  "candidate_order": [
    1,
    2,
    3,
    4,
    5,
    6,
    7,
    8,
    9,
    10,
    11,
    12,
    13,
    14,
    15
  ],
  "total_possible_parameters": 15,
  "visited_parameters": 15,
  "trained_coefficients": {
    "0": 0.0,
    "1": -0.23491433534908474,
    "2": 0.23551791793131724,
    "3": -0.0014547566515982896,
    "4": -0.0014446830743994736,
    "5": 0.002877051090150747,
    "6": -0.003195317005288685,
    "7": 0.0,
    "8": 0.0,
    "9": 0.001800751673587591,
    "10": -0.0013011245834206647,
    "11": -0.0024013473712981652,
    "12": 0.0016076290642105164,
    "13": 0.004724564160290375,
    "14": -0.002454176003357905,
    "15": 0.0
  },
  "final_coefficient_vector": [
    0.0,
    -0.23491433534908474,
    0.23551791793131724,
    -0.0014547566515982896,
    -0.0014446830743994736,
    0.002877051090150747,
    -0.003195317005288685,
    0.0,
    0.0,
    0.001800751673587591,
    -0.0013011245834206647,
    -0.0024013473712981652,
    0.0016076290642105164,
    0.004724564160290375,
    -0.002454176003357905,
    0.0
  ],
  "active_indices": [
    1,
    2,
    3,
    4,
    5,
    6,
    9,
    10,
    11,
    12,
    13,
    14
  ],
  "active_parameter_count": 12,
  "compression_ratio_active_over_total": 0.8,
  "final_loss": -3.0000166857352912,
  "final_expected_cut": 3.0000166857352912,
  "best_expected_cut_over_evolution": 3.000024556960926,
  "final_best_measured_index": 10,
  "final_best_measured_bitstring": "1010",
  "final_best_measured_cut": 3.0,
  "best_measured_cut_over_evolution": 3.0,
  "final_success_probability_ancilla_1": 0.02717152937903211,
  "final_max_postselected_probability": 0.13224678428532075,
  "gap_expected_to_bruteforce": 0.9999833142647088,
  "gap_measured_to_bruteforce": 1.0,
  "approx_ratio_measured": 0.75,
  "n_steps": 15,
  "elapsed_seconds": 9.058340311050415,
  "steps": [
    {
      "visit_idx": 1,
      "j": 1,
      "kept": true,
      "beta": -0.3085333258936604,
      "coefficient": -0.23491433534908474,
      "loss": -2.5,
      "expected_cut": 2.5,
      "best_measured_cut": 0.0,
      "success_probability_ancilla_1": 0.013732857911337376,
      "epochs_run": 5,
      "stop_reason": "loss_plateau_last5",
      "history_path": "benchmark_results_walsh_article/unweighted/baseline/n4/graph03_trainseed03/histories/history_visit001_j001.json",
      "improvement_vs_previous": 2.5
    },
    {
      "visit_idx": 2,
      "j": 2,
      "kept": true,
      "beta": 0.3093775515790038,
      "coefficient": 0.23551791793131724,
      "loss": -2.9999983231174356,
      "expected_cut": 2.9999983231174356,
      "best_measured_cut": 3.0,
      "success_probability_ancilla_1": 0.027156934707160133,
      "epochs_run": 5,
      "stop_reason": "loss_plateau_last5",
      "history_path": "benchmark_results_walsh_article/unweighted/baseline/n4/graph03_trainseed03/histories/history_visit002_j002.json",
      "improvement_vs_previous": 0.49999832311743564
    },
    {
      "visit_idx": 3,
      "j": 3,
      "kept": true,
      "beta": -0.0018522558150501607,
      "coefficient": -0.0014547566515982896,
      "loss": -2.999988582187187,
      "expected_cut": 2.999988582187187,
      "best_measured_cut": 3.0,
      "success_probability_ancilla_1": 0.027157435049960592,
      "epochs_run": 42,
      "stop_reason": "loss_plateau_last5",
      "history_path": "benchmark_results_walsh_article/unweighted/baseline/n4/graph03_trainseed03/histories/history_visit003_j003.json",
      "improvement_vs_previous": -9.740930248636204e-06
    },
    {
      "visit_idx": 4,
      "j": 4,
      "kept": true,
      "beta": -0.0018394296945032787,
      "coefficient": -0.0014446830743994736,
      "loss": -2.999987003032139,
      "expected_cut": 2.999987003032139,
      "best_measured_cut": 3.0,
      "success_probability_ancilla_1": 0.027157928486905056,
      "epochs_run": 35,
      "stop_reason": "loss_plateau_last5",
      "history_path": "benchmark_results_walsh_article/unweighted/baseline/n4/graph03_trainseed03/histories/history_visit004_j004.json",
      "improvement_vs_previous": -1.5791550480592775e-06
    },
    {
      "visit_idx": 5,
      "j": 5,
      "kept": true,
      "beta": 0.003663191605538155,
      "coefficient": 0.002877051090150747,
      "loss": -2.9999874338089336,
      "expected_cut": 2.9999874338089336,
      "best_measured_cut": 3.0,
      "success_probability_ancilla_1": 0.027159884756370517,
      "epochs_run": 42,
      "stop_reason": "loss_plateau_last5",
      "history_path": "benchmark_results_walsh_article/unweighted/baseline/n4/graph03_trainseed03/histories/history_visit005_j005.json",
      "improvement_vs_previous": 4.3077679467984353e-07
    },
    {
      "visit_idx": 6,
      "j": 6,
      "kept": true,
      "beta": -0.004068426415941152,
      "coefficient": -0.003195317005288685,
      "loss": -2.9999822773992673,
      "expected_cut": 2.9999822773992673,
      "best_measured_cut": 3.0,
      "success_probability_ancilla_1": 0.027162048201120136,
      "epochs_run": 36,
      "stop_reason": "loss_plateau_last5",
      "history_path": "benchmark_results_walsh_article/unweighted/baseline/n4/graph03_trainseed03/histories/history_visit006_j006.json",
      "improvement_vs_previous": -5.156409666362549e-06
    },
    {
      "visit_idx": 7,
      "j": 7,
      "kept": false,
      "beta": -0.00012215204395986997,
      "coefficient": 0.0,
      "loss": -2.9999822773992673,
      "expected_cut": 2.9999822773992673,
      "best_measured_cut": 3.0,
      "success_probability_ancilla_1": 0.027162048201120136,
      "epochs_run": 44,
      "stop_reason": "loss_plateau_last5_and_discarded_near_zero",
      "history_path": "benchmark_results_walsh_article/unweighted/baseline/n4/graph03_trainseed03/histories/history_visit007_j007.json",
      "improvement_vs_previous": 0.0
    },
    {
      "visit_idx": 8,
      "j": 8,
      "kept": false,
      "beta": -0.0006028926540880154,
      "coefficient": 0.0,
      "loss": -2.9999822773992673,
      "expected_cut": 2.9999822773992673,
      "best_measured_cut": 3.0,
      "success_probability_ancilla_1": 0.027162048201120136,
      "epochs_run": 39,
      "stop_reason": "loss_plateau_last5_and_discarded_near_zero",