{
  "0": 0.0,
  "1": -0.23491433534908474,
  "2": 0.23551791793131724,
  "3": -0.0014547566515982896,
  "4": -0.0014446830743994736,
  "5": 0.002877051090150747,
  "6": -0.003195317005288685,
  "7": 0.0,
  "8": 0.0,
  "9": 0.001800751673587591,
  "10": -0.0013011245834206647,
  "11": -0.0024013473712981652,
  "12": 0.0016076290642105164,
  "13": 0.004724564160290375,
  "14": -0.002454176003357905,
  "15": 0.0
}