epoch,beta,coefficient,loss,expected_cut,best_measured_cut,success_probability_ancilla_1,max_postselected_probability,grad
0,-0.3971130082030807,-0.29646898413717104,-2.999999999999679,2.999999999999679,1.0,0.0934372973569281,0.10398458577881672,2.1911644512984616e-13
1,-0.39711301798252985,-0.2964689907235149,-2.999999999999679,2.999999999999679,1.0,0.09343729797882747,0.10398458562081891,2.183822633633692e-13
2,-0.39711302994290437,-0.2964689987786862,-2.9999999999996794,2.9999999999996794,1.0,0.09343729873941731,0.10398458542758586,2.1803903874441366e-13
3,-0.39711304375788875,-0.2964690080829153,-2.9999999999996785,2.9999999999996785,1.0,0.09343729961794638,0.10398458520438945,2.1889884700966204e-13
4,-0.39711305920700884,-0.29646901848771556,-2.9999999999996776,2.9999999999996776,1.0,0.09343730060039425,0.10398458495479172,2.1902498229253846e-13
