epoch,beta,coefficient,loss,expected_cut,best_measured_cut,success_probability_ancilla_1,max_postselected_probability,grad
0,-0.3285421867900718,-0.24913635501571843,-4.294177410981106,4.294177410981106,4.0,0.18062601128940112,0.06880788814275593,-0.04527140295146396
1,-0.31869156649222374,-0.24215659270381074,-4.294469703473052,4.294469703473052,4.0,0.1800652992329582,0.06877720994348854,-0.03490855555712029
2,-0.3091803627255443,-0.23537696428385158,-4.29465214165739,4.29465214165739,4.0,0.1795355867457187,0.06874032618194453,-0.024384605080672896
3,-0.30030596756774414,-0.22901628442499883,-4.294731539439894,4.294731539439894,4.0,0.17905199987003514,0.06869932726691076,-0.013930730267407153
4,-0.29248346803001907,-0.2233821534465214,-4.294727058073787,4.294727058073787,4.0,0.1786344949622757,0.06865780850334323,-0.003922448093560636
