epoch,beta,coefficient,loss,expected_cut,best_measured_cut,success_probability_ancilla_1,max_postselected_probability,grad
0,0.44451535117546614,0.4370795297751873,-4.5108694954165625,4.5108694954165625,2.0,0.2745724145888535,0.050101538195486704,-0.013949064339296999
1,0.45450418944465304,0.44568142091817375,-4.511001480194924,4.511001480194924,2.0,0.2760593627836685,0.05002789644948604,-0.013455897361717744
2,0.4644744747805047,0.45419471384224863,-4.511128445239327,4.511128445239327,2.0,0.27755648786619824,0.04994874205533686,-0.012972046458001934
3,0.47441847778259116,0.4626125459066288,-4.511250415923842,4.511250415923842,2.0,0.27906159413256254,0.049864469644230934,-0.012498180781168084
4,0.4843283828414637,0.47092826103040214,-4.511367432278183,4.511367432278183,2.0,0.28057246102842665,0.04977548115123592,-0.012034901859512323
