epoch,beta,coefficient,loss,expected_cut,best_measured_cut,success_probability_ancilla_1,max_postselected_probability,grad
0,0.516929800542341,0.49776121909008747,-4.499999999999744,4.499999999999744,2.0,0.1766420481459175,0.03123246049894663,-3.417234506825433e-13
1,0.5169298157454492,0.49776123141369993,-4.499999999999746,4.499999999999746,2.0,0.17664205171860292,0.031232460518487038,-3.385199009849722e-13
2,0.516929834311128,0.497761246463006,-4.499999999999744,4.499999999999744,2.0,0.17664205608148248,0.03123246054234927,-3.375825975309135e-13
3,0.5169298558011265,0.49776126388276004,-4.499999999999744,4.499999999999744,2.0,0.1766420611315685,0.031232460569970106,-3.4226395453659276e-13
4,0.5169298798257801,0.4977612833571004,-4.499999999999744,4.499999999999744,2.0,0.17664206677729105,0.03123246060084866,-3.4028097222077906e-13
