epoch,beta,coefficient,loss,expected_cut,best_measured_cut,success_probability_ancilla_1,max_postselected_probability,grad
0,0.442139626836773,0.43502304121826385,-4.769700496095629,4.769700496095629,4.0,0.43958366466229404,0.0331070944443276,0.006574252339482282
1,0.43292022200641944,0.42700410987723836,-4.769713505561983,4.769713505561983,4.0,0.43880253094551525,0.0330750470868578,0.0030685087817474022
2,0.42602900524873133,0.42097064860264205,-4.769702940567548,4.769702940567548,4.0,0.43821885356182994,0.0330495405059337,-0.0002620196307622603
3,0.42286847425835056,0.4181922813330776,-4.769692176496184,4.769692176496184,4.0,0.43795125383465555,0.03303739148517259,-0.0028129532307735816
4,0.422989547961913,0.4182988446346711,-4.769692658078319,4.769692658078319,4.0,0.4379615037470822,0.03303786215310557,-0.004000442838605379
