epoch,beta,coefficient,loss,expected_cut,best_measured_cut,success_probability_ancilla_1,max_postselected_probability,grad
0,-0.5451048354480318,-0.520292148689908,-4.499999999999558,4.499999999999558,0.0,0.10206863002433274,0.015624999999998467,1.283466017424025e-12
1,-0.5451048930529783,-0.5202921941226026,-4.4999999999995595,4.4999999999995595,0.0,0.10206864721711795,0.01562499999999847,1.2928697022439483e-12
2,-0.5451049636037754,-0.5202922497656124,-4.499999999999559,4.499999999999559,0.0,0.10206866827372507,0.01562499999999847,1.2892649255785885e-12
3,-0.5451050451351922,-0.5202923140689693,-4.4999999999995595,4.4999999999995595,0.0,0.10206869260761109,0.01562499999999847,1.2934535443200283e-12
4,-0.545105136299507,-0.520292385969731,-4.499999999999558,4.499999999999558,0.0,0.10206871981653486,0.015624999999998463,1.2919744605577851e-12
