epoch,beta,coefficient,loss,expected_cut,best_measured_cut,success_probability_ancilla_1,max_postselected_probability,grad
0,-0.4314084359092183,-0.42568338224466906,-4.800281349736503,4.800281349736503,2.0,0.4707931048749801,0.03166007615032518,-0.03696676166724683
1,-0.42144468728649637,-0.41693835921549677,-4.800598956817226,4.800598956817226,2.0,0.47001859398858115,0.03163517562390474,-0.033601257105087906
2,-0.4115496015525751,-0.40818465914700375,-4.800879596515818,4.800879596515818,2.0,0.4692469025048178,0.031608126765710884,-0.03013197545812407
3,-0.4017636932537815,-0.39946087238035327,-4.801121944116275,4.801121944116275,2.0,0.46848151113755526,0.031579049960450814,-0.02657205322630306
4,-0.3921370970784127,-0.3908153172592073,-4.801325134762946,4.801325134762946,2.0,0.4677266809086635,0.031548139402630015,-0.02293930293386174
5,-0.3827311719366442,-0.38230772192185236,-4.801488940689877,4.801488940689877,2.0,0.4669875747087026,0.03151568106362073,-0.01925723699290106
6,-0.3736198300004506,-0.3740106636415301,-4.801613975745161,4.801613975745161,2.0,0.4662703544514711,0.03148207091354284,-0.015556139738729742
7,-0.3648901228396268,-0.3660103036741455,-4.801701909308447,4.801701909308447,2.0,0.4655822165219967,0.03144783013059134,-0.011874043080221164
8,-0.35664141856393056,-0.35840575077317244,-4.801755653102199,4.801755653102199,2.0,0.46493131307929264,0.031413612009162505,-0.008257350045689046
