epoch,beta,coefficient,loss,expected_cut,best_measured_cut,success_probability_ancilla_1,max_postselected_probability,grad
0,-0.5087570236637122,-0.4911106931295417,-4.771239452782716,4.771239452782716,2.0,0.49053227484461775,0.031215429832333625,-0.030511323463575026
1,-0.49878867653932196,-0.4829297922047008,-4.771505681744476,4.771505681744476,2.0,0.49000114785460325,0.03120279027442647,-0.02799861134849124
2,-0.48887974176427657,-0.47472276251449,-4.771744198924514,4.771744198924514,2.0,0.48946937519337713,0.031188410773882527,-0.0254007174497075
3,-0.4790645036162037,-0.46652031983489484,-4.77195387934157,4.77195387934157,2.0,0.48893900706892673,0.031172334519239297,-0.02272570184258268
4,-0.46938489467783046,-0.458360658657602,-4.772133878880073,4.772133878880073,2.0,0.4884125587875022,0.03115464739733,-0.019984605597876393
5,-0.45989175801804194,-0.4502907447108305,-4.772283744498061,4.772283744498061,2.0,0.4878930862884813,0.031135488876721816,-0.017192092376760674
6,-0.4506459910296867,-0.44236752113785077,-4.772403543471838,4.772403543471838,2.0,0.4873842547062611,0.031115063672940934,-0.014367138116552613
7,-0.44171930133379944,-0.4346587732180853,-4.77249400455816,4.77249400455816,2.0,0.4868903840509189,0.031093652888601962,-0.01153370612671463
8,-0.43319417270078225,-0.4272432648037215,-4.772556655152854,4.772556655152854,2.0,0.48641644826680075,0.03107162235438939,-0.008721291646913012
