epoch,beta,coefficient,loss,expected_cut,best_measured_cut,success_probability_ancilla_1,max_postselected_probability,grad
0,-0.573043686559547,-0.5420200993603825,-4.499999999999592,4.499999999999592,0.0,0.11043673975941887,0.015624999999998584,1.1022846448284184e-12
1,-0.5730437359201181,-0.542020137202801,-4.499999999999591,4.499999999999591,0.0,0.11043675458576452,0.015624999999998581,1.1055769022591503e-12
2,-0.5730437964708033,-0.5420201836241488,-4.499999999999591,4.499999999999591,0.0,0.11043677277326452,0.015624999999998581,1.1095497890911242e-12
3,-0.5730438663808813,-0.5420202372208971,-4.499999999999593,4.499999999999593,0.0,0.11043679377202877,0.015624999999998588,1.1065872967890094e-12
4,-0.5730439445608363,-0.542020297157764,-4.499999999999593,4.499999999999593,0.0,0.1104368172548012,0.015624999999998588,1.1083986059687517e-12
