epoch,beta,coefficient,loss,expected_cut,best_measured_cut,success_probability_ancilla_1,max_postselected_probability,grad
0,0.5209476885727925,0.5010118863596575,-4.733430809845001,4.733430809845001,4.0,0.46839329472677643,0.03151667793793385,0.025367885367661602
1,0.5109813128853246,0.4929257704481946,-4.733650654041294,4.733650654041294,4.0,0.46749903063897424,0.03149904580628651,0.023183735754595466
2,0.5010785536257361,0.48481577284650856,-4.733846299924042,4.733846299924042,4.0,0.4666054606453993,0.03147954831966023,0.02091869115725467
3,0.49127697287088956,0.47671507304521216,-4.734016712894633,4.734016712894633,4.0,0.46571634104985393,0.03145825236129757,0.0185800150762625
4,0.48162311945364356,0.46866548386932744,-4.734161129515874,4.734161129515874,4.0,0.4648363130736548,0.03143528048446672,0.01617801406545431
5,0.4721741248064901,0.4607190576600993,-4.734279172623967,4.734279172623967,4.0,0.46397105502290226,0.0314108257443956,0.013726763935434932
6,0.462999133504578,0.45293957290339715,-4.734370987889711,4.734370987889711,4.0,0.46312741759122455,0.03138516751820943,0.011244902410214384
7,0.4541801732454818,0.4454035328741216,-4.7344373929888866,4.7344373929888866,4.0,0.4623135042546111,0.031358686142634255,0.008756409835191183
