epoch,beta,coefficient,loss,expected_cut,best_measured_cut,success_probability_ancilla_1,max_postselected_probability,grad
0,-0.4772529898543173,-0.4649985712546315,-5.074886335240555,5.074886335240555,4.0,0.4889825104204473,0.030636761500382192,-0.025908656143175505
1,-0.4674198103745345,-0.45669564316241396,-5.075047865274817,5.075047865274817,4.0,0.4898617651531244,0.030515168362146548,-0.019591335881975504
2,-0.45796890682691405,-0.4486480921276782,-5.07514364273646,5.07514364273646,4.0,0.4907150193426468,0.030396171455996965,-0.013239941269246982
3,-0.44923785143110223,-0.44115533853909805,-5.075179295116014,5.075179295116014,2.0,0.49151029668364554,0.030289585747608063,-0.00700786565097491
4,-0.4416875772874271,-0.43463127494868775,-5.07516850140677,5.07516850140677,2.0,0.49220336669666753,0.030301351815477422,-0.0011417228901193668
