{
  "config": {
    "N_VERTICES": 4,
    "PROB_ARESTA": 0.85,
    "COM_PESO": false,
    "PESO_MIN": 1,
    "PESO_MAX": 1,
    "GRAPH_SEED": 104882,
    "GRAPH_EDGES": [
      [
        0,
        1,
        1.0
      ],
      [
        0,
        2,
        1.0
      ],
      [
        0,
        3,
        1.0
      ],
      [
        2,
        3,
        1.0
      ]
    ],
    "REVERSE_BITS": false,
    "ER": 1.25,
    "MAX_TERMS": null,
    "A_MAX": 1.0471975511965976,
    "INIT_BETA": 0.5,
    "MAX_EPOCHS": 200,
    "LR": 0.01,
    "FD_EPS": 0.01,
    "LOSS_TOL_LAST5": 0.0005,
    "PATIENCE_LAST5": 5,
    "TRAIN_SEED": 3,
    "INIT_BETA_JITTER": 0.08,
    "OPTIMIZER": "adam",
    "ADAM_BETA1": 0.9,
    "ADAM_BETA2": 0.999,
    "ADAM_EPS": 1e-08,
    "COEF_ZERO_TOL": 0.0005,
    "IMPROVEMENT_TOL": 0.0005,
    "SATURATION_PATIENCE": 150,
    "INDEX_STRATEGY": "ascending",
    "INDEX_RANDOM_SEED": 42,
    "ENABLE_BACKWARD_PRUNING": false,
    "BACKWARD_PASSES": 1,
    "PRUNE_IMPROVEMENT_TOL": 1e-06,
    "OUTDIR": "benchmark_results_walsh_article/unweighted/aggressive_loader/n4/graph07_trainseed03",
    "SHOW_PLOTS": false,
    "name": "aggressive_loader"
  },
  "n_qubits_register": 4,
  "graph_edges": [
    [
      0,
      1,
      1.0
    ],
    [
      0,
      2,
      1.0
    ],
    [
      0,
      3,
      1.0
    ],
    [
      2,
      3,
      1.0
    ]
  ],
  "graph_signature": "0c4184843706290033a85b58881df740fdc53f7edeeaffa6a9dd8c38dfc1a494",
  "graph_num_edges": 4,
  "graph_density": 0.6666666666666666,
  "best_cut_bruteforce": 3.0,
  "best_bitstring_bruteforce": "0101",
  "best_index_bruteforce": 5,
  "candidate_order": [
    1,
    2,
    3,
    4,
    5,
    6,
    7,
    8,
    9,
    10,
    11,
    12,
    13,
    14,
    15
  ],
  "total_possible_parameters": 15,
  "visited_parameters": 15,
  "trained_coefficients": {
    "0": 0.0,
    "1": -0.42764208643720975,
    "2": 0.43061233850844116,
    "3": 0.0007303840319219373,
    "4": 0.2735236414648551,
    "5": 0.0,
    "6": -0.0006864777650470602,
    "7": -0.3564282363053172,
    "8": 0.07754751051419205,
    "9": -0.0013524717852812537,
    "10": -0.0007715972888438474,
    "11": -0.0774363504471807,
    "12": -0.0007677931411940202,
    "13": 0.03690679568438684,
    "14": -0.01658548906990766,
    "15": 0.0
  },
  "final_coefficient_vector": [
    0.0,
    -0.42764208643720975,
    0.43061233850844116,
    0.0007303840319219373,
    0.2735236414648551,
    0.0,
    -0.0006864777650470602,
    -0.3564282363053172,
    0.07754751051419205,
    -0.0013524717852812537,
    -0.0007715972888438474,
    -0.0774363504471807,
    -0.0007677931411940202,
    0.03690679568438684,
    -0.01658548906990766,
    0.0
  ],
  "active_indices": [
    1,
    2,
    3,
    4,
    6,
    7,
    8,
    9,
    10,
    11,
    12,
    13,
    14
  ],
  "active_parameter_count": 13,
  "compression_ratio_active_over_total": 0.8666666666666667,
  "final_loss": -2.989414565336703,
  "final_expected_cut": 2.989414565336703,
  "best_expected_cut_over_evolution": 2.989414565336703,
  "final_best_measured_index": 7,
  "final_best_measured_bitstring": "0111",
  "final_best_measured_cut": 3.0,
  "best_measured_cut_over_evolution": 3.0,
  "final_success_probability_ancilla_1": 0.17092252661494123,
  "final_max_postselected_probability": 0.257104003756682,
  "gap_expected_to_bruteforce": 0.0105854346632972,
  "gap_measured_to_bruteforce": 0.0,
  "approx_ratio_measured": 1.0,
  "n_steps": 15,
  "elapsed_seconds": 25.854748725891113,
  "steps": [
    {
      "visit_idx": 1,
      "j": 1,
      "kept": true,
      "beta": -0.4336511570307678,
      "coefficient": -0.42764208643720975,
      "loss": -2.0,
      "expected_cut": 2.0,
      "best_measured_cut": 0.0,
      "success_probability_ancilla_1": 0.06975167902487452,
      "epochs_run": 5,
      "stop_reason": "loss_plateau_last5",
      "history_path": "benchmark_results_walsh_article/unweighted/aggressive_loader/n4/graph07_trainseed03/histories/history_visit001_j001.json",
      "improvement_vs_previous": 2.0
    },
    {
      "visit_idx": 2,
      "j": 2,
      "kept": true,
      "beta": 0.43705996668295516,
      "coefficient": 0.43061233850844116,
      "loss": -2.499986805008779,
      "expected_cut": 2.499986805008779,
      "best_measured_cut": 1.0,
      "success_probability_ancilla_1": 0.13058913624190485,
      "epochs_run": 6,
      "stop_reason": "loss_plateau_last5",
      "history_path": "benchmark_results_walsh_article/unweighted/aggressive_loader/n4/graph07_trainseed03/histories/history_visit002_j002.json",
      "improvement_vs_previous": 0.499986805008779
    },
    {
      "visit_idx": 3,
      "j": 3,
      "kept": true,
      "beta": 0.0006974654873104814,
      "coefficient": 0.0007303840319219373,
      "loss": -2.499986007172968,
      "expected_cut": 2.499986007172968,
      "best_measured_cut": 1.0,
      "success_probability_ancilla_1": 0.13058929019988436,
      "epochs_run": 60,
      "stop_reason": "loss_plateau_last5",
      "history_path": "benchmark_results_walsh_article/unweighted/aggressive_loader/n4/graph07_trainseed03/histories/history_visit003_j003.json",
      "improvement_vs_previous": -7.97835811194858e-07
    },
    {
      "visit_idx": 4,
      "j": 4,
      "kept": true,
      "beta": 0.267391372449228,
      "coefficient": 0.2735236414648551,
      "loss": -2.646029689277662,
      "expected_cut": 2.646029689277662,
      "best_measured_cut": 3.0,
      "success_probability_ancilla_1": 0.15197159012266895,
      "epochs_run": 19,
      "stop_reason": "loss_plateau_last5",
      "history_path": "benchmark_results_walsh_article/unweighted/aggressive_loader/n4/graph07_trainseed03/histories/history_visit004_j004.json",
      "improvement_vs_previous": 0.1460436821046942
    },
    {
      "visit_idx": 5,
      "j": 5,
      "kept": false,
      "beta": 0.00019067738916396775,
      "coefficient": 0.0,
      "loss": -2.646029689277662,
      "expected_cut": 2.646029689277662,
      "best_measured_cut": 3.0,
      "success_probability_ancilla_1": 0.15197159012266895,
      "epochs_run": 62,
      "stop_reason": "loss_plateau_last5_and_discarded_near_zero",
      "history_path": "benchmark_results_walsh_article/unweighted/aggressive_loader/n4/graph07_trainseed03/histories/history_visit005_j005.json",
      "improvement_vs_previous": 0.0
    },
    {
      "visit_idx": 6,
      "j": 6,
      "kept": true,
      "beta": -0.0006555380716809765,
      "coefficient": -0.0006864777650470602,
      "loss": -2.6460298573986925,
      "expected_cut": 2.6460298573986925,
      "best_measured_cut": 3.0,
      "success_probability_ancilla_1": 0.1519716608066486,
      "epochs_run": 52,
      "stop_reason": "loss_plateau_last5",
      "history_path": "benchmark_results_walsh_article/unweighted/aggressive_loader/n4/graph07_trainseed03/histories/history_visit006_j006.json",
      "improvement_vs_previous": 1.6812103043051252e-07
    },
    {
      "visit_idx": 7,
      "j": 7,
      "kept": true,
      "beta": -0.35450404516312334,
      "coefficient": -0.3564282363053172,
      "loss": -2.9579707349613322,
      "expected_cut": 2.9579707349613322,
      "best_measured_cut": 3.0,
      "success_probability_ancilla_1": 0.16707818912284192,
      "epochs_run": 26,
      "stop_reason": "loss_plateau_last5",
      "history_path": "benchmark_results_walsh_article/unweighted/aggressive_loader/n4/graph07_trainseed03/histories/history_visit007_j007.json",
      "improvement_vs_previous": 0.3119408775626398
    },
    {
      "visit_idx": 8,
      "j": 8,
      "kept": true,
      "beta": 0.07418822677377035,
      "coefficient": 0.07754751051419205,
      "loss": -2.9719886021451405,
      "expected_cut": 2.9719886021451405,
      "best_measured_cut": 3.0,
      "success_probability_ancilla_1": 0.1686410773152238,
      "epochs_run": 51,
      "stop_reason": "loss_plateau_last5",