epoch,beta,coefficient,loss,expected_cut,best_measured_cut,success_probability_ancilla_1,max_postselected_probability,grad
0,0.31455119876583904,0.2392101413121146,-2.9999999880332573,2.9999999880332573,3.0,0.02807514317863581,0.12499999850424622,-0.048013940717046
1,0.3213025877633997,0.24401084159987368,-2.999901549183676,2.999901549183676,3.0,0.028633105697773636,0.12498769364804678,-0.00032896440317796855
2,0.32244677274670713,0.24482245248192439,-2.999865470101402,2.999865470101402,3.0,0.02872850925802715,0.12498318376276234,0.029135208194036085
3,0.3202417602369696,0.24325784339706066,-2.999930079888828,2.999930079888828,3.0,0.028544869632735358,0.124991259986191,0.03392002187335588
4,0.3165768366759006,0.2406526004803632,-2.999991440751687,2.999991440751687,3.0,0.02824165088596148,0.12499893009404946,0.024645744257272267
