epoch,beta,coefficient,loss,expected_cut,best_measured_cut,success_probability_ancilla_1,max_postselected_probability,grad
0,-0.5117225774557886,-0.49352981824327624,-2.9442190893734907,2.9442190893734907,2.0,0.254190859467385,0.05460975949321984,-0.025161620253139807
1,-0.5020437124648075,-0.48560949738723236,-2.944336015557684,2.944336015557684,2.0,0.2540243542762786,0.054836127375122466,-0.01642259151445619
2,-0.4932101346737092,-0.47831853772765676,-2.944367959877354,2.944367959877354,2.0,0.2538923917470111,0.05503806255685043,-0.007694761014276906
3,-0.48606856970828943,-0.4723809088598663,-2.9443402778547716,2.9443402778547716,2.0,0.2538000254902451,0.05519789644917598,0.0004980794175082792
4,-0.48144039849582637,-0.46851245172794387,-2.9442962839305027,2.9442962839305027,2.0,0.2537471435719301,0.055299779915569724,0.007277248740959162
