epoch,beta,coefficient,loss,expected_cut,best_measured_cut,success_probability_ancilla_1,max_postselected_probability,grad
0,-0.43320593799435536,-0.42725353453494413,-2.49999999999964,2.49999999999964,0.0,0.06962801093818413,0.015624999999997752,1.430090297973716e-12
1,-0.4332060020715584,-0.42725359046661066,-2.4999999999996403,2.4999999999996403,0.0,0.06962802873277904,0.015624999999997752,1.4359556727053875e-12
2,-0.43320608054764626,-0.4272536589667624,-2.4999999999996394,2.4999999999996394,0.0,0.0696280505260258,0.015624999999997748,1.4340482758324136e-12
3,-0.4332061711426202,-0.42725373804523314,-2.4999999999996403,2.4999999999996403,0.0,0.06962807568475692,0.015624999999997752,1.4335723014648735e-12
4,-0.4332062723822846,-0.42725382641522613,-2.499999999999641,2.499999999999641,0.0,0.06962810379958086,0.015624999999997759,1.4321765937618803e-12
