{
  "0": 0.0,
  "1": -0.1569547726744119,
  "2": 0.14332944039938528,
  "3": -0.1369227173702399,
  "4": 0.24331411323581267,
  "5": 0.0,
  "6": 0.16934268616022452,
  "7": -0.15052837223407942,
  "8": -0.11307317356067201,
  "9": 0.10056280568686139,
  "10": 0.008913866835500021,
  "11": 0.10648042887487243,
  "12": -0.15905734793613824,
  "13": 0.1412166854431379,
  "14": -0.16523945271323207,
  "15": -0.004944195756187174,
  "16": 0.0,
  "17": 0.0,
  "18": 0.0,
  "19": 0.0,
  "20": 0.0,
  "21": 0.0,
  "22": 0.0,
  "23": 0.0,
  "24": 0.0,
  "25": 0.0,
  "26": 0.0,
  "27": 0.0,
  "28": 0.0,
  "29": 0.0,
  "30": 0.0021043205189490675,
  "31": 0.0,
  "32": 0.04942727450271435,
  "33": 0.030747811883928722,
  "34": 0.052036358219209884,
  "35": -0.03142929124357031,
  "36": -0.03227601691654526,
  "37": -0.12104410754647087,
  "38": 0.03658523232477622,
  "39": -0.08522719392424088,
  "40": -0.055019642336141684,
  "41": 0.06945173302140097,
  "42": -0.06213669486866777,
  "43": -0.012151616704193456,
  "44": -0.1154066331204927,
  "45": 0.10286679053143268,
  "46": 0.022347877772229265,
  "47": 0.11844720746553757,
  "48": 0.0,
  "49": 0.0,
  "50": 0.0,
  "51": 0.0,
  "52": 0.0,
  "53": 0.0,
  "54": 0.0,
  "55": 0.0,
  "56": 0.0,
  "57": 0.0,
  "58": 0.0,
  "59": 0.0,
  "60": 0.0,
  "61": 0.0,
  "62": 0.0,
  "63": 0.0
}