{
  "config": {
    "N_VERTICES": 4,
    "PROB_ARESTA": 0.55,
    "COM_PESO": false,
    "PESO_MIN": 1,
    "PESO_MAX": 1,
    "GRAPH_SEED": 104577,
    "GRAPH_EDGES": [
      [
        0,
        2,
        1.0
      ],
      [
        2,
        3,
        1.0
      ]
    ],
    "REVERSE_BITS": false,
    "ER": 1.0,
    "MAX_TERMS": null,
    "A_MAX": 0.7853981633974483,
    "INIT_BETA": 0.35,
    "MAX_EPOCHS": 200,
    "LR": 0.01,
    "FD_EPS": 0.01,
    "LOSS_TOL_LAST5": 0.001,
    "PATIENCE_LAST5": 5,
    "TRAIN_SEED": 4,
    "INIT_BETA_JITTER": 0.05,
    "OPTIMIZER": "adam",
    "ADAM_BETA1": 0.9,
    "ADAM_BETA2": 0.999,
    "ADAM_EPS": 1e-08,
    "COEF_ZERO_TOL": 0.001,
    "IMPROVEMENT_TOL": 0.001,
    "SATURATION_PATIENCE": 100,
    "INDEX_STRATEGY": "ascending",
    "INDEX_RANDOM_SEED": 42,
    "ENABLE_BACKWARD_PRUNING": true,
    "BACKWARD_PASSES": 2,
    "PRUNE_IMPROVEMENT_TOL": 0.0001,
    "OUTDIR": "benchmark_results_walsh_article/unweighted/with_pruning/n4/graph04_trainseed04",
    "SHOW_PLOTS": false,
    "name": "with_pruning"
  },
  "n_qubits_register": 4,
  "graph_edges": [
    [
      0,
      2,
      1.0
    ],
    [
      2,
      3,
      1.0
    ]
  ],
  "graph_signature": "ab3e1e60a1be6f27a830f37b39d70bd64af7163327db0f23a1fcb2724d77253c",
  "graph_num_edges": 2,
  "graph_density": 0.3333333333333333,
  "best_cut_bruteforce": 2.0,
  "best_bitstring_bruteforce": "0010",
  "best_index_bruteforce": 2,
  "candidate_order": [
    1,
    2,
    3,
    4,
    5,
    6,
    7,
    8,
    9,
    10,
    11,
    12,
    13,
    14,
    15
  ],
  "total_possible_parameters": 15,
  "visited_parameters": 15,
  "trained_coefficients": {
    "0": 0.0,
    "1": -0.27519009127436306,
    "2": 0.24745092916281042,
    "3": -0.24341446310560724,
    "4": 0.4068870256238537,
    "5": 0.0,
    "6": 0.2874858019653302,
    "7": -0.2549448951353688,
    "8": -0.2262932136547982,
    "9": 0.0,
    "10": -0.13474346863485867,
    "11": 0.11182816617542257,
    "12": 0.0,
    "13": 0.2367104333915283,
    "14": -0.1600471283668613,
    "15": 0.16970248747878744
  },
  "final_coefficient_vector": [
    0.0,
    -0.27519009127436306,
    0.24745092916281042,
    -0.24341446310560724,
    0.4068870256238537,
    0.0,
    0.2874858019653302,
    -0.2549448951353688,
    -0.2262932136547982,
    0.0,
    -0.13474346863485867,
    0.11182816617542257,
    0.0,
    0.2367104333915283,
    -0.1600471283668613,
    0.16970248747878744
  ],
  "active_indices": [
    1,
    2,
    3,
    4,
    6,
    7,
    8,
    10,
    11,
    13,
    14,
    15
  ],
  "active_parameter_count": 12,
  "compression_ratio_active_over_total": 0.8,
  "final_loss": -1.8758389838531087,
  "final_expected_cut": 1.8758389838531087,
  "best_expected_cut_over_evolution": 1.8699434679528484,
  "final_best_measured_index": 9,
  "final_best_measured_bitstring": "1001",
  "final_best_measured_cut": 2.0,
  "best_measured_cut_over_evolution": 2.0,
  "final_success_probability_ancilla_1": 0.11235092072068925,
  "final_max_postselected_probability": 0.5357336087115057,
  "gap_expected_to_bruteforce": 0.12416101614689135,
  "gap_measured_to_bruteforce": 0.0,
  "approx_ratio_measured": 1.0,
  "n_steps": 15,
  "elapsed_seconds": 15.58462643623352,
  "steps": [
    {
      "visit_idx": 1,
      "j": 1,
      "kept": true,
      "beta": -0.36588018167073955,
      "coefficient": -0.27519009127436306,
      "loss": -1.0,
      "expected_cut": 1.0,
      "best_measured_cut": 0.0,
      "success_probability_ancilla_1": 0.018813219231607902,
      "epochs_run": 5,
      "stop_reason": "loss_plateau_last5",
      "history_path": "benchmark_results_walsh_article/unweighted/with_pruning/n4/graph04_trainseed04/histories/history_visit001_j001.json",
      "improvement_vs_previous": 1.0
    },
    {
      "visit_idx": 2,
      "j": 2,
      "kept": true,
      "beta": 0.32615794707218093,
      "coefficient": 0.24745092916281042,
      "loss": -1.0,
      "expected_cut": 1.0,
      "best_measured_cut": 0.0,
      "success_probability_ancilla_1": 0.03347020544922557,
      "epochs_run": 5,
      "stop_reason": "loss_plateau_last5",
      "history_path": "benchmark_results_walsh_article/unweighted/with_pruning/n4/graph04_trainseed04/histories/history_visit002_j002.json",
      "improvement_vs_previous": 0.0
    },
    {
      "visit_idx": 3,
      "j": 3,
      "kept": true,
      "beta": -0.32046234936120427,
      "coefficient": -0.24341446310560724,
      "loss": -1.0,
      "expected_cut": 1.0,
      "best_measured_cut": 1.0,
      "success_probability_ancilla_1": 0.04722318310636943,
      "epochs_run": 5,
      "stop_reason": "loss_plateau_last5",
      "history_path": "benchmark_results_walsh_article/unweighted/with_pruning/n4/graph04_trainseed04/histories/history_visit003_j003.json",
      "improvement_vs_previous": 0.0
    },
    {
      "visit_idx": 4,
      "j": 4,
      "kept": true,
      "beta": 0.5736907865064707,
      "coefficient": 0.4068870256238537,
      "loss": -1.300479917033123,
      "expected_cut": 1.300479917033123,
      "best_measured_cut": 1.0,
      "success_probability_ancilla_1": 0.08418913313829256,
      "epochs_run": 25,
      "stop_reason": "loss_plateau_last5",
      "history_path": "benchmark_results_walsh_article/unweighted/with_pruning/n4/graph04_trainseed04/histories/history_visit004_j004.json",
      "improvement_vs_previous": 0.30047991703312293
    },
    {
      "visit_idx": 5,
      "j": 5,
      "kept": true,
      "beta": -0.02012132663104435,
      "coefficient": -0.0158011205837985,
      "loss": -1.300199492022124,
      "expected_cut": 1.300199492022124,
      "best_measured_cut": 1.0,
      "success_probability_ancilla_1": 0.08406341590626862,
      "epochs_run": 37,
      "stop_reason": "loss_plateau_last5",
      "history_path": "benchmark_results_walsh_article/unweighted/with_pruning/n4/graph04_trainseed04/histories/history_visit005_j005.json",
      "improvement_vs_previous": -0.00028042501099889705
    },
    {
      "visit_idx": 6,
      "j": 6,
      "kept": true,
      "beta": 0.38384075795805156,
      "coefficient": 0.2874858019653302,
      "loss": -1.397547374995086,
      "expected_cut": 1.397547374995086,
      "best_measured_cut": 1.0,
      "success_probability_ancilla_1": 0.09743853676371714,
      "epochs_run": 5,
      "stop_reason": "loss_plateau_last5",
      "history_path": "benchmark_results_walsh_article/unweighted/with_pruning/n4/graph04_trainseed04/histories/history_visit006_j006.json",
      "improvement_vs_previous": 0.09734788297296193
    },
    {
      "visit_idx": 7,
      "j": 7,
      "kept": true,
      "beta": -0.3367869687644447,
      "coefficient": -0.2549448951353688,
      "loss": -1.4767712937068476,
      "expected_cut": 1.4767712937068476,
      "best_measured_cut": 1.0,
      "success_probability_ancilla_1": 0.10518068924981766,
      "epochs_run": 5,
      "stop_reason": "loss_plateau_last5",
      "history_path": "benchmark_results_walsh_article/unweighted/with_pruning/n4/graph04_trainseed04/histories/history_visit007_j007.json",
      "improvement_vs_previous": 0.0792239187117616
    },
    {
      "visit_idx": 8,
      "j": 8,
      "kept": true,
      "beta": -0.2965208194509086,
      "coefficient": -0.2262932136547982,
      "loss": -1.5711600681947848,
      "expected_cut": 1.5711600681947848,
      "best_measured_cut": 2.0,
      "success_probability_ancilla_1": 0.11524669924184042,
      "epochs_run": 83,
      "stop_reason": "loss_plateau_last5",
      "history_path": "benchmark_results_walsh_article/unweighted/with_pruning/n4/graph04_trainseed04/histories/history_visit008_j008.json",
      "improvement_vs_previous": 0.09438877448793725
    },
    {
      "visit_idx": 9,
      "j": 9,
      "kept": true,
      "beta": -0.0768592836114429,
      "coefficient": -0.06024655439855967,
      "loss": -1.5743378207791023,
      "expected_cut": 1.5743378207791023,
      "best_measured_cut": 2.0,