epoch,beta,coefficient,loss,expected_cut,best_measured_cut,success_probability_ancilla_1,max_postselected_probability,grad
0,0.437281938778142,0.4308054649733573,-2.9999586294574083,2.9999586294574083,3.0,0.13297848590452716,0.12499482868219478,-0.0373677406280004
1,0.4461282375914178,0.4384733647619874,-2.9999919436904223,2.9999919436904223,3.0,0.13509688556871507,0.12499899296132132,-0.01363703970429232
2,0.45195777061087744,0.44349545655769795,-2.999922013754815,2.999922013754815,3.0,0.1365025120477425,0.12499025171937016,0.005880261643839316
3,0.4539354057807343,0.4451935606262752,-2.9998824251151612,2.9998824251151612,3.0,0.13698103556039556,0.12498530313941332,0.01801751173187651
4,0.45298957386054345,0.44438177397051304,-2.999902343491179,2.999902343491179,3.0,0.13675207094998698,0.1249877929364156,0.02200826554593095
