{
  "0": 0.0,
  "1": -0.23491619731360341,
  "2": 0.24931670568012346,
  "3": -0.28255686738107716,
  "4": -0.35850285671313137,
  "5": 0.28119342516370427,
  "6": 0.019732042963605066,
  "7": 0.20595621482943585,
  "8": 0.24391573487276724,
  "9": -0.1663661573082416,
  "10": -0.04424217053898297,
  "11": -0.11646150187167584,
  "12": 0.08794950765317781,
  "13": 0.1761982133883869,
  "14": -0.23392519749202723,
  "15": 0.2069491795005928,
  "16": -0.03252954150858613,
  "17": 0.05812259253282514,
  "18": 0.05166469385286395,
  "19": 0.05033252406675298,
  "20": -0.06733050859067914,
  "21": -0.07279768472607961,
  "22": 0.11395075015479803,
  "23": -0.09282077807686856,
  "24": 0.09504612159771883,
  "25": 0.02033989655807343,
  "26": -0.07627389429641333,
  "27": 0.04055946134586302,
  "28": 0.08516302467420099,
  "29": -0.07598203464777883,
  "30": -0.12011067297767483,
  "31": -0.06390918182244368,
  "32": -0.04527417292066641,
  "33": 0.05161309739980968,
  "34": 0.013656586921381633,
  "35": 0.03713867967875485,
  "36": -0.006294547920756681,
  "37": -0.04695833146915141,
  "38": 0.08786236477905117,
  "39": -0.07180835700400247,
  "40": 0.015220733331509705,
  "41": 0.018943053188485808,
  "42": -0.05969218967206226,
  "43": 0.038262790675946005,
  "44": 0.06856067168060179,
  "45": -0.060799450558803356,
  "46": -0.011818972192018065,
  "47": -0.04661188219071491,
  "48": -0.0025787030434367047,
  "49": 0.03581825681323358,
  "50": -0.050115522863845866,
  "51": 0.04910013097805439,
  "52": 0.06993077731154006,
  "53": -0.05623256150838857,
  "54": 0.012900071265321385,
  "55": -0.043148292112455855,
  "56": -0.046026157704305334,
  "57": 0.03622588562336674,
  "58": -0.012080704989349373,
  "59": 0.02996883021683409,
  "60": 0.013835841890879514,
  "61": -0.039177334108959454,
  "62": 0.05787640239941448,
  "63": -0.05151196004058641,
  "64": 0.054950025972918363,
  "65": -0.01269444769139289,
  "66": 0.022280044716694744,
  "67": -0.051320006346151144,
  "68": -0.035415772745506655,
  "69": 0.0969820272080283,
  "70": -0.06060610534091418,
  "71": 0.006932776717143463,
  "72": -0.055577554591530055,
  "73": -0.022581915180361425,
  "74": 0.012242367774353379,
  "75": 0.06600286350754708,
  "76": -0.0015151067339301875,
  "77": -0.10502773917331806,
  "78": 0.05464957984091791,
  "79": 0.012218682361764256,
  "80": -0.002599857017872872,
  "81": 0.04278704214826674,
  "82": -0.038931381549553244,
  "83": 0.03894843330395814,
  "84": 0.0657675318267234,
  "85": -0.025465757063250778,
  "86": 0.033938330967506855,
  "87": -0.07224516170663305,
  "88": -0.053235817143105185,
  "89": -0.0196371747023214,
  "90": 0.0465100508247742,
  "91": 0.033247687576328545,
  "92": -0.05318393606723942,
  "93": -0.03748612667175698,
  "94": 0.04199718620453316,
  "95": 0.04276023448606112,
  "96": 0.004072928529336114,
  "97": 0.02977830970163866,
  "98": -0.013814775983517977,
  "99": 0.019452611080842192,
  "100": 0.03216100381956043,
  "101": -0.018259935928727017,
  "102": -0.005623952850973656,
  "103": -0.042256707713468414,
  "104": -0.006805523835089713,
  "105": -0.008038108860087073,
  "106": 0.02400942064768421,
  "107": 0.00794512580462689,
  "108": -0.02820167361571127,
  "109": -0.019323875458951093,
  "110": -0.00408939483752047,
  "111": 0.013524311706732116,
  "112": -0.03253439729813177,
  "113": -0.02222133674449113,
  "114": -0.023271804064680466,
  "115": 0.0019325741196770517,
  "116": 0.03254082762187189,
  "117": -0.0016530758931352124,
  "118": -0.00808706999106246,
  "119": 0.03732837523301459,
  "120": -0.03429490842846013,
  "121": 0.006577259234647821,
  "122": 0.017970338392578,
  "123": -0.03303832755634232,
  "124": -0.009915837199595965,
  "125": 0.05608832187499004,
  "126": 0.0615109564613539,
  "127": 0.013875337015995668,
  "128": 0.005731893098271595,
  "129": -0.0017980233093111535,
  "130": 0.018686745876597122,
  "131": -0.003296089125925699,
  "132": -0.03391728308036953,
  "133": 0.0,
  "134": 0.03453578456620751,
  "135": -0.006139020511793582,
  "136": 0.005349140588855358,
  "137": 0.0026955101747751834,
  "138": -0.01345499869124889,
  "139": 0.013628016996515797,
  "140": 0.033932843206157484,
  "141": -0.036996566066213425,
  "142": -0.018970807196615855,
  "143": -0.022802894453365214,
  "144": 0.009830551033463291,
  "145": 0.03205517356042983,
  "146": -0.027510486780632528,
  "147": 0.029915253150437505,
  "148": 0.01040738941030068,
  "149": -0.014733490676830004,
  "150": 0.010724232274615195,
  "151": -0.013168149384681105,
  "152": -0.029732640915049742,
  "153": 0.011344462925291171,
  "154": 0.02255031363103561,
  "155": 0.012538490890128193,
  "156": -0.015048025417940938,
  "157": -0.005780595513383486,
  "158": 0.01107732512317582,
  "159": 0.0,
  "160": -0.030231395968964535,
  "161": 0.0019002282747556801,
  "162": -0.005198079677695431,
  "163": 0.003281498098567644,
  "164": -0.026398872602960772,
  "165": 0.00842582189250111,
  "166": 0.03599395933542807,
  "167": 0.0,
  "168": 0.004068015492857293,
  "169": 0.005707251197877659,
  "170": -0.041417475672580584,
  "171": 0.012794521299334418,
  "172": 0.0556449085886208,
  "173": -0.0018791888712512929,
  "174": -0.01141131201676796,
  "175": 0.009932341953788752,
  "176": -0.009507360292935387,
  "177": 0.0062364198827427435,
  "178": -0.024932036748034857,
  "179": -0.0015099024879430781,
  "180": 0.02931313095714614,
  "181": -0.0015220169256436647,
  "182": -0.0027022650268246737,
  "183": -0.006849089564757831,
  "184": -0.02674761150735053,
  "185": 0.001572612295285185,
  "186": 0.003936177664631657,
  "187": 0.004274540339993659,
  "188": -0.007668684974546358,
  "189": 0.0,
  "190": 0.03434794610271044,
  "191": 0.005898416971356443,
  "192": 0.026979219982874877,
  "193": -0.027712762796916084,
  "194": 0.002348612212200904,
  "195": -0.02873150327652212,
  "196": -0.007989723844077836,
  "197": 0.045248782837374074,
  "198": -0.02682884181786964,
  "199": 0.005848532840827035,
  "200": 0.0038462845273773273,
  "201": 0.00803333520911515,
  "202": -0.001059963161795156,
  "203": -0.005331692361834102,
  "204": 0.020007407867988894,
  "205": -0.006530567782571405,
  "206": 0.0,
  "207": -0.002615893690977783,
  "208": -0.0026187410812486245,
  "209": 0.005516619007220244,
  "210": -0.03078352789434901,
  "211": 0.011238319829194493,
  "212": 0.026317481774134104,
  "213": -0.008393846143635893,
  "214": 0.0,
  "215": -0.04078053977820986,
  "216": 0.014830171476082375,
  "217": 0.0,
  "218": -0.0010607881361258782,
  "219": -0.02949803471335595,
  "220": 0.004341589436210507,
  "221": 0.026692020220597808,
  "222": -0.028750839153087078,
  "223": 0.011843344406631935,
  "224": 0.024608392348829215,
  "225": -0.0022258583393910086,
  "226": 0.012918560854897045,
  "227": 0.0,
  "228": -0.017093473667373894,
  "229": 0.015240144693530496,
  "230": -0.01587657845085786,
  "231": -0.012205244698606421,
  "232": 0.008702441537824611,
  "233": -0.011564780701856374,
  "234": 0.015469030584948829,
  "235": 0.0,
  "236": -0.015481026765197302,
  "237": -0.016337680054067206,
  "238": -0.018474691497949516,
  "239": 0.008793888889762118,
  "240": 0.0010759670893453078,
  "241": -0.00955128965040119,
  "242": 0.018796947906816467,
  "243": -0.003293773704540363,
  "244": 0.016245668348698884,
  "245": -0.01697735730493988,
  "246": -0.01237946662982569,
  "247": -0.0016132109178420462,
  "248": 0.02171644422281716,
  "249": -0.00363052846095994,
  "250": -0.005442394356699435,
  "251": -0.01400767888153615,
  "252": -0.006508469978488141,
  "253": 0.0016065822497196571,
  "254": -0.015389421358234252,
  "255": -0.01879637383965182
}