epoch,beta,coefficient,loss,expected_cut,best_measured_cut,success_probability_ancilla_1,max_postselected_probability,grad
0,-0.365880307158745,-0.2751901777326158,-2.4999999999986713,2.4999999999986713,0.0,0.018813230978255047,0.06249999999996678,6.6133061152578375e-12
1,-0.365880602800345,-0.2751903814226205,-2.499999999998672,2.499999999998672,0.0,0.018813258652603842,0.062499999999966804,6.611956802496672e-12
2,-0.365880964716204,-0.27519063077395006,-2.4999999999986713,2.4999999999986713,0.0,0.018813292530757128,0.06249999999996679,6.608796140136626e-12
3,-0.3658813824824065,-0.2751909186047455,-2.4999999999986713,2.4999999999986713,0.0,0.01881333163696562,0.06249999999996679,6.609482522625304e-12
4,-0.36588184942305374,-0.27519124031544256,-2.4999999999986713,2.4999999999986713,0.0,0.018813375346323265,0.06249999999996678,6.609702247117366e-12
