epoch,beta,coefficient,loss,expected_cut,best_measured_cut,success_probability_ancilla_1,max_postselected_probability,grad
0,-0.3322958548607352,-0.251784666075227,-3.99999999999911,3.99999999999911,3.0,0.04487281087177399,0.04630037771936799,1.637037885012665e-12
1,-0.33229592801195335,-0.2517847176234615,-3.9999999999991074,3.9999999999991074,3.0,0.04487281690697256,0.04630037758672236,1.6353167296476044e-12
2,-0.332296017667204,-0.25178478080176203,-3.999999999999109,3.999999999999109,3.0,0.044872824303805355,0.04630037742414874,1.6403999531306251e-12
3,-0.33229612115838625,-0.2517848537299682,-3.9999999999991087,3.9999999999991087,3.0,0.04487283284214667,0.04630037723648449,1.6372843577533854e-12
4,-0.33229623689682297,-0.25178493528856877,-3.9999999999991083,3.9999999999991083,3.0,0.04487284239092634,0.046300377026609794,1.6411107530649537e-12
