{
  "0": 0.0,
  "1": -0.17105568720666509,
  "2": 0.17081923719683184,
  "3": -0.1522266522535045,
  "4": 0.20324740175936856,
  "5": 0.27160540990417387,
  "6": 0.2295389796171761,
  "7": -0.02343608378463179,
  "8": -0.20242965817715478,
  "9": -0.1412274966195538,
  "10": -0.06611056367849925,
  "11": 0.012970035199658315,
  "12": -0.21060046391607198,
  "13": 0.12189882308136497,
  "14": -0.1070285260948982,
  "15": -0.10554371967208971,
  "16": 0.008457999282662875,
  "17": -0.09278215405120423,
  "18": -0.08807625804387192,
  "19": -0.004605481800691875,
  "20": 0.2281107383632979,
  "21": 0.01737625317187992,
  "22": -0.024346850164424443,
  "23": 0.18880188616856364,
  "24": 0.06122951591887138,
  "25": 0.0,
  "26": -0.015562575657716807,
  "27": 0.08329859993675616,
  "28": 0.012520951404288919,
  "29": -0.24227087891812746,
  "30": -0.19772728616411198,
  "31": -0.0026550081309451236,
  "32": -0.04751820844840023,
  "33": 0.03730222955579173,
  "34": -0.004510188705698863,
  "35": 0.0593007809252502,
  "36": -0.06359593409629877,
  "37": 0.002084751175643691,
  "38": -0.06273494950411672,
  "39": -0.09090454080797757,
  "40": 0.05722133414249091,
  "41": -0.011358761535816102,
  "42": 0.10009242614083218,
  "43": 0.08103716200800451,
  "44": 0.052642915831288065,
  "45": 0.008332169793471582,
  "46": 0.06832206593975167,
  "47": -0.07830108567036811,
  "48": 0.019047119943189802,
  "49": 0.0,
  "50": -0.005728205359884972,
  "51": 0.008669077619646616,
  "52": 0.009302618757920671,
  "53": -0.07394617183227742,
  "54": -0.07613866863869798,
  "55": -0.008171647578724578,
  "56": 0.0033098354669088615,
  "57": -0.004494333561330854,
  "58": 0.007335733593993407,
  "59": 0.003630418708332374,
  "60": 0.09146477103798871,
  "61": 0.0,
  "62": -0.004272248327546807,
  "63": 0.08907081136864534
}