{
  "0": 0.0,
  "1": -0.23926207609554193,
  "2": 0.23206332971219437,
  "3": -0.27612213666888863,
  "4": 0.30260910218347953,
  "5": 0.39550266640804377,
  "6": 0.33021664492863206,
  "7": -0.06301539213167363,
  "8": -0.22119168771387399,
  "9": 0.1878867867430643,
  "10": -0.024907049662337925,
  "11": 0.17485471013216466,
  "12": -0.28465283612802234,
  "13": 0.08245129577177959,
  "14": -0.15081652641300805,
  "15": -0.28479527755153156,
  "16": 0.00840681106617,
  "17": -0.23103610827651508,
  "18": -0.031157269975817824,
  "19": -0.04345355569990407,
  "20": 0.16879235795139363,
  "21": 0.0069196746822527515,
  "22": -0.05414283153159816,
  "23": 0.21005137328443108,
  "24": -0.006423299162993341,
  "25": 0.03152048935061451,
  "26": -0.07523128827499909,
  "27": 0.18934692747961968,
  "28": 0.040170762133247655,
  "29": -0.23240381425271317,
  "30": -0.10516332559083576,
  "31": -0.007601694080732443,
  "32": 0.005621744701172389,
  "33": 0.02333977933255312,
  "34": 0.01629557478833396,
  "35": 0.015868647957189428,
  "36": -0.015122629810527418,
  "37": -0.019340510532512675,
  "38": -0.051733510015660365,
  "39": -0.05912833266984979,
  "40": 0.032137199509604,
  "41": 0.022968536273080736,
  "42": 0.01954668608612692,
  "43": 0.032592873895960224,
  "44": -0.03840177157862573,
  "45": -0.05381601653508199,
  "46": -0.01971453030179349,
  "47": -0.023376292847808528,
  "48": 0.018494288142715837,
  "49": -0.006062888136748494,
  "50": 0.04915325557367904,
  "51": 0.016794849469803603,
  "52": 0.024640330843591622,
  "53": 0.0,
  "54": -0.01717764252425638,
  "55": -0.023177228330175347,
  "56": 0.027349741408152852,
  "57": 0.011424011942714554,
  "58": 0.01784439885639987,
  "59": 0.0026832305549961445,
  "60": -0.020672209542029817,
  "61": -0.008507547688158775,
  "62": 0.005588890088308186,
  "63": 0.0023881532822616165
}