{
  "0": 0.0,
  "1": -0.2751926883176532,
  "2": 0.24745129161880636,
  "3": -0.24341448789324277,
  "4": 0.31538130106231654,
  "5": 0.3809089465282137,
  "6": 0.3247918861683931,
  "7": -0.05046042973890219,
  "8": 0.0,
  "9": -0.3804823251668294,
  "10": 0.005706251769077243,
  "11": -0.20476571257378565,
  "12": 0.0,
  "13": 0.0,
  "14": 0.013996282497313366,
  "15": 0.11883780098238182,
  "16": 0.0,
  "17": -0.08975689385654695,
  "18": 0.0,
  "19": -0.06083668124886102,
  "20": -0.07053026803510194,
  "21": -0.013394933706239396,
  "22": 0.0,
  "23": 0.0,
  "24": 0.35061912794966343,
  "25": 0.09999716719275806,
  "26": 0.0,
  "27": 0.044086912066115425,
  "28": -0.12513585192812382,
  "29": -0.1345603179656618,
  "30": -0.24473203908830216,
  "31": 0.12292787879038897,
  "32": -0.16261273926331699,
  "33": 0.08609790403527114,
  "34": -0.07278403568850147,
  "35": 0.17984795619203517,
  "36": -0.11229689132717954,
  "37": 0.10441689140106714,
  "38": -0.21330374935322657,
  "39": -0.08201225850629487,
  "40": -0.07561079990109679,
  "41": 0.10196449106567906,
  "42": -0.03490977744925394,
  "43": 0.1750700466548599,
  "44": -0.051510470905040975,
  "45": -0.011233714891658168,
  "46": 0.011611304639830764,
  "47": 0.034867451200708104,
  "48": 0.0,
  "49": 0.04166044248853543,
  "50": -0.008103756082946867,
  "51": 0.0811865430842319,
  "52": -0.02894110769078824,
  "53": -0.03775204765491619,
  "54": 0.030441731427821507,
  "55": 0.0069128721503288046,
  "56": 0.11818222642910059,
  "57": 0.15198449098035163,
  "58": -0.04757036989237008,
  "59": -0.07706633801152009,
  "60": 0.0,
  "61": -0.1501919361686679,
  "62": 0.07110293059671464,
  "63": -0.0938699506982031
}