epoch,beta,coefficient,loss,expected_cut,best_measured_cut,success_probability_ancilla_1,max_postselected_probability,grad
0,-0.27739270307705616,-0.16995403958645122,-2.499999999993836,2.499999999993836,0.0,0.004056368709110843,0.0624999999998459,4.218056439017949e-11
1,-0.2773945884496562,-0.1699551375281363,-2.499999999993837,2.499999999993837,0.0,0.004056421048424588,0.06249999999984593,4.217323798965874e-11
2,-0.2773968968269691,-0.16995648180395823,-2.499999999993837,2.499999999993837,0.0,0.004056485131041851,0.062499999999845915,4.2174322423929685e-11
3,-0.27739956157926865,-0.16995803361147646,-2.499999999993837,2.499999999993837,0.0,0.004056559107474598,0.06249999999984593,4.217740610110301e-11
4,-0.27740254005673604,-0.16995976811290536,-2.499999999993836,2.499999999993836,0.0,0.00405664179392933,0.062499999999845915,4.2178132838858513e-11
5,-0.2774058018463219,-0.16996166759652062,-2.499999999993838,2.499999999993838,0.0,0.004056732346311331,0.06249999999984594,4.217302299056901e-11
6,-0.2774093238487451,-0.16996371860975837,-2.4999999999938383,2.4999999999938383,0.0,0.0040568301235595515,0.06249999999984596,4.2165878291240846e-11
