epoch,beta,coefficient,loss,expected_cut,best_measured_cut,success_probability_ancilla_1,max_postselected_probability,grad
0,-0.31195275445754583,-0.2373571796264892,-1.4999999999996438,1.4999999999996438,0.0,0.04209284378296593,0.18562399349732936,6.681526284344381e-13
1,-0.3119527843416071,-0.23735720095372284,-1.499999999999643,1.499999999999643,0.0,0.04209284614550563,0.18562399355223644,6.686170130213072e-13
2,-0.31195282093828947,-0.23735722707152432,-1.4999999999996443,1.4999999999996443,0.0,0.04209284903872421,0.1856239936194761,6.686695947494668e-13
3,-0.3119528631966975,-0.23735725722990528,-1.4999999999996434,1.4999999999996434,0.0,0.04209285237954136,0.18562399369711668,6.690845235151327e-13
4,-0.3119529104249569,-0.2373572909350982,-1.4999999999996434,1.4999999999996434,0.0,0.04209285611325971,0.1856239937838868,6.68306153954137e-13
