{
  "0": 0.0,
  "1": -0.29757966529783564,
  "2": 0.29714861218706834,
  "3": -0.2609224251228606,
  "4": -0.392189331744547,
  "5": 0.26375511198502183,
  "6": 0.028813065197898505,
  "7": 0.2565496307031753,
  "8": 0.25291987699851737,
  "9": -0.15221083561137458,
  "10": -0.05987264459080219,
  "11": -0.14015082477486934,
  "12": 0.11247285834835218,
  "13": 0.2082467485623993,
  "14": -0.2522366458820111,
  "15": 0.1846173674901156,
  "16": -0.038998961885058255,
  "17": 0.04405648964628851,
  "18": 0.055316109834202674,
  "19": 0.058999414591914254,
  "20": -0.07653463572718758,
  "21": -0.08652612322119634,
  "22": 0.12121301216029826,
  "23": -0.08605467294446546,
  "24": 0.11287586771377786,
  "25": 0.01737326422690953,
  "26": -0.06720169334957608,
  "27": 0.02788359246446324,
  "28": 0.07621697859567535,
  "29": -0.05479881526463035,
  "30": -0.13954038765624968,
  "31": -0.06263715651072754,
  "32": -0.05116963111262874,
  "33": 0.037297836231121914,
  "34": 0.023917696073544246,
  "35": 0.04770699571019903,
  "36": -0.020221814267296124,
  "37": -0.05452280544355054,
  "38": 0.09548659064637631,
  "39": -0.05386341061572982,
  "40": 0.029308431403383666,
  "41": 0.021555230989155672,
  "42": -0.055360085985793596,
  "43": 0.025245540190457907,
  "44": 0.07288911444671871,
  "45": -0.042856293582993865,
  "46": -0.031102965727590828,
  "47": -0.05543570711566634,
  "48": 0.006518684958416322,
  "49": 0.04548720438369073,
  "50": -0.05618500098200056,
  "51": 0.041512685671991276,
  "52": 0.07535093786599255,
  "53": -0.05123003804182271,
  "54": 0.008228275667294142,
  "55": -0.0512742773165047,
  "56": -0.052405534344394177,
  "57": 0.027884724951918356,
  "58": -0.006086087788182036,
  "59": 0.03134887817371106,
  "60": 0.004597032470038231,
  "61": -0.04887011198781485,
  "62": 0.06685416106594064,
  "63": -0.04893862555856286,
  "64": 0.06768316877923564,
  "65": -0.014790266415425378,
  "66": 0.024317103959094484,
  "67": -0.06485478381423146,
  "68": -0.04431081907763245,
  "69": 0.10697030008931542,
  "70": -0.07594139314574237,
  "71": 0.01010637218334056,
  "72": -0.05170577224489969,
  "73": -0.002363351403461402,
  "74": -0.003969053922281944,
  "75": 0.056994736361771825,
  "76": 0.017799065667971955,
  "77": -0.10068596099755331,
  "78": 0.056774411860898384,
  "79": -0.007769718956818169,
  "80": -0.009288174864605845,
  "81": 0.05384485655033941,
  "82": -0.047561529299004354,
  "83": 0.04569708731570251,
  "84": 0.07909776243837188,
  "85": -0.036157028101833175,
  "86": 0.04546398207201058,
  "87": -0.08519682724874567,
  "88": -0.0413649802436805,
  "89": -0.0048271966708227365,
  "90": 0.03798132510729776,
  "91": 0.027805705704254925,
  "92": -0.04201221199477662,
  "93": -0.029780433736165002,
  "94": 0.03192041357536791,
  "95": 0.03178037438920703,
  "96": 0.0020067789639422306,
  "97": 0.03643113873266808,
  "98": -0.023213990266877916,
  "99": 0.013891827783002554,
  "100": 0.0404705959518589,
  "101": -0.016968381213940373,
  "102": -0.0028972608260477485,
  "103": -0.04988277578641189,
  "104": -0.0077801168426084345,
  "105": -0.004587036498899375,
  "106": 0.021331996688906146,
  "107": 0.009703497600572616,
  "108": -0.02825904796506858,
  "109": -0.020942526469514045,
  "110": 0.0,
  "111": 0.008030259421175355,
  "112": -0.03462535785179596,
  "113": -0.019247278131146725,
  "114": -0.021499554428489595,
  "115": 0.007744635276180934,
  "116": 0.03849120462983805,
  "117": -0.007144985659344705,
  "118": -0.004693447955073434,
  "119": 0.03937377247909212,
  "120": -0.034368654808370605,
  "121": 0.004574411586462526,
  "122": 0.013056884148242532,
  "123": -0.04139467571968706,
  "124": -0.008452553497213085,
  "125": 0.061942094001739056,
  "126": 0.06073492344209029,
  "127": 0.015436813001551983,
  "128": 0.006816040759503068,
  "129": -0.0026025744483681515,
  "130": 0.01824386927290176,
  "131": -0.0012494511337820555,
  "132": -0.03701333492160386,
  "133": 0.0025795772873080172,
  "134": 0.03333747795417174,
  "135": -0.007953583851677272,
  "136": 0.009702981097504448,
  "137": 0.002252583579873756,
  "138": -0.013028159046622493,
  "139": 0.005517075398858337,
  "140": 0.041789489773003084,
  "141": -0.025525409869547166,
  "142": -0.02628676101560175,
  "143": -0.029836276636110003,
  "144": 0.017548053572432314,
  "145": 0.03354575676327817,
  "146": -0.03235288269109275,
  "147": 0.022656602654505566,
  "148": 0.015197272390659598,
  "149": -0.005491079303901388,
  "150": 0.005721687831409623,
  "151": -0.013215389528232868,
  "152": -0.0310572866796233,
  "153": 0.009362811073960791,
  "154": 0.02448753443709218,
  "155": 0.01388641417304594,
  "156": -0.017591362723744848,
  "157": -0.008375582773778284,
  "158": 0.014587277680325647,
  "159": -0.0039539752963368355,
  "160": -0.034005179621163145,
  "161": -0.002229767088531933,
  "162": -0.006927337226674279,
  "163": 0.00411962962376696,
  "164": -0.0248756133123148,
  "165": 0.001111854050987964,
  "166": 0.04886314261927767,
  "167": 0.0012876165434528807,
  "168": 0.0029390783475070127,
  "169": 0.01318024898683388,
  "170": -0.050318535153986335,
  "171": 0.017984961605096595,
  "172": 0.07296439041088941,
  "173": 0.0,
  "174": -0.012027081967654923,
  "175": -0.0026929138791324534,
  "176": -0.008889635857591466,
  "177": 0.011910410538486951,
  "178": -0.030334076309920285,
  "179": 0.0031573918400953174,
  "180": 0.03342334265040629,
  "181": -0.009300279259280606,
  "182": -0.0032469126634106053,
  "183": -0.010723819992371571,
  "184": -0.03226132475224467,
  "185": 0.011412496755175883,
  "186": 0.0,
  "187": 0.0152856794200483,
  "188": -0.0060069273690272875,
  "189": -0.009120841893580457,
  "190": 0.040225290678477035,
  "191": 0.0,
  "192": 0.01919482261744639,
  "193": -0.03303922733608543,
  "194": 0.012761881544482916,
  "195": -0.014424050973766499,
  "196": -0.01983520750234576,
  "197": 0.03086110959739813,
  "198": -0.012811158665740365,
  "199": 0.013712112255773356,
  "200": 0.006217978482982199,
  "201": 0.00316087648927352,
  "202": 0.005301720529217231,
  "203": -0.007201723517047648,
  "204": 0.012278537447656397,
  "205": -0.005262538668078917,
  "206": 0.0,
  "207": 0.01006878934865541,
  "208": -0.007893661491539297,
  "209": -0.008440487886068758,
  "210": -0.023526922471836915,
  "211": 0.010226469899684051,
  "212": 0.012033852703913736,
  "213": -0.01139516971277882,
  "214": 0.0037693210713199035,
  "215": -0.02564773594249117,
  "216": 0.00896698945670101,
  "217": -0.006705828871104961,
  "218": 0.005408815146513356,
  "219": -0.02103950031195055,
  "220": -0.0018806643350829327,
  "221": 0.014504185846891606,
  "222": -0.019056757462256723,
  "223": 0.01806499187969531,
  "224": 0.0274988556601879,
  "225": -0.012092371480794055,
  "226": 0.018970774574442583,
  "227": -0.0058695594358629056,
  "228": -0.02623126510264497,
  "229": 0.017664149772035394,
  "230": -0.016142464790332402,
  "231": 0.0,
  "232": 0.0162150855451372,
  "233": -0.011655813116388762,
  "234": 0.016827367279060867,
  "235": -0.004536053311778944,
  "236": -0.01854067366527228,
  "237": -0.015820226488575083,
  "238": -0.0284291740665957,
  "239": 0.011388906552538576,
  "240": 0.0028004922222910943,
  "241": -0.005166100617768076,
  "242": 0.0199265085706584,
  "243": -0.0037958344779426374,
  "244": 0.015052196963408628,
  "245": -0.020328911188697986,
  "246": -0.02001578519502155,
  "247": -0.004741173104003874,
  "248": 0.02214842948613628,
  "249": -0.00879441253390978,
  "250": 0.0,
  "251": -0.015163623355067374,
  "252": -0.014201071537903141,
  "253": 0.0,
  "254": -0.009246786132567008,
  "255": -0.012601461473166464
}