{
  "0": 0.0,
  "1": -0.23491404938371518,
  "2": 0.23551789842435314,
  "3": -0.001454729757753426,
  "4": -0.0014448179485366671,
  "5": 0.0028770646210759254,
  "6": -0.0031953542138420943,
  "7": 0.0,
  "8": 0.0,
  "9": 0.0,
  "10": 0.0047512302327625015,
  "11": -0.002367523507202285,
  "12": -0.004445606572035214,
  "13": 0.16732107217369624,
  "14": -0.19892574668319754,
  "15": 0.0023120880572116294,
  "16": 0.0,
  "17": 0.0,
  "18": -0.001262904561021699,
  "19": 0.002330168403530306,
  "20": 0.004621604655122609,
  "21": 0.03316589660251714,
  "22": -0.03677812653253214,
  "23": 0.0,
  "24": 0.0,
  "25": 0.01684424648181206,
  "26": -0.009120447508510739,
  "27": -0.0014953989368052482,
  "28": 0.01591143208385205,
  "29": -0.0021878378315982223,
  "30": 0.0,
  "31": 0.00617288755904084,
  "32": 0.0,
  "33": 0.0010027748720856245,
  "34": 0.0,
  "35": 0.0,
  "36": 0.0,
  "37": 0.0187485210114873,
  "38": -0.009653269242548576,
  "39": -0.0012401178194777359,
  "40": 0.0,
  "41": 0.016545399534789774,
  "42": -0.015272833231285018,
  "43": -0.0014823067103074206,
  "44": 0.004240482612921243,
  "45": 0.0,
  "46": 0.0,
  "47": 0.005188935843350025,
  "48": -0.0025151207700517355,
  "49": 0.06133171615341666,
  "50": -0.0956513096967611,
  "51": 0.004266652109261513,
  "52": 0.005748505821455405,
  "53": -0.0026016950731289185,
  "54": 0.0011624106660317254,
  "55": 0.004484064966396499,
  "56": 0.001190290698001675,
  "57": 0.003283643475849824,
  "58": -0.0029032105632576196,
  "59": 0.002855657639529016,
  "60": 0.0012088432488385537,
  "61": -0.13819618093724287,
  "62": 0.16295255088044114,
  "63": 0.0
}