{
  "config": {
    "N_VERTICES": 4,
    "PROB_ARESTA": 0.4,
    "COM_PESO": false,
    "PESO_MIN": 1,
    "PESO_MAX": 1,
    "GRAPH_SEED": 104678,
    "GRAPH_EDGES": [
      [
        1,
        2,
        1.0
      ],
      [
        1,
        3,
        1.0
      ],
      [
        2,
        3,
        1.0
      ]
    ],
    "REVERSE_BITS": false,
    "ER": 1.0,
    "MAX_TERMS": null,
    "A_MAX": 0.7853981633974483,
    "INIT_BETA": 0.35,
    "MAX_EPOCHS": 200,
    "LR": 0.01,
    "FD_EPS": 0.01,
    "LOSS_TOL_LAST5": 0.001,
    "PATIENCE_LAST5": 5,
    "TRAIN_SEED": 7,
    "INIT_BETA_JITTER": 0.05,
    "OPTIMIZER": "adam",
    "ADAM_BETA1": 0.9,
    "ADAM_BETA2": 0.999,
    "ADAM_EPS": 1e-08,
    "COEF_ZERO_TOL": 0.005,
    "IMPROVEMENT_TOL": 0.003,
    "SATURATION_PATIENCE": 40,
    "INDEX_STRATEGY": "ascending",
    "INDEX_RANDOM_SEED": 42,
    "ENABLE_BACKWARD_PRUNING": false,
    "BACKWARD_PASSES": 1,
    "PRUNE_IMPROVEMENT_TOL": 1e-06,
    "OUTDIR": "benchmark_results_walsh_article/unweighted/sparse_threshold/n4/graph05_trainseed07",
    "SHOW_PLOTS": false,
    "name": "sparse_threshold"
  },
  "n_qubits_register": 4,
  "graph_edges": [
    [
      1,
      2,
      1.0
    ],
    [
      1,
      3,
      1.0
    ],
    [
      2,
      3,
      1.0
    ]
  ],
  "graph_signature": "be861fe0b30163c15a2bc45387e42148d677589ca12d320c9ad2ad740a6f1fe8",
  "graph_num_edges": 3,
  "graph_density": 0.5,
  "best_cut_bruteforce": 2.0,
  "best_bitstring_bruteforce": "0001",
  "best_index_bruteforce": 1,
  "candidate_order": [
    1,
    2,
    3,
    4,
    5,
    6,
    7,
    8,
    9,
    10,
    11,
    12,
    13,
    14,
    15
  ],
  "total_possible_parameters": 15,
  "visited_parameters": 15,
  "trained_coefficients": {
    "0": 0.0,
    "1": -0.2400559798385967,
    "2": 0.24536664903641967,
    "3": -0.23735722707152432,
    "4": -0.3456270300112869,
    "5": 0.24623093543401225,
    "6": 0.019653505254841115,
    "7": 0.21460196419413097,
    "8": 0.10499327035668457,
    "9": -0.020430880247777485,
    "10": -0.007382658845527131,
    "11": 0.01458924196369478,
    "12": 0.0,
    "13": 0.0,
    "14": 0.006206902533533268,
    "15": 0.0
  },
  "final_coefficient_vector": [
    0.0,
    -0.2400559798385967,
    0.24536664903641967,
    -0.23735722707152432,
    -0.3456270300112869,
    0.24623093543401225,
    0.019653505254841115,
    0.21460196419413097,
    0.10499327035668457,
    -0.020430880247777485,
    -0.007382658845527131,
    0.01458924196369478,
    0.0,
    0.0,
    0.006206902533533268,
    0.0
  ],
  "active_indices": [
    1,
    2,
    3,
    4,
    5,
    6,
    7,
    8,
    9,
    10,
    11,
    14
  ],
  "active_parameter_count": 12,
  "compression_ratio_active_over_total": 0.8,
  "final_loss": -1.9992699895967139,
  "final_expected_cut": 1.9992699895967139,
  "best_expected_cut_over_evolution": 1.9994056165732523,
  "final_best_measured_index": 10,
  "final_best_measured_bitstring": "1010",
  "final_best_measured_cut": 2.0,
  "best_measured_cut_over_evolution": 2.0,
  "final_success_probability_ancilla_1": 0.08934357575898587,
  "final_max_postselected_probability": 0.3623747894034818,
  "gap_expected_to_bruteforce": 0.0007300104032861299,
  "gap_measured_to_bruteforce": 0.0,
  "approx_ratio_measured": 1.0,
  "n_steps": 15,
  "elapsed_seconds": 20.255809545516968,
  "steps": [
    {
      "visit_idx": 1,
      "j": 1,
      "kept": true,
      "beta": -0.3157387013182283,
      "coefficient": -0.2400559798385967,
      "loss": -1.5,
      "expected_cut": 1.5,
      "best_measured_cut": 0.0,
      "success_probability_ancilla_1": 0.014337666612293142,
      "epochs_run": 5,
      "stop_reason": "loss_plateau_last5",
      "history_path": "benchmark_results_walsh_article/unweighted/sparse_threshold/n4/graph05_trainseed07/histories/history_visit001_j001.json",
      "improvement_vs_previous": 1.5
    },
    {
      "visit_idx": 2,
      "j": 2,
      "kept": true,
      "beta": 0.3232144221201238,
      "coefficient": 0.24536664903641967,
      "loss": -1.4999999999999998,
      "expected_cut": 1.4999999999999998,
      "best_measured_cut": 2.0,
      "success_probability_ancilla_1": 0.028884066144696297,
      "epochs_run": 5,
      "stop_reason": "loss_plateau_last5",
      "history_path": "benchmark_results_walsh_article/unweighted/sparse_threshold/n4/graph05_trainseed07/histories/history_visit002_j002.json",
      "improvement_vs_previous": -2.220446049250313e-16
    },
    {
      "visit_idx": 3,
      "j": 3,
      "kept": true,
      "beta": -0.31195282093828947,
      "coefficient": -0.23735722707152432,
      "loss": -1.5000000000000002,
      "expected_cut": 1.5000000000000002,
      "best_measured_cut": 0.0,
      "success_probability_ancilla_1": 0.04209284903872421,
      "epochs_run": 5,
      "stop_reason": "loss_plateau_last5",
      "history_path": "benchmark_results_walsh_article/unweighted/sparse_threshold/n4/graph05_trainseed07/histories/history_visit003_j003.json",
      "improvement_vs_previous": 4.440892098500626e-16
    },
    {
      "visit_idx": 4,
      "j": 4,
      "kept": true,
      "beta": -0.47231265550788176,
      "coefficient": -0.3456270300112869,
      "loss": -1.7808012257366874,
      "expected_cut": 1.7808012257366874,
      "best_measured_cut": 2.0,
      "success_probability_ancilla_1": 0.06917200890976566,
      "epochs_run": 98,
      "stop_reason": "loss_plateau_last5",
      "history_path": "benchmark_results_walsh_article/unweighted/sparse_threshold/n4/graph05_trainseed07/histories/history_visit004_j004.json",
      "improvement_vs_previous": 0.2808012257366872
    },
    {
      "visit_idx": 5,
      "j": 5,
      "kept": true,
      "beta": 0.32443435116659625,
      "coefficient": 0.24623093543401225,
      "loss": -1.8948642949527792,
      "expected_cut": 1.8948642949527792,
      "best_measured_cut": 2.0,
      "success_probability_ancilla_1": 0.07987591572543187,
      "epochs_run": 83,
      "stop_reason": "loss_plateau_last5",
      "history_path": "benchmark_results_walsh_article/unweighted/sparse_threshold/n4/graph05_trainseed07/histories/history_visit005_j005.json",
      "improvement_vs_previous": 0.11406306921609177
    },
    {
      "visit_idx": 6,
      "j": 6,
      "kept": true,
      "beta": 0.025028845156208603,
      "coefficient": 0.019653505254841115,
      "loss": -1.8947972108701523,
      "expected_cut": 1.8947972108701523,
      "best_measured_cut": 2.0,
      "success_probability_ancilla_1": 0.08025863621590895,
      "epochs_run": 40,
      "stop_reason": "loss_plateau_last5",
      "history_path": "benchmark_results_walsh_article/unweighted/sparse_threshold/n4/graph05_trainseed07/histories/history_visit006_j006.json",
      "improvement_vs_previous": -6.708408262690035e-05
    },
    {
      "visit_idx": 7,
      "j": 7,
      "kept": true,
      "beta": 0.28036158985599074,
      "coefficient": 0.21460196419413097,
      "loss": -1.9839548085507328,
      "expected_cut": 1.9839548085507328,
      "best_measured_cut": 2.0,
      "success_probability_ancilla_1": 0.08686361118597388,
      "epochs_run": 77,
      "stop_reason": "loss_plateau_last5",
      "history_path": "benchmark_results_walsh_article/unweighted/sparse_threshold/n4/graph05_trainseed07/histories/history_visit007_j007.json",
      "improvement_vs_previous": 0.08915759768058051
    },
    {
      "visit_idx": 8,
      "j": 8,
      "kept": true,
      "beta": 0.1344865636649062,
      "coefficient": 0.10499327035668457,
      "loss": -1.9984082017642857,
      "expected_cut": 1.9984082017642857,
      "best_measured_cut": 2.0,
      "success_probability_ancilla_1": 0.08913864254174754,
      "epochs_run": 23,
      "stop_reason": "loss_plateau_last5",
      "history_path": "benchmark_results_walsh_article/unweighted/sparse_threshold/n4/graph05_trainseed07/histories/history_visit008_j008.json",