{
  "0": 0.0,
  "1": -0.2400559798385967,
  "2": 0.24536664903641967,
  "3": -0.23735722707152432,
  "4": -0.3456270300112869,
  "5": 0.24623093543401225,
  "6": 0.019653505254841115,
  "7": 0.21460196419413097,
  "8": 0.10499327035668457,
  "9": -0.020430880247777485,
  "10": -0.007382658845527131,
  "11": 0.01458924196369478,
  "12": 0.0,
  "13": 0.0,
  "14": 0.006206902533533268,
  "15": 0.0
}