epoch,beta,coefficient,loss,expected_cut,best_measured_cut,success_probability_ancilla_1,max_postselected_probability,grad
0,-0.5297542221322871,-0.5080931249434347,-2.4999999999997433,2.4999999999997433,0.0,0.09749867925449562,0.06249999999999359,7.806021292958074e-13
1,-0.5297542570233171,-0.5080931528797826,-2.499999999999744,2.499999999999744,0.0,0.09749868961314043,0.0624999999999936,7.801895692067343e-13
2,-0.5297542997888625,-0.5080931871210506,-2.499999999999744,2.499999999999744,0.0,0.09749870230961577,0.0624999999999936,7.825458576730616e-13
3,-0.5297543491395754,-0.5080932266348905,-2.4999999999997433,2.4999999999997433,0.0,0.09749871696113298,0.062499999999993575,7.801859967854569e-13
4,-0.529754404309661,-0.5080932708081495,-2.4999999999997433,2.4999999999997433,0.0,0.09749873334033861,0.06249999999999359,7.813640643891607e-13
