epoch,beta,coefficient,loss,expected_cut,best_measured_cut,success_probability_ancilla_1,max_postselected_probability,grad
0,0.5268668556096898,0.505778048162598,-2.9999940282758573,2.9999940282758573,2.0,0.17529571104532643,0.12499925353449638,0.009872054345296767
1,0.523575660239486,0.5031312982823953,-2.999972445344126,2.999972445344126,2.0,0.17451056515471325,0.12499655566803011,-0.004150309730322704
2,0.5257350174435139,0.5048687809431115,-2.9999883983917326,2.9999883983917326,2.0,0.17502558000594864,0.1249985497989809,-0.008983593830362435
3,0.529597662806495,0.5079677624049012,-2.9999999825466372,2.9999999825466372,2.0,0.17594796637939553,0.12499999781834388,-0.005800062560691788
4,0.5329425869008472,0.5106420147327406,-2.9999928209306237,2.9999928209306237,2.0,0.176747844766377,0.12499910261634212,-0.00022295043688369046
