{
  "0": 0.0,
  "1": -0.29548486120497025,
  "2": 0.2976154906097602,
  "3": -0.24906486228749072,
  "4": 0.2564368924525602,
  "5": 0.4077880134048946,
  "6": 0.3343675306419642,
  "7": -0.0853845649337714,
  "8": -0.2472372280743474,
  "9": 0.0,
  "10": 0.0,
  "11": 0.053015700014048844,
  "12": -0.31354395466745133,
  "13": 0.20536000127932397,
  "14": -0.1927395071825915,
  "15": -0.13276008525077454,
  "16": 0.11232932378186501,
  "17": 0.11538124239702788,
  "18": 0.02653056697755237,
  "19": -0.04804932860935838,
  "20": 0.08902164915289172,
  "21": -0.1421585429474425,
  "22": 0.0649145765129031,
  "23": 0.0,
  "24": 0.0,
  "25": 0.16867457278949907,
  "26": -0.17444742412857595,
  "27": 0.05190644856201716,
  "28": -0.10635000178483145,
  "29": -0.25939329702027036,
  "30": -0.12923014591505286,
  "31": 0.07513605948639615,
  "32": 0.0,
  "33": -0.09771890448184173,
  "34": -0.06143216269917846,
  "35": 0.0,
  "36": 0.1910540288992085,
  "37": 0.02607877564652671,
  "38": 0.0,
  "39": 0.17725441379358203,
  "40": 0.08474157984117768,
  "41": 0.0,
  "42": -0.01836058574820064,
  "43": 0.0590232947082375,
  "44": -0.020431691009744877,
  "45": 0.0,
  "46": -0.18066814030880554,
  "47": 0.0,
  "48": 0.0,
  "49": 0.029619859843025884,
  "50": -0.00831553508174659,
  "51": 0.07057962140070839,
  "52": -0.0136139221139353,
  "53": -0.09042383077217622,
  "54": -0.011759972973063495,
  "55": 0.0,
  "56": 0.0502047120989935,
  "57": 0.11918708710608295,
  "58": 0.0,
  "59": 0.0,
  "60": 0.0,
  "61": -0.09424663255363015,
  "62": 0.0619722124566623,
  "63": -0.050105956247777625
}