epoch,beta,coefficient,loss,expected_cut,best_measured_cut,success_probability_ancilla_1,max_postselected_probability,grad
0,-0.31462395564155626,-0.2392619824564052,-2.499999999998245,2.499999999998245,0.0,0.01424343049234896,0.06249999999995612,1.0405776185264499e-11
1,-0.31462442083942643,-0.23926231391445327,-2.499999999998244,2.499999999998244,0.0,0.014243469767783965,0.062499999999956105,1.0404731151180154e-11
2,-0.3146249904307284,-0.23926271975371807,-2.499999999998245,2.499999999998245,0.0,0.014243517856939891,0.06249999999995613,1.0404779340810809e-11
3,-0.31462564796162884,-0.23926318825061504,-2.499999999998246,2.499999999998246,0.0,0.014243573370692887,0.062499999999956146,1.0404718050206009e-11
4,-0.31462638297326645,-0.23926371195303736,-2.499999999998245,2.499999999998245,0.0,0.014243635426058112,0.06249999999995612,1.040839090407148e-11
