{
  "config": {
    "N_VERTICES": 4,
    "PROB_ARESTA": 0.55,
    "COM_PESO": false,
    "PESO_MIN": 1,
    "PESO_MAX": 1,
    "GRAPH_SEED": 105087,
    "GRAPH_EDGES": [
      [
        0,
        1,
        1.0
      ],
      [
        1,
        2,
        1.0
      ],
      [
        1,
        3,
        1.0
      ]
    ],
    "REVERSE_BITS": false,
    "ER": 1.0,
    "MAX_TERMS": null,
    "A_MAX": 0.7853981633974483,
    "INIT_BETA": 0.35,
    "MAX_EPOCHS": 200,
    "LR": 0.01,
    "FD_EPS": 0.01,
    "LOSS_TOL_LAST5": 0.001,
    "PATIENCE_LAST5": 5,
    "TRAIN_SEED": 3,
    "INIT_BETA_JITTER": 0.05,
    "OPTIMIZER": "adam",
    "ADAM_BETA1": 0.9,
    "ADAM_BETA2": 0.999,
    "ADAM_EPS": 1e-08,
    "COEF_ZERO_TOL": 0.005,
    "IMPROVEMENT_TOL": 0.003,
    "SATURATION_PATIENCE": 40,
    "INDEX_STRATEGY": "ascending",
    "INDEX_RANDOM_SEED": 42,
    "ENABLE_BACKWARD_PRUNING": false,
    "BACKWARD_PASSES": 1,
    "PRUNE_IMPROVEMENT_TOL": 1e-06,
    "OUTDIR": "benchmark_results_walsh_article/unweighted/sparse_threshold/n4/graph09_trainseed03",
    "SHOW_PLOTS": false,
    "name": "sparse_threshold"
  },
  "n_qubits_register": 4,
  "graph_edges": [
    [
      0,
      1,
      1.0
    ],
    [
      1,
      2,
      1.0
    ],
    [
      1,
      3,
      1.0
    ]
  ],
  "graph_signature": "e05b7736fa85fadb9e519d205bc71874029e7ff2544024339aba6060afa201c5",
  "graph_num_edges": 3,
  "graph_density": 0.5,
  "best_cut_bruteforce": 3.0,
  "best_bitstring_bruteforce": "0100",
  "best_index_bruteforce": 4,
  "candidate_order": [
    1,
    2,
    3,
    4,
    5,
    6,
    7,
    8,
    9,
    10,
    11,
    12,
    13,
    14,
    15
  ],
  "total_possible_parameters": 15,
  "visited_parameters": 15,
  "trained_coefficients": {
    "0": 0.0,
    "1": -0.2349145553504897,
    "2": 0.23551793293955203,
    "3": 0.0,
    "4": -0.16638459451019683,
    "5": 0.0,
    "6": 0.0,
    "7": 0.20038261375793398,
    "8": -0.10095818458385633,
    "9": 0.0,
    "10": 0.0,
    "11": 0.13331927699040289,
    "12": 0.0,
    "13": -0.12277012112590895,
    "14": 0.13693694852818653,
    "15": 0.0
  },
  "final_coefficient_vector": [
    0.0,
    -0.2349145553504897,
    0.23551793293955203,
    0.0,
    -0.16638459451019683,
    0.0,
    0.0,
    0.20038261375793398,
    -0.10095818458385633,
    0.0,
    0.0,
    0.13331927699040289,
    0.0,
    -0.12277012112590895,
    0.13693694852818653,
    0.0
  ],
  "active_indices": [
    1,
    2,
    4,
    7,
    8,
    11,
    13,
    14
  ],
  "active_parameter_count": 8,
  "compression_ratio_active_over_total": 0.5333333333333333,
  "final_loss": -2.8929805323997306,
  "final_expected_cut": 2.8929805323997306,
  "best_expected_cut_over_evolution": 2.8929805323997306,
  "final_best_measured_index": 4,
  "final_best_measured_bitstring": "0100",
  "final_best_measured_cut": 3.0,
  "best_measured_cut_over_evolution": 3.0,
  "final_success_probability_ancilla_1": 0.05232392868443794,
  "final_max_postselected_probability": 0.45550035231605485,
  "gap_expected_to_bruteforce": 0.10701946760026937,
  "gap_measured_to_bruteforce": 0.0,
  "approx_ratio_measured": 1.0,
  "n_steps": 15,
  "elapsed_seconds": 26.05408525466919,
  "steps": [
    {
      "visit_idx": 1,
      "j": 1,
      "kept": true,
      "beta": -0.3085336335299777,
      "coefficient": -0.2349145553504897,
      "loss": -1.5,
      "expected_cut": 1.5,
      "best_measured_cut": 0.0,
      "success_probability_ancilla_1": 0.013732883515076856,
      "epochs_run": 5,
      "stop_reason": "loss_plateau_last5",
      "history_path": "benchmark_results_walsh_article/unweighted/sparse_threshold/n4/graph09_trainseed03/histories/history_visit001_j001.json",
      "improvement_vs_previous": 1.5
    },
    {
      "visit_idx": 2,
      "j": 2,
      "kept": true,
      "beta": 0.3093775725762015,
      "coefficient": 0.23551793293955203,
      "loss": -1.9999983242579136,
      "expected_cut": 1.9999983242579136,
      "best_measured_cut": 3.0,
      "success_probability_ancilla_1": 0.027156961307039373,
      "epochs_run": 5,
      "stop_reason": "loss_plateau_last5",
      "history_path": "benchmark_results_walsh_article/unweighted/sparse_threshold/n4/graph09_trainseed03/histories/history_visit002_j002.json",
      "improvement_vs_previous": 0.4999983242579136
    },
    {
      "visit_idx": 3,
      "j": 3,
      "kept": false,
      "beta": -0.0018522821588313233,
      "coefficient": 0.0,
      "loss": -1.9999983242579136,
      "expected_cut": 1.9999983242579136,
      "best_measured_cut": 3.0,
      "success_probability_ancilla_1": 0.027156961307039373,
      "epochs_run": 42,
      "stop_reason": "loss_plateau_last5_and_discarded_near_zero",
      "history_path": "benchmark_results_walsh_article/unweighted/sparse_threshold/n4/graph09_trainseed03/histories/history_visit003_j003.json",
      "improvement_vs_previous": 0.0
    },
    {
      "visit_idx": 4,
      "j": 4,
      "kept": true,
      "beta": -0.2151048100866966,
      "coefficient": -0.16638459451019683,
      "loss": -2.176438990380296,
      "expected_cut": 2.176438990380296,
      "best_measured_cut": 3.0,
      "success_probability_ancilla_1": 0.033686929813096456,
      "epochs_run": 59,
      "stop_reason": "loss_plateau_last5",
      "history_path": "benchmark_results_walsh_article/unweighted/sparse_threshold/n4/graph09_trainseed03/histories/history_visit004_j004.json",
      "improvement_vs_previous": 0.17644066612238252
    },
    {
      "visit_idx": 5,
      "j": 5,
      "kept": false,
      "beta": 0.0018116403810916268,
      "coefficient": 0.0,
      "loss": -2.176438990380296,
      "expected_cut": 2.176438990380296,
      "best_measured_cut": 3.0,
      "success_probability_ancilla_1": 0.033686929813096456,
      "epochs_run": 43,
      "stop_reason": "loss_plateau_last5_and_discarded_near_zero",
      "history_path": "benchmark_results_walsh_article/unweighted/sparse_threshold/n4/graph09_trainseed03/histories/history_visit005_j005.json",
      "improvement_vs_previous": 0.0
    },
    {
      "visit_idx": 6,
      "j": 6,
      "kept": false,
      "beta": 0.0005806113584602328,
      "coefficient": 0.0,
      "loss": -2.176438990380296,
      "expected_cut": 2.176438990380296,
      "best_measured_cut": 3.0,
      "success_probability_ancilla_1": 0.033686929813096456,
      "epochs_run": 36,
      "stop_reason": "loss_plateau_last5_and_discarded_near_zero",
      "history_path": "benchmark_results_walsh_article/unweighted/sparse_threshold/n4/graph09_trainseed03/histories/history_visit006_j006.json",
      "improvement_vs_previous": 0.0
    },
    {
      "visit_idx": 7,
      "j": 7,
      "kept": true,
      "beta": 0.26089778344062525,
      "coefficient": 0.20038261375793398,
      "loss": -2.478861831710536,
      "expected_cut": 2.478861831710536,
      "best_measured_cut": 3.0,
      "success_probability_ancilla_1": 0.042122389993940926,
      "epochs_run": 72,
      "stop_reason": "loss_plateau_last5",
      "history_path": "benchmark_results_walsh_article/unweighted/sparse_threshold/n4/graph09_trainseed03/histories/history_visit007_j007.json",
      "improvement_vs_previous": 0.3024228413302401
    },
    {
      "visit_idx": 8,
      "j": 8,
      "kept": true,
      "beta": -0.12925905682999572,
      "coefficient": -0.10095818458385633,
      "loss": -2.5428859289658976,
      "expected_cut": 2.5428859289658976,
      "best_measured_cut": 3.0,
      "success_probability_ancilla_1": 0.04445388003377997,
      "epochs_run": 56,
      "stop_reason": "loss_plateau_last5",
      "history_path": "benchmark_results_walsh_article/unweighted/sparse_threshold/n4/graph09_trainseed03/histories/history_visit008_j008.json",
      "improvement_vs_previous": 0.0640240972553614
    },
    {
      "visit_idx": 9,
      "j": 9,
      "kept": false,
      "beta": -0.0020959330145940494,
      "coefficient": 0.0,
      "loss": -2.5428859289658976,