{
  "0": 0.0,
  "1": -0.27018825352658266,
  "2": 0.24332109640209668,
  "3": -0.2305547349775868,
  "4": 0.3077434106568588,
  "5": 0.37343658430850785,
  "6": 0.31387414630497773,
  "7": -0.04955681654086728,
  "8": -0.27206132149085743,
  "9": -0.20107554514470974,
  "10": -0.05828020833141203,
  "11": 0.04768619663490123,
  "12": -0.29159941801155903,
  "13": 0.15902888822912312,
  "14": -0.1839689274321221,
  "15": -0.1295018602446955,
  "16": 0.0,
  "17": -0.1050232306460697,
  "18": -0.11011289547108725,
  "19": -0.014610680996306089,
  "20": 0.27553697568789726,
  "21": 0.04356084966397589,
  "22": -0.01294348404646904,
  "23": 0.2204325301512281,
  "24": 0.026549530305989177,
  "25": -0.013273837039914577,
  "26": -0.03060371408605912,
  "27": 0.05862037247225728,
  "28": 0.020517512332941055,
  "29": -0.23707161663721646,
  "30": -0.1987099772115771,
  "31": -0.0013948696607189695,
  "32": -0.056196085583255485,
  "33": 0.05170651587706327,
  "34": -0.01017395823522747,
  "35": 0.08775504078949527,
  "36": -0.05250637734505551,
  "37": 0.0039897847892091534,
  "38": -0.07971689554417505,
  "39": -0.10483647653123455,
  "40": 0.07847852014086644,
  "41": -0.029144381824276575,
  "42": 0.13719509550692688,
  "43": 0.12949987435743818,
  "44": 0.07608671154591501,
  "45": -0.04609479431184709,
  "46": 0.06516477692507218,
  "47": -0.13398216331207485,
  "48": 0.017394740599710603,
  "49": 0.013471177698530732,
  "50": 0.0,
  "51": -0.011985783712078603,
  "52": 0.012309384539311883,
  "53": -0.05298902484624877,
  "54": -0.05935340099808588,
  "55": -0.017253855664061814,
  "56": 0.0010335410289787207,
  "57": 0.027435546927556738,
  "58": 0.04901399568023316,
  "59": 0.00822847718345282,
  "60": 0.03995925838642439,
  "61": -0.013151417636252357,
  "62": -0.020616950242299262,
  "63": 0.031201382932153365
}