{
  "0": 0.0,
  "1": -0.23471488662006307,
  "2": 0.23326310744402667,
  "3": -0.0010555360025803198,
  "4": 0.1698563745884614,
  "5": -0.0014734953231709742,
  "6": 0.003365673395396365,
  "7": -0.2070334967057545,
  "8": 0.10199737853895467,
  "9": 0.0017727906865039897,
  "10": -0.0018560870385943753,
  "11": -0.1332560513751248,
  "12": 0.0,
  "13": -0.1022539087663848,
  "14": 0.1530828575801786,
  "15": 0.0,
  "16": -0.018720089060627977,
  "17": -0.0015744766459967572,
  "18": 0.0016793331445787956,
  "19": 0.0376563561530252,
  "20": -0.0017400962321066419,
  "21": 0.04008287171227456,
  "22": -0.05094002224195244,
  "23": 0.0,
  "24": 0.0,
  "25": 0.07889728247111702,
  "26": -0.08745432050807928,
  "27": 0.0,
  "28": -0.09265974014376112,
  "29": 0.0,
  "30": -0.00209162960035605,
  "31": 0.10290741810183707,
  "32": 0.03704362323829534,
  "33": -0.0017467632264572238,
  "34": 0.0,
  "35": -0.04066076767520188,
  "36": 0.0,
  "37": -0.027954277922081595,
  "38": 0.03411777761988236,
  "39": -0.0019710491344619883,
  "40": -0.0014232453945850526,
  "41": 0.026998293712107484,
  "42": -0.02548417564392306,
  "43": 0.0015354929062153975,
  "44": -0.02051611259078301,
  "45": 0.0014305623287510143,
  "46": -0.002502691707633009,
  "47": 0.01917830373918266,
  "48": 0.001970782422584502,
  "49": -0.023324202456293946,
  "50": 0.030426591805523564,
  "51": 0.0,
  "52": 0.02567878271961804,
  "53": 0.0011914180166913012,
  "54": 0.0,
  "55": -0.038776147763493786,
  "56": -0.019586128031017357,
  "57": 0.0,
  "58": 0.0,
  "59": 0.020107884420669266,
  "60": 0.0012549578894133317,
  "61": 0.018872217477306157,
  "62": -0.021402120400749746,
  "63": 0.0016546706691058057,
  "64": -0.029465194781284614,
  "65": 0.0,
  "66": -0.001150805657386741,
  "67": 0.048726737521484896,
  "68": 0.0,
  "69": 0.05522759080047964,
  "70": -0.07251065026215281,
  "71": 0.0,
  "72": -0.0010699436421517034,
  "73": 0.020623484225480403,
  "74": -0.04490415516213349,
  "75": 0.0010599406777774224,
  "76": -0.03170981480915146,
  "77": 0.0,
  "78": 0.0,
  "79": 0.06010967871933633,
  "80": 0.0018472697233669658,
  "81": -0.0031676182994541903,
  "82": 0.004669189545973357,
  "83": 0.0,
  "84": 0.0015269409778082567,
  "85": 0.001344648028467491,
  "86": -0.0017845361491651338,
  "87": -0.005965825866284947,
  "88": 0.01884744500367169,
  "89": 0.0,
  "90": 0.0,
  "91": -0.01963580258287582,
  "92": 0.0,
  "93": -0.028268316850593993,
  "94": 0.028839888816803817,
  "95": 0.0016229677567835793,
  "96": 0.0,
  "97": 0.006669571267615991,
  "98": -0.01097989976322092,
  "99": 0.0010625329377781684,
  "100": -0.01664631709953236,
  "101": 0.0,
  "102": 0.0,
  "103": 0.019046246607898654,
  "104": 0.005543126919685246,
  "105": 0.0010033552229215573,
  "106": 0.0,
  "107": -0.0033065199346923686,
  "108": 0.0,
  "109": -0.008630386750278744,
  "110": 0.0054556575812105546,
  "111": 0.0,
  "112": -0.01069181063597869,
  "113": -0.0016551642036082906,
  "114": 0.0,
  "115": 0.018992674785845477,
  "116": 0.0,
  "117": 0.01711820130203784,
  "118": -0.024247205341188332,
  "119": 0.0,
  "120": 0.0,
  "121": -0.006670605484266493,
  "122": 0.006103978496087527,
  "123": 0.0,
  "124": 0.010725386903610901,
  "125": 0.0,
  "126": 0.0,
  "127": -0.011399294758702952,
  "128": -0.06371425706631328,
  "129": 0.0,
  "130": 0.0,
  "131": 0.08695023044061619,
  "132": 0.0,
  "133": 0.08448531182496523,
  "134": -0.0970033217254032,
  "135": 0.0010697318472226917,
  "136": 0.0,
  "137": 0.04100743937411182,
  "138": -0.05909535528313216,
  "139": -0.001077673214793119,
  "140": -0.057541312201098385,
  "141": -0.0010297268938867339,
  "142": 0.0,
  "143": 0.07202708864226103,
  "144": 0.0,
  "145": -0.006749012496876169,
  "146": 0.0,
  "147": 0.0014647829687781868,
  "148": 0.006130909704333644,
  "149": 0.0012458680337797646,
  "150": 0.0,
  "151": -0.005879163975843802,
  "152": 0.0289232985910867,
  "153": 0.0012205259393985371,
  "154": 0.0,
  "155": -0.0296381031050177,
  "156": 0.0,
  "157": -0.03735480268859497,
  "158": 0.0413020219384238,
  "159": 0.0,
  "160": 0.001596951110387768,
  "161": 0.015365064761218922,
  "162": -0.02203275040472943,
  "163": 0.0,
  "164": -0.019214904584201713,
  "165": 0.0,
  "166": 0.0,
  "167": 0.024540526546670962,
  "168": 0.010094079220813554,
  "169": 0.0,
  "170": 0.0,
  "171": -0.012486328230283708,
  "172": 0.0,
  "173": -0.012027233234180642,
  "174": 0.012014058578156891,
  "175": 0.0,
  "176": -0.013728222349738198,
  "177": -0.0014335131734705697,
  "178": -0.0012295278974786298,
  "179": 0.023110513499010096,
  "180": 0.0,
  "181": 0.021338490121954247,
  "182": -0.02768108175451966,
  "183": -0.0015426864258107896,
  "184": -0.0013593199613546542,
  "185": -0.007993630102848207,
  "186": 0.014822482609812341,
  "187": 0.0,
  "188": 0.012985537631599186,
  "189": 0.0,
  "190": 0.0,
  "191": -0.018038790998532943,
  "192": -0.0013956532512622443,
  "193": -0.01072833606600682,
  "194": 0.01629964989150527,
  "195": 0.0,
  "196": 0.009812017675992577,
  "197": 0.0015636794389309275,
  "198": -0.0010263108249669774,
  "199": -0.018542054147045194,
  "200": 0.009631906366928055,
  "201": 0.0,
  "202": 0.0,
  "203": -0.015568970661553197,
  "204": 0.0,
  "205": -0.0069884885159665466,
  "206": 0.015082957185687402,
  "207": 0.0,
  "208": 0.011855592878347723,
  "209": 0.0,
  "210": 0.001565086995112965,
  "211": -0.01741071071826732,
  "212": 0.0,
  "213": -0.013464104144109715,
  "214": 0.023835952053951903,
  "215": -0.0020701159182205248,
  "216": 0.0,
  "217": -0.005244011369787809,
  "218": 0.010621021987717784,
  "219": -0.0010934054967505792,
  "220": 0.010329583867931272,
  "221": 0.0,
  "222": 0.002447640015936131,
  "223": -0.01587487543214287,
  "224": 0.006738828185645601,
  "225": 0.0,
  "226": 0.0,
  "227": -0.0069632002756058005,
  "228": 0.0,
  "229": -0.007192375544364071,
  "230": 0.010476262893362873,
  "231": 0.0,
  "232": 0.0,
  "233": 0.0024924936537362215,
  "234": 0.0,
  "235": 0.0,
  "236": -0.0011285169059261676,
  "237": -0.0010084392170107762,
  "238": 0.0,
  "239": 0.001750076489451827,
  "240": 0.0,
  "241": -0.010497121271875914,
  "242": 0.01424576796438494,
  "243": 0.0,
  "244": 0.007415918960895236,
  "245": 0.0021142983996054,
  "246": 0.0,
  "247": -0.016585848711170192,
  "248": -0.004007854945881306,
  "249": 0.0,
  "250": 0.0,
  "251": 0.0036538043673545084,
  "252": 0.0,
  "253": 0.004399784145788801,
  "254": -0.006173790755893771,
  "255": 0.0
}