epoch,beta,coefficient,loss,expected_cut,best_measured_cut,success_probability_ancilla_1,max_postselected_probability,grad
0,-0.267033793330595,-0.16390481971282675,-2.9724078095651802,2.9724078095651802,2.0,0.02867093005330553,0.08914273038602738,0.06119203022261592
1,-0.27681889244128766,-0.16961983049285673,-2.972758676107512,2.972758676107512,2.0,0.028913568425121994,0.08925309656612834,0.04400829753833327
2,-0.2861273112540111,-0.17502849976094903,-2.9729480553013787,2.9729480553013787,2.0,0.02915117207732506,0.08933445688284701,0.027808818413546786
3,-0.29458210142614427,-0.1799169403936855,-2.973002566954448,2.973002566954448,2.0,0.029372588022988075,0.08938907898400426,0.01297570445298541
4,-0.3017282077347334,-0.18403032676042524,-2.9729644859816973,2.9729644859816973,2.0,0.029563800123194494,0.0894214073383262,-1.776772179022733e-06
5,-0.30715964922158956,-0.18714525458837625,-2.9728855752631596,2.9728855752631596,2.0,0.029711577704687284,0.08943774496240793,-0.010599134561315742
6,-0.31067510744353855,-0.18915601190429918,-2.9728120616060214,2.9728120616060214,2.0,0.029808334799295504,0.08944461580863873,-0.018424869425718953
