epoch,beta,coefficient,loss,expected_cut,best_measured_cut,success_probability_ancilla_1,max_postselected_probability,grad
0,-0.277392702866587,-0.16995403946388501,-2.499999999993836,2.499999999993836,0.0,0.0040563687032680856,0.015624999999961475,4.217390699746248e-11
1,-0.27739458827698,-0.1699551374275788,-2.4999999999938365,2.4999999999938365,0.0,0.004056421043630957,0.015624999999961479,4.2180836162213144e-11
2,-0.2773968967583646,-0.16995648176400666,-2.499999999993837,2.499999999993837,0.0,0.004056485129137323,0.015624999999961482,4.2178030512413364e-11
3,-0.2773995617055025,-0.16995803368498816,-2.499999999993838,2.499999999993838,0.0,0.004056559110978999,0.015624999999961486,4.218337516182336e-11
4,-0.2774025402887499,-0.16995976824801737,-2.4999999999938365,2.4999999999938365,0.0,0.004056641800370366,0.015624999999961479,4.2174721782058556e-11
5,-0.277405802267271,-0.1699616678416576,-2.499999999993837,2.499999999993837,0.0,0.004056732357997589,0.015624999999961482,4.217895097439581e-11
6,-0.2774093245062943,-0.16996371899267715,-2.499999999993837,2.499999999993837,0.0,0.004056830141814417,0.015624999999961482,4.217035838962505e-11
