epoch,beta,coefficient,loss,expected_cut,best_measured_cut,success_probability_ancilla_1,max_postselected_probability,grad
0,0.2716052889237538,0.16657850622766748,-2.8876238154273612,2.8876238154273612,2.0,0.024447138858575204,0.07397319222676049,-0.06651044723733938
1,0.28142651368040744,0.1723005465715983,-2.8880328238545303,2.8880328238545303,2.0,0.02470176379481457,0.07408134603297237,-0.049643051939817655
2,0.29086674240775984,0.1777716491913172,-2.8882820467390453,2.8882820467390453,2.0,0.024953408574546407,0.07416248482885385,-0.03376168161487202
3,0.299644210654363,0.1828325134496809,-2.8883925640400196,2.8883925640400196,2.0,0.025193305780763196,0.07421865939531308,-0.019145013055969957
4,0.3074112969822335,0.18728933154229901,-2.8883969647160197,2.8883969647160197,2.0,0.025410234398006302,0.07425348483983546,-0.006129623777096538
5,0.3138157111589468,0.19094876683550985,-2.8883371350061955,2.8883371350061955,2.0,0.025592316195043117,0.07427206553646357,0.004923878955670691
6,0.3185985731500172,0.19367239770168382,-2.8882562605003503,2.8882562605003503,2.0,0.02573015507869511,0.07428015034706066,0.013710753740629727
