epoch,beta,coefficient,loss,expected_cut,best_measured_cut,success_probability_ancilla_1,max_postselected_probability,grad
0,0.4289825765886005,0.42356070830999026,-2.999999999999881,2.999999999999881,1.0,0.2506275680793803,0.051502873334474904,-7.594144933651802e-14
1,0.4289825799848571,0.4235607112847024,-2.999999999999881,2.999999999999881,1.0,0.25062756862199637,0.05150287331083103,-7.597978217140407e-14
2,0.42898258414979196,0.4235607149326841,-2.999999999999881,2.999999999999881,1.0,0.25062756928742314,0.05150287328183583,-7.627978378465211e-14
3,0.4289825889530593,0.4235607191397682,-2.99999999999988,2.99999999999988,1.0,0.25062757005483566,0.0515028732483967,-7.581876484897707e-14
4,0.42898259432391184,0.4235607238439887,-2.999999999999881,2.999999999999881,1.0,0.2506275709129305,0.0515028732110062,-7.611805925123856e-14
