epoch,beta,coefficient,loss,expected_cut,best_measured_cut,success_probability_ancilla_1,max_postselected_probability,grad
0,-0.5425801819471435,-0.5182984721976903,-2.999999999999858,2.999999999999858,1.0,0.211068355218708,0.04367966972499434,1.4513229269517876e-13
1,-0.5425801884633303,-0.5182984773498543,-2.9999999999998583,2.9999999999998583,1.0,0.2110683566270456,0.043679669668026166,1.4629245047959893e-13
2,-0.5425801964164552,-0.5182984836381646,-2.999999999999859,2.999999999999859,1.0,0.21106835834594734,0.04367966959849546,1.4447834813405814e-13
3,-0.5425802055942989,-0.5182984908948252,-2.999999999999859,2.999999999999859,1.0,0.2110683603295464,0.04367966951825757,1.4509467371432663e-13
4,-0.5425802158450377,-0.5182984989997933,-2.999999999999859,2.999999999999859,1.0,0.21106836254502936,0.04367966942863983,1.4476914491497457e-13
