{
  "0": 0.0,
  "1": -0.23491390329130443,
  "2": 0.23551788845918556,
  "3": 0.0,
  "4": -0.16638461433600948,
  "5": 0.0,
  "6": 0.0,
  "7": 0.20038247117490013,
  "8": 0.07168000921124378,
  "9": 0.0,
  "10": 0.0,
  "11": -0.11298702953862193,
  "12": 0.0,
  "13": 0.12221650193073413,
  "14": -0.16055253795569077,
  "15": 0.0
}