{
  "config": {
    "N_VERTICES": 4,
    "PROB_ARESTA": 0.7,
    "COM_PESO": false,
    "PESO_MIN": 1,
    "PESO_MAX": 1,
    "GRAPH_SEED": 104986,
    "GRAPH_EDGES": [
      [
        0,
        2,
        1.0
      ],
      [
        0,
        3,
        1.0
      ]
    ],
    "REVERSE_BITS": false,
    "ER": 1.0,
    "MAX_TERMS": null,
    "A_MAX": 0.7853981633974483,
    "INIT_BETA": 0.35,
    "MAX_EPOCHS": 200,
    "LR": 0.01,
    "FD_EPS": 0.01,
    "LOSS_TOL_LAST5": 0.001,
    "PATIENCE_LAST5": 5,
    "TRAIN_SEED": 4,
    "INIT_BETA_JITTER": 0.05,
    "OPTIMIZER": "adam",
    "ADAM_BETA1": 0.9,
    "ADAM_BETA2": 0.999,
    "ADAM_EPS": 1e-08,
    "COEF_ZERO_TOL": 0.001,
    "IMPROVEMENT_TOL": 0.001,
    "SATURATION_PATIENCE": 100,
    "INDEX_STRATEGY": "ascending",
    "INDEX_RANDOM_SEED": 42,
    "ENABLE_BACKWARD_PRUNING": true,
    "BACKWARD_PASSES": 2,
    "PRUNE_IMPROVEMENT_TOL": 0.0001,
    "OUTDIR": "benchmark_results_walsh_article/unweighted/with_pruning/n4/graph08_trainseed04",
    "SHOW_PLOTS": false,
    "name": "with_pruning"
  },
  "n_qubits_register": 4,
  "graph_edges": [
    [
      0,
      2,
      1.0
    ],
    [
      0,
      3,
      1.0
    ]
  ],
  "graph_signature": "2cf81b7f6c28153cc1763d3712042bf1e2dce228b62300b14a9509084e53b32c",
  "graph_num_edges": 2,
  "graph_density": 0.3333333333333333,
  "best_cut_bruteforce": 2.0,
  "best_bitstring_bruteforce": "0011",
  "best_index_bruteforce": 3,
  "candidate_order": [
    1,
    2,
    3,
    4,
    5,
    6,
    7,
    8,
    9,
    10,
    11,
    12,
    13,
    14,
    15
  ],
  "total_possible_parameters": 15,
  "visited_parameters": 15,
  "trained_coefficients": {
    "0": 0.0,
    "1": -0.27519009127434885,
    "2": 0.24745101485470844,
    "3": -0.24341445174681414,
    "4": 0.4068870323415699,
    "5": 0.0,
    "6": 0.2874858031599651,
    "7": -0.25494490290254435,
    "8": 0.17000306633450438,
    "9": 0.0,
    "10": 0.14590668903666645,
    "11": -0.1485820723256547,
    "12": 0.0,
    "13": -0.322764860795049,
    "14": 0.2121404745093544,
    "15": -0.220519259208034
  },
  "final_coefficient_vector": [
    0.0,
    -0.27519009127434885,
    0.24745101485470844,
    -0.24341445174681414,
    0.4068870323415699,
    0.0,
    0.2874858031599651,
    -0.25494490290254435,
    0.17000306633450438,
    0.0,
    0.14590668903666645,
    -0.1485820723256547,
    0.0,
    -0.322764860795049,
    0.2121404745093544,
    -0.220519259208034
  ],
  "active_indices": [
    1,
    2,
    3,
    4,
    6,
    7,
    8,
    10,
    11,
    13,
    14,
    15
  ],
  "active_parameter_count": 12,
  "compression_ratio_active_over_total": 0.8,
  "final_loss": -1.8988448604643016,
  "final_expected_cut": 1.8988448604643016,
  "best_expected_cut_over_evolution": 1.8949795906785118,
  "final_best_measured_index": 8,
  "final_best_measured_bitstring": "1000",
  "final_best_measured_cut": 2.0,
  "best_measured_cut_over_evolution": 2.0,
  "final_success_probability_ancilla_1": 0.11700644035381083,
  "final_max_postselected_probability": 0.5284951924351936,
  "gap_expected_to_bruteforce": 0.10115513953569844,
  "gap_measured_to_bruteforce": 0.0,
  "approx_ratio_measured": 1.0,
  "n_steps": 15,
  "elapsed_seconds": 5.842433929443359,
  "steps": [
    {
      "visit_idx": 1,
      "j": 1,
      "kept": true,
      "beta": -0.365880181670719,
      "coefficient": -0.27519009127434885,
      "loss": -1.0,
      "expected_cut": 1.0,
      "best_measured_cut": 0.0,
      "success_probability_ancilla_1": 0.01881321923160596,
      "epochs_run": 5,
      "stop_reason": "loss_plateau_last5",
      "history_path": "benchmark_results_walsh_article/unweighted/with_pruning/n4/graph08_trainseed04/histories/history_visit001_j001.json",
      "improvement_vs_previous": 1.0
    },
    {
      "visit_idx": 2,
      "j": 2,
      "kept": true,
      "beta": 0.326158068202569,
      "coefficient": 0.24745101485470844,
      "loss": -1.0,
      "expected_cut": 1.0,
      "best_measured_cut": 0.0,
      "success_probability_ancilla_1": 0.033470215548759515,
      "epochs_run": 5,
      "stop_reason": "loss_plateau_last5",
      "history_path": "benchmark_results_walsh_article/unweighted/with_pruning/n4/graph08_trainseed04/histories/history_visit002_j002.json",
      "improvement_vs_previous": 0.0
    },
    {
      "visit_idx": 3,
      "j": 3,
      "kept": true,
      "beta": -0.3204623333619568,
      "coefficient": -0.24341445174681414,
      "loss": -1.0,
      "expected_cut": 1.0,
      "best_measured_cut": 2.0,
      "success_probability_ancilla_1": 0.04722319163097069,
      "epochs_run": 5,
      "stop_reason": "loss_plateau_last5",
      "history_path": "benchmark_results_walsh_article/unweighted/with_pruning/n4/graph08_trainseed04/histories/history_visit003_j003.json",
      "improvement_vs_previous": 0.0
    },
    {
      "visit_idx": 4,
      "j": 4,
      "kept": true,
      "beta": 0.5736907981974994,
      "coefficient": 0.4068870323415699,
      "loss": -1.3004798838225011,
      "expected_cut": 1.3004798838225011,
      "best_measured_cut": 2.0,
      "success_probability_ancilla_1": 0.08418914217065274,
      "epochs_run": 25,
      "stop_reason": "loss_plateau_last5",
      "history_path": "benchmark_results_walsh_article/unweighted/with_pruning/n4/graph08_trainseed04/histories/history_visit004_j004.json",
      "improvement_vs_previous": 0.3004798838225011
    },
    {
      "visit_idx": 5,
      "j": 5,
      "kept": true,
      "beta": -0.02012132690780022,
      "coefficient": -0.01580112080107407,
      "loss": -1.300199458784086,
      "expected_cut": 1.300199458784086,
      "best_measured_cut": 2.0,
      "success_probability_ancilla_1": 0.08406342488159133,
      "epochs_run": 37,
      "stop_reason": "loss_plateau_last5",
      "history_path": "benchmark_results_walsh_article/unweighted/with_pruning/n4/graph08_trainseed04/histories/history_visit005_j005.json",
      "improvement_vs_previous": -0.0002804250384151885
    },
    {
      "visit_idx": 6,
      "j": 6,
      "kept": true,
      "beta": 0.38384075971443526,
      "coefficient": 0.2874858031599651,
      "loss": -1.3975473273918437,
      "expected_cut": 1.3975473273918437,
      "best_measured_cut": 2.0,
      "success_probability_ancilla_1": 0.09743854563428694,
      "epochs_run": 5,
      "stop_reason": "loss_plateau_last5",
      "history_path": "benchmark_results_walsh_article/unweighted/with_pruning/n4/graph08_trainseed04/histories/history_visit006_j006.json",
      "improvement_vs_previous": 0.09734786860775779
    },
    {
      "visit_idx": 7,
      "j": 7,
      "kept": true,
      "beta": -0.3367869798186952,
      "coefficient": -0.25494490290254435,
      "loss": -1.4767712933302013,
      "expected_cut": 1.4767712933302013,
      "best_measured_cut": 2.0,
      "success_probability_ancilla_1": 0.10518069681488539,
      "epochs_run": 5,
      "stop_reason": "loss_plateau_last5",
      "history_path": "benchmark_results_walsh_article/unweighted/with_pruning/n4/graph08_trainseed04/histories/history_visit007_j007.json",
      "improvement_vs_previous": 0.07922396593835757
    },
    {
      "visit_idx": 8,
      "j": 8,
      "kept": true,
      "beta": 0.21993344615534505,
      "coefficient": 0.17000306633450438,
      "loss": -1.5110566843233182,
      "expected_cut": 1.5110566843233182,
      "best_measured_cut": 2.0,
      "success_probability_ancilla_1": 0.11087231392101439,
      "epochs_run": 14,
      "stop_reason": "loss_plateau_last5",
      "history_path": "benchmark_results_walsh_article/unweighted/with_pruning/n4/graph08_trainseed04/histories/history_visit008_j008.json",
      "improvement_vs_previous": 0.03428539099311689
    },
    {
      "visit_idx": 9,
      "j": 9,
      "kept": true,
      "beta": 0.06853161562859852,
      "coefficient": 0.05374049915341172,
      "loss": -1.5171299341961304,
      "expected_cut": 1.5171299341961304,
      "best_measured_cut": 2.0,