epoch,beta,coefficient,loss,expected_cut,best_measured_cut,success_probability_ancilla_1,max_postselected_probability,grad
0,0.46252834405791327,0.452538713115344,-2.497721188076759,2.497721188076759,1.0,0.15621661837744677,0.12471514850960681,-0.11664588459424441
1,0.4724175373045184,0.46092459804062175,-2.4985497016824665,2.4985497016824665,1.0,0.1585233597599817,0.12481871271032012,-0.09427291876587152
2,0.4820939602937741,0.46905970633456145,-2.499167770475311,2.499167770475311,1.0,0.1607969761183548,0.12489597130942559,-0.07350708480508919
3,0.4914320599235182,0.4768438145667691,-2.4995946829894735,2.4995946829894735,1.0,0.163005335467713,0.1249493353736957,-0.0544427128904315
4,0.5002843096375079,0.4841620724737487,-2.4998549281731135,2.4998549281731135,1.0,0.16511063440075996,0.1249818660216505,-0.03717244998246899
5,0.5084880045807413,0.49089090954397296,-2.499977924732068,2.499977924732068,1.0,0.16707110384604695,0.12499724059151977,-0.021780634108846834
6,0.5158783112404143,0.4969084578277197,-2.499996765969168,2.499996765969168,1.0,0.16884429119592453,0.12499959574615714,-0.008333261093588363
7,0.5223062786955179,0.502108231711506,-2.4999458717798797,2.4999458717798797,1.0,0.17039159930220446,0.12499323397249605,0.003134191860821332
