{
  "config": {
    "N_VERTICES": 4,
    "PROB_ARESTA": 0.85,
    "COM_PESO": false,
    "PESO_MIN": 1,
    "PESO_MAX": 1,
    "GRAPH_SEED": 104271,
    "GRAPH_EDGES": [
      [
        0,
        1,
        1.0
      ],
      [
        0,
        2,
        1.0
      ],
      [
        0,
        3,
        1.0
      ],
      [
        1,
        3,
        1.0
      ],
      [
        2,
        3,
        1.0
      ]
    ],
    "REVERSE_BITS": false,
    "ER": 1.0,
    "MAX_TERMS": null,
    "A_MAX": 0.7853981633974483,
    "INIT_BETA": 0.35,
    "MAX_EPOCHS": 200,
    "LR": 0.01,
    "FD_EPS": 0.01,
    "LOSS_TOL_LAST5": 0.001,
    "PATIENCE_LAST5": 5,
    "TRAIN_SEED": 8,
    "INIT_BETA_JITTER": 0.05,
    "OPTIMIZER": "adam",
    "ADAM_BETA1": 0.9,
    "ADAM_BETA2": 0.999,
    "ADAM_EPS": 1e-08,
    "COEF_ZERO_TOL": 0.005,
    "IMPROVEMENT_TOL": 0.003,
    "SATURATION_PATIENCE": 40,
    "INDEX_STRATEGY": "ascending",
    "INDEX_RANDOM_SEED": 42,
    "ENABLE_BACKWARD_PRUNING": false,
    "BACKWARD_PASSES": 1,
    "PRUNE_IMPROVEMENT_TOL": 1e-06,
    "OUTDIR": "benchmark_results_walsh_article/unweighted/sparse_threshold/n4/graph01_trainseed08",
    "SHOW_PLOTS": false,
    "name": "sparse_threshold"
  },
  "n_qubits_register": 4,
  "graph_edges": [
    [
      0,
      1,
      1.0
    ],
    [
      0,
      2,
      1.0
    ],
    [
      0,
      3,
      1.0
    ],
    [
      1,
      3,
      1.0
    ],
    [
      2,
      3,
      1.0
    ]
  ],
  "graph_signature": "36d4961c72903175cef8219a78618293792cc3cd1b729b430a90aa47da048173",
  "graph_num_edges": 5,
  "graph_density": 0.8333333333333334,
  "best_cut_bruteforce": 4.0,
  "best_bitstring_bruteforce": "0110",
  "best_index_bruteforce": 6,
  "candidate_order": [
    1,
    2,
    3,
    4,
    5,
    6,
    7,
    8,
    9,
    10,
    11,
    12,
    13,
    14,
    15
  ],
  "total_possible_parameters": 15,
  "visited_parameters": 15,
  "trained_coefficients": {
    "0": 0.0,
    "1": -0.29757904016940545,
    "2": 0.29920087328296535,
    "3": 0.0,
    "4": 0.21142791028251717,
    "5": 0.0,
    "6": 0.0,
    "7": -0.26011064011331314,
    "8": -0.07804598506550234,
    "9": 0.0,
    "10": 0.0,
    "11": 0.12614916518679914,
    "12": 0.0,
    "13": 0.152357653169447,
    "14": -0.17754834199917768,
    "15": 0.0
  },
  "final_coefficient_vector": [
    0.0,
    -0.29757904016940545,
    0.29920087328296535,
    0.0,
    0.21142791028251717,
    0.0,
    0.0,
    -0.26011064011331314,
    -0.07804598506550234,
    0.0,
    0.0,
    0.12614916518679914,
    0.0,
    0.152357653169447,
    -0.17754834199917768,
    0.0
  ],
  "active_indices": [
    1,
    2,
    4,
    7,
    8,
    11,
    13,
    14
  ],
  "active_parameter_count": 8,
  "compression_ratio_active_over_total": 0.5333333333333333,
  "final_loss": -3.8435235809587103,
  "final_expected_cut": 3.8435235809587103,
  "best_expected_cut_over_evolution": 3.8435235809587103,
  "final_best_measured_index": 9,
  "final_best_measured_bitstring": "1001",
  "final_best_measured_cut": 4.0,
  "best_measured_cut_over_evolution": 4.0,
  "final_success_probability_ancilla_1": 0.07580661361751168,
  "final_max_postselected_probability": 0.42526715463573017,
  "gap_expected_to_bruteforce": 0.15647641904128973,
  "gap_measured_to_bruteforce": 0.0,
  "approx_ratio_measured": 1.0,
  "n_steps": 15,
  "elapsed_seconds": 9.517951011657715,
  "steps": [
    {
      "visit_idx": 1,
      "j": 1,
      "kept": true,
      "beta": -0.3987622547092225,
      "coefficient": -0.29757904016940545,
      "loss": -2.5,
      "expected_cut": 2.5,
      "best_measured_cut": 0.0,
      "success_probability_ancilla_1": 0.02197543432911875,
      "epochs_run": 5,
      "stop_reason": "loss_plateau_last5",
      "history_path": "benchmark_results_walsh_article/unweighted/sparse_threshold/n4/graph01_trainseed08/histories/history_visit001_j001.json",
      "improvement_vs_previous": 2.5
    },
    {
      "visit_idx": 2,
      "j": 2,
      "kept": true,
      "beta": 0.4011755789814723,
      "coefficient": 0.29920087328296535,
      "loss": -2.9999923913366695,
      "expected_cut": 2.9999923913366695,
      "best_measured_cut": 2.0,
      "success_probability_ancilla_1": 0.043212946175474956,
      "epochs_run": 5,
      "stop_reason": "loss_plateau_last5",
      "history_path": "benchmark_results_walsh_article/unweighted/sparse_threshold/n4/graph01_trainseed08/histories/history_visit002_j002.json",
      "improvement_vs_previous": 0.4999923913366695
    },
    {
      "visit_idx": 3,
      "j": 3,
      "kept": false,
      "beta": -0.0025368861643469895,
      "coefficient": 0.0,
      "loss": -2.9999923913366695,
      "expected_cut": 2.9999923913366695,
      "best_measured_cut": 2.0,
      "success_probability_ancilla_1": 0.043212946175474956,
      "epochs_run": 39,
      "stop_reason": "loss_plateau_last5_and_discarded_near_zero",
      "history_path": "benchmark_results_walsh_article/unweighted/sparse_threshold/n4/graph01_trainseed08/histories/history_visit003_j003.json",
      "improvement_vs_previous": 0.0
    },
    {
      "visit_idx": 4,
      "j": 4,
      "kept": true,
      "beta": 0.275999366969801,
      "coefficient": 0.21142791028251717,
      "loss": -3.1710630009224667,
      "expected_cut": 3.1710630009224667,
      "best_measured_cut": 4.0,
      "success_probability_ancilla_1": 0.05338456347872357,
      "epochs_run": 13,
      "stop_reason": "loss_plateau_last5",
      "history_path": "benchmark_results_walsh_article/unweighted/sparse_threshold/n4/graph01_trainseed08/histories/history_visit004_j004.json",
      "improvement_vs_previous": 0.17107060958579723
    },
    {
      "visit_idx": 5,
      "j": 5,
      "kept": false,
      "beta": -0.001259179389254573,
      "coefficient": 0.0,
      "loss": -3.1710630009224667,
      "expected_cut": 3.1710630009224667,
      "best_measured_cut": 4.0,
      "success_probability_ancilla_1": 0.05338456347872357,
      "epochs_run": 38,
      "stop_reason": "loss_plateau_last5_and_discarded_near_zero",
      "history_path": "benchmark_results_walsh_article/unweighted/sparse_threshold/n4/graph01_trainseed08/histories/history_visit005_j005.json",
      "improvement_vs_previous": 0.0
    },
    {
      "visit_idx": 6,
      "j": 6,
      "kept": false,
      "beta": 0.0008413380830540346,
      "coefficient": 0.0,
      "loss": -3.1710630009224667,
      "expected_cut": 3.1710630009224667,
      "best_measured_cut": 4.0,
      "success_probability_ancilla_1": 0.05338456347872357,
      "epochs_run": 36,
      "stop_reason": "loss_plateau_last5_and_discarded_near_zero",
      "history_path": "benchmark_results_walsh_article/unweighted/sparse_threshold/n4/graph01_trainseed08/histories/history_visit006_j006.json",
      "improvement_vs_previous": 0.0
    },
    {
      "visit_idx": 7,
      "j": 7,
      "kept": true,
      "beta": -0.344156581569724,
      "coefficient": -0.26011064011331314,
      "loss": -3.4786007348095076,
      "expected_cut": 3.4786007348095076,
      "best_measured_cut": 4.0,
      "success_probability_ancilla_1": 0.06607575337640181,
      "epochs_run": 6,
      "stop_reason": "loss_plateau_last5",
      "history_path": "benchmark_results_walsh_article/unweighted/sparse_threshold/n4/graph01_trainseed08/histories/history_visit007_j007.json",
      "improvement_vs_previous": 0.30753773388704086
    },
    {
      "visit_idx": 8,
      "j": 8,
      "kept": true,
      "beta": -0.09970027130692488,
      "coefficient": -0.07804598506550234,
      "loss": -3.5042659740728053,
      "expected_cut": 3.5042659740728053,
      "best_measured_cut": 4.0,
      "success_probability_ancilla_1": 0.06739663712597196,
      "epochs_run": 54,
      "stop_reason": "loss_plateau_last5",
      "history_path": "benchmark_results_walsh_article/unweighted/sparse_threshold/n4/graph01_trainseed08/histories/history_visit008_j008.json",