{
  "0": 0.0,
  "1": -0.29757904016940545,
  "2": 0.29920087328296535,
  "3": 0.0,
  "4": 0.21142791028251717,
  "5": 0.0,
  "6": 0.0,
  "7": -0.26011064011331314,
  "8": -0.07804598506550234,
  "9": 0.0,
  "10": 0.0,
  "11": 0.12614916518679914,
  "12": 0.0,
  "13": 0.152357653169447,
  "14": -0.17754834199917768,
  "15": 0.0
}