{
  "0": 0.0,
  "1": -0.1390249202520941,
  "2": 0.1517666347788174,
  "3": -0.14759718467237012,
  "4": 0.2491098061169223,
  "5": -0.002660568217290007,
  "6": 0.18941420876917067,
  "7": -0.16245807178514557,
  "8": -0.11904718995569875,
  "9": 0.10714652962328254,
  "10": 0.011741876886282645,
  "11": 0.09595928389514861,
  "12": -0.17467711336911715,
  "13": 0.1479571909450133,
  "14": -0.16358243726554614,
  "15": -0.006053339610070268,
  "16": 0.0,
  "17": 0.0,
  "18": 0.0,
  "19": 0.0,
  "20": 0.0,
  "21": -0.00202223218605206,
  "22": 0.0,
  "23": 0.0,
  "24": 0.0,
  "25": 0.0,
  "26": 0.0,
  "27": 0.0,
  "28": 0.0,
  "29": 0.0,
  "30": 0.0,
  "31": -0.002011205593469906,
  "32": 0.03980897693910409,
  "33": 0.03339788799440144,
  "34": 0.052831934103390515,
  "35": -0.04008008277707206,
  "36": -0.03408869554844171,
  "37": -0.11610464345866317,
  "38": 0.04008250139701885,
  "39": -0.09336961011585955,
  "40": -0.05822130275566666,
  "41": 0.0696315210319016,
  "42": -0.05506235294995265,
  "43": -0.015861297818935857,
  "44": -0.1208512061815355,
  "45": 0.11356111121671539,
  "46": 0.026831725448726973,
  "47": 0.11547760587274843,
  "48": 0.0,
  "49": 0.0,
  "50": 0.0,
  "51": 0.0,
  "52": 0.0,
  "53": 0.0,
  "54": 0.0,
  "55": 0.002130593846130451,
  "56": 0.0,
  "57": 0.0,
  "58": 0.0,
  "59": 0.0,
  "60": 0.0,
  "61": 0.0,
  "62": 0.0,
  "63": 0.0
}