{
  "0": 0.0,
  "1": -0.16995648189386306,
  "2": 0.16920517508770247,
  "3": 0.0,
  "4": 0.0,
  "5": 0.0,
  "6": 0.0,
  "7": 0.0,
  "8": 0.0,
  "9": 0.0,
  "10": 0.0,
  "11": 0.0021326571757205527,
  "12": 0.0,
  "13": 0.0,
  "14": -0.0025653942918400638,
  "15": 0.0
}