{
  "config": {
    "N_VERTICES": 4,
    "PROB_ARESTA": 0.7,
    "COM_PESO": false,
    "PESO_MIN": 1,
    "PESO_MAX": 1,
    "GRAPH_SEED": 104986,
    "GRAPH_EDGES": [
      [
        0,
        2,
        1.0
      ],
      [
        0,
        3,
        1.0
      ]
    ],
    "REVERSE_BITS": false,
    "ER": 0.75,
    "MAX_TERMS": null,
    "A_MAX": 0.6283185307179586,
    "INIT_BETA": 0.25,
    "MAX_EPOCHS": 200,
    "LR": 0.01,
    "FD_EPS": 0.01,
    "LOSS_TOL_LAST5": 0.002,
    "PATIENCE_LAST5": 7,
    "TRAIN_SEED": 5,
    "INIT_BETA_JITTER": 0.03,
    "OPTIMIZER": "adam",
    "ADAM_BETA1": 0.9,
    "ADAM_BETA2": 0.999,
    "ADAM_EPS": 1e-08,
    "COEF_ZERO_TOL": 0.002,
    "IMPROVEMENT_TOL": 0.002,
    "SATURATION_PATIENCE": 60,
    "INDEX_STRATEGY": "ascending",
    "INDEX_RANDOM_SEED": 42,
    "ENABLE_BACKWARD_PRUNING": false,
    "BACKWARD_PASSES": 1,
    "PRUNE_IMPROVEMENT_TOL": 1e-06,
    "OUTDIR": "benchmark_results_walsh_article/unweighted/coarse_loader/n4/graph08_trainseed05",
    "SHOW_PLOTS": false,
    "name": "coarse_loader"
  },
  "n_qubits_register": 4,
  "graph_edges": [
    [
      0,
      2,
      1.0
    ],
    [
      0,
      3,
      1.0
    ]
  ],
  "graph_signature": "2cf81b7f6c28153cc1763d3712042bf1e2dce228b62300b14a9509084e53b32c",
  "graph_num_edges": 2,
  "graph_density": 0.3333333333333333,
  "best_cut_bruteforce": 2.0,
  "best_bitstring_bruteforce": "0011",
  "best_index_bruteforce": 3,
  "candidate_order": [
    1,
    2,
    3,
    4,
    5,
    6,
    7,
    8,
    9,
    10,
    11,
    12,
    13,
    14,
    15
  ],
  "total_possible_parameters": 15,
  "visited_parameters": 15,
  "trained_coefficients": {
    "0": 0.0,
    "1": -0.16383519636125768,
    "2": 0.15763176545028246,
    "3": -0.15638566556864902,
    "4": 0.2589726719748901,
    "5": -0.0038009520023281544,
    "6": 0.19486224217750303,
    "7": -0.16787111979210056,
    "8": 0.14069941916982773,
    "9": 0.006322090112374813,
    "10": 0.12333936669015863,
    "11": -0.11911049852203606,
    "12": -0.01049992612921396,
    "13": -0.24155521893525794,
    "14": 0.15948342436629973,
    "15": -0.16546597515380684
  },
  "final_coefficient_vector": [
    0.0,
    -0.16383519636125768,
    0.15763176545028246,
    -0.15638566556864902,
    0.2589726719748901,
    -0.0038009520023281544,
    0.19486224217750303,
    -0.16787111979210056,
    0.14069941916982773,
    0.006322090112374813,
    0.12333936669015863,
    -0.11911049852203606,
    -0.01049992612921396,
    -0.24155521893525794,
    0.15948342436629973,
    -0.16546597515380684
  ],
  "active_indices": [
    1,
    2,
    3,
    4,
    5,
    6,
    7,
    8,
    9,
    10,
    11,
    12,
    13,
    14,
    15
  ],
  "active_parameter_count": 15,
  "compression_ratio_active_over_total": 1.0,
  "final_loss": -1.9551526732151865,
  "final_expected_cut": 1.9551526732151865,
  "best_expected_cut_over_evolution": 1.9551526732151865,
  "final_best_measured_index": 8,
  "final_best_measured_bitstring": "1000",
  "final_best_measured_cut": 2.0,
  "best_measured_cut_over_evolution": 2.0,
  "final_success_probability_ancilla_1": 0.0450695785762132,
  "final_max_postselected_probability": 0.6631143936455625,
  "gap_expected_to_bruteforce": 0.04484732678481351,
  "gap_measured_to_bruteforce": 0.0,
  "approx_ratio_measured": 1.0,
  "n_steps": 15,
  "elapsed_seconds": 8.658158779144287,
  "steps": [
    {
      "visit_idx": 1,
      "j": 1,
      "kept": true,
      "beta": -0.2669148969445393,
      "coefficient": -0.16383519636125768,
      "loss": -1.0,
      "expected_cut": 1.0,
      "best_measured_cut": 0.0,
      "success_probability_ancilla_1": 0.0037699053079980507,
      "epochs_run": 7,
      "stop_reason": "loss_plateau_last5",
      "history_path": "benchmark_results_walsh_article/unweighted/coarse_loader/n4/graph08_trainseed05/histories/history_visit001_j001.json",
      "improvement_vs_previous": 1.0
    },
    {
      "visit_idx": 2,
      "j": 2,
      "kept": true,
      "beta": 0.2563503615595463,
      "coefficient": 0.15763176545028246,
      "loss": -0.9999999999999999,
      "expected_cut": 0.9999999999999999,
      "best_measured_cut": 0.0,
      "success_probability_ancilla_1": 0.007233740424213868,
      "epochs_run": 7,
      "stop_reason": "loss_plateau_last5",
      "history_path": "benchmark_results_walsh_article/unweighted/coarse_loader/n4/graph08_trainseed05/histories/history_visit002_j002.json",
      "improvement_vs_previous": -1.1102230246251565e-16
    },
    {
      "visit_idx": 3,
      "j": 3,
      "kept": true,
      "beta": -0.2542350430673917,
      "coefficient": -0.15638566556864902,
      "loss": -1.0000000000000002,
      "expected_cut": 1.0000000000000002,
      "best_measured_cut": 2.0,
      "success_probability_ancilla_1": 0.010619292114506058,
      "epochs_run": 7,
      "stop_reason": "loss_plateau_last5",
      "history_path": "benchmark_results_walsh_article/unweighted/coarse_loader/n4/graph08_trainseed05/histories/history_visit003_j003.json",
      "improvement_vs_previous": 3.3306690738754696e-16
    },
    {
      "visit_idx": 4,
      "j": 4,
      "kept": true,
      "beta": 0.4382198687353749,
      "coefficient": 0.2589726719748901,
      "loss": -1.2942580134632213,
      "expected_cut": 1.2942580134632213,
      "best_measured_cut": 2.0,
      "success_probability_ancilla_1": 0.019821276774029527,
      "epochs_run": 27,
      "stop_reason": "loss_plateau_last5",
      "history_path": "benchmark_results_walsh_article/unweighted/coarse_loader/n4/graph08_trainseed05/histories/history_visit004_j004.json",
      "improvement_vs_previous": 0.2942580134632211
    },
    {
      "visit_idx": 5,
      "j": 5,
      "kept": true,
      "beta": -0.006049476791067955,
      "coefficient": -0.0038009520023281544,
      "loss": -1.2942241129123846,
      "expected_cut": 1.2942241129123846,
      "best_measured_cut": 2.0,
      "success_probability_ancilla_1": 0.01981945934439329,
      "epochs_run": 25,
      "stop_reason": "loss_plateau_last5",
      "history_path": "benchmark_results_walsh_article/unweighted/coarse_loader/n4/graph08_trainseed05/histories/history_visit005_j005.json",
      "improvement_vs_previous": -3.3900550836740706e-05
    },
    {
      "visit_idx": 6,
      "j": 6,
      "kept": true,
      "beta": 0.3206924351931366,
      "coefficient": 0.19486224217750303,
      "loss": -1.399696044491743,
      "expected_cut": 1.399696044491743,
      "best_measured_cut": 2.0,
      "success_probability_ancilla_1": 0.024735302891355993,
      "epochs_run": 10,
      "stop_reason": "loss_plateau_last5",
      "history_path": "benchmark_results_walsh_article/unweighted/coarse_loader/n4/graph08_trainseed05/histories/history_visit006_j006.json",
      "improvement_vs_previous": 0.10547193157935841
    },
    {
      "visit_idx": 7,
      "j": 7,
      "kept": true,
      "beta": -0.27381938132286354,
      "coefficient": -0.16787111979210056,
      "loss": -1.4734592069263222,
      "expected_cut": 1.4734592069263222,
      "best_measured_cut": 2.0,
      "success_probability_ancilla_1": 0.02819477368499816,
      "epochs_run": 7,
      "stop_reason": "loss_plateau_last5",
      "history_path": "benchmark_results_walsh_article/unweighted/coarse_loader/n4/graph08_trainseed05/histories/history_visit007_j007.json",
      "improvement_vs_previous": 0.07376316243457914
    },
    {
      "visit_idx": 8,
      "j": 8,
      "kept": true,
      "beta": 0.22778985955763698,
      "coefficient": 0.14069941916982773,
      "loss": -1.5250169121249613,
      "expected_cut": 1.5250169121249613,
      "best_measured_cut": 2.0,
      "success_probability_ancilla_1": 0.030819214876303038,
      "epochs_run": 7,
      "stop_reason": "loss_plateau_last5",
      "history_path": "benchmark_results_walsh_article/unweighted/coarse_loader/n4/graph08_trainseed05/histories/history_visit008_j008.json",