{
  "0": 0.0,
  "1": -0.16383519636125768,
  "2": 0.15763176545028246,
  "3": -0.15638566556864902,
  "4": 0.2589726719748901,
  "5": -0.0038009520023281544,
  "6": 0.19486224217750303,
  "7": -0.16787111979210056,
  "8": 0.14069941916982773,
  "9": 0.006322090112374813,
  "10": 0.12333936669015863,
  "11": -0.11911049852203606,
  "12": -0.01049992612921396,
  "13": -0.24155521893525794,
  "14": 0.15948342436629973,
  "15": -0.16546597515380684
}