{
  "0": 0.0,
  "1": -0.23471494022219078,
  "2": 0.26000952604047667,
  "3": -0.2517847242052623,
  "4": -0.27124163794393136,
  "5": 0.38304802903130725,
  "6": 0.2897498905668844,
  "7": 0.0,
  "8": 0.2807291761539368,
  "9": 0.0,
  "10": 0.0,
  "11": -0.048340485040492376,
  "12": -0.31297219790411623,
  "13": 0.17647883203320416,
  "14": -0.15814535229878432,
  "15": -0.11899928613731156
}