{
  "0": 0.0,
  "1": -0.27519110828833104,
  "2": 0.2474513726477291,
  "3": -0.24341466571657383,
  "4": 0.3153812985822933,
  "5": 0.3809095356382968,
  "6": 0.32479194274043927,
  "7": -0.050460953387953,
  "8": -0.273153106040993,
  "9": -0.19871987369679361,
  "10": -0.051445057634275614,
  "11": 0.04311672491230785,
  "12": -0.30245446415626936,
  "13": 0.15861373438364834,
  "14": -0.1880846952341307,
  "15": -0.13350025596549558,
  "16": 0.12725381058135024,
  "17": 0.10011051101173761,
  "18": 0.017919320152155603,
  "19": -0.04399279872928515,
  "20": 0.09351358181234508,
  "21": -0.13961701153914452,
  "22": 0.049927545780895234,
  "23": -0.02627362630518778,
  "24": -0.08954396280885364,
  "25": 0.15292657371916635,
  "26": -0.15559905767465076,
  "27": 0.05685333797702642,
  "28": -0.13734264124097362,
  "29": -0.24986481567981778,
  "30": -0.13214993657947,
  "31": 0.07237556668872343,
  "32": 0.018340458503778592,
  "33": -0.09666363342146153,
  "34": -0.05367359030731882,
  "35": -0.008426327858344776,
  "36": 0.17722838162733254,
  "37": 0.03846836377733779,
  "38": 0.014709322133163127,
  "39": 0.16848866958601763,
  "40": 0.08366626579934851,
  "41": -0.015516068602557578,
  "42": -0.02209197381119811,
  "43": 0.05922466567370207,
  "44": -0.01844712229760172,
  "45": -0.11149651529803901,
  "46": -0.17926276785785983,
  "47": -0.02168477927946705,
  "48": 0.03754131596507559,
  "49": 0.0425630243096014,
  "50": 0.008462354682053195,
  "51": 0.06509380175701777,
  "52": -0.03525440308517216,
  "53": -0.08386589722145851,
  "54": -0.004111671108587801,
  "55": -0.009562280773623909,
  "56": 0.06282700359132998,
  "57": 0.11439146704001772,
  "58": 0.0024285409863433385,
  "59": -0.018687077554251967,
  "60": 0.018563857518412642,
  "61": -0.08371812432825534,
  "62": 0.05776139735175146,
  "63": -0.048094364697697525
}