epoch,beta,coefficient,loss,expected_cut,best_measured_cut,success_probability_ancilla_1,max_postselected_probability,grad
0,-0.2269992500860755,-0.14022749073582216,-5.238423981694908,5.238423981694908,5.0,0.04844770450197081,0.06843901906332579,-0.026487266157866764
1,-0.2178797660751561,-0.1347719995491614,-5.238466063342486,5.238466063342486,5.0,0.048258774568634435,0.06816607856619013,-0.011568311939545353
2,-0.21138251968993998,-0.1308721021054383,-5.238417621397609,5.238417621397609,5.0,0.04812835195711722,0.06796406901441827,0.0023950603111096537
3,-0.20880838162498358,-0.12932406600922036,-5.238380105038209,5.238380105038209,5.0,0.04807765339918373,0.06788228950868053,0.012543685318945463
4,-0.20942452663542122,-0.12969475360321497,-5.238390038127121,5.238390038127121,5.0,0.04808973803899497,0.06790195457773246,0.016609160824822014
5,-0.21200854535584526,-0.1312483315193488,-5.238425165695704,5.238425165695704,5.0,0.04814076557231603,0.06798380768814458,0.01563377527416716
6,-0.21561424932548012,-0.1334133672713393,-5.238456653616563,5.238456653616563,5.0,0.04821289968371431,0.06809635564352422,0.011558764064352078
