epoch,beta,coefficient,loss,expected_cut,best_measured_cut,success_probability_ancilla_1,max_postselected_probability,grad
0,-0.27739376941811844,-0.169954660567451,-4.499999999988904,4.499999999988904,0.0,0.004056398311479038,0.015624999999961472,7.591382355476182e-11
1,-0.2773971627585458,-0.16995663666821628,-4.499999999988908,4.499999999988908,0.0,0.00405649251356733,0.015624999999961486,7.592962091885761e-11
2,-0.27740131733689066,-0.16995905606846823,-4.499999999988905,4.499999999988905,0.0,0.004056607849531662,0.015624999999961475,7.592002878879442e-11
3,-0.2774061132018216,-0.16996184891235444,-4.499999999988907,4.499999999988907,0.0,0.004056740990071391,0.015624999999961482,7.592559762808235e-11
4,-0.2774114731978682,-0.1699649702661207,-4.499999999988907,4.499999999988907,0.0,0.004056889793919148,0.015624999999961482,7.590511082566113e-11
5,-0.27741734275271507,-0.16996838834727498,-4.49999999998891,4.49999999998891,0.0,0.004057052746726659,0.015624999999961493,7.590255270872252e-11
6,-0.27742368029739156,-0.16997207894580524,-4.499999999988908,4.499999999988908,0.0,0.00405722869512369,0.015624999999961486,7.588880878724385e-11
