epoch,beta,coefficient,loss,expected_cut,best_measured_cut,success_probability_ancilla_1,max_postselected_probability,grad
0,-0.24703369493204208,-0.15213368045389708,-5.423777985657431,5.423777985657431,5.0,0.055504970404992346,0.0861634181138028,-0.021598754989989883
1,-0.23869908539929197,-0.147194049373727,-5.423766925761605,5.423766925761605,5.0,0.055318041268089854,0.08693721373023681,-0.005518217671671526
2,-0.23486769147765968,-0.14491679734631804,-5.423723149219118,5.423723149219118,5.0,0.05523391910520549,0.08729271374118049,0.008222521629122202
3,-0.23524794419278677,-0.14514298778296572,-5.423728594243707,5.423728594243707,5.0,0.0552422165976406,0.08725743948614187,0.014639352571176939
4,-0.23798387562035045,-0.14676926104420915,-5.423760618405194,5.423760618405194,5.0,0.05530225107589071,0.08700358788780387,0.01399972698296013
5,-0.24175092582572086,-0.14900504133951575,-5.423784278515878,5.423784278515878,5.0,0.055385865666020356,0.08665393621334776,0.00941562249403436
6,-0.24551411992594951,-0.1512345480513247,-5.423784486014025,5.423784486014025,5.0,0.055470490532681355,0.08630453051651507,0.0031561505176276186
