epoch,beta,coefficient,loss,expected_cut,best_measured_cut,success_probability_ancilla_1,max_postselected_probability,grad
0,-0.2185051945281924,-0.13514683755644494,-5.747438687112034,5.747438687112034,6.0,0.06840289989614462,0.111562679751123,-0.04352634358635429
1,-0.20895855142062983,-0.12941442043012846,-5.74759931021646,5.74759931021646,6.0,0.06823047832360724,0.11135248416238622,-0.02555831778037095
2,-0.20066599483830203,-0.12441667335329415,-5.747601814905845,5.747601814905845,6.0,0.06808666644815603,0.11115777336118228,-0.008032817988607176
3,-0.19478649294303121,-0.12086322705242601,-5.747525190216928,5.747525190216928,6.0,0.06798810588387093,0.1110128341687001,0.007471085676700219
4,-0.19196457891124707,-0.1191548506808698,-5.747465062055327,5.747465062055327,6.0,0.06794181348158526,0.11094122894387927,0.018614302653212848
5,-0.19183219091592044,-0.1190746583592395,-5.747461867241389,5.747461867241389,6.0,0.06793965791391086,0.11093783705199899,0.024005413358418333
6,-0.19362893236477333,-0.12016266699892851,-5.747502365447506,5.747502365447506,6.0,0.06796903680163346,0.11098362184882751,0.024259001924932834
