epoch,beta,coefficient,loss,expected_cut,best_measured_cut,success_probability_ancilla_1,max_postselected_probability,grad
0,0.22562034101904915,0.13940399781621698,-5.678204850081592,5.678204850081592,6.0,0.0665889799156124,0.10413635774763666,0.11182918199058703
1,0.21569345319229968,0.13346088802710987,-5.67906777443771,5.67906777443771,6.0,0.06638718197586702,0.10393181711492674,0.09531071420734238
2,0.20591470543063234,0.12758190735798344,-5.679752368119522,5.679752368119522,6.0,0.0661960375089133,0.10371524422047675,0.07847366589658435
3,0.1963869746289303,0.12183133051797165,-5.680257699973177,5.680257699973177,6.0,0.06601722726816853,0.10348966541523145,0.061476327569865756
4,0.18724750526016293,0.11629507884359486,-5.680589244553778,5.680589244553778,6.0,0.06585270825471914,0.10325963729334887,0.044539283553976926
5,0.17867132008701825,0.11108295928317483,-5.680761309234862,5.680761309234862,6.0,0.06570466179372209,0.10303153891762078,0.027960141048886
6,0.17086623504248968,0.10632569433260383,-5.680798931719037,5.680798931719037,6.0,0.0655753280818629,0.10281357586060355,0.01212194271946166
7,0.164053614946312,0.10216304187060095,-5.680737793585459,5.680737793585459,6.0,0.06546669646256284,0.10261520878820918,-0.002515956810352796
