epoch,beta,coefficient,loss,expected_cut,best_measured_cut,success_probability_ancilla_1,max_postselected_probability,grad
0,-0.35203299419187967,-0.2656038096486968,-4.233679494375387,4.233679494375387,4.0,0.1845007354249078,0.062349679070089356,0.06562929029866951
1,-0.36194948904260726,-0.27247821641426523,-4.2341749012604355,4.2341749012604355,4.0,0.18520161838162447,0.06185766959396637,0.05507153996025081
2,-0.37170493444713537,-0.27919498879117055,-4.23456517180264,4.23456517180264,4.0,0.18590079864366613,0.061374886742545036,0.04489279483151088
3,-0.38120166792115323,-0.28568904757655506,-4.2348552580960845,4.2348552580960845,4.0,0.18659026947765184,0.060906326758164445,0.03516558326853713
4,-0.3903204737291496,-0.29188260310592656,-4.235052819862317,4.235052819862317,4.0,0.1872601505127359,0.06045794196841174,0.025971677477405097
5,-0.3989220286740771,-0.2976865053997052,-4.235168564062569,4.235168564062569,4.0,0.187898776353027,0.06003653843540585,0.01740109980549969
