epoch,beta,coefficient,loss,expected_cut,best_measured_cut,success_probability_ancilla_1,max_postselected_probability,grad
0,0.3790843679481686,0.28424504297896197,-3.498060225419328,3.498060225419328,1.0,0.07459215204019423,0.0597097687932201,0.002197455621542135
1,0.3690746006214652,0.277388502001411,-3.498084164561166,3.498084164561166,1.0,0.07374998995659855,0.05973689525403787,0.0023256836179818266
2,0.35904696240306905,0.2704709400781186,-3.4981094962134343,3.4981094962134343,1.0,0.07292064018104041,0.05975048059920386,0.0024581498228118
3,0.3489948468392327,0.2634883772994084,-3.49813628570682,3.49813628570682,1.0,0.07210422330282032,0.05974965748058703,0.0025948808510019975
4,0.33891185071492436,0.2564368941119261,-3.4981646008671294,3.4981646008671294,1.0,0.07130092060295576,0.05973349691105849,0.0027358871324641328
