epoch,beta,coefficient,loss,expected_cut,best_measured_cut,success_probability_ancilla_1,max_postselected_probability,grad
0,-0.5254081974304099,-0.5046060438644404,-3.9999999999995834,3.9999999999995834,0.0,0.0962095164807999,0.015624999999998373,1.283231652245673e-12
1,-0.5254082547903008,-0.5046060899844547,-3.9999999999995843,3.9999999999995843,0.0,0.09620953348054313,0.015624999999998376,1.2826666528633391e-12
2,-0.5254083250089693,-0.5046061464435191,-3.9999999999995848,3.9999999999995848,0.0,0.09620955429124098,0.01562499999999838,1.2821961307551874e-12
3,-0.5254084059478608,-0.5046062115221353,-3.9999999999995817,3.9999999999995817,0.0,0.09620957827909081,0.01562499999999837,1.276007318390272e-12
4,-0.5254084964864558,-0.5046062843193515,-3.999999999999586,3.999999999999586,0.0,0.09620960511200456,0.015624999999998383,1.2847190851163238e-12
