epoch,beta,coefficient,loss,expected_cut,best_measured_cut,success_probability_ancilla_1,max_postselected_probability,grad
0,0.46185268912588673,0.45196313289419526,-3.9999999999997486,3.9999999999997486,3.0,0.15895327273917015,0.03114362547663742,-3.630629663613627e-13
1,0.4618527054348719,0.4519631467916265,-3.9999999999997486,3.9999999999997486,3.0,0.1589532764946044,0.031143625535294636,-3.663097390146502e-13
2,0.46185272537126515,0.45196316378009327,-3.99999999999975,3.99999999999975,3.0,0.15895328108531395,0.031143625606998255,-3.6314058658627813e-13
3,0.46185274834800144,0.45196318335933755,-3.99999999999975,3.99999999999975,3.0,0.15895328637611683,0.03114362568963678,-3.62098418396099e-13
4,0.4618527740028432,0.45196320522068445,-3.999999999999746,3.999999999999746,3.0,0.1589532922836014,0.03114362578190736,-3.6197309927873793e-13
