epoch,beta,coefficient,loss,expected_cut,best_measured_cut,success_probability_ancilla_1,max_postselected_probability,grad
0,0.49852612557526205,0.48271329594935486,-4.228158278558724,4.228158278558724,4.0,0.42189727300837754,0.03560397759827836,0.01278207225877622
1,0.48865684973462453,0.47453729917410536,-4.228244186027381,4.228244186027381,4.0,0.4212969907425788,0.03558075969990913,0.010077412582074247
2,0.4790786882031615,0.46653222581266723,-4.228301083782268,4.228301083782268,4.0,0.42071722161348235,0.03555556342908876,0.007316488583755741
3,0.47003931782950453,0.4589145163043713,-4.228330114002177,4.228330114002177,4.0,0.42017287790021296,0.03552931710035374,0.004549943884089211
4,0.4618886856688595,0.4519938062751576,-4.228335170146574,4.228335170146574,4.0,0.4196846137228019,0.0355035494903461,0.0018604034323074087
