epoch,beta,coefficient,loss,expected_cut,best_measured_cut,success_probability_ancilla_1,max_postselected_probability,grad
0,0.3457413773012507,0.26121823245604714,-1.7647908038764335,1.7647908038764335,2.0,0.13675360483426316,0.43003084472241726,0.09577403394660347
1,0.3358012219077875,0.2542520469727326,-1.7655566501048163,1.7655566501048163,2.0,0.13636798869631017,0.4304892807929883,0.08338088564389501
2,0.3259803848692471,0.24732530838257918,-1.7661869447752006,1.7661869447752006,2.0,0.13600205268983867,0.430882544520562,0.07064130588651214
3,0.3163587637554769,0.24049739629764888,-1.7666788904438844,1.7666788904438844,2.0,0.13565843002212397,0.43120846806706015,0.0576512897534768
4,0.3070416235923592,0.23384709179407107,-1.7670334431474712,1.7670334431474712,2.0,0.13534007421244804,0.4314664188448736,0.044545332240833124
5,0.29816344302602416,0.22747566606338843,-1.7672568530369388,1.7672568530369388,2.0,0.13505019570427945,0.43165799801163873,0.03150608965126869
6,0.28988793514470806,0.2215071516495672,-1.7673621780842952,1.7673621780842952,2.0,0.13479208752728117,0.4317877646571283,0.018772389765856566
7,0.28240044310868295,0.2160828948980004,-1.767370143537298,1.767370143537298,2.0,0.13456879991936282,0.4318637237105161,0.0066408443342899776
