epoch,beta,coefficient,loss,expected_cut,best_measured_cut,success_probability_ancilla_1,max_postselected_probability,grad
0,-0.3085320191931597,-0.23491340088176552,-0.9999999999992717,0.9999999999992717,0.0,0.013732749158395145,0.062499999999954495,4.413146653622654e-12
1,-0.30853221653871055,-0.2349135420105314,-0.9999999999992717,0.9999999999992717,0.0,0.01373276558287866,0.06249999999995448,4.414713639775726e-12
2,-0.30853245815804614,-0.2349137148010201,-0.9999999999992715,0.9999999999992715,0.0,0.013732785692148225,0.06249999999995447,4.413123693621772e-12
3,-0.3085327370643934,-0.2349139142567318,-0.9999999999992717,0.9999999999992717,0.0,0.013732808904720978,0.06249999999995448,4.412523723538605e-12
4,-0.3085330488195309,-0.23491413720372617,-0.9999999999992717,0.9999999999992717,0.0,0.013732834851222338,0.06249999999995448,4.413752552899401e-12
