{
  "0": 0.0,
  "1": -0.23471538678087156,
  "2": 0.23326318736644286,
  "3": -0.0010555765987588716,
  "4": 0.0,
  "5": 0.0026501558374739387,
  "6": -0.0032293013180049435,
  "7": 0.0,
  "8": 0.0020768412270500995,
  "9": 0.0,
  "10": 0.0023944188425939475,
  "11": -0.0023458858320906883,
  "12": -0.002385985478385703,
  "13": 0.16554081135750404,
  "14": -0.19727725767805446,
  "15": 0.0018390208350602653,
  "16": 0.0,
  "17": 0.0,
  "18": 0.0022168808967329024,
  "19": 0.0,
  "20": -0.0011666625408625468,
  "21": 0.10137644777999834,
  "22": -0.1337025321081038,
  "23": 0.0,
  "24": -0.0018671516083832247,
  "25": -0.10054204917475623,
  "26": 0.1533829729146164,
  "27": 0.0,
  "28": 0.004165904876164811,
  "29": 0.0018612785062186157,
  "30": 0.0,
  "31": 0.004754559863948915,
  "32": 0.0,
  "33": 0.0,
  "34": -0.0016198185429311107,
  "35": 0.0,
  "36": 0.0026426998593506506,
  "37": -0.0625450608481636,
  "38": 0.10208265325209429,
  "39": -0.0012938109251337305,
  "40": 0.0012205237063797334,
  "41": 0.09849211320400221,
  "42": -0.14437842896330494,
  "43": 0.0,
  "44": 0.00825932349451532,
  "45": 0.0,
  "46": 0.0014786953137776522,
  "47": 0.007724191893576152,
  "48": 0.0015300205767799216,
  "49": 0.08503087834408288,
  "50": -0.12658533584500717,
  "51": 0.0,
  "52": 0.007471873113258866,
  "53": 0.0,
  "54": 0.0,
  "55": 0.004615974860322266,
  "56": 0.004829437349684236,
  "57": 0.0,
  "58": 0.0,
  "59": 0.006433089738068506,
  "60": -0.0020222984173954633,
  "61": -0.10597962558978401,
  "62": 0.13784617162862556,
  "63": 0.0,
  "64": 0.0,
  "65": 0.0010741774040028984,
  "66": 0.0,
  "67": 0.0018335019744106884,
  "68": -0.001268572774614104,
  "69": -0.009400152956326726,
  "70": 0.010034253132064875,
  "71": 0.001402882736218543,
  "72": -0.0016241120741658968,
  "73": 0.0019233193238545052,
  "74": -0.006018775457535672,
  "75": -0.0020967657267913003,
  "76": 0.005494614940243131,
  "77": 0.0,
  "78": 0.0,
  "79": 0.0046100604132440345,
  "80": 0.0,
  "81": 0.0355641663776722,
  "82": -0.034322919241788874,
  "83": 0.0,
  "84": 0.005224414692973746,
  "85": -0.0020056544113711346,
  "86": 0.0019342063422950154,
  "87": 0.00364285705274848,
  "88": -0.013951691477844096,
  "89": 0.0011626909486249246,
  "90": 0.0,
  "91": -0.01117689372952995,
  "92": 0.0,
  "93": -0.021296384716033546,
  "94": 0.026254198047713315,
  "95": -0.002086825521510291,
  "96": 0.0,
  "97": 0.026568624265314415,
  "98": -0.022375207483499544,
  "99": 0.001130136530502683,
  "100": -0.012537289871993618,
  "101": 0.0,
  "102": 0.0,
  "103": -0.010603632891576386,
  "104": 0.013839386782325224,
  "105": 0.0,
  "106": 0.0,
  "107": 0.009498030177239901,
  "108": 0.0011130484254774412,
  "109": -0.019900329393179664,
  "110": 0.010140121053611709,
  "111": 0.0,
  "112": 0.013348002425844593,
  "113": -0.001580499537984265,
  "114": 0.0,
  "115": 0.008736299628963728,
  "116": 0.0,
  "117": -0.01242039154344139,
  "118": 0.0018999652574825231,
  "119": 0.0,
  "120": 0.0,
  "121": -0.0073295934357214985,
  "122": -0.0036558279480335115,
  "123": 0.0,
  "124": -0.01301539817349535,
  "125": 0.0012067822831012276,
  "126": 0.0,
  "127": -0.0063909658999517375,
  "128": 0.03260469027930167,
  "129": 0.0,
  "130": 0.0,
  "131": -0.03826890099783992,
  "132": 0.0,
  "133": -0.01952265791238605,
  "134": 0.02544723401821372,
  "135": -0.0013743541457156743,
  "136": 0.0,
  "137": 0.03439581587939097,
  "138": -0.02900683195930578,
  "139": 0.0,
  "140": -0.0272285463125435,
  "141": 0.0,
  "142": 0.0,
  "143": 0.03132852606643858,
  "144": 0.0,
  "145": 0.0014081380286051464,
  "146": -0.0035100849685905434,
  "147": 0.001451801327449891,
  "148": -0.014298583898992646,
  "149": 0.0012769923584730733,
  "150": 0.0,
  "151": 0.015722657857342427,
  "152": 0.011029714533334801,
  "153": 0.0010267369863853374,
  "154": 0.0,
  "155": -0.023242411159835014,
  "156": 0.0,
  "157": 0.0,
  "158": 0.002398906915685963,
  "159": 0.0,
  "160": -0.0015594136856156959,
  "161": 0.017269842704560705,
  "162": -0.009567086907058205,
  "163": -0.0012779570906976062,
  "164": -0.001389430942786247,
  "165": 0.0,
  "166": 0.0014724447859656004,
  "167": -0.01375940117964038,
  "168": -0.014762084479402698,
  "169": 0.0,
  "170": 0.0,
  "171": 0.02423491767291041,
  "172": 0.0,
  "173": -0.018429867273590028,
  "174": 0.016771431130042622,
  "175": 0.0,
  "176": -0.010120561357521912,
  "177": -0.0011613685827305833,
  "178": 0.0,
  "179": 0.01959517473985412,
  "180": 0.0012411940527777424,
  "181": 0.004167132040113251,
  "182": -0.007054682432305702,
  "183": 0.0016448190106145876,
  "184": 0.0,
  "185": -0.002285301453870427,
  "186": -0.0012323937959713275,
  "187": -0.0012421716477325744,
  "188": 0.01654802363402489,
  "189": 0.0,
  "190": 0.0,
  "191": -0.03187851954208024,
  "192": 0.0020099689157641433,
  "193": 0.02146128220285467,
  "194": -0.02572129897791179,
  "195": 0.0,
  "196": 0.004016289654551891,
  "197": 0.001021946411298244,
  "198": -0.0010996126107891203,
  "199": 0.0,
  "200": -0.0031332137729439768,
  "201": -0.0012480919676368333,
  "202": 0.0,
  "203": -0.0014655194959941418,
  "204": 0.0,
  "205": -0.011266051374684507,
  "206": 0.019720925822641726,
  "207": 0.0,
  "208": -0.01085481801807071,
  "209": -0.0013760156391189552,
  "210": -0.0014953790254335325,
  "211": 0.014800019028555761,
  "212": 0.0,
  "213": 0.002216917429667037,
  "214": 0.0018228778976002182,
  "215": 0.0015075197919224874,
  "216": 0.002671618189711713,
  "217": -0.004157002464896413,
  "218": 0.0018535350439855545,
  "219": 0.0,
  "220": 0.0066835084533759925,
  "221": 0.0,
  "222": -0.0015230640937911415,
  "223": -0.011291634739067587,
  "224": -0.011740285706567138,
  "225": 0.0,
  "226": 0.0,
  "227": 0.006540846422729547,
  "228": 0.0,
  "229": 0.010800884780840608,
  "230": -0.009803326712200097,
  "231": 0.0,
  "232": -0.0014198487770274992,
  "233": -0.021395653182321336,
  "234": 0.03082636827954882,
  "235": 0.0,
  "236": 0.004304888895673113,
  "237": 0.0,
  "238": 0.0,
  "239": -0.008117413656071003,
  "240": 0.0,
  "241": -0.0172762353115037,
  "242": 0.022457899875667466,
  "243": 0.0,
  "244": 0.005579859957134761,
  "245": -0.002036664011016291,
  "246": 0.0,
  "247": -0.004087961110050896,
  "248": 0.0,
  "249": 0.0,
  "250": 0.0010360559227181809,
  "251": -0.002245054134999506,
  "252": 0.0,
  "253": 0.03075213869669826,
  "254": -0.03255203078440778,
  "255": 0.0
}