{
  "config": {
    "N_VERTICES": 4,
    "PROB_ARESTA": 0.55,
    "COM_PESO": false,
    "PESO_MIN": 1,
    "PESO_MAX": 1,
    "GRAPH_SEED": 105087,
    "GRAPH_EDGES": [
      [
        0,
        1,
        1.0
      ],
      [
        1,
        2,
        1.0
      ],
      [
        1,
        3,
        1.0
      ]
    ],
    "REVERSE_BITS": false,
    "ER": 0.75,
    "MAX_TERMS": null,
    "A_MAX": 0.6283185307179586,
    "INIT_BETA": 0.25,
    "MAX_EPOCHS": 200,
    "LR": 0.01,
    "FD_EPS": 0.01,
    "LOSS_TOL_LAST5": 0.002,
    "PATIENCE_LAST5": 7,
    "TRAIN_SEED": 7,
    "INIT_BETA_JITTER": 0.03,
    "OPTIMIZER": "adam",
    "ADAM_BETA1": 0.9,
    "ADAM_BETA2": 0.999,
    "ADAM_EPS": 1e-08,
    "COEF_ZERO_TOL": 0.002,
    "IMPROVEMENT_TOL": 0.002,
    "SATURATION_PATIENCE": 60,
    "INDEX_STRATEGY": "ascending",
    "INDEX_RANDOM_SEED": 42,
    "ENABLE_BACKWARD_PRUNING": false,
    "BACKWARD_PASSES": 1,
    "PRUNE_IMPROVEMENT_TOL": 1e-06,
    "OUTDIR": "benchmark_results_walsh_article/unweighted/coarse_loader/n4/graph09_trainseed07",
    "SHOW_PLOTS": false,
    "name": "coarse_loader"
  },
  "n_qubits_register": 4,
  "graph_edges": [
    [
      0,
      1,
      1.0
    ],
    [
      1,
      2,
      1.0
    ],
    [
      1,
      3,
      1.0
    ]
  ],
  "graph_signature": "e05b7736fa85fadb9e519d205bc71874029e7ff2544024339aba6060afa201c5",
  "graph_num_edges": 3,
  "graph_density": 0.5,
  "best_cut_bruteforce": 3.0,
  "best_bitstring_bruteforce": "0100",
  "best_index_bruteforce": 4,
  "candidate_order": [
    1,
    2,
    3,
    4,
    5,
    6,
    7,
    8,
    9,
    10,
    11,
    12,
    13,
    14,
    15
  ],
  "total_possible_parameters": 15,
  "visited_parameters": 15,
  "trained_coefficients": {
    "0": 0.0,
    "1": -0.1416876653522917,
    "2": 0.14204711538006967,
    "3": 0.0,
    "4": -0.10377407406708676,
    "5": 0.0,
    "6": 0.0,
    "7": 0.12420350210191862,
    "8": -0.06723160523178291,
    "9": 0.0,
    "10": 0.0,
    "11": 0.08701409753531461,
    "12": 0.0,
    "13": -0.0821267942527746,
    "14": 0.08838505675087079,
    "15": 0.0
  },
  "final_coefficient_vector": [
    0.0,
    -0.1416876653522917,
    0.14204711538006967,
    0.0,
    -0.10377407406708676,
    0.0,
    0.0,
    0.12420350210191862,
    -0.06723160523178291,
    0.0,
    0.0,
    0.08701409753531461,
    0.0,
    -0.0821267942527746,
    0.08838505675087079,
    0.0
  ],
  "active_indices": [
    1,
    2,
    4,
    7,
    8,
    11,
    13,
    14
  ],
  "active_parameter_count": 8,
  "compression_ratio_active_over_total": 0.5333333333333333,
  "final_loss": -2.9242807327688753,
  "final_expected_cut": 2.9242807327688753,
  "best_expected_cut_over_evolution": 2.9242807327688753,
  "final_best_measured_index": 4,
  "final_best_measured_bitstring": "0100",
  "final_best_measured_cut": 3.0,
  "best_measured_cut_over_evolution": 3.0,
  "final_success_probability_ancilla_1": 0.012692550772327248,
  "final_max_postselected_probability": 0.46881712521370644,
  "gap_expected_to_bruteforce": 0.07571926723112465,
  "gap_measured_to_bruteforce": 0.0,
  "approx_ratio_measured": 1.0,
  "n_steps": 15,
  "elapsed_seconds": 6.0439159870147705,
  "steps": [
    {
      "visit_idx": 1,
      "j": 1,
      "kept": true,
      "beta": -0.2294463513243361,
      "coefficient": -0.1416876653522917,
      "loss": -1.5,
      "expected_cut": 1.5,
      "best_measured_cut": 0.0,
      "success_probability_ancilla_1": 0.002820446717547946,
      "epochs_run": 7,
      "stop_reason": "loss_plateau_last5",
      "history_path": "benchmark_results_walsh_article/unweighted/coarse_loader/n4/graph09_trainseed07/histories/history_visit001_j001.json",
      "improvement_vs_previous": 1.5
    },
    {
      "visit_idx": 2,
      "j": 2,
      "kept": true,
      "beta": 0.23004916570426748,
      "coefficient": 0.14204711538006967,
      "loss": -1.9999983890179482,
      "expected_cut": 1.9999983890179482,
      "best_measured_cut": 3.0,
      "success_probability_ancilla_1": 0.005639217929017896,
      "epochs_run": 7,
      "stop_reason": "loss_plateau_last5",
      "history_path": "benchmark_results_walsh_article/unweighted/coarse_loader/n4/graph09_trainseed07/histories/history_visit002_j002.json",
      "improvement_vs_previous": 0.49999838901794824
    },
    {
      "visit_idx": 3,
      "j": 3,
      "kept": false,
      "beta": -0.002830619711660775,
      "coefficient": 0.0,
      "loss": -1.9999983890179482,
      "expected_cut": 1.9999983890179482,
      "best_measured_cut": 3.0,
      "success_probability_ancilla_1": 0.005639217929017896,
      "epochs_run": 28,
      "stop_reason": "loss_plateau_last5_and_discarded_near_zero",
      "history_path": "benchmark_results_walsh_article/unweighted/coarse_loader/n4/graph09_trainseed07/histories/history_visit003_j003.json",
      "improvement_vs_previous": 0.0
    },
    {
      "visit_idx": 4,
      "j": 4,
      "kept": true,
      "beta": -0.16668841546279792,
      "coefficient": -0.10377407406708676,
      "loss": -2.1819609221002056,
      "expected_cut": 2.1819609221002056,
      "best_measured_cut": 3.0,
      "success_probability_ancilla_1": 0.007135781029759785,
      "epochs_run": 48,
      "stop_reason": "loss_plateau_last5",
      "history_path": "benchmark_results_walsh_article/unweighted/coarse_loader/n4/graph09_trainseed07/histories/history_visit004_j004.json",
      "improvement_vs_previous": 0.1819625330822574
    },
    {
      "visit_idx": 5,
      "j": 5,
      "kept": false,
      "beta": 0.0026324647294960436,
      "coefficient": 0.0,
      "loss": -2.1819609221002056,
      "expected_cut": 2.1819609221002056,
      "best_measured_cut": 3.0,
      "success_probability_ancilla_1": 0.007135781029759785,
      "epochs_run": 32,
      "stop_reason": "loss_plateau_last5_and_discarded_near_zero",
      "history_path": "benchmark_results_walsh_article/unweighted/coarse_loader/n4/graph09_trainseed07/histories/history_visit005_j005.json",
      "improvement_vs_previous": 0.0
    },
    {
      "visit_idx": 6,
      "j": 6,
      "kept": false,
      "beta": -0.0025912761280617617,
      "coefficient": 0.0,
      "loss": -2.1819609221002056,
      "expected_cut": 2.1819609221002056,
      "best_measured_cut": 3.0,
      "success_probability_ancilla_1": 0.007135781029759785,
      "epochs_run": 32,
      "stop_reason": "loss_plateau_last5_and_discarded_near_zero",
      "history_path": "benchmark_results_walsh_article/unweighted/coarse_loader/n4/graph09_trainseed07/histories/history_visit006_j006.json",
      "improvement_vs_previous": 0.0
    },
    {
      "visit_idx": 7,
      "j": 7,
      "kept": true,
      "beta": 0.2003129011388337,
      "coefficient": 0.12420350210191862,
      "loss": -2.4833372596056096,
      "expected_cut": 2.4833372596056096,
      "best_measured_cut": 3.0,
      "success_probability_ancilla_1": 0.00923184350134272,
      "epochs_run": 52,
      "stop_reason": "loss_plateau_last5",
      "history_path": "benchmark_results_walsh_article/unweighted/coarse_loader/n4/graph09_trainseed07/histories/history_visit007_j007.json",
      "improvement_vs_previous": 0.30137633750540394
    },
    {
      "visit_idx": 8,
      "j": 8,
      "kept": true,
      "beta": -0.10741362702587239,
      "coefficient": -0.06723160523178291,
      "loss": -2.5531446633274966,
      "expected_cut": 2.5531446633274966,
      "best_measured_cut": 3.0,
      "success_probability_ancilla_1": 0.00985561258875306,
      "epochs_run": 42,
      "stop_reason": "loss_plateau_last5",
      "history_path": "benchmark_results_walsh_article/unweighted/coarse_loader/n4/graph09_trainseed07/histories/history_visit008_j008.json",
      "improvement_vs_previous": 0.06980740372188698
    },
    {
      "visit_idx": 9,
      "j": 9,
      "kept": false,
      "beta": 0.0005369295672565232,
      "coefficient": 0.0,
      "loss": -2.5531446633274966,
      "expected_cut": 2.5531446633274966,