{
  "0": 0.0,
  "1": -0.1416876653522917,
  "2": 0.14204711538006967,
  "3": 0.0,
  "4": -0.10377407406708676,
  "5": 0.0,
  "6": 0.0,
  "7": 0.12420350210191862,
  "8": -0.06723160523178291,
  "9": 0.0,
  "10": 0.0,
  "11": 0.08701409753531461,
  "12": 0.0,
  "13": -0.0821267942527746,
  "14": 0.08838505675087079,
  "15": 0.0
}