{
  "config": {
    "N_VERTICES": 4,
    "PROB_ARESTA": 0.7,
    "COM_PESO": false,
    "PESO_MIN": 1,
    "PESO_MAX": 1,
    "GRAPH_SEED": 104476,
    "GRAPH_EDGES": [
      [
        0,
        1,
        1.0
      ],
      [
        0,
        2,
        1.0
      ],
      [
        0,
        3,
        1.0
      ],
      [
        1,
        2,
        1.0
      ],
      [
        1,
        3,
        1.0
      ]
    ],
    "REVERSE_BITS": false,
    "ER": 1.25,
    "MAX_TERMS": null,
    "A_MAX": 1.0471975511965976,
    "INIT_BETA": 0.5,
    "MAX_EPOCHS": 200,
    "LR": 0.01,
    "FD_EPS": 0.01,
    "LOSS_TOL_LAST5": 0.0005,
    "PATIENCE_LAST5": 5,
    "TRAIN_SEED": 7,
    "INIT_BETA_JITTER": 0.08,
    "OPTIMIZER": "adam",
    "ADAM_BETA1": 0.9,
    "ADAM_BETA2": 0.999,
    "ADAM_EPS": 1e-08,
    "COEF_ZERO_TOL": 0.0005,
    "IMPROVEMENT_TOL": 0.0005,
    "SATURATION_PATIENCE": 150,
    "INDEX_STRATEGY": "ascending",
    "INDEX_RANDOM_SEED": 42,
    "ENABLE_BACKWARD_PRUNING": false,
    "BACKWARD_PASSES": 1,
    "PRUNE_IMPROVEMENT_TOL": 1e-06,
    "OUTDIR": "benchmark_results_walsh_article/unweighted/aggressive_loader/n4/graph03_trainseed07",
    "SHOW_PLOTS": false,
    "name": "aggressive_loader"
  },
  "n_qubits_register": 4,
  "graph_edges": [
    [
      0,
      1,
      1.0
    ],
    [
      0,
      2,
      1.0
    ],
    [
      0,
      3,
      1.0
    ],
    [
      1,
      2,
      1.0
    ],
    [
      1,
      3,
      1.0
    ]
  ],
  "graph_signature": "37c67a7d685a1ea528dadea71897f720cb7ad726475a7878001b269ff86755a3",
  "graph_num_edges": 5,
  "graph_density": 0.8333333333333334,
  "best_cut_bruteforce": 4.0,
  "best_bitstring_bruteforce": "0011",
  "best_index_bruteforce": 3,
  "candidate_order": [
    1,
    2,
    3,
    4,
    5,
    6,
    7,
    8,
    9,
    10,
    11,
    12,
    13,
    14,
    15
  ],
  "total_possible_parameters": 15,
  "visited_parameters": 15,
  "trained_coefficients": {
    "0": 0.0,
    "1": -0.4376551835580961,
    "2": 0.4393489713757603,
    "3": 0.0,
    "4": -0.002134380425600307,
    "5": 0.0009789921806690066,
    "6": -0.0015647888283815239,
    "7": 0.0,
    "8": -0.0013806879221541176,
    "9": -0.0014501933649172455,
    "10": 0.0029243323637049993,
    "11": 0.000732303705821377,
    "12": -0.001910489713190736,
    "13": 0.0022832670666507546,
    "14": 0.0014842933103913763,
    "15": 0.0
  },
  "final_coefficient_vector": [
    0.0,
    -0.4376551835580961,
    0.4393489713757603,
    0.0,
    -0.002134380425600307,
    0.0009789921806690066,
    -0.0015647888283815239,
    0.0,
    -0.0013806879221541176,
    -0.0014501933649172455,
    0.0029243323637049993,
    0.000732303705821377,
    -0.001910489713190736,
    0.0022832670666507546,
    0.0014842933103913763,
    0.0
  ],
  "active_indices": [
    1,
    2,
    4,
    5,
    6,
    8,
    9,
    10,
    11,
    12,
    13,
    14
  ],
  "active_parameter_count": 12,
  "compression_ratio_active_over_total": 0.8,
  "final_loss": -3.000008032183257,
  "final_expected_cut": 3.000008032183257,
  "best_expected_cut_over_evolution": 3.0000090686017864,
  "final_best_measured_index": 10,
  "final_best_measured_bitstring": "1010",
  "final_best_measured_cut": 3.0,
  "best_measured_cut_over_evolution": 3.0,
  "final_success_probability_ancilla_1": 0.13577639325057805,
  "final_max_postselected_probability": 0.12746861760151706,
  "gap_expected_to_bruteforce": 0.9999919678167428,
  "gap_measured_to_bruteforce": 1.0,
  "approx_ratio_measured": 0.75,
  "n_steps": 15,
  "elapsed_seconds": 28.199199438095093,
  "steps": [
    {
      "visit_idx": 1,
      "j": 1,
      "kept": true,
      "beta": -0.4451812095881077,
      "coefficient": -0.4376551835580961,
      "loss": -2.5,
      "expected_cut": 2.5,
      "best_measured_cut": 0.0,
      "success_probability_ancilla_1": 0.07297356754476052,
      "epochs_run": 5,
      "stop_reason": "loss_plateau_last5",
      "history_path": "benchmark_results_walsh_article/unweighted/aggressive_loader/n4/graph03_trainseed07/histories/history_visit001_j001.json",
      "improvement_vs_previous": 2.5
    },
    {
      "visit_idx": 2,
      "j": 2,
      "kept": true,
      "beta": 0.44714256703272925,
      "coefficient": 0.4393489713757603,
      "loss": -2.9999958728472884,
      "expected_cut": 2.9999958728472884,
      "best_measured_cut": 3.0,
      "success_probability_ancilla_1": 0.1357679773163963,
      "epochs_run": 5,
      "stop_reason": "loss_plateau_last5",
      "history_path": "benchmark_results_walsh_article/unweighted/aggressive_loader/n4/graph03_trainseed07/histories/history_visit002_j002.json",
      "improvement_vs_previous": 0.4999958728472884
    },
    {
      "visit_idx": 3,
      "j": 3,
      "kept": false,
      "beta": 0.00047321385210614096,
      "coefficient": 0.0,
      "loss": -2.9999958728472884,
      "expected_cut": 2.9999958728472884,
      "best_measured_cut": 3.0,
      "success_probability_ancilla_1": 0.1357679773163963,
      "epochs_run": 51,
      "stop_reason": "loss_plateau_last5_and_discarded_near_zero",
      "history_path": "benchmark_results_walsh_article/unweighted/aggressive_loader/n4/graph03_trainseed07/histories/history_visit003_j003.json",
      "improvement_vs_previous": 0.0
    },
    {
      "visit_idx": 4,
      "j": 4,
      "kept": true,
      "beta": -0.0020381859933780847,
      "coefficient": -0.002134380425600307,
      "loss": -2.9999997207437215,
      "expected_cut": 2.9999997207437215,
      "best_measured_cut": 3.0,
      "success_probability_ancilla_1": 0.13576927363441288,
      "epochs_run": 60,
      "stop_reason": "loss_plateau_last5",
      "history_path": "benchmark_results_walsh_article/unweighted/aggressive_loader/n4/graph03_trainseed07/histories/history_visit004_j004.json",
      "improvement_vs_previous": 3.847896433040177e-06
    },
    {
      "visit_idx": 5,
      "j": 5,
      "kept": true,
      "beta": 0.0009348689411628553,
      "coefficient": 0.0009789921806690066,
      "loss": -2.9999983419927814,
      "expected_cut": 2.9999983419927814,
      "best_measured_cut": 3.0,
      "success_probability_ancilla_1": 0.13576954635944538,
      "epochs_run": 60,
      "stop_reason": "loss_plateau_last5",
      "history_path": "benchmark_results_walsh_article/unweighted/aggressive_loader/n4/graph03_trainseed07/histories/history_visit005_j005.json",
      "improvement_vs_previous": -1.3787509400842168e-06
    },
    {
      "visit_idx": 6,
      "j": 6,
      "kept": true,
      "beta": -0.0014942643737345012,
      "coefficient": -0.0015647888283815239,
      "loss": -2.9999992270938876,
      "expected_cut": 2.9999992270938876,
      "best_measured_cut": 3.0,
      "success_probability_ancilla_1": 0.13576991813782235,
      "epochs_run": 60,
      "stop_reason": "loss_plateau_last5",
      "history_path": "benchmark_results_walsh_article/unweighted/aggressive_loader/n4/graph03_trainseed07/histories/history_visit006_j006.json",
      "improvement_vs_previous": 8.851011061850045e-07
    },
    {
      "visit_idx": 7,
      "j": 7,
      "kept": false,
      "beta": 0.00011377921891036515,
      "coefficient": 0.0,
      "loss": -2.9999992270938876,
      "expected_cut": 2.9999992270938876,
      "best_measured_cut": 3.0,
      "success_probability_ancilla_1": 0.13576991813782235,
      "epochs_run": 56,
      "stop_reason": "loss_plateau_last5_and_discarded_near_zero",
      "history_path": "benchmark_results_walsh_article/unweighted/aggressive_loader/n4/graph03_trainseed07/histories/history_visit007_j007.json",
      "improvement_vs_previous": 0.0
    },
    {
      "visit_idx": 8,
      "j": 8,
      "kept": true,
      "beta": -0.0013184606100449976,
      "coefficient": -0.0013806879221541176,
      "loss": -3.000003213120247,
      "expected_cut": 3.000003213120247,
      "best_measured_cut": 3.0,
      "success_probability_ancilla_1": 0.1357704605841652,
      "epochs_run": 55,