{
  "0": 0.0,
  "1": -0.29757950782925063,
  "2": 0.2971484882381425,
  "3": -0.26092234105307793,
  "4": -0.39218926773318863,
  "5": 0.26375507353659733,
  "6": 0.028813057731856592,
  "7": 0.256549563345471,
  "8": 0.10553643882983031,
  "9": -0.020621446301507498,
  "10": -0.011815184115986066,
  "11": 0.021248720947240826,
  "12": 0.0,
  "13": 0.0,
  "14": 0.007219343944343763,
  "15": 0.0,
  "16": -0.05172956687066008,
  "17": 0.1870766087045089,
  "18": 0.20600702591518477,
  "19": -0.026138226120250106,
  "20": -0.2660562751688517,
  "21": 0.0768129006429229,
  "22": 0.070713127754992,
  "23": -0.22138930464095757,
  "24": 0.06924576658088379,
  "25": 0.027355925967653724,
  "26": -0.1299630968324798,
  "27": 0.06709411399601425,
  "28": 0.18134902465256658,
  "29": -0.0735719270280729,
  "30": 0.028587699407135736,
  "31": -0.195899117616634,
  "32": 0.11723561781167541,
  "33": -0.05995425663246623,
  "34": -0.014763628765135732,
  "35": -0.06596165885778811,
  "36": 0.05136673939344384,
  "37": 0.11127693352566338,
  "38": -0.10671370589642117,
  "39": 0.07566399188368368,
  "40": -0.022392221941969975,
  "41": 0.028567481188340363,
  "42": -0.0924979394708642,
  "43": 0.046598951072749625,
  "44": 0.06065596901929437,
  "45": -0.0710627813811501,
  "46": 0.0,
  "47": -0.08553109561621022,
  "48": -0.007804667807603921,
  "49": 0.0398599319717274,
  "50": -0.03484279482000955,
  "51": 0.01193335796049246,
  "52": 0.03797025544210998,
  "53": 0.006802977394565923,
  "54": 0.03338560435374181,
  "55": -0.04326210794786872,
  "56": -0.04391548548007826,
  "57": -0.09446339805771913,
  "58": -0.08716252322765394,
  "59": 0.10219981306723157,
  "60": 0.0793276046578596,
  "61": -0.06185354378626065,
  "62": 0.09515849925718173,
  "63": 0.07043749103831894
}