{
  "config": {
    "N_VERTICES": 4,
    "PROB_ARESTA": 0.4,
    "COM_PESO": false,
    "PESO_MIN": 1,
    "PESO_MAX": 1,
    "GRAPH_SEED": 104678,
    "GRAPH_EDGES": [
      [
        1,
        2,
        1.0
      ],
      [
        1,
        3,
        1.0
      ],
      [
        2,
        3,
        1.0
      ]
    ],
    "REVERSE_BITS": false,
    "ER": 0.75,
    "MAX_TERMS": null,
    "A_MAX": 0.6283185307179586,
    "INIT_BETA": 0.25,
    "MAX_EPOCHS": 200,
    "LR": 0.01,
    "FD_EPS": 0.01,
    "LOSS_TOL_LAST5": 0.002,
    "PATIENCE_LAST5": 7,
    "TRAIN_SEED": 9,
    "INIT_BETA_JITTER": 0.03,
    "OPTIMIZER": "adam",
    "ADAM_BETA1": 0.9,
    "ADAM_BETA2": 0.999,
    "ADAM_EPS": 1e-08,
    "COEF_ZERO_TOL": 0.002,
    "IMPROVEMENT_TOL": 0.002,
    "SATURATION_PATIENCE": 60,
    "INDEX_STRATEGY": "ascending",
    "INDEX_RANDOM_SEED": 42,
    "ENABLE_BACKWARD_PRUNING": false,
    "BACKWARD_PASSES": 1,
    "PRUNE_IMPROVEMENT_TOL": 1e-06,
    "OUTDIR": "benchmark_results_walsh_article/unweighted/coarse_loader/n4/graph05_trainseed09",
    "SHOW_PLOTS": false,
    "name": "coarse_loader"
  },
  "n_qubits_register": 4,
  "graph_edges": [
    [
      1,
      2,
      1.0
    ],
    [
      1,
      3,
      1.0
    ],
    [
      2,
      3,
      1.0
    ]
  ],
  "graph_signature": "be861fe0b30163c15a2bc45387e42148d677589ca12d320c9ad2ad740a6f1fe8",
  "graph_num_edges": 3,
  "graph_density": 0.5,
  "best_cut_bruteforce": 2.0,
  "best_bitstring_bruteforce": "0001",
  "best_index_bruteforce": 1,
  "candidate_order": [
    1,
    2,
    3,
    4,
    5,
    6,
    7,
    8,
    9,
    10,
    11,
    12,
    13,
    14,
    15
  ],
  "total_possible_parameters": 15,
  "visited_parameters": 15,
  "trained_coefficients": {
    "0": 0.0,
    "1": -0.1569489237326515,
    "2": 0.14332912785122007,
    "3": -0.1369216683502079,
    "4": -0.21908735318353226,
    "5": 0.15814076364156882,
    "6": 0.003998500173779823,
    "7": 0.14661011444406302,
    "8": 0.07483510014878991,
    "9": -0.021282698926731774,
    "10": -0.0020506642913346567,
    "11": 0.008888799872135998,
    "12": 0.0,
    "13": 0.0,
    "14": 0.0,
    "15": 0.0
  },
  "final_coefficient_vector": [
    0.0,
    -0.1569489237326515,
    0.14332912785122007,
    -0.1369216683502079,
    -0.21908735318353226,
    0.15814076364156882,
    0.003998500173779823,
    0.14661011444406302,
    0.07483510014878991,
    -0.021282698926731774,
    -0.0020506642913346567,
    0.008888799872135998,
    0.0,
    0.0,
    0.0,
    0.0
  ],
  "active_indices": [
    1,
    2,
    3,
    4,
    5,
    6,
    7,
    8,
    9,
    10,
    11
  ],
  "active_parameter_count": 11,
  "compression_ratio_active_over_total": 0.7333333333333333,
  "final_loss": -1.9999787930296475,
  "final_expected_cut": 1.9999787930296475,
  "best_expected_cut_over_evolution": 1.9999787930296475,
  "final_best_measured_index": 10,
  "final_best_measured_bitstring": "1010",
  "final_best_measured_cut": 2.0,
  "best_measured_cut_over_evolution": 2.0,
  "final_success_probability_ancilla_1": 0.022389136898764355,
  "final_max_postselected_probability": 0.40513123424647934,
  "gap_expected_to_bruteforce": 2.1206970352460885e-05,
  "gap_measured_to_bruteforce": 0.0,
  "approx_ratio_measured": 1.0,
  "n_steps": 15,
  "elapsed_seconds": 8.14195442199707,
  "steps": [
    {
      "visit_idx": 1,
      "j": 1,
      "kept": true,
      "beta": -0.2551909257884427,
      "coefficient": -0.1569489237326515,
      "loss": -1.5,
      "expected_cut": 1.5,
      "best_measured_cut": 0.0,
      "success_probability_ancilla_1": 0.0034600127124082866,
      "epochs_run": 7,
      "stop_reason": "loss_plateau_last5",
      "history_path": "benchmark_results_walsh_article/unweighted/coarse_loader/n4/graph05_trainseed09/histories/history_visit001_j001.json",
      "improvement_vs_previous": 1.5
    },
    {
      "visit_idx": 2,
      "j": 2,
      "kept": true,
      "beta": 0.23220050204281242,
      "coefficient": 0.14332912785122007,
      "loss": -1.5,
      "expected_cut": 1.5,
      "best_measured_cut": 2.0,
      "success_probability_ancilla_1": 0.006326152882479134,
      "epochs_run": 7,
      "stop_reason": "loss_plateau_last5",
      "history_path": "benchmark_results_walsh_article/unweighted/coarse_loader/n4/graph05_trainseed09/histories/history_visit002_j002.json",
      "improvement_vs_previous": 0.0
    },
    {
      "visit_idx": 3,
      "j": 3,
      "kept": true,
      "beta": -0.22146884763733934,
      "coefficient": -0.1369216683502079,
      "loss": -1.5,
      "expected_cut": 1.5,
      "best_measured_cut": 0.0,
      "success_probability_ancilla_1": 0.008926883248945557,
      "epochs_run": 7,
      "stop_reason": "loss_plateau_last5",
      "history_path": "benchmark_results_walsh_article/unweighted/coarse_loader/n4/graph05_trainseed09/histories/history_visit003_j003.json",
      "improvement_vs_previous": 0.0
    },
    {
      "visit_idx": 4,
      "j": 4,
      "kept": true,
      "beta": -0.3639497795180563,
      "coefficient": -0.21908735318353226,
      "loss": -1.7788833300936804,
      "expected_cut": 1.7788833300936804,
      "best_measured_cut": 2.0,
      "success_probability_ancilla_1": 0.015541366796738242,
      "epochs_run": 71,
      "stop_reason": "loss_plateau_last5",
      "history_path": "benchmark_results_walsh_article/unweighted/coarse_loader/n4/graph05_trainseed09/histories/history_visit004_j004.json",
      "improvement_vs_previous": 0.2788833300936804
    },
    {
      "visit_idx": 5,
      "j": 5,
      "kept": true,
      "beta": 0.257215057359758,
      "coefficient": 0.15814076364156882,
      "loss": -1.8852370907201212,
      "expected_cut": 1.8852370907201212,
      "best_measured_cut": 2.0,
      "success_probability_ancilla_1": 0.018839178077902596,
      "epochs_run": 62,
      "stop_reason": "loss_plateau_last5",
      "history_path": "benchmark_results_walsh_article/unweighted/coarse_loader/n4/graph05_trainseed09/histories/history_visit005_j005.json",
      "improvement_vs_previous": 0.10635376062644086
    },
    {
      "visit_idx": 6,
      "j": 6,
      "kept": true,
      "beta": 0.0063638965855808225,
      "coefficient": 0.003998500173779823,
      "loss": -1.8852264658152051,
      "expected_cut": 1.8852264658152051,
      "best_measured_cut": 2.0,
      "success_probability_ancilla_1": 0.01884645066765194,
      "epochs_run": 29,
      "stop_reason": "loss_plateau_last5",
      "history_path": "benchmark_results_walsh_article/unweighted/coarse_loader/n4/graph05_trainseed09/histories/history_visit006_j006.json",
      "improvement_vs_previous": -1.062490491610113e-05
    },
    {
      "visit_idx": 7,
      "j": 7,
      "kept": true,
      "beta": 0.23771598442424352,
      "coefficient": 0.14661011444406302,
      "loss": -1.9794303331935625,
      "expected_cut": 1.9794303331935625,
      "best_measured_cut": 2.0,
      "success_probability_ancilla_1": 0.021568779368067573,
      "epochs_run": 60,
      "stop_reason": "loss_plateau_last5",
      "history_path": "benchmark_results_walsh_article/unweighted/coarse_loader/n4/graph05_trainseed09/histories/history_visit007_j007.json",
      "improvement_vs_previous": 0.0942038673783574
    },
    {
      "visit_idx": 8,
      "j": 8,
      "kept": true,
      "beta": 0.1196717940279096,
      "coefficient": 0.07483510014878991,
      "loss": -1.9981921033139713,
      "expected_cut": 1.9981921033139713,
      "best_measured_cut": 2.0,
      "success_probability_ancilla_1": 0.022322150059279955,
      "epochs_run": 17,
      "stop_reason": "loss_plateau_last5",
      "history_path": "benchmark_results_walsh_article/unweighted/coarse_loader/n4/graph05_trainseed09/histories/history_visit008_j008.json",
      "improvement_vs_previous": 0.018761770120408805
    },
    {
      "visit_idx": 9,
      "j": 9,
      "kept": true,
      "beta": -0.03388543074841815,
      "coefficient": -0.021282698926731774,