{
  "0": 0.0,
  "1": -0.1569489237326515,
  "2": 0.14332912785122007,
  "3": -0.1369216683502079,
  "4": -0.21908735318353226,
  "5": 0.15814076364156882,
  "6": 0.003998500173779823,
  "7": 0.14661011444406302,
  "8": 0.07483510014878991,
  "9": -0.021282698926731774,
  "10": -0.0020506642913346567,
  "11": 0.008888799872135998,
  "12": 0.0,
  "13": 0.0,
  "14": 0.0,
  "15": 0.0
}