epoch,beta,coefficient,loss,expected_cut,best_measured_cut,success_probability_ancilla_1,max_postselected_probability,grad
0,0.4904190757149606,0.476002583456132,-5.499999999999618,5.499999999999618,4.0,0.1435889072013477,0.031149015658037908,-6.668944716462841e-13
1,0.49041910561973967,0.4760026083019509,-5.4999999999996145,5.4999999999996145,4.0,0.14358891469324397,0.031149015560401398,-6.706297822517634e-13
2,0.49041914231697126,0.4760026387911494,-5.4999999999996145,5.4999999999996145,4.0,0.14358892388681993,0.03114901544058808,-6.728546669685202e-13
3,0.4904191846609347,0.4760026739718267,-5.499999999999618,5.499999999999618,4.0,0.1435889344950439,0.031149015302338615,-6.692604445052702e-13
4,0.49041923190002235,0.47600271321952325,-5.499999999999615,5.499999999999615,4.0,0.14358894632961958,0.03114901514810686,-6.647438246672091e-13
