{
  "0": 0.0,
  "1": -0.28363593360104195,
  "2": 0.2715325885289122,
  "3": -0.26909315212756746,
  "4": 0.27029817061338135,
  "5": 0.40012245059801427,
  "6": 0.3299886751242929,
  "7": -0.06274726507111852,
  "8": 0.051197691512937855,
  "9": -0.38409364701479953,
  "10": 0.025371758962616443,
  "11": -0.21473921764469034,
  "12": -0.006914525939876265,
  "13": 0.031014976452214252,
  "14": -0.008990259808765827,
  "15": 0.11218448495864135,
  "16": -0.03256375366750195,
  "17": -0.08841934114997775,
  "18": -0.06784669795894427,
  "19": -0.0500021259241906,
  "20": -0.07282193228195294,
  "21": 0.0,
  "22": 0.0,
  "23": -0.04344079313795847,
  "24": 0.3444811842311149,
  "25": 0.07727865903165317,
  "26": 0.009172565046651324,
  "27": 0.054349221755027516,
  "28": -0.12212837230099043,
  "29": -0.1512044980988012,
  "30": -0.2439548249830788,
  "31": 0.12214704503318133,
  "32": -0.16010312761764856,
  "33": 0.07755287447466697,
  "34": -0.06775185410772609,
  "35": 0.176646363790328,
  "36": -0.1102128773480144,
  "37": 0.11613310042993748,
  "38": -0.20282805227822528,
  "39": -0.0709316391787134,
  "40": -0.0631373104285136,
  "41": 0.10501890472739223,
  "42": -0.05438975587417932,
  "43": 0.1725687304861595,
  "44": -0.059620375877527984,
  "45": -0.007396792799503442,
  "46": -0.010506555204637825,
  "47": 0.04767606307881298,
  "48": 0.013272953453640835,
  "49": 0.031078773543821898,
  "50": -0.005713293061017493,
  "51": 0.07557549611686293,
  "52": -0.021383722544606652,
  "53": -0.027913969623295874,
  "54": 0.024172865177613526,
  "55": 0.0,
  "56": 0.10785308890023028,
  "57": 0.14620729738486918,
  "58": -0.038233397594758974,
  "59": -0.07358823353131233,
  "60": 0.0,
  "61": -0.1322446634877346,
  "62": 0.07754792864835146,
  "63": -0.07240441452158525
}