epoch,beta,coefficient,loss,expected_cut,best_measured_cut,success_probability_ancilla_1,max_postselected_probability,grad
0,-0.33897923701476745,-0.2564841760221538,-2.9999999999996527,2.9999999999996527,1.0,0.08681810100757507,0.07377903410578297,2.7465317056123474e-13
1,-0.3389792493068059,-0.2564841846467298,-2.9999999999996545,2.9999999999996545,1.0,0.08681810185368258,0.07377903415015807,2.7517423231842866e-13
2,-0.33897926434429637,-0.2564841951976225,-2.9999999999996527,2.9999999999996527,1.0,0.08681810288877001,0.07377903420444429,2.742664105691063e-13
3,-0.3389792816997486,-0.256484207374888,-2.9999999999996554,2.9999999999996554,1.0,0.08681810408341153,0.07377903426709854,2.7446572706514904e-13
4,-0.338979301081354,-0.25648422097378165,-2.9999999999996554,2.9999999999996554,1.0,0.08681810541752091,0.07377903433706721,2.736041087756323e-13
