epoch,beta,coefficient,loss,expected_cut,best_measured_cut,success_probability_ancilla_1,max_postselected_probability,grad
0,-0.36172307957959254,-0.2723217852385738,-2.999999999999707,2.999999999999707,1.0,0.10224210336456523,0.10395732573009214,1.4438408931428489e-13
1,-0.36172308602982295,-0.27232178969552695,-2.9999999999997056,2.9999999999997056,1.0,0.10224210368987588,0.10395732571698946,1.4416295090334409e-13
2,-0.36172309394262353,-0.2723217951630806,-2.999999999999706,2.999999999999706,1.0,0.10224210408894971,0.10395732570091581,1.4500479373260828e-13
3,-0.36172310308745587,-0.27232180148193824,-2.9999999999997056,2.9999999999997056,1.0,0.10224210455015982,0.10395732568233945,1.4509485018756695e-13
4,-0.36172311329637097,-0.27232180853605137,-2.9999999999997073,2.9999999999997073,1.0,0.10224210506503584,0.10395732566160164,1.4396128503817924e-13
