epoch,beta,coefficient,loss,expected_cut,best_measured_cut,success_probability_ancilla_1,max_postselected_probability,grad
0,-0.36859649607787337,-0.2770597833357628,-1.499999999999214,1.499999999999214,0.0,0.019068085737699216,0.06249999999996725,3.879313524447693e-12
1,-0.36859666946492753,-0.2770599025673731,-1.4999999999992133,1.4999999999992133,0.0,0.01906810204433913,0.06249999999996722,3.876987429709906e-12
2,-0.3685968818205107,-0.2770600485961228,-1.499999999999214,1.499999999999214,0.0,0.019068122015883083,0.06249999999996725,3.880791729963001e-12
3,-0.36859712696185837,-0.27706021717035184,-1.499999999999214,1.499999999999214,0.0,0.019068145070860222,0.06249999999996725,3.878887000687582e-12
4,-0.3685974009606021,-0.2770604055886621,-1.499999999999214,1.499999999999214,0.0,0.01906817083982023,0.06249999999996725,3.878545515639089e-12
