epoch,beta,coefficient,loss,expected_cut,best_measured_cut,success_probability_ancilla_1,max_postselected_probability,grad
0,-0.3685969872917319,-0.2770601211246083,-7.499999999996071,7.499999999996071,0.0,0.019068131935206463,0.015624999999991816,1.9414003849170855e-11
1,-0.36859785445992604,-0.27706071744248023,-7.499999999996069,7.499999999996069,0.0,0.019068213490428972,0.015624999999991809,1.938170006205953e-11
2,-0.368598916271116,-0.27706144760828044,-7.499999999996068,7.499999999996068,0.0,0.019068313351553366,0.015624999999991812,1.9398861519630974e-11
3,-0.3686001419157045,-0.27706229043518604,-7.499999999996068,7.499999999996068,0.0,0.019068428621092464,0.015624999999991812,1.939209210315315e-11
4,-0.3686015119305425,-0.27706323253889226,-7.499999999996067,7.499999999996067,0.0,0.019068557468664926,0.015624999999991805,1.93998154965454e-11
