epoch,beta,coefficient,loss,expected_cut,best_measured_cut,success_probability_ancilla_1,max_postselected_probability,grad
0,-0.3956526460982264,-0.29548490567712155,-5.499999999997462,5.499999999997462,0.0,0.021669475782737552,0.0039062499999981976,1.1504286477609948e-11
1,-0.39565316035129444,-0.29548525240186235,-5.499999999997463,5.499999999997463,0.0,0.02166952626654297,0.0039062499999981985,1.1500921702283377e-11
2,-0.3956537899019888,-0.2954856768635157,-5.499999999997462,5.499999999997462,0.0,0.02166958806907428,0.0039062499999981976,1.149690153857963e-11
3,-0.39565451649128697,-0.2954861667512089,-5.499999999997463,5.499999999997463,0.0,0.02166965939788512,0.0039062499999981985,1.1491493179230346e-11
4,-0.39565532850153673,-0.2954867142318817,-5.499999999997462,5.499999999997462,0.0,0.021669739112506303,0.0039062499999981976,1.149022721388103e-11
