epoch,beta,coefficient,loss,expected_cut,best_measured_cut,success_probability_ancilla_1,max_postselected_probability,grad
0,0.23273070293852477,0.1436448894531078,-2.499932143150771,2.499932143150771,1.0,0.00568769559870675,0.12499151789417604,-0.05663305103035466
1,0.23461647375948497,0.14476734062700622,-2.4998527187273174,2.4998527187273174,1.0,0.00573287633168289,0.12498158984124173,0.03420894350986394
2,0.23192802721913655,0.14316682550879167,-2.4999568651108692,2.4999568651108692,1.0,0.005668559015117286,0.12499460813918946,0.04995594531545795
3,0.22801314087385374,0.1408326694067458,-2.499997222235972,2.499997222235972,1.0,0.005576036955132444,0.12499965277983276,0.027376966157197896
4,0.22515625565054548,0.13912672970214848,-2.499939610268087,2.499939610268087,1.0,0.005509374731872742,0.12499245128385132,-0.007075263419265084
5,0.22472123830249555,0.1388667765464647,-2.4999241755228123,2.4999241755228123,1.0,0.005499287732103881,0.12499052194069254,-0.03343031544006287
6,0.2262542601889963,0.1397826409734222,-2.499970674048206,2.499970674048206,1.0,0.0055349096968397545,0.12499633425636451,-0.037535287376423886
