epoch,beta,coefficient,loss,expected_cut,best_measured_cut,success_probability_ancilla_1,max_postselected_probability,grad
0,-0.22877607806678607,-0.14128787576543575,-1.9999999999928688,1.9999999999928688,0.0,0.0028045675570760142,0.06249999999977715,6.016147704318012e-11
1,-0.22877876711634446,-0.14128947991052898,-1.9999999999928688,1.9999999999928688,0.0,0.0028046311824663937,0.06249999999977715,6.015903422268253e-11
2,-0.22878205944127222,-0.1412914439352373,-1.999999999992869,1.999999999992869,0.0,0.002804709082783092,0.062499999999777164,6.015758051207338e-11
3,-0.22878585991171013,-0.1412937110887236,-1.9999999999928704,1.9999999999928704,0.0,0.002804799007623857,0.06249999999977719,6.015729441631838e-11
4,-0.22879010761752344,-0.14129624503386845,-1.9999999999928697,1.9999999999928697,0.0,0.0028048995162448793,0.06249999999977718,6.015301805061242e-11
5,-0.22879475926378887,-0.14129901994187732,-1.9999999999928697,1.9999999999928697,0.0,0.002805009584688131,0.06249999999977718,6.014930854943899e-11
6,-0.22879978201789872,-0.1413020162252333,-1.999999999992871,1.999999999992871,0.0,0.0028051284365395723,0.06249999999977722,6.014581271454306e-11
