epoch,beta,coefficient,loss,expected_cut,best_measured_cut,success_probability_ancilla_1,max_postselected_probability,grad
0,-0.21233627726486434,-0.13144525288977169,-2.9843797120219477,2.9843797120219477,3.0,0.009459292223670167,0.24676639495065886,-0.21191681250751268
1,-0.20288108905030125,-0.1257532976803983,-2.985021185281482,2.985021185281482,3.0,0.009258528764071426,0.2466815774806993,-0.11632086799647587
2,-0.1951156204933932,-0.12106235941597601,-2.9848293286368217,2.9848293286368217,3.0,0.009099794833148123,0.24647028560537482,-0.018084723019597855
3,-0.19057345855650168,-0.11831199679670062,-2.9843991313636318,2.9843991313636318,3.0,0.009009552477077713,0.24628420990685873,0.06836740728127669
4,-0.1894870856428072,-0.11765347641306265,-2.9842602775798577,2.9842602775798577,3.0,0.00898825568999579,0.2462326501231319,0.12135396169096024
5,-0.19090757075174722,-0.11851446955738378,-2.984439015667173,2.984439015667173,3.0,0.009016124592629876,0.24629951408792536,0.1342912269199175
6,-0.1938632359890477,-0.12030449353846565,-2.9847346836283886,2.9847346836283886,3.0,0.009074719936661438,0.2464236853247208,0.11739561106911235
