{
  "0": 0.0,
  "1": -0.28363496169410113,
  "2": 0.2715326346031662,
  "3": -0.2690930930511834,
  "4": 0.27029817005033513,
  "5": 0.40012266534940405,
  "6": 0.32998870113278067,
  "7": -0.0627474947179061,
  "8": -0.23956533969266153,
  "9": -0.19927227707772321,
  "10": -0.0363842070990774,
  "11": 0.04261204393904522,
  "12": -0.318833388911599,
  "13": 0.17237012398900167,
  "14": -0.18703065124258073,
  "15": -0.1324920212603574,
  "16": 0.0,
  "17": -0.10815570164480683,
  "18": -0.11059960303858418,
  "19": -0.010915214036905211,
  "20": 0.27338505828307313,
  "21": 0.03986252850998396,
  "22": -0.020293261291454697,
  "23": 0.21913564594368695,
  "24": 0.02984066921756731,
  "25": 0.0,
  "26": -0.030671732463092887,
  "27": 0.0633373693880189,
  "28": 0.020128493637107944,
  "29": -0.2334548611617335,
  "30": -0.1963164425477997,
  "31": 0.0,
  "32": -0.06510452298525525,
  "33": 0.055371393035061583,
  "34": -0.015500731927306104,
  "35": 0.09515990992937139,
  "36": -0.053073411807733034,
  "37": 0.009227722952618537,
  "38": -0.07037886627588724,
  "39": -0.11240808381127829,
  "40": 0.08071663215092022,
  "41": -0.03101527463263211,
  "42": 0.12199843256950844,
  "43": 0.13753442772422345,
  "44": 0.0848760511054233,
  "45": -0.047879305502068537,
  "46": 0.0768198290791187,
  "47": -0.13830541930386764,
  "48": 0.01115824078291035,
  "49": 0.009536453508211078,
  "50": 0.006124978437740225,
  "51": -0.021619977586585643,
  "52": 0.010759806274164879,
  "53": -0.045247343362932346,
  "54": -0.05181356359856315,
  "55": -0.022150795851308913,
  "56": 0.005028676189500928,
  "57": 0.031093015496114988,
  "58": 0.049497291122423966,
  "59": 0.0,
  "60": 0.030435506827494428,
  "61": -0.007184448138528912,
  "62": -0.010840766612228622,
  "63": 0.028959567663280096
}