epoch,beta,coefficient,loss,expected_cut,best_measured_cut,success_probability_ancilla_1,max_postselected_probability,grad
0,-0.573043694342622,-0.5420201053272985,-5.499999999999504,5.499999999999504,0.0,0.11043674209720701,0.015624999999998591,1.3484089967306798e-12
1,-0.5730437548281473,-0.5420201516986933,-5.499999999999501,5.499999999999501,0.0,0.11043676026513505,0.015624999999998588,1.3568352992539108e-12
2,-0.573043828884447,-0.542020208474156,-5.4999999999995035,5.4999999999995035,0.0,0.11043678250929224,0.015624999999998588,1.3526252162478868e-12
3,-0.5730439142920802,-0.5420202739521436,-5.499999999999502,5.499999999999502,0.0,0.11043680816302938,0.015624999999998584,1.3482060745349285e-12
4,-0.5730440097781551,-0.5420203471567883,-5.499999999999501,5.499999999999501,0.0,0.11043683684401027,0.015624999999998588,1.3526785170924072e-12
