{
  "0": 0.0,
  "1": -0.14170833060405907,
  "2": 0.14210106370045242,
  "3": 0.0,
  "4": 0.0,
  "5": 0.0,
  "6": 0.0,
  "7": 0.0,
  "8": 0.0,
  "9": 0.0,
  "10": 0.0,
  "11": 0.0,
  "12": 0.0,
  "13": 0.10436939391117014,
  "14": -0.12514880665299025,
  "15": 0.0
}