epoch,beta,coefficient,loss,expected_cut,best_measured_cut,success_probability_ancilla_1,max_postselected_probability,grad
0,0.3831535906828532,0.28701829570161574,-3.469810598944047,3.469810598944047,6.0,0.1411376159973533,0.11058669912513062,0.06943356585724346
1,0.37319094543147147,0.2802140751679896,-3.4704046400189146,3.4704046400189146,6.0,0.14043360115282572,0.1111148027056166,0.06296914049799471
2,0.36330013927621685,0.27341089886934006,-3.470926599765968,3.470926599765968,6.0,0.1397463374502409,0.11163226809865015,0.05623568465461094
3,0.35352520229423234,0.2666412309859009,-3.471373267344969,3.471373267344969,6.0,0.139079009396926,0.11213634302162234,0.049260510812991994
4,0.3439217928528348,0.2599464504229498,-3.471742444257793,3.471742444257793,6.0,0.138435330263956,0.11262385205964916,0.04208279979541668
5,0.3345593737348435,0.25337856432375455,-3.472033393522329,3.472033393522329,6.0,0.13781959887631057,0.11309116457494381,0.034756487923256064
6,0.32552302255469695,0.24700167139493495,-3.47224736793388,3.47224736793388,6.0,0.1372367211100994,0.11353419431059208,0.027353341794697828
7,0.31691414889546243,0.2408926273392245,-3.47238816478979,3.47238816478979,6.0,0.13669216090082742,0.1139484575051594,0.01996576552975616
8,0.30884906384227084,0.23514010920328912,-3.472462594017764,3.472462594017764,6.0,0.13619177596657883,0.11432922211182153,0.012708500635461998
