epoch,beta,coefficient,loss,expected_cut,best_measured_cut,success_probability_ancilla_1,max_postselected_probability,grad
0,-0.3781907993903926,-0.2836349616578812,-3.999999999997997,3.999999999997997,0.0,0.019977725421737764,0.015624999999992176,9.569404833834192e-12
1,-0.378191227261786,-0.28363525388012645,-3.999999999997997,3.999999999997997,0.0,0.019977766310548966,0.015624999999992176,9.571100839116245e-12
2,-0.3781917512736055,-0.2836356117630328,-3.999999999997999,3.999999999997999,0.0,0.019977816386897197,0.015624999999992183,9.575968959754217e-12
3,-0.3781923563507931,-0.2836360250107614,-3.9999999999979963,3.9999999999979963,0.0,0.019977874210180095,0.015624999999992173,9.580912249310483e-12
4,-0.3781930328321674,-0.28363648702497657,-3.9999999999979963,3.9999999999979963,0.0,0.0199779388571628,0.015624999999992173,9.584051675378276e-12
