epoch,beta,coefficient,loss,expected_cut,best_measured_cut,success_probability_ancilla_1,max_postselected_probability,grad
0,-0.22512062507414962,-0.13910543983341528,-1.4999999999944826,1.4999999999944826,0.0,0.002718671922664772,0.062499999999770114,4.7355578419341136e-11
1,-0.2251227418546808,-0.13910670465477382,-1.4999999999944824,1.4999999999944824,0.0,0.002718721317286779,0.0624999999997701,4.735355438126473e-11
2,-0.2251253336475391,-0.1391082533044795,-1.4999999999944835,1.4999999999944835,0.0,0.0027187817967664145,0.06249999999977014,4.7356889988993076e-11
3,-0.22512832546682354,-0.13911004097601817,-1.499999999994483,1.499999999994483,0.0,0.002718851611609525,0.06249999999977013,4.735225636705026e-11
4,-0.22513166934694326,-0.13911203900810667,-1.4999999999944837,1.4999999999944837,0.0,0.002718929642827761,0.062499999999770156,4.734741405078004e-11
5,-0.22513533126950291,-0.1391142270732194,-1.4999999999944837,1.4999999999944837,0.0,0.0027190150968837146,0.062499999999770156,4.734773675023115e-11
6,-0.22513928529619667,-0.1391165896718636,-1.4999999999944835,1.4999999999944835,0.0,0.0027191073687844658,0.06249999999977014,4.73393110726373e-11
