epoch,beta,coefficient,loss,expected_cut,best_measured_cut,success_probability_ancilla_1,max_postselected_probability,grad
0,-0.3586374577169877,-0.27018741847573224,-2.999999999998346,2.999999999998346,0.0,0.018139555479833654,0.062499999999965555,8.420013551646676e-12
1,-0.3586378341974678,-0.2701876791696432,-2.999999999998348,2.999999999998348,0.0,0.01813959027102449,0.06249999999996558,8.42147334072152e-12
2,-0.35863829528261526,-0.27018799844796465,-2.999999999998346,2.999999999998346,0.0,0.018139632880706483,0.06249999999996554,8.426315406934476e-12
3,-0.3586388276339853,-0.2701883670744422,-2.999999999998346,2.999999999998346,0.0,0.01813968207626858,0.062499999999965555,8.426794782050043e-12
4,-0.35863942268729865,-0.27018877911869366,-2.999999999998347,2.999999999998347,0.0,0.018139737066287916,0.06249999999996557,8.425071853264015e-12
