epoch,beta,coefficient,loss,expected_cut,best_measured_cut,success_probability_ancilla_1,max_postselected_probability,grad
0,-0.45273971733661333,-0.44416721875226667,-1.499999999999929,1.499999999999929,0.0,0.21018173634033965,0.1753172815839084,6.570058809071779e-14
1,-0.4527397202719102,-0.4441672212731134,-1.499999999999929,1.499999999999929,0.0,0.21018173690681455,0.17531728157232135,6.560763664791556e-14
2,-0.4527397238480721,-0.4441672243443382,-1.4999999999999287,1.4999999999999287,0.0,0.21018173759696837,0.1753172815582045,6.476414562279713e-14
3,-0.4527397279765628,-0.4441672278899054,-1.499999999999929,1.499999999999929,0.0,0.2101817383937146,0.17531728154190734,6.533107724836729e-14
4,-0.45273973259440564,-0.4441672318557305,-1.4999999999999285,1.4999999999999285,0.0,0.21018173928489955,0.17531728152367843,6.551189746194758e-14
