epoch,beta,coefficient,loss,expected_cut,best_measured_cut,success_probability_ancilla_1,max_postselected_probability,grad
0,0.26196743330987243,0.16093425180811036,-1.8830353765151737,1.8830353765151737,2.0,0.04083954584117282,0.6030098294826679,0.02364264039491606
1,0.25436875044696894,0.15646446938519712,-1.8829977286351318,1.8829977286351318,2.0,0.040685098131869386,0.6027834668464718,0.003052866842062559
2,0.25227997299406146,0.1552327978303156,-1.8829658502929996,1.8829658502929996,2.0,0.04064344635683205,0.6027076631229924,-0.013022756876902061
3,0.25399296809922633,0.1562429792373487,-1.8829926837974653,1.8829926837974653,2.0,0.040677579033785466,0.6027702644925249,-0.017505196285310682
4,0.2574721662959893,0.15829206663804332,-1.8830278719166955,1.8830278719166955,2.0,0.04074762475180518,0.6028852343696783,-0.01382717479040774
5,0.26136058918282334,0.16057791969538365,-1.8830368437932086,1.8830368437932086,2.0,0.0408270439242413,0.6029945753579266,-0.006413174693703004
6,0.2644992880652807,0.1624197313227837,-1.8830209611039765,1.8830209611039765,2.0,0.04089201722010924,0.6030682343518794,0.0017825057622822265
