epoch,beta,coefficient,loss,expected_cut,best_measured_cut,success_probability_ancilla_1,max_postselected_probability,grad
0,0.26382510878991594,0.1620243687974888,-0.9999999999986257,0.9999999999986257,0.0,0.00727700009210178,0.12499705892513353,-4.998209358730954e-12
1,0.263825332273842,0.16202449987914885,-0.9999999999986257,0.9999999999986257,0.0,0.007277006007621437,0.12499705843339819,-4.998978171558003e-12
2,0.2638256059381733,0.16202466039346808,-0.9999999999986255,0.9999999999986255,0.0,0.007277013251399554,0.12499705783119469,-4.9997692662753745e-12
3,0.26382592183581766,0.16202484567916967,-0.9999999999986259,0.9999999999986259,0.0,0.007277021613083057,0.1249970571359803,-4.997821971651422e-12
4,0.26382627493918565,0.16202505278737434,-0.9999999999986255,0.9999999999986255,0.0,0.007277030959596745,0.12499705635878883,-4.9991869927723144e-12
5,0.26382666164953283,0.16202527960727384,-0.9999999999986259,0.9999999999986259,0.0,0.007277041195686247,0.12499705550751104,-4.998986199224245e-12
6,0.2638270792290036,0.16202552453300353,-0.9999999999986259,0.9999999999986259,0.0,0.007277052248884528,0.12499705458814336,-4.998234004769042e-12
