epoch,beta,coefficient,loss,expected_cut,best_measured_cut,success_probability_ancilla_1,max_postselected_probability,grad
0,-0.26405554771373285,-0.16215952179737822,-1.9546412262103057,1.9546412262103057,2.0,0.04299221427277229,0.6599421308284753,-0.07120644411017134
1,-0.25427867491537876,-0.1564113816754087,-1.9550377059994042,1.9550377059994042,2.0,0.042799566556597286,0.6597789018109981,-0.050797173297310684
2,-0.24504899648950546,-0.15095920287395845,-1.9552246070624069,1.9552246070624069,2.0,0.042624690205093324,0.659502410925081,-0.030205059527794825
3,-0.23689642668520391,-0.1461231148505985,-1.9552343037459063,1.9552343037459063,2.0,0.04247597492871547,0.6591569544925332,-0.010206132642362632
4,-0.23049203772606705,-0.14231113154377198,-1.9551374606647212,1.9551374606647212,2.0,0.04236299401142838,0.6588176769969398,0.007893969702169396
5,-0.2263441016913513,-0.139836295128201,-1.9550248994464914,1.9550248994464914,2.0,0.042291646457445084,0.6585655986502283,0.022388376662362673
6,-0.22450656400724028,-0.13873847528010036,-1.954962382756151,1.954962382756151,2.0,0.042260502072975346,0.658445727876558,0.031901119954990155
