{
  "0": 0.0,
  "1": -0.4276420700184876,
  "2": 0.4555529342563292,
  "3": -0.5182984836381646,
  "4": 0.42356070830999026,
  "5": -0.5197399887052385,
  "6": 0.4327063857729516,
  "7": -0.5438096906449404,
  "8": 0.5982690502576559,
  "9": -0.13175102166974095,
  "10": 0.4405669216053502,
  "11": -0.0765359761012752,
  "12": 0.6693660847075892,
  "13": -0.15899620638897766,
  "14": 0.08872831868589129,
  "15": -0.07480916515645618,
  "16": -0.37935814069135465,
  "17": 0.1384022696648182,
  "18": -0.02392577935518206,
  "19": 0.10900566764045788,
  "20": 0.06071524033881835,
  "21": 0.05152244559284151,
  "22": -0.22418412032434407,
  "23": 0.057259579591080724,
  "24": -0.2265768744372441,
  "25": -0.16944792468123335,
  "26": 0.13775760300738346,
  "27": -0.16951503211937918,
  "28": 0.16452717442197334,
  "29": -0.12554797127611653,
  "30": -0.14952996830909648,
  "31": -0.1389590713883163,
  "32": -0.04680934232342013,
  "33": 0.07690546997287805,
  "34": 0.058664235341932554,
  "35": -0.0040542621628803085,
  "36": -0.05419830519238423,
  "37": 0.007413864546830632,
  "38": 0.14667050692457115,
  "39": -0.07542654496947222,
  "40": 0.19030354993742243,
  "41": -0.1492507286320859,
  "42": -0.05186172327776098,
  "43": 0.0005523662773816737,
  "44": -0.0030541343591291787,
  "45": -0.10424197374273006,
  "46": -0.1393978766774871,
  "47": 0.07308580789709687,
  "48": 0.09793288298117457,
  "49": 0.1760370020898018,
  "50": 0.01791464098824914,
  "51": 0.08428695497096145,
  "52": -0.0059152770211109715,
  "53": 0.049956341280301915,
  "54": 0.019038257565862655,
  "55": 0.03266229015607596,
  "56": -0.01640833436347527,
  "57": -0.004275190447804787,
  "58": -0.007675140512483156,
  "59": -0.026705545665580633,
  "60": -0.15362595597476503,
  "61": -0.06755050148100085,
  "62": -0.001037456160432749,
  "63": 0.05491156779237129
}