{
  "0": 0.0,
  "1": -0.2751949885846576,
  "2": 0.27374437383906797,
  "3": -0.001105011100978748,
  "4": 0.0,
  "5": 0.00240652130793967,
  "6": -0.0010818397850258748,
  "7": 0.0,
  "8": 0.0,
  "9": -0.002803876697925896,
  "10": 0.003732189443802661,
  "11": 0.0014337271256923546,
  "12": -0.0035577482631293407,
  "13": 0.18616071414974736,
  "14": -0.2235491551497543,
  "15": 0.002673886870165309,
  "16": 0.0,
  "17": 0.00143321708029769,
  "18": -0.0019713937545154728,
  "19": 0.0,
  "20": 0.0,
  "21": 0.04467570483262763,
  "22": -0.047303563497504746,
  "23": 0.0,
  "24": 0.002828511402051354,
  "25": 0.02146586259263466,
  "26": -0.014066688041724267,
  "27": -0.0014213500720178496,
  "28": 0.017521322582627192,
  "29": 0.0,
  "30": -0.0020895290913574755,
  "31": 0.00607592619061072,
  "32": 0.0,
  "33": 0.0,
  "34": 0.0,
  "35": 0.002067622738474269,
  "36": 0.0,
  "37": 0.024638844436142657,
  "38": -0.016289753299000717,
  "39": 0.0,
  "40": 0.001126292221899349,
  "41": 0.01649291750144215,
  "42": -0.017033567273180797,
  "43": -0.002049468046475817,
  "44": 0.008074584771307979,
  "45": 0.002195927535173084,
  "46": -0.001118366557773516,
  "47": 0.003834397759754103,
  "48": 0.0,
  "49": 0.06332188076635098,
  "50": -0.09551021873082277,
  "51": 0.0012110791573024604,
  "52": 0.001456134569497241,
  "53": -0.002882573768888995,
  "54": 0.003650128087483333,
  "55": 0.006271503028858175,
  "56": -0.0021126999552628393,
  "57": 0.0,
  "58": -0.0026202231585986334,
  "59": 0.004374953572733506,
  "60": 0.001272081234135456,
  "61": -0.1545306922347402,
  "62": 0.18226430506718366,
  "63": 0.0,
  "64": 0.0,
  "65": 0.0,
  "66": -0.001157628258041427,
  "67": 0.0,
  "68": 0.0020822680815733427,
  "69": 0.008450014900977637,
  "70": 0.0016883568558868232,
  "71": -0.0019105636608726523,
  "72": -0.0013053364107658465,
  "73": 0.015043382928634635,
  "74": -0.014181716250971994,
  "75": 0.0020566943387844362,
  "76": 0.001899529754078196,
  "77": 0.0,
  "78": 0.0,
  "79": 0.003615037410231186,
  "80": -0.0015054996705218266,
  "81": 0.04101629292298175,
  "82": -0.04893785375351321,
  "83": 0.0015933139399491383,
  "84": -0.006675244656128381,
  "85": 0.0,
  "86": 0.002128122588495919,
  "87": -0.002289125596051721,
  "88": -0.003659553802164114,
  "89": 0.0,
  "90": 0.0,
  "91": -0.004212825659515631,
  "92": 0.0,
  "93": -0.05931648486906168,
  "94": 0.07140720466960454,
  "95": -0.002367693297014795,
  "96": 0.0,
  "97": 0.035665454712065926,
  "98": -0.04173894411951075,
  "99": 0.0,
  "100": -0.006311971599197687,
  "101": 0.0,
  "102": 0.0,
  "103": -0.008241417639721109,
  "104": 0.0013954722683201062,
  "105": 0.0012703433921907703,
  "106": -0.0013274787174586786,
  "107": 0.0,
  "108": -0.0014301532521053537,
  "109": -0.02628497679626627,
  "110": 0.02573879918611069,
  "111": 0.0,
  "112": 0.01955758453973982,
  "113": 0.0,
  "114": -0.0013280816673647688,
  "115": 0.010961855040465172,
  "116": 0.0,
  "117": 0.001813965262119144,
  "118": -0.015773491113202105,
  "119": 0.0,
  "120": 0.002149032586284188,
  "121": 0.005810316681534973,
  "122": -0.022039933134564687,
  "123": 0.0,
  "124": -0.012666064265993674,
  "125": 0.0013166172648493792,
  "126": 0.0015419816191961043,
  "127": -0.006237741013902902,
  "128": 0.0010794736338189978,
  "129": 0.0,
  "130": 0.0,
  "131": 0.0,
  "132": 0.0017171256459279896,
  "133": 0.0031855799771268165,
  "134": 0.002296440724501163,
  "135": 0.0,
  "136": 0.0,
  "137": 0.009828660269008615,
  "138": -0.006556131148026137,
  "139": 0.0,
  "140": 0.0,
  "141": 0.0,
  "142": 0.0,
  "143": 0.0036085593581152665,
  "144": -0.0021555995051752925,
  "145": 0.03189540847613345,
  "146": -0.03357487400091666,
  "147": 0.0,
  "148": -0.0038754017268792765,
  "149": 0.0,
  "150": 0.0,
  "151": -0.004400035834598948,
  "152": -0.005105534930226557,
  "153": 0.0,
  "154": 0.0,
  "155": -0.003464242343796479,
  "156": 0.001200479569749079,
  "157": -0.03287864579197218,
  "158": 0.03246023308910586,
  "159": 0.0,
  "160": 0.0,
  "161": 0.02365426545813776,
  "162": -0.02387932665467328,
  "163": 0.0,
  "164": -0.004235535157432209,
  "165": -0.0018153428493815037,
  "166": -0.0020127380328324434,
  "167": -0.005564225794904792,
  "168": -0.0012302586106455132,
  "169": 0.0010684157596194748,
  "170": 0.0025183567586761183,
  "171": -0.002494964505440541,
  "172": -0.0013782481054309035,
  "173": -0.013300720209243009,
  "174": 0.013714756495506212,
  "175": 0.0,
  "176": 0.008514305863259169,
  "177": 0.0,
  "178": 0.0021858667895049574,
  "179": 0.00623361064125581,
  "180": 0.0,
  "181": 0.002774615135103177,
  "182": -0.003081552901340953,
  "183": 0.0011093368952970809,
  "184": -0.0027245740531572286,
  "185": 0.004972781894023733,
  "186": -0.006161917991862099,
  "187": 0.0,
  "188": -0.012208819376775717,
  "189": 0.001404155703423045,
  "190": -0.0012604878222154307,
  "191": -0.007582953453148455,
  "192": 0.0,
  "193": 0.01823556763417968,
  "194": -0.023483722343771236,
  "195": 0.0,
  "196": 0.003549553558933514,
  "197": 0.0,
  "198": 0.0,
  "199": 0.0010817738978701533,
  "200": 0.0,
  "201": 0.0,
  "202": -0.001914661701305896,
  "203": 0.0011678419379530106,
  "204": 0.0017817051197369209,
  "205": -0.025645184324702468,
  "206": 0.026553591805766517,
  "207": 0.0,
  "208": 0.0,
  "209": 0.0,
  "210": 0.0,
  "211": 0.0019917640740829586,
  "212": -0.0024718524796015274,
  "213": -0.0066509266048966585,
  "214": 0.014992086412009288,
  "215": 0.0,
  "216": 0.0011527926438411936,
  "217": -0.004182584798096175,
  "218": 0.012904139266679687,
  "219": 0.0,
  "220": -0.0030894669318065463,
  "221": -0.0018246612441333218,
  "222": 0.001403132362863572,
  "223": -0.005147243891040476,
  "224": -0.0030016182078399407,
  "225": 0.0,
  "226": 0.0012837667566959218,
  "227": 0.0023114357605444396,
  "228": 0.0,
  "229": -0.011610090735371132,
  "230": 0.026299230140947837,
  "231": 0.0022352037646495735,
  "232": 0.0,
  "233": -0.010888409090249492,
  "234": 0.017046395407505525,
  "235": 0.0,
  "236": 0.0018166396358432766,
  "237": 0.0,
  "238": -0.0016913043450699355,
  "239": -0.002045374350224317,
  "240": 0.0,
  "241": -0.05678039377678822,
  "242": 0.059383730184239585,
  "243": -0.0034348670158881006,
  "244": 0.0,
  "245": 0.0017576958495131268,
  "246": 0.0,
  "247": 0.001528233177554618,
  "248": 0.0036602886922797516,
  "249": -0.0011799779907800964,
  "250": 0.002106851482061367,
  "251": -0.001115958655413627,
  "252": 0.0,
  "253": 0.10830159221508216,
  "254": -0.12373433599456048,
  "255": -0.0012015896012440705
}