epoch,beta,coefficient,loss,expected_cut,best_measured_cut,success_probability_ancilla_1,max_postselected_probability,grad
0,-0.48770295651179707,-0.47374316331392974,-1.4731137614782193,1.4731137614782193,1.0,0.24903421990929106,0.23292377418247281,-0.045373638639030024
1,-0.47783708149005827,-0.46548950089722146,-1.4734164174735511,1.4734164174735511,1.0,0.24884558106748642,0.2337640007444493,-0.035620060008220364
2,-0.4682709852533837,-0.4574171944241553,-1.473614837465595,1.473614837465595,1.0,0.2486869455356622,0.23455146092142698,-0.02568242848362809
3,-0.45926028914865247,-0.4497515927649398,-1.4737136839661868,1.4737136839661868,1.0,0.2485599884327008,0.23526748765290872,-0.015754083857838157
4,-0.45116445639192965,-0.4428134738504054,-1.4737277704359304,1.4737277704359304,1.0,0.24846498292461736,0.2358886218734972,-0.006144609245221674
5,-0.44440853604240754,-0.436987155219341,-1.4736842044462029,1.4736842044462029,1.0,0.2483998157635141,0.23639028264222964,0.0026970227719649398
