{
  "config": {
    "N_VERTICES": 4,
    "PROB_ARESTA": 0.7,
    "COM_PESO": false,
    "PESO_MIN": 1,
    "PESO_MAX": 1,
    "GRAPH_SEED": 104476,
    "GRAPH_EDGES": [
      [
        0,
        1,
        1.0
      ],
      [
        0,
        2,
        1.0
      ],
      [
        0,
        3,
        1.0
      ],
      [
        1,
        2,
        1.0
      ],
      [
        1,
        3,
        1.0
      ]
    ],
    "REVERSE_BITS": false,
    "ER": 1.25,
    "MAX_TERMS": null,
    "A_MAX": 1.0471975511965976,
    "INIT_BETA": 0.5,
    "MAX_EPOCHS": 200,
    "LR": 0.01,
    "FD_EPS": 0.01,
    "LOSS_TOL_LAST5": 0.0005,
    "PATIENCE_LAST5": 5,
    "TRAIN_SEED": 0,
    "INIT_BETA_JITTER": 0.08,
    "OPTIMIZER": "adam",
    "ADAM_BETA1": 0.9,
    "ADAM_BETA2": 0.999,
    "ADAM_EPS": 1e-08,
    "COEF_ZERO_TOL": 0.0005,
    "IMPROVEMENT_TOL": 0.0005,
    "SATURATION_PATIENCE": 150,
    "INDEX_STRATEGY": "ascending",
    "INDEX_RANDOM_SEED": 42,
    "ENABLE_BACKWARD_PRUNING": false,
    "BACKWARD_PASSES": 1,
    "PRUNE_IMPROVEMENT_TOL": 1e-06,
    "OUTDIR": "benchmark_results_walsh_article/unweighted/aggressive_loader/n4/graph03_trainseed00",
    "SHOW_PLOTS": false,
    "name": "aggressive_loader"
  },
  "n_qubits_register": 4,
  "graph_edges": [
    [
      0,
      1,
      1.0
    ],
    [
      0,
      2,
      1.0
    ],
    [
      0,
      3,
      1.0
    ],
    [
      1,
      2,
      1.0
    ],
    [
      1,
      3,
      1.0
    ]
  ],
  "graph_signature": "37c67a7d685a1ea528dadea71897f720cb7ad726475a7878001b269ff86755a3",
  "graph_num_edges": 5,
  "graph_density": 0.8333333333333334,
  "best_cut_bruteforce": 4.0,
  "best_bitstring_bruteforce": "0011",
  "best_index_bruteforce": 3,
  "candidate_order": [
    1,
    2,
    3,
    4,
    5,
    6,
    7,
    8,
    9,
    10,
    11,
    12,
    13,
    14,
    15
  ],
  "total_possible_parameters": 15,
  "visited_parameters": 15,
  "trained_coefficients": {
    "0": 0.0,
    "1": -0.5420200875556801,
    "2": 0.5415598376850685,
    "3": -0.006597362471911895,
    "4": 0.006798835208085073,
    "5": 0.0010485226807497923,
    "6": 0.012890839310943952,
    "7": -0.012799339969327245,
    "8": 0.00644541036263963,
    "9": 0.0024376331062443695,
    "10": 0.010163857212517668,
    "11": -0.012396518893185878,
    "12": -0.01931454078015411,
    "13": 0.006298858830808003,
    "14": 0.010354841057942328,
    "15": -0.01158429467759143
  },
  "final_coefficient_vector": [
    0.0,
    -0.5420200875556801,
    0.5415598376850685,
    -0.006597362471911895,
    0.006798835208085073,
    0.0010485226807497923,
    0.012890839310943952,
    -0.012799339969327245,
    0.00644541036263963,
    0.0024376331062443695,
    0.010163857212517668,
    -0.012396518893185878,
    -0.01931454078015411,
    0.006298858830808003,
    0.010354841057942328,
    -0.01158429467759143
  ],
  "active_indices": [
    1,
    2,
    3,
    4,
    5,
    6,
    7,
    8,
    9,
    10,
    11,
    12,
    13,
    14,
    15
  ],
  "active_parameter_count": 15,
  "compression_ratio_active_over_total": 1.0,
  "final_loss": -3.000671166236414,
  "final_expected_cut": 3.000671166236414,
  "best_expected_cut_over_evolution": 3.000671166236414,
  "final_best_measured_index": 8,
  "final_best_measured_bitstring": "1000",
  "final_best_measured_cut": 3.0,
  "best_measured_cut_over_evolution": 3.0,
  "final_success_probability_ancilla_1": 0.19671605506615875,
  "final_max_postselected_probability": 0.13666615820245315,
  "gap_expected_to_bruteforce": 0.9993288337635859,
  "gap_measured_to_bruteforce": 1.0,
  "approx_ratio_measured": 0.75,
  "n_steps": 15,
  "elapsed_seconds": 19.810317516326904,
  "steps": [
    {
      "visit_idx": 1,
      "j": 1,
      "kept": true,
      "beta": -0.5730436711618304,
      "coefficient": -0.5420200875556801,
      "loss": -2.5,
      "expected_cut": 2.5,
      "best_measured_cut": 0.0,
      "success_probability_ancilla_1": 0.1104367351344347,
      "epochs_run": 5,
      "stop_reason": "loss_plateau_last5",
      "history_path": "benchmark_results_walsh_article/unweighted/aggressive_loader/n4/graph03_trainseed00/histories/history_visit001_j001.json",
      "improvement_vs_previous": 2.5
    },
    {
      "visit_idx": 2,
      "j": 2,
      "kept": true,
      "beta": 0.5724435207982426,
      "coefficient": 0.5415598376850685,
      "loss": -2.999999789279143,
      "expected_cut": 2.999999789279143,
      "best_measured_cut": 3.0,
      "success_probability_ancilla_1": 0.19634048186258146,
      "epochs_run": 5,
      "stop_reason": "loss_plateau_last5",
      "history_path": "benchmark_results_walsh_article/unweighted/aggressive_loader/n4/graph03_trainseed00/histories/history_visit002_j002.json",
      "improvement_vs_previous": 0.4999997892791428
    },
    {
      "visit_idx": 3,
      "j": 3,
      "kept": true,
      "beta": -0.006300100444305828,
      "coefficient": -0.006597362471911895,
      "loss": -2.9999564945133566,
      "expected_cut": 2.9999564945133566,
      "best_measured_cut": 3.0,
      "success_probability_ancilla_1": 0.1963508074592999,
      "epochs_run": 55,
      "stop_reason": "loss_plateau_last5",
      "history_path": "benchmark_results_walsh_article/unweighted/aggressive_loader/n4/graph03_trainseed00/histories/history_visit003_j003.json",
      "improvement_vs_previous": -4.329476578623925e-05
    },
    {
      "visit_idx": 4,
      "j": 4,
      "kept": true,
      "beta": 0.006492500607448359,
      "coefficient": 0.006798835208085073,
      "loss": -2.999916746229744,
      "expected_cut": 2.999916746229744,
      "best_measured_cut": 3.0,
      "success_probability_ancilla_1": 0.19636177296276686,
      "epochs_run": 65,
      "stop_reason": "loss_plateau_last5",
      "history_path": "benchmark_results_walsh_article/unweighted/aggressive_loader/n4/graph03_trainseed00/histories/history_visit004_j004.json",
      "improvement_vs_previous": -3.974828361252847e-05
    },
    {
      "visit_idx": 5,
      "j": 5,
      "kept": true,
      "beta": 0.0010012657401123107,
      "coefficient": 0.0010485226807497923,
      "loss": -2.9999294133265133,
      "expected_cut": 2.9999294133265133,
      "best_measured_cut": 3.0,
      "success_probability_ancilla_1": 0.19636205617477476,
      "epochs_run": 58,
      "stop_reason": "loss_plateau_last5",
      "history_path": "benchmark_results_walsh_article/unweighted/aggressive_loader/n4/graph03_trainseed00/histories/history_visit005_j005.json",
      "improvement_vs_previous": 1.2667096769281017e-05
    },
    {
      "visit_idx": 6,
      "j": 6,
      "kept": true,
      "beta": 0.012310466617787688,
      "coefficient": 0.012890839310943952,
      "loss": -2.9999064431442846,
      "expected_cut": 2.9999064431442846,
      "best_measured_cut": 3.0,
      "success_probability_ancilla_1": 0.19640534478420033,
      "epochs_run": 61,
      "stop_reason": "loss_plateau_last5",
      "history_path": "benchmark_results_walsh_article/unweighted/aggressive_loader/n4/graph03_trainseed00/histories/history_visit006_j006.json",
      "improvement_vs_previous": -2.297018222874314e-05
    },
    {
      "visit_idx": 7,
      "j": 7,
      "kept": true,
      "beta": -0.012223078034319618,
      "coefficient": -0.012799339969327245,
      "loss": -2.9999048939010216,
      "expected_cut": 2.9999048939010216,
      "best_measured_cut": 3.0,
      "success_probability_ancilla_1": 0.196417033943952,
      "epochs_run": 60,
      "stop_reason": "loss_plateau_last5",
      "history_path": "benchmark_results_walsh_article/unweighted/aggressive_loader/n4/graph03_trainseed00/histories/history_visit007_j007.json",
      "improvement_vs_previous": -1.5492432630104247e-06
    },
    {
      "visit_idx": 8,
      "j": 8,
      "kept": true,
      "beta": 0.006154991240700599,
      "coefficient": 0.00644541036263963,
      "loss": -2.9998695034178606,
      "expected_cut": 2.9998695034178606,
      "best_measured_cut": 3.0,