epoch,beta,coefficient,loss,expected_cut,best_measured_cut,success_probability_ancilla_1,max_postselected_probability,grad
0,0.49852612557635617,0.48271329595025714,-2.7281582756112774,2.7281582756112774,3.0,0.4218972718323611,0.14241590743080418,0.012782015728029592
1,0.48865685076792575,0.47453730003397837,-2.7282441825047044,2.7282441825047044,3.0,0.4212969895757648,0.1423230357790692,0.010077355386872221
2,0.47907869295245104,0.46653222979900655,-2.7283010796885288,2.7283010796885288,3.0,0.42071722061851713,0.14222225067111285,0.007316431034032176
3,0.4700393318436526,0.4589145281615589,-2.7283301093728802,2.7283301093728802,3.0,0.42017287741062903,0.14211726541023284,0.004549886813013956
4,0.46188871849537133,0.4519938342468561,-2.728335165080709,2.728335165080709,3.0,0.41968461430795767,0.14201419517358763,0.0018603486196152974
