epoch,beta,coefficient,loss,expected_cut,best_measured_cut,success_probability_ancilla_1,max_postselected_probability,grad
0,0.37934218001860254,0.2844209901188496,-4.2968668664008565,4.2968668664008565,4.0,0.12781543898086112,0.03872325117704629,-0.06667233511183901
1,0.3893006492509732,0.29119199799700657,-4.297431781484049,4.297431781484049,4.0,0.1286163160723709,0.03886530912485033,-0.05997367395881978
2,0.39918510933650425,0.29786342717040265,-4.29792995447685,4.29792995447685,4.0,0.129422067970284,0.03899951440101942,-0.053516131864867936
3,0.40895929727422387,0.30441143266031184,-4.298363349394371,4.298363349394371,4.0,0.13022895213129584,0.03912572159466588,-0.047318327373062824
4,0.41858328004603396,0.31081052463240577,-4.298734519582609,4.298734519582609,4.0,0.1310328041899565,0.03924382775451411,-0.04139768395641998
5,0.42801369683234436,0.3170338153579476,-4.299046609924893,4.299046609924893,4.0,0.13182906408651876,0.03935377666507594,-0.03577013866644287
6,0.4372042112202693,0.3230533816864731,-4.299303340138038,4.299303340138038,4.0,0.13261282454912512,0.039455562568941366,-0.03044984095071232
7,0.4461062018528801,0.32884075082859776,-4.299508965548331,4.299508965548331,4.0,0.1333789047339775,0.03954923300186371,-0.02544885394463116
8,0.4546697039532289,0.33436750694635314,-4.2996682127530415,4.2996682127530415,4.0,0.13412195011235742,0.039634890379113934,-0.020776872913667567
