epoch,beta,coefficient,loss,expected_cut,best_measured_cut,success_probability_ancilla_1,max_postselected_probability,grad
0,-0.44339783635351127,-0.43611268680813187,-1.9999999999997238,1.9999999999997238,0.0,0.07247287065122006,0.06249999999999137,1.0690101226693402e-12
1,-0.4433978841529064,-0.43611272818211144,-1.9999999999997238,1.9999999999997238,0.0,0.07247288405997243,0.06249999999999137,1.0691797208681732e-12
2,-0.44339794268362454,-0.4361127788448577,-1.9999999999997242,1.9999999999997242,0.0,0.07247290047909115,0.06249999999999138,1.0692653092058472e-12
3,-0.44339801023748393,-0.4361128373178095,-1.9999999999997242,1.9999999999997242,0.0,0.07247291942939518,0.06249999999999138,1.068364032914705e-12
4,-0.4433980857322842,-0.4361129026642397,-1.9999999999997238,1.9999999999997238,0.0,0.07247294060730464,0.06249999999999137,1.0681303699670246e-12
