{
  "config": {
    "N_VERTICES": 4,
    "PROB_ARESTA": 0.85,
    "COM_PESO": false,
    "PESO_MIN": 1,
    "PESO_MAX": 1,
    "GRAPH_SEED": 104271,
    "GRAPH_EDGES": [
      [
        0,
        1,
        1.0
      ],
      [
        0,
        2,
        1.0
      ],
      [
        0,
        3,
        1.0
      ],
      [
        1,
        3,
        1.0
      ],
      [
        2,
        3,
        1.0
      ]
    ],
    "REVERSE_BITS": false,
    "ER": 1.0,
    "MAX_TERMS": null,
    "A_MAX": 0.7853981633974483,
    "INIT_BETA": 0.35,
    "MAX_EPOCHS": 100,
    "LR": 0.2,
    "FD_EPS": 0.01,
    "LOSS_TOL_LAST5": 0.001,
    "PATIENCE_LAST5": 5,
    "TRAIN_SEED": 4,
    "INIT_BETA_JITTER": 0.05,
    "COEF_ZERO_TOL": 0.001,
    "IMPROVEMENT_TOL": 0.001,
    "SATURATION_PATIENCE": 100,
    "INDEX_STRATEGY": "ascending",
    "INDEX_RANDOM_SEED": 42,
    "ENABLE_BACKWARD_PRUNING": false,
    "BACKWARD_PASSES": 1,
    "PRUNE_IMPROVEMENT_TOL": 1e-06,
    "OUTDIR": "benchmark_results_walsh_article/unweighted/runs_4/n4_graph01_trainseed04",
    "SHOW_PLOTS": false
  },
  "n_qubits_register": 4,
  "graph_edges": [
    [
      0,
      1,
      1.0
    ],
    [
      0,
      2,
      1.0
    ],
    [
      0,
      3,
      1.0
    ],
    [
      1,
      3,
      1.0
    ],
    [
      2,
      3,
      1.0
    ]
  ],
  "graph_signature": "36d4961c72903175cef8219a78618293792cc3cd1b729b430a90aa47da048173",
  "graph_num_edges": 5,
  "graph_density": 0.8333333333333334,
  "best_cut_bruteforce": 4.0,
  "best_bitstring_bruteforce": "0110",
  "candidate_order": [
    1,
    2,
    3,
    4,
    5,
    6,
    7,
    8,
    9,
    10,
    11,
    12,
    13,
    14,
    15
  ],
  "total_possible_parameters": 15,
  "visited_parameters": 15,
  "trained_coefficients": {
    "0": 0.0,
    "1": -0.27519003364926686,
    "2": 0.2752082718736443,
    "3": 0.0,
    "4": 0.195467095689746,
    "5": 0.0,
    "6": 0.0,
    "7": -0.23958003770968836,
    "8": -0.07840693080286093,
    "9": 0.0,
    "10": 0.0,
    "11": 0.12992432304082402,
    "12": 0.0,
    "13": 0.1519206441979359,
    "14": -0.180246079398034,
    "15": 0.0
  },
  "final_coefficient_vector": [
    0.0,
    -0.27519003364926686,
    0.2752082718736443,
    0.0,
    0.195467095689746,
    0.0,
    0.0,
    -0.23958003770968836,
    -0.07840693080286093,
    0.0,
    0.0,
    0.12992432304082402,
    0.0,
    0.1519206441979359,
    -0.180246079398034,
    0.0
  ],
  "active_indices": [
    1,
    2,
    4,
    7,
    8,
    11,
    13,
    14
  ],
  "active_parameter_count": 8,
  "compression_ratio_active_over_total": 0.5333333333333333,
  "final_loss": -3.8671659528828632,
  "final_expected_cut": 3.8671659528828632,
  "best_expected_cut_over_evolution": 3.8671659528828632,
  "final_best_measured_index": 6,
  "final_best_measured_bitstring": "0110",
  "final_best_measured_cut": 4.0,
  "best_measured_cut_over_evolution": 4.0,
  "final_success_probability_ancilla_1": 0.06823923303400592,
  "gap_expected_to_bruteforce": 0.13283404711713676,
  "gap_measured_to_bruteforce": 0.0,
  "approx_ratio_measured": 1.0,
  "n_steps": 15,
  "elapsed_seconds": 0.9572000503540039,
  "steps": [
    {
      "visit_idx": 1,
      "j": 1,
      "kept": true,
      "beta": -0.3658800980320166,
      "coefficient": -0.27519003364926686,
      "loss": -2.5,
      "expected_cut": 2.5,
      "best_measured_cut": 0.0,
      "success_probability_ancilla_1": 0.01881321140237844,
      "epochs_run": 5,
      "stop_reason": "loss_plateau_last5",
      "history_path": "benchmark_results_walsh_article/unweighted/runs_4/n4_graph01_trainseed04/histories/history_visit001_j001.json",
      "improvement_vs_previous": 2.5
    },
    {
      "visit_idx": 2,
      "j": 2,
      "kept": true,
      "beta": 0.3659065697605103,
      "coefficient": 0.2752082718736443,
      "loss": -2.999999998873834,
      "expected_cut": 2.999999998873834,
      "best_measured_cut": 2.0,
      "success_probability_ancilla_1": 0.036920933734173864,
      "epochs_run": 5,
      "stop_reason": "loss_plateau_last5",
      "history_path": "benchmark_results_walsh_article/unweighted/runs_4/n4_graph01_trainseed04/histories/history_visit002_j002.json",
      "improvement_vs_previous": 0.4999999988738342
    },
    {
      "visit_idx": 3,
      "j": 3,
      "kept": false,
      "beta": -1.2530756178075197e-05,
      "coefficient": 0.0,
      "loss": -2.999999998873834,
      "expected_cut": 2.999999998873834,
      "best_measured_cut": 2.0,
      "success_probability_ancilla_1": 0.036920933734173864,
      "epochs_run": 7,
      "stop_reason": "loss_plateau_last5_and_discarded_near_zero",
      "history_path": "benchmark_results_walsh_article/unweighted/runs_4/n4_graph01_trainseed04/histories/history_visit003_j003.json",
      "improvement_vs_previous": 0.0
    },
    {
      "visit_idx": 4,
      "j": 4,
      "kept": true,
      "beta": 0.25421470193891615,
      "coefficient": 0.195467095689746,
      "loss": -3.1735249541971804,
      "expected_cut": 3.1735249541971804,
      "best_measured_cut": 4.0,
      "success_probability_ancilla_1": 0.04573932291544776,
      "epochs_run": 6,
      "stop_reason": "loss_plateau_last5",
      "history_path": "benchmark_results_walsh_article/unweighted/runs_4/n4_graph01_trainseed04/histories/history_visit004_j004.json",
      "improvement_vs_previous": 0.17352495532334622
    },
    {
      "visit_idx": 5,
      "j": 5,
      "kept": false,
      "beta": -4.862863635657355e-07,
      "coefficient": 0.0,
      "loss": -3.1735249541971804,
      "expected_cut": 3.1735249541971804,
      "best_measured_cut": 4.0,
      "success_probability_ancilla_1": 0.04573932291544776,
      "epochs_run": 7,
      "stop_reason": "loss_plateau_last5_and_discarded_near_zero",
      "history_path": "benchmark_results_walsh_article/unweighted/runs_4/n4_graph01_trainseed04/histories/history_visit005_j005.json",
      "improvement_vs_previous": 0.0
    },
    {
      "visit_idx": 6,
      "j": 6,
      "kept": false,
      "beta": 6.193543953814107e-07,
      "coefficient": 0.0,
      "loss": -3.1735249541971804,
      "expected_cut": 3.1735249541971804,
      "best_measured_cut": 4.0,
      "success_probability_ancilla_1": 0.04573932291544776,
      "epochs_run": 7,
      "stop_reason": "loss_plateau_last5_and_discarded_near_zero",
      "history_path": "benchmark_results_walsh_article/unweighted/runs_4/n4_graph01_trainseed04/histories/history_visit006_j006.json",
      "improvement_vs_previous": 0.0
    },
    {
      "visit_idx": 7,
      "j": 7,
      "kept": true,
      "beta": -0.3150704035080236,
      "coefficient": -0.23958003770968836,
      "loss": -3.4790325862914293,
      "expected_cut": 3.4790325862914293,
      "best_measured_cut": 4.0,
      "success_probability_ancilla_1": 0.057012415179034034,
      "epochs_run": 5,
      "stop_reason": "loss_plateau_last5",
      "history_path": "benchmark_results_walsh_article/unweighted/runs_4/n4_graph01_trainseed04/histories/history_visit007_j007.json",
      "improvement_vs_previous": 0.3055076320942489
    },
    {
      "visit_idx": 8,
      "j": 8,
      "kept": true,
      "beta": -0.1001644464880801,
      "coefficient": -0.07840693080286093,
      "loss": -3.5061280730683206,
      "expected_cut": 3.5061280730683206,
      "best_measured_cut": 4.0,
      "success_probability_ancilla_1": 0.05837338333904232,
      "epochs_run": 6,
      "stop_reason": "loss_plateau_last5",
      "history_path": "benchmark_results_walsh_article/unweighted/runs_4/n4_graph01_trainseed04/histories/history_visit008_j008.json",
      "improvement_vs_previous": 0.02709548677689133
    },
    {
      "visit_idx": 9,
      "j": 9,
      "kept": false,
      "beta": -1.8855081901358872e-07,
      "coefficient": 0.0,
      "loss": -3.5061280730683206,
      "expected_cut": 3.5061280730683206,
      "best_measured_cut": 4.0,
      "success_probability_ancilla_1": 0.05837338333904232,
      "epochs_run": 6,