epoch,beta,coefficient,loss,expected_cut,best_measured_cut,success_probability_ancilla_1,max_postselected_probability,grad
0,0.3793421800184247,0.2844209901187283,-6.296866898716123,6.296866898716123,4.0,0.12781551188088722,0.03872326563525768,-0.06667208514265863
1,0.3893006491000215,0.29119199789474637,-6.297431811417533,6.297431811417533,4.0,0.1286163889445136,0.03886532351117226,-0.05997343178061257
2,0.39918510874511676,0.2978634267727342,-6.29792998210852,6.29792998210852,4.0,0.1294221407874186,0.03899952871449042,-0.05351589739108399
3,0.408959295780872,0.3044114316636312,-6.298363374806873,6.298363374806873,4.0,0.1302290248514084,0.039125735832852,-0.04731810056425359
4,0.4185832769830497,0.31081052260348757,-6.298734542863212,6.298734542863212,4.0,0.13103287675277753,0.03924384191347793,-0.041397464828781184
5,0.42801369129245664,0.3170338117158909,-6.299046631167722,6.299046631167722,4.0,0.13182913641019192,0.0393537907394015,-0.03576992729882473
6,0.43720420202705673,0.3230533756877323,-6.299303359446441,6.299303359446441,4.0,0.13261289652721275,0.03945557655182333,-0.030449637489340688
7,0.44610618753895986,0.3288407415572593,-6.299508983037192,6.299508983037192,4.0,0.1333789762331795,0.039549246885265225,-0.025448658604743234
8,0.45466968275038394,0.3343674933119079,-6.2996682285506935,6.2996682285506935,4.0,0.1341220209713601,0.03963490415399022,-0.020776685977470944
