epoch,beta,coefficient,loss,expected_cut,best_measured_cut,success_probability_ancilla_1,max_postselected_probability,grad
0,-0.37357039378179774,-0.2804741227614917,-1.4616878636940895,1.4616878636940895,1.0,0.10810088189344745,0.3452575947553131,0.0005148318522208747
1,-0.3665016390008925,-0.27561816735321903,-1.4617303421976036,1.4617303421976036,1.0,0.10766509308841485,0.3452718289257765,-0.009522966331091362
2,-0.3596129880510324,-0.27086269771476484,-1.4617230776084964,1.4617230776084964,1.0,0.10724728830353084,0.3452557514988608,-0.0024632954661021095
3,-0.35696398466519386,-0.269027955482677,-1.4617072264242068,1.4617072264242068,1.0,0.10708846594743594,0.34524153364719057,0.004603034780096243
4,-0.35817447763700483,-0.2698667768286072,-1.4617153790719972,1.4617153790719972,1.0,0.1071609134678407,0.3452485901603059,0.007369124798773049
