{
  "0": 0.0,
  "1": -0.16384664743882124,
  "2": 0.15763386492670597,
  "3": -0.1563855962357455,
  "4": 0.25897461897051943,
  "5": -0.003801041469336342,
  "6": 0.19486158315338595,
  "7": -0.16787121766840338,
  "8": -0.12000417580516966,
  "9": 0.10862719914428129,
  "10": 0.012815898916385321,
  "11": 0.10718055969459525,
  "12": -0.17424697399110994,
  "13": 0.15005853192734936,
  "14": -0.1704854933367351,
  "15": -0.007363088141972568,
  "16": 0.0,
  "17": 0.0,
  "18": 0.003845252432638772,
  "19": -0.003115389902116049,
  "20": 0.0,
  "21": 0.0,
  "22": 0.0034978811940261207,
  "23": -0.0029070792228197244,
  "24": 0.0,
  "25": 0.0,
  "26": 0.0,
  "27": 0.0,
  "28": 0.0,
  "29": 0.0,
  "30": 0.0032956894699514407,
  "31": 0.0,
  "32": 0.047258721298441,
  "33": 0.03839743720743526,
  "34": 0.055044259224319395,
  "35": -0.03177891390691323,
  "36": -0.04003785396351875,
  "37": -0.122427919452256,
  "38": 0.035749252488821104,
  "39": -0.09307471933268759,
  "40": -0.0570544429776929,
  "41": 0.07211891527436876,
  "42": -0.06067395020530848,
  "43": -0.013848432689948424,
  "44": -0.12082592174337292,
  "45": 0.11093213845249175,
  "46": 0.02628207755842034,
  "47": 0.12111998030374621,
  "48": 0.0,
  "49": 0.0,
  "50": 0.0,
  "51": -0.002507226138322774,
  "52": 0.0,
  "53": 0.0021953627347412684,
  "54": 0.0,
  "55": 0.0,
  "56": 0.0020884636566789456,
  "57": 0.0,
  "58": 0.0,
  "59": 0.0,
  "60": 0.0,
  "61": 0.0,
  "62": 0.0,
  "63": 0.0
}