{
  "config": {
    "N_VERTICES": 4,
    "PROB_ARESTA": 0.55,
    "COM_PESO": false,
    "PESO_MIN": 1,
    "PESO_MAX": 1,
    "GRAPH_SEED": 104577,
    "GRAPH_EDGES": [
      [
        0,
        2,
        1.0
      ],
      [
        2,
        3,
        1.0
      ]
    ],
    "REVERSE_BITS": false,
    "ER": 0.75,
    "MAX_TERMS": null,
    "A_MAX": 0.6283185307179586,
    "INIT_BETA": 0.25,
    "MAX_EPOCHS": 200,
    "LR": 0.01,
    "FD_EPS": 0.01,
    "LOSS_TOL_LAST5": 0.002,
    "PATIENCE_LAST5": 7,
    "TRAIN_SEED": 5,
    "INIT_BETA_JITTER": 0.03,
    "OPTIMIZER": "adam",
    "ADAM_BETA1": 0.9,
    "ADAM_BETA2": 0.999,
    "ADAM_EPS": 1e-08,
    "COEF_ZERO_TOL": 0.002,
    "IMPROVEMENT_TOL": 0.002,
    "SATURATION_PATIENCE": 60,
    "INDEX_STRATEGY": "ascending",
    "INDEX_RANDOM_SEED": 42,
    "ENABLE_BACKWARD_PRUNING": false,
    "BACKWARD_PASSES": 1,
    "PRUNE_IMPROVEMENT_TOL": 1e-06,
    "OUTDIR": "benchmark_results_walsh_article/unweighted/coarse_loader/n4/graph04_trainseed05",
    "SHOW_PLOTS": false,
    "name": "coarse_loader"
  },
  "n_qubits_register": 4,
  "graph_edges": [
    [
      0,
      2,
      1.0
    ],
    [
      2,
      3,
      1.0
    ]
  ],
  "graph_signature": "ab3e1e60a1be6f27a830f37b39d70bd64af7163327db0f23a1fcb2724d77253c",
  "graph_num_edges": 2,
  "graph_density": 0.3333333333333333,
  "best_cut_bruteforce": 2.0,
  "best_bitstring_bruteforce": "0010",
  "best_index_bruteforce": 2,
  "candidate_order": [
    1,
    2,
    3,
    4,
    5,
    6,
    7,
    8,
    9,
    10,
    11,
    12,
    13,
    14,
    15
  ],
  "total_possible_parameters": 15,
  "visited_parameters": 15,
  "trained_coefficients": {
    "0": 0.0,
    "1": -0.16383519636125768,
    "2": 0.15763086213891736,
    "3": -0.15638566558418437,
    "4": 0.2589725457777324,
    "5": -0.0038009461307579318,
    "6": 0.1948621722462992,
    "7": -0.16787092912765936,
    "8": -0.1775576919774564,
    "9": -0.009552241112893867,
    "10": -0.12306999624256072,
    "11": 0.10010193040414336,
    "12": 0.018854903068703792,
    "13": 0.1768680542698895,
    "14": -0.1269393493789456,
    "15": 0.1300835979460487
  },
  "final_coefficient_vector": [
    0.0,
    -0.16383519636125768,
    0.15763086213891736,
    -0.15638566558418437,
    0.2589725457777324,
    -0.0038009461307579318,
    0.1948621722462992,
    -0.16787092912765936,
    -0.1775576919774564,
    -0.009552241112893867,
    -0.12306999624256072,
    0.10010193040414336,
    0.018854903068703792,
    0.1768680542698895,
    -0.1269393493789456,
    0.1300835979460487
  ],
  "active_indices": [
    1,
    2,
    3,
    4,
    5,
    6,
    7,
    8,
    9,
    10,
    11,
    12,
    13,
    14,
    15
  ],
  "active_parameter_count": 15,
  "compression_ratio_active_over_total": 1.0,
  "final_loss": -1.9483410212331305,
  "final_expected_cut": 1.9483410212331305,
  "best_expected_cut_over_evolution": 1.9483410212331305,
  "final_best_measured_index": 9,
  "final_best_measured_bitstring": "1001",
  "final_best_measured_cut": 2.0,
  "best_measured_cut_over_evolution": 2.0,
  "final_success_probability_ancilla_1": 0.041047243934389674,
  "final_max_postselected_probability": 0.6561235354725814,
  "gap_expected_to_bruteforce": 0.051658978766869534,
  "gap_measured_to_bruteforce": 0.0,
  "approx_ratio_measured": 1.0,
  "n_steps": 15,
  "elapsed_seconds": 24.596616506576538,
  "steps": [
    {
      "visit_idx": 1,
      "j": 1,
      "kept": true,
      "beta": -0.2669148969445393,
      "coefficient": -0.16383519636125768,
      "loss": -1.0,
      "expected_cut": 1.0,
      "best_measured_cut": 0.0,
      "success_probability_ancilla_1": 0.0037699053079980507,
      "epochs_run": 7,
      "stop_reason": "loss_plateau_last5",
      "history_path": "benchmark_results_walsh_article/unweighted/coarse_loader/n4/graph04_trainseed05/histories/history_visit001_j001.json",
      "improvement_vs_previous": 1.0
    },
    {
      "visit_idx": 2,
      "j": 2,
      "kept": true,
      "beta": 0.2563488273308321,
      "coefficient": 0.15763086213891736,
      "loss": -1.0,
      "expected_cut": 1.0,
      "best_measured_cut": 0.0,
      "success_probability_ancilla_1": 0.007233700771451265,
      "epochs_run": 7,
      "stop_reason": "loss_plateau_last5",
      "history_path": "benchmark_results_walsh_article/unweighted/coarse_loader/n4/graph04_trainseed05/histories/history_visit002_j002.json",
      "improvement_vs_previous": 0.0
    },
    {
      "visit_idx": 3,
      "j": 3,
      "kept": true,
      "beta": -0.25423504309374984,
      "coefficient": -0.15638566558418437,
      "loss": -1.0000000000000002,
      "expected_cut": 1.0000000000000002,
      "best_measured_cut": 1.0,
      "success_probability_ancilla_1": 0.010619252734849718,
      "epochs_run": 7,
      "stop_reason": "loss_plateau_last5",
      "history_path": "benchmark_results_walsh_article/unweighted/coarse_loader/n4/graph04_trainseed05/histories/history_visit003_j003.json",
      "improvement_vs_previous": 2.220446049250313e-16
    },
    {
      "visit_idx": 4,
      "j": 4,
      "kept": true,
      "beta": 0.43821962678294424,
      "coefficient": 0.2589725457777324,
      "loss": -1.2942586018993132,
      "expected_cut": 1.2942586018993132,
      "best_measured_cut": 1.0,
      "success_probability_ancilla_1": 0.01982122919481659,
      "epochs_run": 27,
      "stop_reason": "loss_plateau_last5",
      "history_path": "benchmark_results_walsh_article/unweighted/coarse_loader/n4/graph04_trainseed05/histories/history_visit004_j004.json",
      "improvement_vs_previous": 0.29425860189931297
    },
    {
      "visit_idx": 5,
      "j": 5,
      "kept": true,
      "beta": -0.006049467445831718,
      "coefficient": -0.0038009461307579318,
      "loss": -1.294224701410947,
      "expected_cut": 1.294224701410947,
      "best_measured_cut": 1.0,
      "success_probability_ancilla_1": 0.01981941178847494,
      "epochs_run": 25,
      "stop_reason": "loss_plateau_last5",
      "history_path": "benchmark_results_walsh_article/unweighted/coarse_loader/n4/graph04_trainseed05/histories/history_visit005_j005.json",
      "improvement_vs_previous": -3.390048836626747e-05
    },
    {
      "visit_idx": 6,
      "j": 6,
      "kept": true,
      "beta": 0.3206923120499663,
      "coefficient": 0.1948621722462992,
      "loss": -1.3996967278204298,
      "expected_cut": 1.3996967278204298,
      "best_measured_cut": 1.0,
      "success_probability_ancilla_1": 0.02473525234851775,
      "epochs_run": 10,
      "stop_reason": "loss_plateau_last5",
      "history_path": "benchmark_results_walsh_article/unweighted/coarse_loader/n4/graph04_trainseed05/histories/history_visit006_j006.json",
      "improvement_vs_previous": 0.10547202640948283
    },
    {
      "visit_idx": 7,
      "j": 7,
      "kept": true,
      "beta": -0.2738190545447418,
      "coefficient": -0.16787092912765936,
      "loss": -1.4734591907668226,
      "expected_cut": 1.4734591907668226,
      "best_measured_cut": 1.0,
      "success_probability_ancilla_1": 0.028194717170446637,
      "epochs_run": 7,
      "stop_reason": "loss_plateau_last5",
      "history_path": "benchmark_results_walsh_article/unweighted/coarse_loader/n4/graph04_trainseed05/histories/history_visit007_j007.json",
      "improvement_vs_previous": 0.07376246294639288
    },
    {
      "visit_idx": 8,
      "j": 8,
      "kept": true,
      "beta": -0.29049662652456165,
      "coefficient": -0.1775576919774564,
      "loss": -1.5949343818673731,
      "expected_cut": 1.5949343818673731,
      "best_measured_cut": 2.0,
      "success_probability_ancilla_1": 0.032371985859183106,
      "epochs_run": 69,
      "stop_reason": "loss_plateau_last5",
      "history_path": "benchmark_results_walsh_article/unweighted/coarse_loader/n4/graph04_trainseed05/histories/history_visit008_j008.json",
      "improvement_vs_previous": 0.1214751911005505
    },
    {
      "visit_idx": 9,
      "j": 9,