{
  "config": {
    "N_VERTICES": 4,
    "PROB_ARESTA": 1.0,
    "COM_PESO": false,
    "PESO_MIN": 1,
    "PESO_MAX": 1,
    "GRAPH_SEED": 10414,
    "GRAPH_EDGES": [
      [
        0,
        1,
        1.0
      ],
      [
        0,
        2,
        1.0
      ],
      [
        0,
        3,
        1.0
      ],
      [
        1,
        2,
        1.0
      ],
      [
        1,
        3,
        1.0
      ],
      [
        2,
        3,
        1.0
      ]
    ],
    "REVERSE_BITS": false,
    "ER": 1.25,
    "MAX_TERMS": null,
    "A_MAX": 1.0471975511965976,
    "INIT_BETA": 0.5,
    "MAX_EPOCHS": 200,
    "LR": 0.01,
    "FD_EPS": 0.01,
    "LOSS_TOL_LAST5": 0.0005,
    "PATIENCE_LAST5": 5,
    "TRAIN_SEED": 5,
    "INIT_BETA_JITTER": 0.08,
    "OPTIMIZER": "adam",
    "ADAM_BETA1": 0.9,
    "ADAM_BETA2": 0.999,
    "ADAM_EPS": 1e-08,
    "COEF_ZERO_TOL": 0.0005,
    "IMPROVEMENT_TOL": 0.0005,
    "SATURATION_PATIENCE": 150,
    "INDEX_STRATEGY": "ascending",
    "INDEX_RANDOM_SEED": 42,
    "ENABLE_BACKWARD_PRUNING": false,
    "BACKWARD_PASSES": 1,
    "PRUNE_IMPROVEMENT_TOL": 1e-06,
    "OUTDIR": "benchmark_results_walsh_article/unweighted/aggressive_loader/n4/graph00_trainseed05",
    "SHOW_PLOTS": false,
    "name": "aggressive_loader"
  },
  "n_qubits_register": 4,
  "graph_edges": [
    [
      0,
      1,
      1.0
    ],
    [
      0,
      2,
      1.0
    ],
    [
      0,
      3,
      1.0
    ],
    [
      1,
      2,
      1.0
    ],
    [
      1,
      3,
      1.0
    ],
    [
      2,
      3,
      1.0
    ]
  ],
  "graph_signature": "539b127eb8e4096db3ab2abb5616611adf3c9b3f188a9792b883b1dea6c065fa",
  "graph_num_edges": 6,
  "graph_density": 1.0,
  "best_cut_bruteforce": 4.0,
  "best_bitstring_bruteforce": "0011",
  "best_index_bruteforce": 3,
  "candidate_order": [
    1,
    2,
    3,
    4,
    5,
    6,
    7,
    8,
    9,
    10,
    11,
    12,
    13,
    14,
    15
  ],
  "total_possible_parameters": 15,
  "visited_parameters": 15,
  "trained_coefficients": {
    "0": 0.0,
    "1": -0.5202921684983057,
    "2": 0.5204318599370735,
    "3": -0.0037791756058267022,
    "4": 0.002942191509099826,
    "5": -0.001178509871172819,
    "6": 0.00919070182311943,
    "7": -0.007495439171824715,
    "8": 0.003475602832838123,
    "9": -0.0038311910982265778,
    "10": 0.0051501779540842054,
    "11": -0.004881544439613418,
    "12": -0.0014171783860862422,
    "13": 0.2947149678428068,
    "14": -0.39410659401168424,
    "15": -0.0036421994971700027
  },
  "final_coefficient_vector": [
    0.0,
    -0.5202921684983057,
    0.5204318599370735,
    -0.0037791756058267022,
    0.002942191509099826,
    -0.001178509871172819,
    0.00919070182311943,
    -0.007495439171824715,
    0.003475602832838123,
    -0.0038311910982265778,
    0.0051501779540842054,
    -0.004881544439613418,
    -0.0014171783860862422,
    0.2947149678428068,
    -0.39410659401168424,
    -0.0036421994971700027
  ],
  "active_indices": [
    1,
    2,
    3,
    4,
    5,
    6,
    7,
    8,
    9,
    10,
    11,
    12,
    13,
    14,
    15
  ],
  "active_parameter_count": 15,
  "compression_ratio_active_over_total": 1.0,
  "final_loss": -3.9276188083166623,
  "final_expected_cut": 3.9276188083166623,
  "best_expected_cut_over_evolution": 3.9276188083166623,
  "final_best_measured_index": 9,
  "final_best_measured_bitstring": "1001",
  "final_best_measured_cut": 4.0,
  "best_measured_cut_over_evolution": 4.0,
  "final_success_probability_ancilla_1": 0.20858124257572236,
  "final_max_postselected_probability": 0.2340973434382051,
  "gap_expected_to_bruteforce": 0.07238119168333768,
  "gap_measured_to_bruteforce": 0.0,
  "approx_ratio_measured": 1.0,
  "n_steps": 15,
  "elapsed_seconds": 33.14064335823059,
  "steps": [
    {
      "visit_idx": 1,
      "j": 1,
      "kept": true,
      "beta": -0.5451048605634621,
      "coefficient": -0.5202921684983057,
      "loss": -3.0,
      "expected_cut": 3.0,
      "best_measured_cut": 0.0,
      "success_probability_ancilla_1": 0.10206863752028963,
      "epochs_run": 5,
      "stop_reason": "loss_plateau_last5",
      "history_path": "benchmark_results_walsh_article/unweighted/aggressive_loader/n4/graph00_trainseed05/histories/history_visit001_j001.json",
      "improvement_vs_previous": 3.0
    },
    {
      "visit_idx": 2,
      "j": 2,
      "kept": true,
      "beta": 0.5452819934891419,
      "coefficient": 0.5204318599370735,
      "loss": -3.4999999792123933,
      "expected_cut": 3.4999999792123933,
      "best_measured_cut": 3.0,
      "success_probability_ancilla_1": 0.18334333761522056,
      "epochs_run": 5,
      "stop_reason": "loss_plateau_last5",
      "history_path": "benchmark_results_walsh_article/unweighted/aggressive_loader/n4/graph00_trainseed05/histories/history_visit002_j002.json",
      "improvement_vs_previous": 0.49999997921239325
    },
    {
      "visit_idx": 3,
      "j": 3,
      "kept": true,
      "beta": -0.0036088625379376337,
      "coefficient": -0.0037791756058267022,
      "loss": -3.499984764986637,
      "expected_cut": 3.499984764986637,
      "best_measured_cut": 3.0,
      "success_probability_ancilla_1": 0.18334687084594115,
      "epochs_run": 60,
      "stop_reason": "loss_plateau_last5",
      "history_path": "benchmark_results_walsh_article/unweighted/aggressive_loader/n4/graph00_trainseed05/histories/history_visit003_j003.json",
      "improvement_vs_previous": -1.5214225756121635e-05
    },
    {
      "visit_idx": 4,
      "j": 4,
      "kept": true,
      "beta": 0.0028095933259570925,
      "coefficient": 0.002942191509099826,
      "loss": -3.4999746683313817,
      "expected_cut": 3.4999746683313817,
      "best_measured_cut": 3.0,
      "success_probability_ancilla_1": 0.18334901233174883,
      "epochs_run": 52,
      "stop_reason": "loss_plateau_last5",
      "history_path": "benchmark_results_walsh_article/unweighted/aggressive_loader/n4/graph00_trainseed05/histories/history_visit004_j004.json",
      "improvement_vs_previous": -1.0096655255420472e-05
    },
    {
      "visit_idx": 5,
      "j": 5,
      "kept": true,
      "beta": -0.0011253945039870852,
      "coefficient": -0.001178509871172819,
      "loss": -3.4999637002149044,
      "expected_cut": 3.4999637002149044,
      "best_measured_cut": 3.0,
      "success_probability_ancilla_1": 0.1833493497513098,
      "epochs_run": 52,
      "stop_reason": "loss_plateau_last5",
      "history_path": "benchmark_results_walsh_article/unweighted/aggressive_loader/n4/graph00_trainseed05/histories/history_visit005_j005.json",
      "improvement_vs_previous": -1.096811647727236e-05
    },
    {
      "visit_idx": 6,
      "j": 6,
      "kept": true,
      "beta": 0.008776699104540936,
      "coefficient": 0.00919070182311943,
      "loss": -3.499970797732068,
      "expected_cut": 3.499970797732068,
      "best_measured_cut": 3.0,
      "success_probability_ancilla_1": 0.18336709489145825,
      "epochs_run": 53,
      "stop_reason": "loss_plateau_last5",
      "history_path": "benchmark_results_walsh_article/unweighted/aggressive_loader/n4/graph00_trainseed05/histories/history_visit006_j006.json",
      "improvement_vs_previous": 7.097517163767719e-06
    },
    {
      "visit_idx": 7,
      "j": 7,
      "kept": true,
      "beta": -0.007157739404582618,
      "coefficient": -0.007495439171824715,
      "loss": -3.4999601678207446,
      "expected_cut": 3.4999601678207446,
      "best_measured_cut": 3.0,
      "success_probability_ancilla_1": 0.18337453696465472,
      "epochs_run": 52,
      "stop_reason": "loss_plateau_last5",
      "history_path": "benchmark_results_walsh_article/unweighted/aggressive_loader/n4/graph00_trainseed05/histories/history_visit007_j007.json",
      "improvement_vs_previous": -1.0629911323611907e-05
    },
    {
      "visit_idx": 8,
      "j": 8,
      "kept": true,
      "beta": 0.00331896841312423,
      "coefficient": 0.003475602832838123,