epoch,beta,coefficient,loss,expected_cut,best_measured_cut,success_probability_ancilla_1,max_postselected_probability,grad
0,0.3190720703297148,0.24242699860246777,-6.010412555321382,6.010412555321382,4.0,0.06724298525317661,0.060063528698644945,-0.019067888041883113
1,0.32905593908288455,0.24949919483148053,-6.010589189981005,6.010589189981005,4.0,0.06801064461128678,0.06009829060043779,-0.018144410488694116
2,0.3390125589789377,0.2565075557641612,-6.010756489682579,6.010756489682579,4.0,0.0687926896302652,0.0601160137904964,-0.01724316837904609
3,0.3489303290091329,0.2634434072646126,-6.010914569305561,6.010914569305561,4.0,0.06958749566006164,0.060117697458272515,-0.016366293520697343
4,0.3587974081911957,0.27029817010195567,-6.011063584001979,6.011063584001979,4.0,0.07039335324054777,0.060104386327320486,-0.015515632396599238
