{
  "0": 0.0,
  "1": -0.16996375635367073,
  "2": 0.17106066741875003,
  "3": -0.1462238391028265,
  "4": -0.24043602469432826,
  "5": 0.16036115886896588,
  "6": 0.005711251936841259,
  "7": 0.15388986288563966,
  "8": 0.06876490586444645,
  "9": -0.01551125070652233,
  "10": -0.003749484537808274,
  "11": 0.011241330184568098,
  "12": 0.0,
  "13": 0.0,
  "14": 0.0035476605883007577,
  "15": -0.002113811919817781,
  "16": -0.05429277112105696,
  "17": 0.12279176866727831,
  "18": 0.12249330197224774,
  "19": -0.009909261566547024,
  "20": -0.17005614685509007,
  "21": 0.05662275718692829,
  "22": 0.08137263467794006,
  "23": -0.15947086284318088,
  "24": 0.03842434565045104,
  "25": 0.018599806344511124,
  "26": -0.12204069884479371,
  "27": 0.08329669918799337,
  "28": 0.15029012493641264,
  "29": -0.08694384376199059,
  "30": 0.013876175235648415,
  "31": -0.10889723625239243,
  "32": 0.09164368212543474,
  "33": -0.046932617938248114,
  "34": 0.0,
  "35": -0.05741893736284817,
  "36": 0.01151133577484293,
  "37": 0.08785273077168966,
  "38": -0.09252704748782287,
  "39": 0.0663133125302848,
  "40": -0.013690673578234525,
  "41": 0.017161498854198085,
  "42": -0.04405536164143271,
  "43": 0.019875596031146033,
  "44": 0.021415701957854992,
  "45": -0.03414116227553596,
  "46": 0.0,
  "47": -0.04606886595941434,
  "48": -0.01329614441551701,
  "49": 0.03221689689351485,
  "50": -0.01949562382642691,
  "51": 0.0,
  "52": 0.005649089476239639,
  "53": 0.029401843756409942,
  "54": 0.042367919279073726,
  "55": -0.05479627530685873,
  "56": -0.037519880220329475,
  "57": -0.049633226714108816,
  "58": -0.0864680024133986,
  "59": 0.09528278567371824,
  "60": 0.09234574129201358,
  "61": -0.07880725015848475,
  "62": 0.059414797418224224,
  "63": 0.04023096100380581
}