epoch,beta,coefficient,loss,expected_cut,best_measured_cut,success_probability_ancilla_1,max_postselected_probability,grad
0,-0.30956323029458654,-0.2356506287165699,-5.499999999998913,5.499999999998913,3.0,0.05058630743706287,0.046047920910904504,1.657143617374266e-12
1,-0.3095633044185498,-0.23565068169249234,-5.499999999998913,5.499999999998913,3.0,0.050586313153668905,0.04604792153518902,1.6585598736284924e-12
2,-0.3095633951964132,-0.23565074657084742,-5.499999999998913,5.499999999998913,3.0,0.05058632015466239,0.0460479222997341,1.6587684563592267e-12
3,-0.3095634999635348,-0.2356508214472311,-5.4999999999989155,5.4999999999989155,3.0,0.050586328234540866,0.046047923182096995,1.6567018594318593e-12
4,-0.309563617059718,-0.23565090513510956,-5.499999999998916,5.499999999998916,3.0,0.050586337265266984,0.04604792416829451,1.6573331999709703e-12
