epoch,beta,coefficient,loss,expected_cut,best_measured_cut,success_probability_ancilla_1,max_postselected_probability,grad
0,0.36046505447850946,0.27145214146773544,-5.814978561103432,5.814978561103432,5.0,0.11054295655231859,0.03754853450866434,-0.06255446263493036
1,0.3704048215525903,0.27830250521010774,-5.815480566177495,5.815480566177495,5.0,0.11135179235313536,0.037701120136495486,-0.054425887839174264
2,0.38023383396619387,0.2850292573717799,-5.815902169459125,5.815902169459125,5.0,0.11216378084990525,0.03784429343642635,-0.04663096052213663
3,0.3898929131016893,0.29159313110176804,-5.816246675757437,5.816246675757437,5.0,0.11297302548967278,0.03797770574820052,-0.039203015423865346
4,0.39931412228454877,0.29795017549090486,-5.816518529634427,5.816518529634427,5.0,0.1137726658964274,0.03810105269063299,-0.03217495454361679
5,0.4084213017659304,0.30405229328863365,-5.816723362183527,5.816723362183527,5.0,0.11455492184544963,0.03821408911542331,-0.025578552752046766
6,0.4171315459250332,0.30984834505330566,-5.816867970711164,5.816867970711164,5.0,0.11531123293820764,0.03831664606271394,-0.019443543580800936
