{
  "config": {
    "N_VERTICES": 4,
    "PROB_ARESTA": 0.85,
    "COM_PESO": false,
    "PESO_MIN": 1,
    "PESO_MAX": 1,
    "GRAPH_SEED": 104882,
    "GRAPH_EDGES": [
      [
        0,
        1,
        1.0
      ],
      [
        0,
        2,
        1.0
      ],
      [
        0,
        3,
        1.0
      ],
      [
        2,
        3,
        1.0
      ]
    ],
    "REVERSE_BITS": false,
    "ER": 1.0,
    "MAX_TERMS": null,
    "A_MAX": 0.7853981633974483,
    "INIT_BETA": 0.35,
    "MAX_EPOCHS": 200,
    "LR": 0.01,
    "FD_EPS": 0.01,
    "LOSS_TOL_LAST5": 0.001,
    "PATIENCE_LAST5": 5,
    "TRAIN_SEED": 3,
    "INIT_BETA_JITTER": 0.05,
    "OPTIMIZER": "adam",
    "ADAM_BETA1": 0.9,
    "ADAM_BETA2": 0.999,
    "ADAM_EPS": 1e-08,
    "COEF_ZERO_TOL": 0.005,
    "IMPROVEMENT_TOL": 0.003,
    "SATURATION_PATIENCE": 40,
    "INDEX_STRATEGY": "ascending",
    "INDEX_RANDOM_SEED": 42,
    "ENABLE_BACKWARD_PRUNING": false,
    "BACKWARD_PASSES": 1,
    "PRUNE_IMPROVEMENT_TOL": 1e-06,
    "OUTDIR": "benchmark_results_walsh_article/unweighted/sparse_threshold/n4/graph07_trainseed03",
    "SHOW_PLOTS": false,
    "name": "sparse_threshold"
  },
  "n_qubits_register": 4,
  "graph_edges": [
    [
      0,
      1,
      1.0
    ],
    [
      0,
      2,
      1.0
    ],
    [
      0,
      3,
      1.0
    ],
    [
      2,
      3,
      1.0
    ]
  ],
  "graph_signature": "0c4184843706290033a85b58881df740fdc53f7edeeaffa6a9dd8c38dfc1a494",
  "graph_num_edges": 4,
  "graph_density": 0.6666666666666666,
  "best_cut_bruteforce": 3.0,
  "best_bitstring_bruteforce": "0101",
  "best_index_bruteforce": 5,
  "candidate_order": [
    1,
    2,
    3,
    4,
    5,
    6,
    7,
    8,
    9,
    10,
    11,
    12,
    13,
    14,
    15
  ],
  "total_possible_parameters": 15,
  "visited_parameters": 15,
  "trained_coefficients": {
    "0": 0.0,
    "1": -0.23491350072140166,
    "2": 0.23551786100133126,
    "3": 0.0,
    "4": 0.17075295077812627,
    "5": 0.0,
    "6": 0.0,
    "7": -0.20587737989889782,
    "8": 0.03276781416008469,
    "9": 0.0,
    "10": 0.0,
    "11": -0.03196369908818592,
    "12": 0.0,
    "13": 0.014563552515539115,
    "14": -0.007049630325692633,
    "15": 0.0
  },
  "final_coefficient_vector": [
    0.0,
    -0.23491350072140166,
    0.23551786100133126,
    0.0,
    0.17075295077812627,
    0.0,
    0.0,
    -0.20587737989889782,
    0.03276781416008469,
    0.0,
    0.0,
    -0.03196369908818592,
    0.0,
    0.014563552515539115,
    -0.007049630325692633,
    0.0
  ],
  "active_indices": [
    1,
    2,
    4,
    7,
    8,
    11,
    13,
    14
  ],
  "active_parameter_count": 8,
  "compression_ratio_active_over_total": 0.5333333333333333,
  "final_loss": -2.995221471605817,
  "final_expected_cut": 2.995221471605817,
  "best_expected_cut_over_evolution": 2.995221471605817,
  "final_best_measured_index": 7,
  "final_best_measured_bitstring": "0111",
  "final_best_measured_cut": 3.0,
  "best_measured_cut_over_evolution": 3.0,
  "final_success_probability_ancilla_1": 0.043477977679534346,
  "final_max_postselected_probability": 0.26646239519394077,
  "gap_expected_to_bruteforce": 0.004778528394183024,
  "gap_measured_to_bruteforce": 0.0,
  "approx_ratio_measured": 1.0,
  "n_steps": 15,
  "elapsed_seconds": 23.738564252853394,
  "steps": [
    {
      "visit_idx": 1,
      "j": 1,
      "kept": true,
      "beta": -0.3085321588025974,
      "coefficient": -0.23491350072140166,
      "loss": -2.0,
      "expected_cut": 2.0,
      "best_measured_cut": 0.0,
      "success_probability_ancilla_1": 0.013732760777672801,
      "epochs_run": 5,
      "stop_reason": "loss_plateau_last5",
      "history_path": "benchmark_results_walsh_article/unweighted/sparse_threshold/n4/graph07_trainseed03/histories/history_visit001_j001.json",
      "improvement_vs_previous": 2.0
    },
    {
      "visit_idx": 2,
      "j": 2,
      "kept": true,
      "beta": 0.3093774719313871,
      "coefficient": 0.23551786100133126,
      "loss": -2.499998318787181,
      "expected_cut": 2.499998318787181,
      "best_measured_cut": 1.0,
      "success_probability_ancilla_1": 0.02715683379522682,
      "epochs_run": 5,
      "stop_reason": "loss_plateau_last5",
      "history_path": "benchmark_results_walsh_article/unweighted/sparse_threshold/n4/graph07_trainseed03/histories/history_visit002_j002.json",
      "improvement_vs_previous": 0.4999983187871808
    },
    {
      "visit_idx": 3,
      "j": 3,
      "kept": false,
      "beta": -0.0018521558743768724,
      "coefficient": 0.0,
      "loss": -2.499998318787181,
      "expected_cut": 2.499998318787181,
      "best_measured_cut": 1.0,
      "success_probability_ancilla_1": 0.02715683379522682,
      "epochs_run": 42,
      "stop_reason": "loss_plateau_last5_and_discarded_near_zero",
      "history_path": "benchmark_results_walsh_article/unweighted/sparse_threshold/n4/graph07_trainseed03/histories/history_visit003_j003.json",
      "improvement_vs_previous": 0.0
    },
    {
      "visit_idx": 4,
      "j": 4,
      "kept": true,
      "beta": 0.22093537924477244,
      "coefficient": 0.17075295077812627,
      "loss": -2.675684032287669,
      "expected_cut": 2.675684032287669,
      "best_measured_cut": 3.0,
      "success_probability_ancilla_1": 0.03403334393984134,
      "epochs_run": 12,
      "stop_reason": "loss_plateau_last5",
      "history_path": "benchmark_results_walsh_article/unweighted/sparse_threshold/n4/graph07_trainseed03/histories/history_visit004_j004.json",
      "improvement_vs_previous": 0.17568571350048812
    },
    {
      "visit_idx": 5,
      "j": 5,
      "kept": false,
      "beta": 0.001557561546991203,
      "coefficient": 0.0,
      "loss": -2.675684032287669,
      "expected_cut": 2.675684032287669,
      "best_measured_cut": 3.0,
      "success_probability_ancilla_1": 0.03403334393984134,
      "epochs_run": 43,
      "stop_reason": "loss_plateau_last5_and_discarded_near_zero",
      "history_path": "benchmark_results_walsh_article/unweighted/sparse_threshold/n4/graph07_trainseed03/histories/history_visit005_j005.json",
      "improvement_vs_previous": 0.0
    },
    {
      "visit_idx": 6,
      "j": 6,
      "kept": false,
      "beta": 0.000751812955075315,
      "coefficient": 0.0,
      "loss": -2.675684032287669,
      "expected_cut": 2.675684032287669,
      "best_measured_cut": 3.0,
      "success_probability_ancilla_1": 0.03403334393984134,
      "epochs_run": 36,
      "stop_reason": "loss_plateau_last5_and_discarded_near_zero",
      "history_path": "benchmark_results_walsh_article/unweighted/sparse_threshold/n4/graph07_trainseed03/histories/history_visit006_j006.json",
      "improvement_vs_previous": 0.0
    },
    {
      "visit_idx": 7,
      "j": 7,
      "kept": true,
      "beta": -0.26839550735878814,
      "coefficient": -0.20587737989889782,
      "loss": -2.98187231252891,
      "expected_cut": 2.98187231252891,
      "best_measured_cut": 3.0,
      "success_probability_ancilla_1": 0.04293028363796324,
      "epochs_run": 16,
      "stop_reason": "loss_plateau_last5",
      "history_path": "benchmark_results_walsh_article/unweighted/sparse_threshold/n4/graph07_trainseed03/histories/history_visit007_j007.json",
      "improvement_vs_previous": 0.306188280241241
    },
    {
      "visit_idx": 8,
      "j": 8,
      "kept": true,
      "beta": 0.041745509684875615,
      "coefficient": 0.03276781416008469,
      "loss": -2.98792600947704,
      "expected_cut": 2.98792600947704,
      "best_measured_cut": 3.0,
      "success_probability_ancilla_1": 0.043175646334457064,
      "epochs_run": 36,
      "stop_reason": "loss_plateau_last5",
      "history_path": "benchmark_results_walsh_article/unweighted/sparse_threshold/n4/graph07_trainseed03/histories/history_visit008_j008.json",
      "improvement_vs_previous": 0.006053696948129961
    },
    {
      "visit_idx": 9,
      "j": 9,
      "kept": false,
      "beta": -0.0016612333619707665,