epoch,beta,coefficient,loss,expected_cut,best_measured_cut,success_probability_ancilla_1,max_postselected_probability,grad
0,-0.433651106768939,-0.427642042580639,-5.499999999999211,5.499999999999211,0.0,0.06975166506050136,0.015624999999997759,3.141636698224526e-12
1,-0.43365124728355076,-0.42764216518837006,-5.499999999999208,5.499999999999208,0.0,0.06975170410003903,0.015624999999997748,3.1439081391720388e-12
2,-0.433651419569565,-0.4276423155186051,-5.499999999999212,5.499999999999212,0.0,0.06975175196671514,0.015624999999997762,3.1544670418782576e-12
3,-0.43365161833382954,-0.4276424889527298,-5.499999999999209,5.499999999999209,0.0,0.06975180718992367,0.015624999999997755,3.1403648325663323e-12
4,-0.4336518406313073,-0.42764268292100643,-5.4999999999992095,5.4999999999992095,0.0,0.06975186895144124,0.015624999999997755,3.152599370406091e-12
