epoch,beta,coefficient,loss,expected_cut,best_measured_cut,success_probability_ancilla_1,max_postselected_probability,grad
0,-0.5425801857848361,-0.518298475232045,-5.499999999999738,5.499999999999738,3.0,0.2110684155503982,0.04367966993009514,2.664909472411409e-13
1,-0.5425801977750441,-0.5182984847123623,-5.49999999999974,5.49999999999974,3.0,0.21106841814183042,0.0436796698252701,2.69693639254758e-13
2,-0.542580212402528,-0.5182984962778987,-5.49999999999974,5.49999999999974,3.0,0.21106842130325476,0.04367966969738851,2.655139954983619e-13
3,-0.542580229259798,-0.5182985096064636,-5.499999999999741,5.499999999999741,3.0,0.2110684249466006,0.0436796695500129,2.656231814816e-13
4,-0.5425802480825135,-0.5182985244890499,-5.499999999999739,5.499999999999739,3.0,0.2110684290147365,0.04367966938545424,2.6560269103503625e-13
