{
  "0": 0.0,
  "1": -0.5458249099088284,
  "2": 0.5476287738382752,
  "3": -0.006889318352365551,
  "4": -0.29891402990004806,
  "5": -0.003415021514896151,
  "6": 0.0094870629434222,
  "7": 0.4094750782819452,
  "8": 0.006104251414729593,
  "9": 0.0012516486093627612,
  "10": 0.0012186565401768835,
  "11": -0.06747356870569411,
  "12": 0.0,
  "13": 0.09794990180320258,
  "14": -0.2179204712174281,
  "15": 0.0016014813112201092
}