epoch,beta,coefficient,loss,expected_cut,best_measured_cut,success_probability_ancilla_1,max_postselected_probability,grad
0,0.2888719909391926,0.17661799102805448,-2.9997420776558896,2.9997420776558896,2.0,0.008452998315572351,0.12496775970728198,-0.0023405191881030185
1,0.28173490117207284,0.1724797259606945,-2.999982571902412,2.999982571902412,2.0,0.008252087684099903,0.12499782148810426,0.05273908861440065
2,0.27475569954305007,0.1684172942831628,-2.9999395521221057,2.9999395521221057,2.0,0.00805946627886303,0.12499244401557331,0.01410049744193344
3,0.27220646699364404,0.1669296317475012,-2.9998506318526736,2.9998506318526736,2.0,0.007990070601818302,0.1249813289818971,-0.02698936859589782
4,0.2735847960188253,0.16773423830684073,-2.999903728379352,2.999903728379352,2.0,0.008027527407521705,0.1249879660477305,-0.042850751979414604
5,0.2768456528800348,0.16963541909157767,-2.9999826768196636,2.9999826768196636,2.0,0.008116744736739182,0.12499783460276588,-0.03421685621290337
6,0.28052399722530785,0.17177599215831502,-2.9999954850541513,2.9999954850541513,2.0,0.008218392986749215,0.12499943563207311,-0.014330501564314594
