epoch,beta,coefficient,loss,expected_cut,best_measured_cut,success_probability_ancilla_1,max_postselected_probability,grad
0,0.2983028797899155,0.22757598873662926,-5.161679973701446,5.161679973701446,6.0,0.21250037587821297,0.06993410761541967,0.0763874853634628
1,0.2883978159339962,0.22042945341475184,-5.162237820835988,5.162237820835988,6.0,0.2120397741131455,0.0699716090921686,0.06306531374811769
2,0.2786921619891121,0.21338813758977118,-5.1626526137935995,5.1626526137935995,6.0,0.2116003374621071,0.07000230107255351,0.04951541710164635
3,0.2693361408882633,0.20656521887712403,-5.162925970101396,5.162925970101396,6.0,0.2111881708581087,0.07002607194242981,0.03590480006932334
4,0.26053626995334667,0.20011713949850732,-5.163067262783596,5.163067262783596,7.0,0.21081100477794446,0.07023619002251785,0.022480508698560605
5,0.25255495999246375,0.19424377494095277,-5.163096422852323,5.163096422852323,7.0,0.21047791899493729,0.07044390711385203,0.009589913864966507
