epoch,beta,coefficient,loss,expected_cut,best_measured_cut,success_probability_ancilla_1,max_postselected_probability,grad
0,-0.2551840279207484,-0.156944860095567,-2.4999999999927756,2.4999999999927756,0.0,0.003459833752069069,0.06249999999981938,5.418051522495804e-11
1,-0.25518644970167087,-0.15694628680454523,-2.4999999999927747,2.4999999999927747,0.0,0.003459896583021346,0.06249999999981937,5.417826709634536e-11
2,-0.25518941499880365,-0.15694803370506397,-2.4999999999927747,2.4999999999927747,0.0,0.00345997351568904,0.06249999999981937,5.418606921200047e-11
3,-0.25519283804551723,-0.15695005026943165,-2.4999999999927747,2.4999999999927747,0.0,0.003460062325284195,0.06249999999981937,5.418340146582144e-11
4,-0.25519666392457346,-0.15695230414384684,-2.4999999999927756,2.4999999999927756,0.0,0.0034601615873698123,0.06249999999981938,5.4176890027598314e-11
5,-0.2552008536441632,-0.15695477235644412,-2.4999999999927756,2.4999999999927756,0.0,0.0034602702906751247,0.06249999999981938,5.417361755041958e-11
6,-0.2552053776247552,-0.15695743748028904,-2.4999999999927756,2.4999999999927756,0.0,0.0034603876681194466,0.062499999999819394,5.4169903246817054e-11
