epoch,beta,coefficient,loss,expected_cut,best_measured_cut,success_probability_ancilla_1,max_postselected_probability,grad
0,0.24219812237190527,0.14927019277172002,-2.9993694774090223,2.9993694774090223,2.0,0.006568252056577752,0.12492118467650848,-0.18805073479147086
1,0.2516056492635036,0.15483490311543052,-2.999953994355688,2.999953994355688,2.0,0.006804066890742968,0.12499424929482837,-0.09978132358434659
2,0.25959676154827754,0.15954159292132417,-2.9999323675923346,2.9999323675923346,2.0,0.0070102275887107554,0.12499154594939849,-0.025908078887610816
3,0.26526190583698545,0.16286679121351297,-2.9996555937764744,2.9996555937764744,2.0,0.0071595799552721055,0.12495694922240845,0.030367034158210682
4,0.2682238786593426,0.16460147172305784,-2.999430566012006,2.999430566012006,2.0,0.0072387103852707265,0.12492882075184618,0.06689327258898317
5,0.2687784162988192,0.16492593868043387,-2.9993825517389974,2.9993825517389974,2.0,0.007253604101595544,0.12492281896771935,0.08493284356778681
6,0.26749553377860213,0.16417516473957278,-2.999490837489545,2.999490837489545,2.0,0.007219186354376412,0.12493635468653944,0.08823174561182877
