epoch,beta,coefficient,loss,expected_cut,best_measured_cut,success_probability_ancilla_1,max_postselected_probability,grad
0,-0.3118791950241703,-0.23730468160430654,-6.3526320888711805,6.3526320888711805,8.0,0.13422663581716895,0.07015121063236593,-0.07187487653419668
1,-0.3020069117306623,-0.23023800759661944,-6.353118109452291,6.353118109452291,8.0,0.1335934901940996,0.07007892847898166,-0.05686372952778321
2,-0.29241897408780754,-0.22333559673511935,-6.3534426091978755,6.3534426091978755,8.0,0.13299272610895133,0.06999780163143139,-0.041510014204938855
3,-0.28335656879263427,-0.2167768099592226,-6.353611409374494,6.353611409374494,8.0,0.13243807086169945,0.06991097914109295,-0.026097542054531492
4,-0.27516077185599414,-0.2108168709438992,-6.353645342350158,6.353645342350158,8.0,0.13194776960687804,0.06982378495880548,-0.011083734387220377
5,-0.268242832211104,-0.2057657040525652,-6.353584062403833,6.353584062403833,8.0,0.1315424641647511,0.06974365380224254,0.002860500468301355
