epoch,beta,coefficient,loss,expected_cut,best_measured_cut,success_probability_ancilla_1,max_postselected_probability,grad
0,0.4177298433832826,0.4136600240525446,-6.815411440836733,6.815411440836733,7.0,0.3666576639142198,0.04260252265272864,0.027993318878870476
1,0.4083213363137365,0.40531405970092194,-6.815491543797232,6.815491543797232,7.0,0.3655400942545341,0.04272407779188435,0.01486458250486559
2,0.40064252653713045,0.39845720071342333,-6.815466651315223,6.815466651315223,7.0,0.3646328688339872,0.04282147368544717,0.0020959391962239197
3,0.39609744405522135,0.39437966876505043,-6.815412783124774,6.815412783124774,7.0,0.3640980847860168,0.04287832052123328,-0.008624072255341137
4,0.3948840051025563,0.3932886868122048,-6.815393408466695,6.815393408466695,7.0,0.36395559640475045,0.04289339385486988,-0.015095500064375364
