epoch,beta,coefficient,loss,expected_cut,best_measured_cut,success_probability_ancilla_1,max_postselected_probability,grad
0,-0.5425801865305192,-0.5182984758216355,-5.999999999999714,5.999999999999714,4.0,0.21106844046471854,0.04367967042830976,2.9007155899154573e-13
1,-0.5425801995298375,-0.5182984860998276,-5.999999999999716,5.999999999999716,4.0,0.21106844327424867,0.043679670314662564,2.913542665527612e-13
2,-0.5425802154756751,-0.5182984987077488,-5.999999999999715,5.999999999999715,4.0,0.21106844672060726,0.043679670175255245,2.9218094871182015e-13
3,-0.5425802339010777,-0.5182985132761916,-5.999999999999716,5.999999999999716,4.0,0.21106845070287178,0.04367967001417019,2.922196075734489e-13
4,-0.5425802544458096,-0.5182985295203275,-5.999999999999716,5.999999999999716,4.0,0.211068455143185,0.04367966983455678,2.8863193335726726e-13
