epoch,beta,coefficient,loss,expected_cut,best_measured_cut,success_probability_ancilla_1,max_postselected_probability,grad
0,0.4660730312534312,0.45555286758614466,-5.999999999999567,5.999999999999567,4.0,0.13764392954133522,0.031215461065586734,-7.772201080531347e-13
1,0.4660730659551213,0.45555289704866037,-5.999999999999564,5.999999999999564,4.0,0.13764393808447864,0.031215460994818298,-7.751871608645828e-13
2,0.4660731084487205,0.455552933126681,-5.999999999999567,5.999999999999567,4.0,0.13764394854589762,0.031215460908159468,-7.763253734679985e-13
3,0.4660731575693961,0.45555297483123663,-5.999999999999567,5.999999999999567,4.0,0.13764396063882453,0.031215460807985658,-7.7978400032805e-13
4,0.46607321246666833,0.45555302144025045,-5.999999999999563,5.999999999999563,4.0,0.13764397415388152,0.031215460696031216,-7.768146007063691e-13
