epoch,beta,coefficient,loss,expected_cut,best_measured_cut,success_probability_ancilla_1,max_postselected_probability,grad
0,-0.4336511156854712,-0.42764205036086794,-5.99999999999914,5.99999999999914,0.0,0.06975166753780436,0.015624999999997759,3.423608058544984e-12
1,-0.43365126879206706,-0.42764218395588605,-5.99999999999914,5.99999999999914,0.0,0.06975171007580609,0.015624999999997759,3.425257534994353e-12
2,-0.43365145613789685,-0.4276423474267404,-5.99999999999914,5.99999999999914,0.0,0.06975176212659197,0.015624999999997762,3.4183789370090905e-12
3,-0.4336516724171124,-0.4276425361437371,-5.999999999999142,5.999999999999142,0.0,0.06975182221602907,0.015624999999997766,3.4225300232764383e-12
4,-0.4336519142056398,-0.42764274711914724,-5.99999999999914,5.99999999999914,0.0,0.06975188939280277,0.015624999999997762,3.4247528919090338e-12
