{
  "0": 0.0,
  "1": -0.24005735290299485,
  "2": 0.23964239679361238,
  "3": -0.0019145113159471077,
  "4": 0.0,
  "5": 0.0,
  "6": 0.0016691102088544011,
  "7": 0.0011397687879909084,
  "8": 0.0,
  "9": 0.002051977024755566,
  "10": -0.0019590511285874066,
  "11": 0.0,
  "12": -0.0014130433708712683,
  "13": 0.16742923841964605,
  "14": -0.20157865579145123,
  "15": 0.0015512568677307202
}