{
  "0": 0.0,
  "1": -0.29757911161040335,
  "2": 0.2971484546616188,
  "3": -0.2609222754896774,
  "4": 0.4410150383114968,
  "5": 0.0,
  "6": 0.3046774449848846,
  "7": -0.30551914086069887,
  "8": -0.22783181171919858,
  "9": -0.08293192201332852,
  "10": -0.12603908516545195,
  "11": 0.12348872035099834,
  "12": 0.14968849556465422,
  "13": 0.23167870556144426,
  "14": -0.17673174771102554,
  "15": 0.16392428757646507
}