{
  "config": {
    "N_VERTICES": 4,
    "PROB_ARESTA": 1.0,
    "COM_PESO": false,
    "PESO_MIN": 1,
    "PESO_MAX": 1,
    "GRAPH_SEED": 10414,
    "GRAPH_EDGES": [
      [
        0,
        1,
        1.0
      ],
      [
        0,
        2,
        1.0
      ],
      [
        0,
        3,
        1.0
      ],
      [
        1,
        2,
        1.0
      ],
      [
        1,
        3,
        1.0
      ],
      [
        2,
        3,
        1.0
      ]
    ],
    "REVERSE_BITS": false,
    "ER": 1.25,
    "MAX_TERMS": null,
    "A_MAX": 1.0471975511965976,
    "INIT_BETA": 0.5,
    "MAX_EPOCHS": 200,
    "LR": 0.01,
    "FD_EPS": 0.01,
    "LOSS_TOL_LAST5": 0.0005,
    "PATIENCE_LAST5": 5,
    "TRAIN_SEED": 8,
    "INIT_BETA_JITTER": 0.08,
    "OPTIMIZER": "adam",
    "ADAM_BETA1": 0.9,
    "ADAM_BETA2": 0.999,
    "ADAM_EPS": 1e-08,
    "COEF_ZERO_TOL": 0.0005,
    "IMPROVEMENT_TOL": 0.0005,
    "SATURATION_PATIENCE": 150,
    "INDEX_STRATEGY": "ascending",
    "INDEX_RANDOM_SEED": 42,
    "ENABLE_BACKWARD_PRUNING": false,
    "BACKWARD_PASSES": 1,
    "PRUNE_IMPROVEMENT_TOL": 1e-06,
    "OUTDIR": "benchmark_results_walsh_article/unweighted/aggressive_loader/n4/graph00_trainseed08",
    "SHOW_PLOTS": false,
    "name": "aggressive_loader"
  },
  "n_qubits_register": 4,
  "graph_edges": [
    [
      0,
      1,
      1.0
    ],
    [
      0,
      2,
      1.0
    ],
    [
      0,
      3,
      1.0
    ],
    [
      1,
      2,
      1.0
    ],
    [
      1,
      3,
      1.0
    ],
    [
      2,
      3,
      1.0
    ]
  ],
  "graph_signature": "539b127eb8e4096db3ab2abb5616611adf3c9b3f188a9792b883b1dea6c065fa",
  "graph_num_edges": 6,
  "graph_density": 1.0,
  "best_cut_bruteforce": 4.0,
  "best_bitstring_bruteforce": "0011",
  "best_index_bruteforce": 3,
  "candidate_order": [
    1,
    2,
    3,
    4,
    5,
    6,
    7,
    8,
    9,
    10,
    11,
    12,
    13,
    14,
    15
  ],
  "total_possible_parameters": 15,
  "visited_parameters": 15,
  "trained_coefficients": {
    "0": 0.0,
    "1": -0.5458248923457325,
    "2": 0.5476287571146856,
    "3": -0.006889316590226293,
    "4": 0.0038186063993925178,
    "5": 0.0014017613885603506,
    "6": 0.011216435253527224,
    "7": -0.013789929322795798,
    "8": 0.008200576785748861,
    "9": -0.004665619810076572,
    "10": 0.010020601632383979,
    "11": -0.00996235970556634,
    "12": -0.008063606086784613,
    "13": 0.30241213664526656,
    "14": -0.40675872907791616,
    "15": -0.0030211683698028297
  },
  "final_coefficient_vector": [
    0.0,
    -0.5458248923457325,
    0.5476287571146856,
    -0.006889316590226293,
    0.0038186063993925178,
    0.0014017613885603506,
    0.011216435253527224,
    -0.013789929322795798,
    0.008200576785748861,
    -0.004665619810076572,
    0.010020601632383979,
    -0.00996235970556634,
    -0.008063606086784613,
    0.30241213664526656,
    -0.40675872907791616,
    -0.0030211683698028297
  ],
  "active_indices": [
    1,
    2,
    3,
    4,
    5,
    6,
    7,
    8,
    9,
    10,
    11,
    12,
    13,
    14,
    15
  ],
  "active_parameter_count": 15,
  "compression_ratio_active_over_total": 1.0,
  "final_loss": -3.9184613662252907,
  "final_expected_cut": 3.9184613662252907,
  "best_expected_cut_over_evolution": 3.9184613662252907,
  "final_best_measured_index": 10,
  "final_best_measured_bitstring": "1010",
  "final_best_measured_cut": 4.0,
  "best_measured_cut_over_evolution": 4.0,
  "final_success_probability_ancilla_1": 0.22035256277992643,
  "final_max_postselected_probability": 0.23363271953233486,
  "gap_expected_to_bruteforce": 0.08153863377470927,
  "gap_measured_to_bruteforce": 0.0,
  "approx_ratio_measured": 1.0,
  "n_steps": 15,
  "elapsed_seconds": 43.1206750869751,
  "steps": [
    {
      "visit_idx": 1,
      "j": 1,
      "kept": true,
      "beta": -0.5780193720207178,
      "coefficient": -0.5458248923457325,
      "loss": -3.0,
      "expected_cut": 3.0,
      "best_measured_cut": 0.0,
      "success_probability_ancilla_1": 0.11193182625999537,
      "epochs_run": 5,
      "stop_reason": "loss_plateau_last5",
      "history_path": "benchmark_results_walsh_article/unweighted/aggressive_loader/n4/graph00_trainseed08/histories/history_visit001_j001.json",
      "improvement_vs_previous": 3.0
    },
    {
      "visit_idx": 2,
      "j": 2,
      "kept": true,
      "beta": 0.5803873985918532,
      "coefficient": 0.5476287571146856,
      "loss": -3.4999968121154286,
      "expected_cut": 3.4999968121154286,
      "best_measured_cut": 3.0,
      "success_probability_ancilla_1": 0.19935871248606452,
      "epochs_run": 5,
      "stop_reason": "loss_plateau_last5",
      "history_path": "benchmark_results_walsh_article/unweighted/aggressive_loader/n4/graph00_trainseed08/histories/history_visit002_j002.json",
      "improvement_vs_previous": 0.49999681211542857
    },
    {
      "visit_idx": 3,
      "j": 3,
      "kept": true,
      "beta": -0.00657890765366438,
      "coefficient": -0.006889316590226293,
      "loss": -3.499950315925461,
      "expected_cut": 3.499950315925461,
      "best_measured_cut": 3.0,
      "success_probability_ancilla_1": 0.19936986026260037,
      "epochs_run": 58,
      "stop_reason": "loss_plateau_last5",
      "history_path": "benchmark_results_walsh_article/unweighted/aggressive_loader/n4/graph00_trainseed08/histories/history_visit003_j003.json",
      "improvement_vs_previous": -4.6496189967548673e-05
    },
    {
      "visit_idx": 4,
      "j": 4,
      "kept": true,
      "beta": 0.003646516667707261,
      "coefficient": 0.0038186063993925178,
      "loss": -3.4999225372750047,
      "expected_cut": 3.4999225372750047,
      "best_measured_cut": 3.0,
      "success_probability_ancilla_1": 0.19937328503343632,
      "epochs_run": 64,
      "stop_reason": "loss_plateau_last5",
      "history_path": "benchmark_results_walsh_article/unweighted/aggressive_loader/n4/graph00_trainseed08/histories/history_visit004_j004.json",
      "improvement_vs_previous": -2.7778650456333764e-05
    },
    {
      "visit_idx": 5,
      "j": 5,
      "kept": true,
      "beta": 0.0013385843236432228,
      "coefficient": 0.0014017613885603506,
      "loss": -3.499939532881243,
      "expected_cut": 3.499939532881243,
      "best_measured_cut": 3.0,
      "success_probability_ancilla_1": 0.19937376420036323,
      "epochs_run": 56,
      "stop_reason": "loss_plateau_last5",
      "history_path": "benchmark_results_walsh_article/unweighted/aggressive_loader/n4/graph00_trainseed08/histories/history_visit005_j005.json",
      "improvement_vs_previous": 1.6995606238356942e-05
    },
    {
      "visit_idx": 6,
      "j": 6,
      "kept": true,
      "beta": 0.010711316312657424,
      "coefficient": 0.011216435253527224,
      "loss": -3.499936892159994,
      "expected_cut": 3.499936892159994,
      "best_measured_cut": 3.0,
      "success_probability_ancilla_1": 0.19940806803272101,
      "epochs_run": 51,
      "stop_reason": "loss_plateau_last5",
      "history_path": "benchmark_results_walsh_article/unweighted/aggressive_loader/n4/graph00_trainseed08/histories/history_visit006_j006.json",
      "improvement_vs_previous": -2.6407212492252086e-06
    },
    {
      "visit_idx": 7,
      "j": 7,
      "kept": true,
      "beta": -0.013169173744223639,
      "coefficient": -0.013789929322795798,
      "loss": -3.4999025326907858,
      "expected_cut": 3.4999025326907858,
      "best_measured_cut": 3.0,
      "success_probability_ancilla_1": 0.19943587787197758,
      "epochs_run": 63,
      "stop_reason": "loss_plateau_last5",
      "history_path": "benchmark_results_walsh_article/unweighted/aggressive_loader/n4/graph00_trainseed08/histories/history_visit007_j007.json",
      "improvement_vs_previous": -3.435946920804511e-05
    },
    {
      "visit_idx": 8,
      "j": 8,
      "kept": true,
      "beta": 0.00783113407178032,
      "coefficient": 0.008200576785748861,