{
  "0": 0.0,
  "1": -0.5458248923457325,
  "2": 0.5476287571146856,
  "3": -0.006889316590226293,
  "4": 0.0038186063993925178,
  "5": 0.0014017613885603506,
  "6": 0.011216435253527224,
  "7": -0.013789929322795798,
  "8": 0.008200576785748861,
  "9": -0.004665619810076572,
  "10": 0.010020601632383979,
  "11": -0.00996235970556634,
  "12": -0.008063606086784613,
  "13": 0.30241213664526656,
  "14": -0.40675872907791616,
  "15": -0.0030211683698028297
}