{
  "config": {
    "N_VERTICES": 4,
    "PROB_ARESTA": 0.55,
    "COM_PESO": false,
    "PESO_MIN": 1,
    "PESO_MAX": 1,
    "GRAPH_SEED": 105087,
    "GRAPH_EDGES": [
      [
        0,
        1,
        1.0
      ],
      [
        1,
        2,
        1.0
      ],
      [
        1,
        3,
        1.0
      ]
    ],
    "REVERSE_BITS": false,
    "ER": 1.0,
    "MAX_TERMS": null,
    "A_MAX": 0.7853981633974483,
    "INIT_BETA": 0.35,
    "MAX_EPOCHS": 200,
    "LR": 0.01,
    "FD_EPS": 0.01,
    "LOSS_TOL_LAST5": 0.001,
    "PATIENCE_LAST5": 5,
    "TRAIN_SEED": 2,
    "INIT_BETA_JITTER": 0.05,
    "OPTIMIZER": "adam",
    "ADAM_BETA1": 0.9,
    "ADAM_BETA2": 0.999,
    "ADAM_EPS": 1e-08,
    "COEF_ZERO_TOL": 0.001,
    "IMPROVEMENT_TOL": 0.001,
    "SATURATION_PATIENCE": 100,
    "INDEX_STRATEGY": "ascending",
    "INDEX_RANDOM_SEED": 42,
    "ENABLE_BACKWARD_PRUNING": false,
    "BACKWARD_PASSES": 1,
    "PRUNE_IMPROVEMENT_TOL": 1e-06,
    "OUTDIR": "benchmark_results_walsh_article/unweighted/baseline/n4/graph09_trainseed02",
    "SHOW_PLOTS": false,
    "name": "baseline"
  },
  "n_qubits_register": 4,
  "graph_edges": [
    [
      0,
      1,
      1.0
    ],
    [
      1,
      2,
      1.0
    ],
    [
      1,
      3,
      1.0
    ]
  ],
  "graph_signature": "e05b7736fa85fadb9e519d205bc71874029e7ff2544024339aba6060afa201c5",
  "graph_num_edges": 3,
  "graph_density": 0.5,
  "best_cut_bruteforce": 3.0,
  "best_bitstring_bruteforce": "0100",
  "best_index_bruteforce": 4,
  "candidate_order": [
    1,
    2,
    3,
    4,
    5,
    6,
    7,
    8,
    9,
    10,
    11,
    12,
    13,
    14,
    15
  ],
  "total_possible_parameters": 15,
  "visited_parameters": 15,
  "trained_coefficients": {
    "0": 0.0,
    "1": -0.2347146987318715,
    "2": 0.2332630774221532,
    "3": -0.0010555207524831928,
    "4": -0.1652794299115568,
    "5": 0.0,
    "6": -0.001426582760757635,
    "7": 0.19906542752163628,
    "8": -0.0997753189817762,
    "9": 0.002140181778926407,
    "10": -0.0024161485265110864,
    "11": 0.13218103759101116,
    "12": 0.0,
    "13": -0.12216364708071697,
    "14": 0.13349075213513661,
    "15": -0.0022231175215583878
  },
  "final_coefficient_vector": [
    0.0,
    -0.2347146987318715,
    0.2332630774221532,
    -0.0010555207524831928,
    -0.1652794299115568,
    0.0,
    -0.001426582760757635,
    0.19906542752163628,
    -0.0997753189817762,
    0.002140181778926407,
    -0.0024161485265110864,
    0.13218103759101116,
    0.0,
    -0.12216364708071697,
    0.13349075213513661,
    -0.0022231175215583878
  ],
  "active_indices": [
    1,
    2,
    3,
    4,
    6,
    7,
    8,
    9,
    10,
    11,
    13,
    14,
    15
  ],
  "active_parameter_count": 13,
  "compression_ratio_active_over_total": 0.8666666666666667,
  "final_loss": -2.892489284643321,
  "final_expected_cut": 2.892489284643321,
  "best_expected_cut_over_evolution": 2.89250097771271,
  "final_best_measured_index": 11,
  "final_best_measured_bitstring": "1011",
  "final_best_measured_cut": 3.0,
  "best_measured_cut_over_evolution": 3.0,
  "final_success_probability_ancilla_1": 0.05165995820634435,
  "final_max_postselected_probability": 0.46018607685171337,
  "gap_expected_to_bruteforce": 0.10751071535667922,
  "gap_measured_to_bruteforce": 0.0,
  "approx_ratio_measured": 1.0,
  "n_steps": 15,
  "elapsed_seconds": 9.876376628875732,
  "steps": [
    {
      "visit_idx": 1,
      "j": 1,
      "kept": true,
      "beta": -0.3082541897576786,
      "coefficient": -0.2347146987318715,
      "loss": -1.5,
      "expected_cut": 1.5,
      "best_measured_cut": 0.0,
      "success_probability_ancilla_1": 0.013709633924500333,
      "epochs_run": 5,
      "stop_reason": "loss_plateau_last5",
      "history_path": "benchmark_results_walsh_article/unweighted/baseline/n4/graph09_trainseed02/histories/history_visit001_j001.json",
      "improvement_vs_previous": 1.5
    },
    {
      "visit_idx": 2,
      "j": 2,
      "kept": true,
      "beta": 0.3062258989380135,
      "coefficient": 0.2332630774221532,
      "loss": -1.9999902007602115,
      "expected_cut": 1.9999902007602115,
      "best_measured_cut": 3.0,
      "success_probability_ancilla_1": 0.026879687892343355,
      "epochs_run": 6,
      "stop_reason": "loss_plateau_last5",
      "history_path": "benchmark_results_walsh_article/unweighted/baseline/n4/graph09_trainseed02/histories/history_visit002_j002.json",
      "improvement_vs_previous": 0.4999902007602115
    },
    {
      "visit_idx": 3,
      "j": 3,
      "kept": true,
      "beta": -0.001343931571464562,
      "coefficient": -0.0010555207524831928,
      "loss": -1.999985019844416,
      "expected_cut": 1.999985019844416,
      "best_measured_cut": 1.0,
      "success_probability_ancilla_1": 0.02687995144968013,
      "epochs_run": 38,
      "stop_reason": "loss_plateau_last5",
      "history_path": "benchmark_results_walsh_article/unweighted/baseline/n4/graph09_trainseed02/histories/history_visit003_j003.json",
      "improvement_vs_previous": -5.1809157954885166e-06
    },
    {
      "visit_idx": 4,
      "j": 4,
      "kept": true,
      "beta": -0.21363201056819606,
      "coefficient": -0.1652794299115568,
      "loss": -2.175225231984127,
      "expected_cut": 2.175225231984127,
      "best_measured_cut": 2.0,
      "success_probability_ancilla_1": 0.033327432844967204,
      "epochs_run": 63,
      "stop_reason": "loss_plateau_last5",
      "history_path": "benchmark_results_walsh_article/unweighted/baseline/n4/graph09_trainseed02/histories/history_visit004_j004.json",
      "improvement_vs_previous": 0.1752402121397112
    },
    {
      "visit_idx": 5,
      "j": 5,
      "kept": false,
      "beta": -0.0012570553362800828,
      "coefficient": 0.0,
      "loss": -2.175225231984127,
      "expected_cut": 2.175225231984127,
      "best_measured_cut": 2.0,
      "success_probability_ancilla_1": 0.033327432844967204,
      "epochs_run": 39,
      "stop_reason": "loss_plateau_last5_and_discarded_near_zero",
      "history_path": "benchmark_results_walsh_article/unweighted/baseline/n4/graph09_trainseed02/histories/history_visit005_j005.json",
      "improvement_vs_previous": 0.0
    },
    {
      "visit_idx": 6,
      "j": 6,
      "kept": true,
      "beta": -0.0018163835823988787,
      "coefficient": -0.001426582760757635,
      "loss": -2.175214475093674,
      "expected_cut": 2.175214475093674,
      "best_measured_cut": 2.0,
      "success_probability_ancilla_1": 0.03332787968835798,
      "epochs_run": 44,
      "stop_reason": "loss_plateau_last5",
      "history_path": "benchmark_results_walsh_article/unweighted/baseline/n4/graph09_trainseed02/histories/history_visit006_j006.json",
      "improvement_vs_previous": -1.0756890453045287e-05
    },
    {
      "visit_idx": 7,
      "j": 7,
      "kept": true,
      "beta": 0.2591047389960918,
      "coefficient": 0.19906542752163628,
      "loss": -2.4788885515990096,
      "expected_cut": 2.4788885515990096,
      "best_measured_cut": 2.0,
      "success_probability_ancilla_1": 0.04166923379557842,
      "epochs_run": 70,
      "stop_reason": "loss_plateau_last5",
      "history_path": "benchmark_results_walsh_article/unweighted/baseline/n4/graph09_trainseed02/histories/history_visit007_j007.json",
      "improvement_vs_previous": 0.3036740765053354
    },
    {
      "visit_idx": 8,
      "j": 8,
      "kept": true,
      "beta": -0.12772798201501975,
      "coefficient": -0.0997753189817762,
      "loss": -2.5424979877859544,
      "expected_cut": 2.5424979877859544,
      "best_measured_cut": 3.0,
      "success_probability_ancilla_1": 0.04394870939458337,
      "epochs_run": 56,
      "stop_reason": "loss_plateau_last5",
      "history_path": "benchmark_results_walsh_article/unweighted/baseline/n4/graph09_trainseed02/histories/history_visit008_j008.json",
      "improvement_vs_previous": 0.06360943618694481
    },
    {
      "visit_idx": 9,
      "j": 9,