{
  "0": 0.0,
  "1": -0.2347146987318715,
  "2": 0.2332630774221532,
  "3": -0.0010555207524831928,
  "4": -0.1652794299115568,
  "5": 0.0,
  "6": -0.001426582760757635,
  "7": 0.19906542752163628,
  "8": -0.0997753189817762,
  "9": 0.002140181778926407,
  "10": -0.0024161485265110864,
  "11": 0.13218103759101116,
  "12": 0.0,
  "13": -0.12216364708071697,
  "14": 0.13349075213513661,
  "15": -0.0022231175215583878
}