epoch,beta,coefficient,loss,expected_cut,best_measured_cut,success_probability_ancilla_1,max_postselected_probability,grad
0,0.26027903629647253,0.15994256994523795,-3.8379788172023352,3.8379788172023352,3.0,0.022579940587627332,0.03789377921835047,-0.1183399197225062
1,0.2702046044250755,0.16575998513873555,-3.8388935849538632,3.8388935849538632,3.0,0.022839285920378757,0.03814548573510771,-0.10065543351353543
2,0.279990571940273,0.17146583659592338,-3.8396348838772254,3.8396348838772254,3.0,0.023102481415848045,0.038377767994579697,-0.0837847453960219
3,0.28955869027253817,0.1770152878656647,-3.8402119181339676,3.8402119181339676,3.0,0.023366840324407546,0.03859003011513941,-0.0678311199597514
4,0.2988176023466807,0.1823570029821931,-3.8406371801084473,3.8406371801084473,3.0,0.023629102235016634,0.03878184166681295,-0.05289454226423598
5,0.3076643265294742,0.18743417782480984,-3.8409265178977186,3.8409265178977186,3.0,0.023885463390082254,0.03895298363130608,-0.0390686629044883
6,0.31598782803022657,0.192186680690469,-3.8410989023070368,3.8410989023070368,3.0,0.024131686541232406,0.039103494586204116,-0.0264368320264433
7,0.32367492599255776,0.19655438478405768,-3.841175795214403,3.841175795214403,3.0,0.024363305014131184,0.039233707829412365,-0.015067387946721732
8,0.330618183565516,0.2004814470309348,-3.8411800889875867,3.8411800889875867,3.0,0.024575913931175995,0.039344267680758854,-0.005008725845231346
