epoch,beta,coefficient,loss,expected_cut,best_measured_cut,success_probability_ancilla_1,max_postselected_probability,grad
0,0.21172521844519776,0.13107806965435065,-3.49769186377238,3.49769186377238,1.0,0.012336705991509458,0.06161571757835823,0.006052575328539512
1,0.20171344970234847,0.1250488717773939,-3.4977591125861074,3.4977591125861074,1.0,0.012124204926721043,0.061447908801603314,0.006492398767641705
2,0.19168182117843993,0.11898356894822214,-3.497831065410573,3.497831065410573,1.0,0.011920496981829096,0.06123354661584474,0.006943137224216525
3,0.18162308788126239,0.11287869816996383,-3.497907881810879,3.497907881810879,1.0,0.01172565907854672,0.06096981339149468,0.007403309522847165
4,0.17153042362008467,0.1067310201546731,-3.4979897091648926,3.4979897091648926,1.0,0.011539799097231337,0.06065384677291839,0.00787113754196252
5,0.16139747831307724,0.10053756611705714,-3.4980766779947974,3.4980766779947974,1.0,0.01136305567257613,0.060282775961935244,0.008344517118611876
6,0.1512184278005736,0.09429568019667885,-3.4981688967814812,3.4981688967814812,1.0,0.011195597377480026,0.05985376623922518,0.008820993939063198
