epoch,beta,coefficient,loss,expected_cut,best_measured_cut,success_probability_ancilla_1,max_postselected_probability,grad
0,0.24963637650928214,0.15367214850065347,-4.560877728907396,4.560877728907396,6.0,0.05095766544452167,0.0979128963821046,-0.1484407020470868
1,0.2595610019192109,0.15952057293458421,-4.562020874469617,4.562020874469617,6.0,0.05117596439019288,0.09812012899213228,-0.12607575584280842
2,0.2693411056391563,0.1652550787625094,-4.562939140985398,4.562939140985398,6.0,0.05139839582509835,0.09830659083697399,-0.10437397768245092
3,0.27889029666786175,0.170825805857899,-4.56364110957142,4.56364110957142,6.0,0.051622420526489896,0.09847197594643625,-0.08349413972180061
4,0.28810353248168247,0.17617320974277523,-4.564140695918163,4.564140695918163,6.0,0.051844826949088825,0.09861624427455572,-0.0636121228841005
5,0.2968577719303909,0.18122868989009464,-4.564457856123654,4.564457856123654,6.0,0.05206172071835677,0.09873969649552823,-0.04491891722871005
6,0.30501605854859815,0.1859171013048318,-4.5646187730971715,4.5646187730971715,6.0,0.052268621620302894,0.09884304141065625,-0.027615080981369156
7,0.312436061996513,0.19016163944868764,-4.5646551423577755,4.5646551423577755,6.0,0.052460708919524375,0.09892743259076771,-0.011900434421941788
8,0.3189828934895866,0.19389090446293222,-4.564602288861622,4.564602288861622,6.0,0.05263322044463062,0.09899444702478379,0.0020412484668579107
