epoch,beta,coefficient,loss,expected_cut,best_measured_cut,success_probability_ancilla_1,max_postselected_probability,grad
0,-0.2386415369519772,-0.1471598745801532,-4.419135964009237,4.419135964009237,6.0,0.046095098504587026,0.07255582022855334,0.11849567855862861
1,-0.2485409059981027,-0.15302484377813869,-4.4199939835014295,4.4199939835014295,6.0,0.04632006786878141,0.07281295626831238,0.0970685895068181
2,-0.25824019608428606,-0.1587439186199094,-4.420638387127137,4.420638387127137,6.0,0.046547894352616304,0.07304981090499116,0.076366254022422
3,-0.2676090349901981,-0.16424160873061358,-4.421081142510348,4.421081142510348,6.0,0.04677476625261531,0.07326463736105814,0.05659684324983496
4,-0.2764838933234504,-0.16942466640313308,-4.421342004537449,4.421342004537449,6.0,0.046995710928706844,0.07345569146627245,0.038003480855583104
5,-0.2846726854450108,-0.17418511356049546,-4.421449491983046,4.421449491983046,6.0,0.04720467143181963,0.07362141459416582,0.0208605743662531
6,-0.29197026931667625,-0.17840931176222036,-4.421440303860344,4.421440303860344,6.0,0.047394926546111486,0.07376069998932352,0.00545908593951542
7,-0.298185458960355,-0.1819932053910237,-4.421356325697059,4.421356325697059,6.0,0.04755990498479798,0.0738731796746752,-0.007922798872979048
