epoch,beta,coefficient,loss,expected_cut,best_measured_cut,success_probability_ancilla_1,max_postselected_probability,grad
0,-0.22573816342021938,-0.13947438180539848,-3.499999999996488,3.499999999996488,1.0,0.009970642296366643,0.04656265034754367,8.117313170052157e-12
1,-0.22573852629649538,-0.13947459857241132,-3.499999999996491,3.499999999996491,1.0,0.009970650660495744,0.046562654545824325,8.115737815231499e-12
2,-0.22573897054784972,-0.13947486394942307,-3.49999999999649,3.49999999999649,1.0,0.009970660900298299,0.0465626596855039,8.113276908355178e-12
3,-0.22573948336108793,-0.13947517028234596,-3.4999999999964877,3.4999999999964877,1.0,0.009970672720444397,0.04656266561830601,8.113542549291881e-12
4,-0.2257400566338181,-0.1394755127311277,-3.49999999999649,3.49999999999649,1.0,0.009970685934185751,0.046562672250456606,8.119244551891334e-12
5,-0.2257406844199802,-0.13947588774381844,-3.499999999996491,3.499999999996491,1.0,0.009970700404476378,0.04656267951312962,8.11331432544977e-12
6,-0.22574136229792138,-0.1394762926790853,-3.499999999996489,3.499999999996489,1.0,0.009970716029407127,0.04656268735513586,8.113093502435794e-12
