epoch,beta,coefficient,loss,expected_cut,best_measured_cut,success_probability_ancilla_1,max_postselected_probability,grad
0,-0.2840554801388511,-0.17382705462414513,-4.321215876996568,4.321215876996568,6.0,0.04133649127508899,0.06514369637045374,0.13651019022635993
1,-0.2939763437407535,-0.1795674788428786,-4.322257754756029,4.322257754756029,6.0,0.04160006245299643,0.06534282673271857,0.11528764668998003
2,-0.30374591444390986,-0.1851886462319225,-4.32308868628238,4.32308868628238,6.0,0.04186639182936909,0.06552468685427734,0.09485479850800677
3,-0.3132746681676423,-0.19064016560351663,-4.323718527539651,4.323718527539651,6.0,0.04213246113686922,0.0656887763320223,0.0753552833066143
4,-0.32245474156568726,-0.19586248241558457,-4.324162066408512,4.324162066408512,6.0,0.042394522140391154,0.06583475192497196,0.05694360089107522
5,-0.33116122979400464,-0.20078786187583017,-4.3244395025010895,4.3244395025010895,6.0,0.04264811526247465,0.06596248806407104,0.039782124117675184
6,-0.3392570258381385,-0.20534325269318102,-4.324576395551704,4.324576395551704,6.0,0.04288821420405211,0.06607214063661154,0.024035011813424503
7,-0.346601972302899,-0.20945536160130085,-4.3246027760274695,4.3246027760274695,6.0,0.04310953155282159,0.0661641983714793,0.009858357999389437
8,-0.35306578327069404,-0.2130575543151537,-4.324551254950305,4.324551254950305,6.0,0.04330697565129442,0.0662395005379585,-0.0026130443290764247
