{
  "0": 0.0,
  "1": -0.520292294224728,
  "2": 0.497761221784294,
  "3": -0.4931795551989872,
  "4": 0.47092826105734426,
  "5": 0.6676442334673698,
  "6": 0.42700410396275185,
  "7": -0.3584057473961666,
  "8": -0.21250269762606488,
  "9": -0.5155339056811368,
  "10": 0.2991870429371037,
  "11": 0.006184309549112032,
  "12": -0.3026887761441921,
  "13": 0.21521226186746098,
  "14": -0.2023660180775924,
  "15": -0.296096765174735,
  "16": 0.03872417578143392,
  "17": 0.07248510012922274,
  "18": 0.05400773262430298,
  "19": 0.054638357208253815,
  "20": -0.2198708167598727,
  "21": 0.059047713937024,
  "22": -0.09595233842515485,
  "23": -0.12222697991036478,
  "24": 0.4563711456627016,
  "25": -0.07322970020419077,
  "26": 0.16427597613484995,
  "27": 0.07729736137685712,
  "28": 0.03194609145887024,
  "29": -0.12144606240319399,
  "30": 0.11353079038745607,
  "31": -0.14099538163814754,
  "32": -0.03612542275933099,
  "33": 0.11058962057051473,
  "34": -0.0010143233137508202,
  "35": 0.005106338692408525,
  "36": -0.046146532631152495,
  "37": 0.13105147081498392,
  "38": -0.04113719952340217,
  "39": -0.10411744463659324,
  "40": -0.026878787583521125,
  "41": -0.10356973793191225,
  "42": 0.05254754798049773,
  "43": 0.1534087676689085,
  "44": 0.06400203392392777,
  "45": 0.02276309712735924,
  "46": 0.0693578902803646,
  "47": 0.031691118814196846,
  "48": -0.06158892313610106,
  "49": -0.03819821624040139,
  "50": 0.0754727381770742,
  "51": -0.1723394049052013,
  "52": -0.0708678385137193,
  "53": -0.06454736346091895,
  "54": 0.0745058387965268,
  "55": -0.1714770821931927,
  "56": 0.1419007549834641,
  "57": -0.04859768947113627,
  "58": 0.07180849045159508,
  "59": -0.018328583954600405,
  "60": 0.006346446049864839,
  "61": -0.07346320451711062,
  "62": 0.07735386494963793,
  "63": -0.11848043727676988
}