epoch,beta,coefficient,loss,expected_cut,best_measured_cut,success_probability_ancilla_1,max_postselected_probability,grad
0,-0.25952968735561216,-0.1595021655031299,-2.4999999999930034,2.4999999999930034,0.0,0.0035733678504032826,0.0624999999998251,5.150723097396767e-11
1,-0.25953198967126767,-0.1595035188679826,-2.499999999993004,2.499999999993004,0.0,0.0035734284178849897,0.0624999999998251,5.150503769445306e-11
2,-0.25953480854776545,-0.1595051758794386,-2.4999999999930047,2.4999999999930047,0.0,0.003573502575236876,0.06249999999982511,5.150497581895086e-11
3,-0.25953806238402927,-0.15950708856900034,-2.499999999993004,2.499999999993004,0.0,0.0035735881760768523,0.0624999999998251,5.1496591584385234e-11
4,-0.2595416991714374,-0.15950922636346263,-2.4999999999930047,2.4999999999930047,0.0,0.003573683852509525,0.062499999999825126,5.1499338205807625e-11
5,-0.2595456817850685,-0.15951156743868686,-2.4999999999930056,2.4999999999930056,0.0,0.003573788628183561,0.06249999999982514,5.149278985577195e-11
6,-0.2595499822033755,-0.15951409532175936,-2.4999999999930047,2.4999999999930047,0.0,0.003573901766229323,0.062499999999825126,5.149484630036531e-11
