epoch,beta,coefficient,loss,expected_cut,best_measured_cut,success_probability_ancilla_1,max_postselected_probability,grad
0,0.29907225688993483,0.22812939824754705,-3.170005206033946,3.170005206033946,4.0,0.05122453232872404,0.18344163644255174,0.15262021551302615
1,0.28917800788340464,0.22099382398687153,-3.1710861975710074,3.1710861975710074,4.0,0.05049248900048428,0.18295540287967046,0.12416770258362224
2,0.2795222186928902,0.21399180268706572,-3.1718438623937972,3.1718438623937972,4.0,0.04979639541100017,0.18240472181967926,0.09400457681911688
3,0.2703152018210384,0.2072807965259029,-3.1722753851126995,3.1722753851126995,4.0,0.04914994777626444,0.181806383670588,0.0626045454280525
4,0.26186851218413837,0.2010952174684703,-3.1724071195533736,3.1724071195533736,4.0,0.0485720947588317,0.18119200409356284,0.030834151299807835
5,0.25458616143919177,0.19574074354083074,-3.172307665104867,3.172307665104867,4.0,0.048085829319224005,0.1806102734609305,0.00010492541980901554
6,0.24888013765723493,0.19153166253465134,-3.172086275537592,3.172086275537592,4.0,0.04771267741988894,0.18011983347522706,-0.027606713926746726
