epoch,beta,coefficient,loss,expected_cut,best_measured_cut,success_probability_ancilla_1,max_postselected_probability,grad
0,-0.32338015826044386,-0.24548410728969444,-3.4786019284400562,3.4786019284400562,4.0,0.060198866896589265,0.2451396737497656,0.05208073355372867
1,-0.3313464791399358,-0.25111545605891883,-3.478551741295886,3.478551741295886,4.0,0.06078077845549266,0.24525625329313225,0.00984184754396542
2,-0.3345547996069854,-0.25337534570970677,-3.4784603727506234,3.4784603727506234,4.0,0.06101822001129151,0.2452890560531399,-0.022205733809122642
3,-0.33379582030540167,-0.25284115363173126,-3.4784856052981175,3.4784856052981175,4.0,0.060961891259576156,0.24528201620156576,-0.03471344763427916
4,-0.3308797502483752,-0.25078631222999515,-3.478561676478881,3.478561676478881,4.0,0.06074638316361742,0.245250813382712,-0.031775164664325145
