{
  "0": 0.0,
  "1": -0.2701883470865823,
  "2": 0.26959916482835733,
  "3": -0.0010318838922536927,
  "4": 0.0,
  "5": 0.0016941206252860555,
  "6": -0.0013606837593844049,
  "7": 0.0,
  "8": 0.0014515561551795243,
  "9": 0.0,
  "10": 0.001543295738725571,
  "11": -0.002298703393548246,
  "12": -0.0034142327914371572,
  "13": 0.18304495658250736,
  "14": -0.2199827586380584,
  "15": 0.0,
  "16": 0.0,
  "17": 0.0,
  "18": 0.0,
  "19": 0.0022185778748098814,
  "20": 0.001954897022532444,
  "21": 0.04416639013924163,
  "22": -0.047514612539674435,
  "23": 0.0,
  "24": 0.0,
  "25": 0.021536440871005313,
  "26": -0.014032982620998571,
  "27": 0.0,
  "28": 0.015571953351484633,
  "29": 0.0,
  "30": 0.0,
  "31": 0.00986621161900863,
  "32": -0.0010626781574213332,
  "33": 0.0,
  "34": 0.0,
  "35": 0.002404696549118859,
  "36": 0.0,
  "37": 0.02367809637693688,
  "38": -0.015925250139204407,
  "39": -0.0010990824254519126,
  "40": 0.0,
  "41": 0.018062905381538194,
  "42": -0.015572219903712846,
  "43": 0.0,
  "44": 0.0046017454765230606,
  "45": 0.002138127817772188,
  "46": 0.0,
  "47": 0.005598393947749472,
  "48": 0.0,
  "49": 0.061495989597851165,
  "50": -0.0943096004110441,
  "51": 0.0,
  "52": 0.004308904253481919,
  "53": 0.0,
  "54": 0.0011323720977786627,
  "55": 0.0020030837946473866,
  "56": -0.0010863427953696058,
  "57": -0.0013505499039787139,
  "58": 0.0,
  "59": 0.0017725013735703518,
  "60": -0.001350051908545517,
  "61": -0.15324091063351286,
  "62": 0.18114000207878886,
  "63": 0.0
}