epoch,beta,coefficient,loss,expected_cut,best_measured_cut,success_probability_ancilla_1,max_postselected_probability,grad
0,-0.3823776340973553,-0.2864901003371467,-4.409131902292008,4.409131902292008,4.0,0.17681305587769366,0.05488514694118594,-0.048409939383871094
1,-0.3724165425636684,-0.27968313466663963,-4.409544114918495,4.409544114918495,4.0,0.17618967735924473,0.05478624356130443,-0.04376939456979945
2,-0.3625300279911003,-0.2728792109734226,-4.4099050316709985,4.4099050316709985,4.0,0.17558157098599883,0.05468152729679704,-0.03896491720389905
3,-0.35276343036913227,-0.26611175868477294,-4.410212687491661,4.410212687491661,4.0,0.17499162205321908,0.0545715346119413,-0.03401734413331809
4,-0.34317376640479275,-0.25942317923325375,-4.410465860265001,4.410465860265001,4.0,0.1744231743189838,0.054457077812356765,-0.028955524399662064
5,-0.33383179048961265,-0.252866476408584,-4.410664375720728,4.410664375720728,4.0,0.17388007170043465,0.05433931172760834,-0.02381815946228313
6,-0.32482361354837347,-0.24650657820395988,-4.410809458849575,4.410809458849575,4.0,0.1733666655631263,0.054219798209080086,-0.018655709891854746
