epoch,beta,coefficient,loss,expected_cut,best_measured_cut,success_probability_ancilla_1,max_postselected_probability,grad
0,-0.3987623513782935,-0.29757910519372016,-3.999999999998181,3.999999999998181,0.0,0.021975443861896,0.015624999999992895,8.160342702479461e-12
1,-0.39876271645547096,-0.29757935076232733,-3.9999999999981783,3.9999999999981783,0.0,0.021975479863075395,0.015624999999992884,8.170547347372695e-12
2,-0.3987631635604116,-0.297579651506692,-3.9999999999981783,3.9999999999981783,0.0,0.0219755239532447,0.015624999999992884,8.170366177555818e-12
3,-0.39876367981463,-0.29757999876407204,-3.99999999999818,3.99999999999818,0.0,0.02197557486243749,0.015624999999992891,8.173662052561772e-12
4,-0.39876425687688793,-0.29758038692369876,-3.99999999999818,3.99999999999818,0.0,0.021975631768116437,0.015624999999992891,8.170416279506242e-12
