{
  "config": {
    "N_VERTICES": 4,
    "PROB_ARESTA": 0.55,
    "COM_PESO": false,
    "PESO_MIN": 1,
    "PESO_MAX": 1,
    "GRAPH_SEED": 104577,
    "GRAPH_EDGES": [
      [
        0,
        2,
        1.0
      ],
      [
        2,
        3,
        1.0
      ]
    ],
    "REVERSE_BITS": false,
    "ER": 1.25,
    "MAX_TERMS": null,
    "A_MAX": 1.0471975511965976,
    "INIT_BETA": 0.5,
    "MAX_EPOCHS": 200,
    "LR": 0.01,
    "FD_EPS": 0.01,
    "LOSS_TOL_LAST5": 0.0005,
    "PATIENCE_LAST5": 5,
    "TRAIN_SEED": 4,
    "INIT_BETA_JITTER": 0.08,
    "OPTIMIZER": "adam",
    "ADAM_BETA1": 0.9,
    "ADAM_BETA2": 0.999,
    "ADAM_EPS": 1e-08,
    "COEF_ZERO_TOL": 0.0005,
    "IMPROVEMENT_TOL": 0.0005,
    "SATURATION_PATIENCE": 150,
    "INDEX_STRATEGY": "ascending",
    "INDEX_RANDOM_SEED": 42,
    "ENABLE_BACKWARD_PRUNING": false,
    "BACKWARD_PASSES": 1,
    "PRUNE_IMPROVEMENT_TOL": 1e-06,
    "OUTDIR": "benchmark_results_walsh_article/unweighted/aggressive_loader/n4/graph04_trainseed04",
    "SHOW_PLOTS": false,
    "name": "aggressive_loader"
  },
  "n_qubits_register": 4,
  "graph_edges": [
    [
      0,
      2,
      1.0
    ],
    [
      2,
      3,
      1.0
    ]
  ],
  "graph_signature": "ab3e1e60a1be6f27a830f37b39d70bd64af7163327db0f23a1fcb2724d77253c",
  "graph_num_edges": 2,
  "graph_density": 0.3333333333333333,
  "best_cut_bruteforce": 2.0,
  "best_bitstring_bruteforce": "0010",
  "best_index_bruteforce": 2,
  "candidate_order": [
    1,
    2,
    3,
    4,
    5,
    6,
    7,
    8,
    9,
    10,
    11,
    12,
    13,
    14,
    15
  ],
  "total_possible_parameters": 15,
  "visited_parameters": 15,
  "trained_coefficients": {
    "0": 0.0,
    "1": -0.5046060193634254,
    "2": 0.451963133300896,
    "3": -0.4441672218760837,
    "4": 0.7049371326937183,
    "5": -0.013197402247807558,
    "6": 0.4514034396662362,
    "7": -0.45263784765675724,
    "8": -0.15582732945555025,
    "9": -0.2843885411745972,
    "10": 0.005544304357892862,
    "11": -0.011291099498648366,
    "12": 0.4401728537950978,
    "13": 0.041780259124284465,
    "14": 0.04396422533392468,
    "15": -0.047759858789792255
  },
  "final_coefficient_vector": [
    0.0,
    -0.5046060193634254,
    0.451963133300896,
    -0.4441672218760837,
    0.7049371326937183,
    -0.013197402247807558,
    0.4514034396662362,
    -0.45263784765675724,
    -0.15582732945555025,
    -0.2843885411745972,
    0.005544304357892862,
    -0.011291099498648366,
    0.4401728537950978,
    0.041780259124284465,
    0.04396422533392468,
    -0.047759858789792255
  ],
  "active_indices": [
    1,
    2,
    3,
    4,
    5,
    6,
    7,
    8,
    9,
    10,
    11,
    12,
    13,
    14,
    15
  ],
  "active_parameter_count": 15,
  "compression_ratio_active_over_total": 1.0,
  "final_loss": -1.7732521661668827,
  "final_expected_cut": 1.7732521661668827,
  "best_expected_cut_over_evolution": 1.7732521661668827,
  "final_best_measured_index": 9,
  "final_best_measured_bitstring": "1001",
  "final_best_measured_cut": 2.0,
  "best_measured_cut_over_evolution": 2.0,
  "final_success_probability_ancilla_1": 0.25604010565931284,
  "final_max_postselected_probability": 0.24259467828282166,
  "gap_expected_to_bruteforce": 0.22674783383311725,
  "gap_measured_to_bruteforce": 0.0,
  "approx_ratio_measured": 1.0,
  "n_steps": 15,
  "elapsed_seconds": 25.54440140724182,
  "steps": [
    {
      "visit_idx": 1,
      "j": 1,
      "kept": true,
      "beta": -0.525408166958271,
      "coefficient": -0.5046060193634254,
      "loss": -1.0,
      "expected_cut": 1.0,
      "best_measured_cut": 0.0,
      "success_probability_ancilla_1": 0.09620950744977641,
      "epochs_run": 5,
      "stop_reason": "loss_plateau_last5",
      "history_path": "benchmark_results_walsh_article/unweighted/aggressive_loader/n4/graph04_trainseed04/histories/history_visit001_j001.json",
      "improvement_vs_previous": 1.0
    },
    {
      "visit_idx": 2,
      "j": 2,
      "kept": true,
      "beta": 0.46185268960316034,
      "coefficient": 0.451963133300896,
      "loss": -1.0,
      "expected_cut": 1.0,
      "best_measured_cut": 0.0,
      "success_probability_ancilla_1": 0.15895319036225664,
      "epochs_run": 5,
      "stop_reason": "loss_plateau_last5",
      "history_path": "benchmark_results_walsh_article/unweighted/aggressive_loader/n4/graph04_trainseed04/histories/history_visit002_j002.json",
      "improvement_vs_previous": 0.0
    },
    {
      "visit_idx": 3,
      "j": 3,
      "kept": true,
      "beta": -0.45273972097401416,
      "coefficient": -0.4441672218760837,
      "loss": -0.9999999999999998,
      "expected_cut": 0.9999999999999998,
      "best_measured_cut": 1.0,
      "success_probability_ancilla_1": 0.21018173745975383,
      "epochs_run": 5,
      "stop_reason": "loss_plateau_last5",
      "history_path": "benchmark_results_walsh_article/unweighted/aggressive_loader/n4/graph04_trainseed04/histories/history_visit003_j003.json",
      "improvement_vs_previous": -2.220446049250313e-16
    },
    {
      "visit_idx": 4,
      "j": 4,
      "kept": true,
      "beta": 0.8165091189983356,
      "coefficient": 0.7049371326937183,
      "loss": -1.2586828950675932,
      "expected_cut": 1.2586828950675932,
      "best_measured_cut": 1.0,
      "success_probability_ancilla_1": 0.315603753133675,
      "epochs_run": 37,
      "stop_reason": "loss_plateau_last5",
      "history_path": "benchmark_results_walsh_article/unweighted/aggressive_loader/n4/graph04_trainseed04/histories/history_visit004_j004.json",
      "improvement_vs_previous": 0.25868289506759345
    },
    {
      "visit_idx": 5,
      "j": 5,
      "kept": true,
      "beta": -0.012603258089255987,
      "coefficient": -0.013197402247807558,
      "loss": -1.2584309414529145,
      "expected_cut": 1.2584309414529145,
      "best_measured_cut": 1.0,
      "success_probability_ancilla_1": 0.3141786296718898,
      "epochs_run": 59,
      "stop_reason": "loss_plateau_last5",
      "history_path": "benchmark_results_walsh_article/unweighted/aggressive_loader/n4/graph04_trainseed04/histories/history_visit005_j005.json",
      "improvement_vs_previous": -0.0002519536146787793
    },
    {
      "visit_idx": 6,
      "j": 6,
      "kept": true,
      "beta": 0.46119606109557193,
      "coefficient": 0.4514034396662362,
      "loss": -1.342144973086337,
      "expected_cut": 1.342144973086337,
      "best_measured_cut": 1.0,
      "success_probability_ancilla_1": 0.28807266083366234,
      "epochs_run": 6,
      "stop_reason": "loss_plateau_last5",
      "history_path": "benchmark_results_walsh_article/unweighted/aggressive_loader/n4/graph04_trainseed04/histories/history_visit006_j006.json",
      "improvement_vs_previous": 0.08371403163342261
    },
    {
      "visit_idx": 7,
      "j": 7,
      "kept": true,
      "beta": -0.4626447547035569,
      "coefficient": -0.45263784765675724,
      "loss": -1.4688569687502975,
      "expected_cut": 1.4688569687502975,
      "best_measured_cut": 1.0,
      "success_probability_ancilla_1": 0.2517563561372215,
      "epochs_run": 6,
      "stop_reason": "loss_plateau_last5",
      "history_path": "benchmark_results_walsh_article/unweighted/aggressive_loader/n4/graph04_trainseed04/histories/history_visit007_j007.json",
      "improvement_vs_previous": 0.1267119956639604
    },
    {
      "visit_idx": 8,
      "j": 8,
      "kept": true,
      "beta": -0.1499172720733024,
      "coefficient": -0.15582732945555025,
      "loss": -1.4923663170329022,
      "expected_cut": 1.4923663170329022,
      "best_measured_cut": 1.0,
      "success_probability_ancilla_1": 0.2564507752813879,
      "epochs_run": 81,
      "stop_reason": "loss_plateau_last5",
      "history_path": "benchmark_results_walsh_article/unweighted/aggressive_loader/n4/graph04_trainseed04/histories/history_visit008_j008.json",
      "improvement_vs_previous": 0.02350934828260476
    },
    {
      "visit_idx": 9,