{
  "0": 0.0,
  "1": -0.2836360650802483,
  "2": 0.2846071125628563,
  "3": -0.0012883801694949344,
  "4": 0.0,
  "5": 0.0028316045436951724,
  "6": -0.002454373736718272,
  "7": 0.0,
  "8": -0.0013847291348877651,
  "9": 0.002676367896879678,
  "10": 0.0,
  "11": 0.0,
  "12": -0.0014064302413312347,
  "13": 0.0,
  "14": 0.0,
  "15": -0.0012062028637226333,
  "16": 0.0017844143277007758,
  "17": 0.0,
  "18": 0.0,
  "19": -0.003450204618494859,
  "20": 0.0013707747791330631,
  "21": 0.0017634671497190938,
  "22": 0.0,
  "23": 0.0,
  "24": -0.0036670541391884493,
  "25": 0.1907754673284175,
  "26": -0.2283259532378664,
  "27": 0.0,
  "28": 0.018581939037524864,
  "29": 0.001075216252273521,
  "30": 0.004280973302313365,
  "31": 0.007819581614936857,
  "32": 0.0,
  "33": -0.0020243164550651773,
  "34": 0.0023290742839808727,
  "35": -0.0012764411123628136,
  "36": -0.0011803107127378882,
  "37": 0.0,
  "38": 0.0,
  "39": 0.0013828940463770094,
  "40": -0.0025597529463436686,
  "41": 0.11524503935787536,
  "42": -0.14942231821953017,
  "43": 0.0,
  "44": 0.015205583461606848,
  "45": 0.0,
  "46": 0.004074535368097642,
  "47": 0.009444266324715388,
  "48": 0.0019068005787294042,
  "49": -0.11182475781043182,
  "50": 0.17196182115457365,
  "51": -0.0013218390919558817,
  "52": -0.033831509269733204,
  "53": -0.0018006443084346365,
  "54": -0.0030607734017719657,
  "55": -0.016500745984109815,
  "56": 0.0029871661125575226,
  "57": 0.0028757527816847895,
  "58": -0.0010447880162369055,
  "59": 0.005543192959694117,
  "60": -0.002736694606355908,
  "61": -0.003461332531412751,
  "62": -0.0014003887130247493,
  "63": -0.002676821135429287,
  "64": -0.07550867489619961,
  "65": 0.0,
  "66": 0.0,
  "67": 0.09820093427242554,
  "68": 0.0,
  "69": 0.06210031703618676,
  "70": -0.09422544893331548,
  "71": 0.0,
  "72": 0.0010750387878329236,
  "73": 0.007639165151353944,
  "74": -0.0017251567945022687,
  "75": 0.0,
  "76": 0.0,
  "77": -0.0033445642719589206,
  "78": -0.001331261226282209,
  "79": 0.001563025286698528,
  "80": 0.0016283195961301002,
  "81": 0.0338032991573907,
  "82": -0.06697476673701151,
  "83": -0.0012191263057400898,
  "84": 0.02498900962377554,
  "85": 0.0,
  "86": 0.0,
  "87": 0.012560018575948618,
  "88": 0.07378020896913622,
  "89": -0.001894774213962651,
  "90": 0.0,
  "91": -0.08551527512554861,
  "92": 0.003020852244854655,
  "93": -0.06527562610228853,
  "94": 0.07808275964763697,
  "95": 0.0029250779904389256,
  "96": 0.0,
  "97": 0.04537724644024654,
  "98": -0.07962315098441038,
  "99": 0.0,
  "100": 0.030758766399712586,
  "101": 0.0,
  "102": 0.0,
  "103": 0.0036409069707790103,
  "104": 0.04415372719902909,
  "105": -0.001716826642931188,
  "106": -0.0015209787325512314,
  "107": -0.04472471505432518,
  "108": 0.0045683846380993745,
  "109": -0.03901973924024826,
  "110": 0.04174305663928637,
  "111": 0.0015812965035722295,
  "112": -0.029243956176305493,
  "113": 0.0021072160115676152,
  "114": -0.001127054276821548,
  "115": 0.07280765358037253,
  "116": 0.0,
  "117": 0.007144402429498141,
  "118": -0.07594398013473636,
  "119": -0.0012229125958918869,
  "120": 0.0030899176549933956,
  "121": -0.054909507192447485,
  "122": 0.07370039205280705,
  "123": 0.0015911127629399757,
  "124": -0.02033499418711652,
  "125": -0.003335464679680989,
  "126": -0.0028919204813204376,
  "127": 0.024446952958257082,
  "128": 0.0036617234856534705,
  "129": 0.0,
  "130": 0.0,
  "131": -0.009383285463599724,
  "132": 0.0,
  "133": 0.04746495824611185,
  "134": -0.04932700755331139,
  "135": 0.0,
  "136": 0.0014180197106850821,
  "137": 0.038515451944674574,
  "138": -0.045013021799550086,
  "139": 0.0,
  "140": 0.0,
  "141": 0.0015871333499184446,
  "142": 0.0,
  "143": 0.0,
  "144": 0.0,
  "145": -0.030780612110318427,
  "146": 0.05921234068541251,
  "147": 0.0,
  "148": -0.017296666347544953,
  "149": 0.0,
  "150": 0.0,
  "151": -0.005275174503066088,
  "152": -0.005469552798139093,
  "153": 0.0,
  "154": 0.0,
  "155": 0.011628462087625769,
  "156": -0.002795839598558544,
  "157": -0.036507098085908456,
  "158": 0.04737738969272535,
  "159": -0.0021211750626002985,
  "160": 0.0,
  "161": -0.014904043327735136,
  "162": 0.040060153281993215,
  "163": 0.001017016118101224,
  "164": -0.014009852191803123,
  "165": 0.0,
  "166": -0.0013229480244218838,
  "167": -0.0070146756188096335,
  "168": 0.0029438094755418467,
  "169": 0.0,
  "170": 0.0,
  "171": -0.002025865627275455,
  "172": 0.0,
  "173": -0.024219905569079526,
  "174": 0.03734411885033734,
  "175": -0.00220803224433781,
  "176": -0.02601353300344919,
  "177": 0.0,
  "178": -0.0010452386372532007,
  "179": -0.024654421999379336,
  "180": 0.0023793380895781196,
  "181": 0.06628333219363833,
  "182": -0.017909892819192627,
  "183": 0.0028062453982787704,
  "184": 0.0,
  "185": 0.02988285365019383,
  "186": -0.049265980257746894,
  "187": -0.0012289483266771297,
  "188": 0.005998814180055096,
  "189": 0.0036412364677578754,
  "190": 0.003365987935586466,
  "191": -0.01090133748178115,
  "192": 0.0,
  "193": 0.0133248089806617,
  "194": -0.030031531417926017,
  "195": 0.0,
  "196": 0.02827802074350237,
  "197": 0.0,
  "198": 0.0,
  "199": -0.0087227041062696,
  "200": 0.006927633389969061,
  "201": 0.0,
  "202": 0.0,
  "203": -0.005423267779633307,
  "204": 0.0,
  "205": -0.027677874157926295,
  "206": 0.024529044619915254,
  "207": 0.0,
  "208": 0.008014562923639652,
  "209": 0.0,
  "210": 0.0,
  "211": 0.0157111737905452,
  "212": -0.0011514800419398922,
  "213": -0.01629530389460463,
  "214": -0.025462089517649136,
  "215": 0.0017834407490697017,
  "216": -0.0018331322243737925,
  "217": -0.02248063328054496,
  "218": 0.03395054151239491,
  "219": 0.0023270479154788386,
  "220": -0.02158716051200829,
  "221": -0.0035529630266239597,
  "222": 0.0,
  "223": 0.024083392294911812,
  "224": 0.016269611025339626,
  "225": 0.0,
  "226": 0.0016998607296548746,
  "227": 0.0057337228714779,
  "228": -0.001375321281440674,
  "229": -0.026862011791084453,
  "230": -0.0047983079598124135,
  "231": 0.0,
  "232": -0.0015538211584877563,
  "233": -0.01902132168271386,
  "234": 0.026754934588586462,
  "235": 0.002300863944945142,
  "236": -0.015093516075948245,
  "237": 0.0,
  "238": -0.002202245703316158,
  "239": 0.015511116513531986,
  "240": 0.0,
  "241": -0.004210177694496469,
  "242": -0.04609702889956583,
  "243": -0.003248986678661096,
  "244": 0.07070299812801875,
  "245": 0.0014139463683019867,
  "246": 0.0021435492746550884,
  "247": 0.00572315335187282,
  "248": 0.0,
  "249": 0.0,
  "250": -0.0014227233012652563,
  "251": 0.0018010147236783526,
  "252": 0.0024106313951009184,
  "253": -0.006999645399004146,
  "254": -0.013146142649619911,
  "255": 0.0
}