epoch,beta,coefficient,loss,expected_cut,best_measured_cut,success_probability_ancilla_1,max_postselected_probability,grad
0,0.36667287479302424,0.2757360862542337,-2.5075601272066317,2.5075601272066317,2.0,0.062353120129408385,0.24023963885649902,-0.00863593292585077
1,0.3766487132365838,0.28258118079106703,-2.5076377643613643,2.5076377643613643,2.0,0.06321098994621771,0.23987442917480079,-0.008060422888100443
2,0.38658381171564543,0.2893496614682866,-2.50770971880406,2.50770971880406,2.0,0.06407938168228557,0.23945927162976946,-0.007508282047304247
3,0.3964607242440577,0.29602957043933625,-2.5077761583354925,2.5077761583354925,2.0,0.06495599007396852,0.23899937034273017,-0.006980244868301302
4,0.4062616377244289,0.302609102894562,-2.5078372751184195,2.5078372751184195,2.0,0.06583840294141019,0.2385000137988876,-0.006476820837462119
