{
  "0": 0.0,
  "1": -0.5080931242629269,
  "2": 0.5137680995448318,
  "3": -0.42908078625375756,
  "4": 0.7023343147611317,
  "5": -0.0018512947822115762,
  "6": 0.43734727446535704,
  "7": -0.5153159430840145,
  "8": -0.03144013839482839,
  "9": 0.28201966497543574,
  "10": 0.00491770518741727,
  "11": -0.014832569758223318,
  "12": -0.41954709070709073,
  "13": -0.06497456789691135,
  "14": -0.003993707869206242,
  "15": 0.03376061674572892
}