epoch,beta,coefficient,loss,expected_cut,best_measured_cut,success_probability_ancilla_1,max_postselected_probability,grad
0,-0.23227790389451014,-0.14337522935642072,-5.999999999993601,5.999999999993601,4.0,0.009374170116513206,0.04666852734064467,1.6149703724649172e-11
1,-0.23227862599691376,-0.14337565944192374,-5.999999999993599,5.999999999993599,4.0,0.009374187200174865,0.046668530987316145,1.6153886388381972e-11
2,-0.2322795101375641,-0.14337618603750774,-5.999999999993599,5.999999999993599,4.0,0.00937420811743579,0.04666853545203861,1.615115518106409e-11
3,-0.23228053084535744,-0.14337679397243608,-5.999999999993601,5.999999999993601,4.0,0.009374232265727235,0.04666854060604794,1.615485146095654e-11
4,-0.2322816717706525,-0.14337747350873425,-5.999999999993595,5.999999999993595,4.0,0.009374259258277272,0.046668546366647363,1.6154780093273348e-11
5,-0.23228292140957052,-0.14337821779457383,-5.999999999993596,5.999999999993596,4.0,0.009374288822955695,0.046668552675613345,1.616181353892564e-11
6,-0.23228427092326806,-0.14337902156542726,-5.999999999993597,5.999999999993597,4.0,0.009374320750682027,0.04666855948818206,1.6161215178057486e-11
