epoch,beta,coefficient,loss,expected_cut,best_measured_cut,success_probability_ancilla_1,max_postselected_probability,grad
0,-0.24175248787570114,-0.14900596760692952,-6.43777518465523,6.43777518465523,4.0,0.03671065542864987,0.07443299923334216,-0.06633134786116747
1,-0.2318355219374987,-0.1431117192327385,-6.4382735653083705,6.4382735653083705,4.0,0.03649006483307772,0.07416526998274232,-0.05569896890686414
2,-0.22209214806969607,-0.13729465103717486,-6.438655514509432,6.438655514509432,4.0,0.03628124364324344,0.07388246146231459,-0.044744484727985985
3,-0.21265214069547295,-0.13163501740126932,-6.438920250624286,6.438920250624286,4.0,0.036086545344236776,0.07358948414046988,-0.033594320734249616
4,-0.20369469553877184,-0.1262439443813334,-6.439072637015556,6.439072637015556,4.0,0.03590885890541,0.07329399154583566,-0.022436660792671207
5,-0.19545186554669453,-0.12126577200944934,-6.439125520938143,6.439125520938143,4.0,0.035751519063037626,0.07300686436411878,-0.011538424620346733
6,-0.18819396334149147,-0.11686928274092007,-6.439101150225393,6.439101150225393,4.0,0.035617945305747384,0.0727418783207023,-0.0012529881246722888
