epoch,beta,coefficient,loss,expected_cut,best_measured_cut,success_probability_ancilla_1,max_postselected_probability,grad
0,0.2697109570623993,0.16547136699112538,-6.0247868214001965,6.0247868214001965,4.0,0.013147555580423027,0.061857366977053005,-0.04051494257685436
1,0.2796760670948369,0.17128292811812032,-6.025137692834186,6.025137692834186,4.0,0.013416891097377278,0.061748089038272586,-0.03692782756929878
2,0.28958089529980546,0.17702813224480587,-6.02545361785765,6.02545361785765,4.0,0.013692237707845131,0.061612904368089284,-0.03352011388565979
3,0.2993986589154086,0.1826912824678994,-6.025736097108319,6.025736097108319,4.0,0.013972488377979975,0.06145504621206579,-0.030299773959978345
4,0.3091016145904215,0.18825653539290166,-6.025986843967178,6.025986843967178,4.0,0.01425643638467115,0.06127780706643973,-0.027271930325859974
5,0.3186614654948461,0.19370815892310478,-6.026207746604382,6.026207746604382,4.0,0.014542791962200772,0.06108448189177796,-0.024438977445407805
6,0.3280498053019449,0.1990307979356124,-6.026400826998018,6.026400826998018,4.0,0.014830202373172036,0.06087831301982809,-0.021800769531614344
