{
  "config": {
    "N_VERTICES": 4,
    "PROB_ARESTA": 0.55,
    "COM_PESO": false,
    "PESO_MIN": 1,
    "PESO_MAX": 1,
    "GRAPH_SEED": 104577,
    "GRAPH_EDGES": [
      [
        0,
        2,
        1.0
      ],
      [
        2,
        3,
        1.0
      ]
    ],
    "REVERSE_BITS": false,
    "ER": 0.75,
    "MAX_TERMS": null,
    "A_MAX": 0.6283185307179586,
    "INIT_BETA": 0.25,
    "MAX_EPOCHS": 200,
    "LR": 0.01,
    "FD_EPS": 0.01,
    "LOSS_TOL_LAST5": 0.002,
    "PATIENCE_LAST5": 7,
    "TRAIN_SEED": 2,
    "INIT_BETA_JITTER": 0.03,
    "OPTIMIZER": "adam",
    "ADAM_BETA1": 0.9,
    "ADAM_BETA2": 0.999,
    "ADAM_EPS": 1e-08,
    "COEF_ZERO_TOL": 0.002,
    "IMPROVEMENT_TOL": 0.002,
    "SATURATION_PATIENCE": 60,
    "INDEX_STRATEGY": "ascending",
    "INDEX_RANDOM_SEED": 42,
    "ENABLE_BACKWARD_PRUNING": false,
    "BACKWARD_PASSES": 1,
    "PRUNE_IMPROVEMENT_TOL": 1e-06,
    "OUTDIR": "benchmark_results_walsh_article/unweighted/coarse_loader/n4/graph04_trainseed02",
    "SHOW_PLOTS": false,
    "name": "coarse_loader"
  },
  "n_qubits_register": 4,
  "graph_edges": [
    [
      0,
      2,
      1.0
    ],
    [
      2,
      3,
      1.0
    ]
  ],
  "graph_signature": "ab3e1e60a1be6f27a830f37b39d70bd64af7163327db0f23a1fcb2724d77253c",
  "graph_num_edges": 2,
  "graph_density": 0.3333333333333333,
  "best_cut_bruteforce": 2.0,
  "best_bitstring_bruteforce": "0010",
  "best_index_bruteforce": 2,
  "candidate_order": [
    1,
    2,
    3,
    4,
    5,
    6,
    7,
    8,
    9,
    10,
    11,
    12,
    13,
    14,
    15
  ],
  "total_possible_parameters": 15,
  "visited_parameters": 15,
  "trained_coefficients": {
    "0": 0.0,
    "1": -0.13901285336297237,
    "2": 0.15176316434876239,
    "3": -0.14759719087780385,
    "4": 0.24910782391810032,
    "5": -0.0026604193437328814,
    "6": 0.18941464878916184,
    "7": -0.16245497505708892,
    "8": -0.175766564558481,
    "9": -0.006176983271944172,
    "10": -0.12110868992285005,
    "11": 0.09907105987328817,
    "12": 0.013010649493871991,
    "13": 0.16657499535804549,
    "14": -0.12526737542722274,
    "15": 0.12722255936563537
  },
  "final_coefficient_vector": [
    0.0,
    -0.13901285336297237,
    0.15176316434876239,
    -0.14759719087780385,
    0.24910782391810032,
    -0.0026604193437328814,
    0.18941464878916184,
    -0.16245497505708892,
    -0.175766564558481,
    -0.006176983271944172,
    -0.12110868992285005,
    0.09907105987328817,
    0.013010649493871991,
    0.16657499535804549,
    -0.12526737542722274,
    0.12722255936563537
  ],
  "active_indices": [
    1,
    2,
    3,
    4,
    5,
    6,
    7,
    8,
    9,
    10,
    11,
    12,
    13,
    14,
    15
  ],
  "active_parameter_count": 15,
  "compression_ratio_active_over_total": 1.0,
  "final_loss": -1.942693477905004,
  "final_expected_cut": 1.942693477905004,
  "best_expected_cut_over_evolution": 1.942693477905004,
  "final_best_measured_index": 9,
  "final_best_measured_bitstring": "1001",
  "final_best_measured_cut": 2.0,
  "best_measured_cut_over_evolution": 2.0,
  "final_success_probability_ancilla_1": 0.03801879237305443,
  "final_max_postselected_probability": 0.6647739628843968,
  "gap_expected_to_bruteforce": 0.05730652209499598,
  "gap_measured_to_bruteforce": 0.0,
  "approx_ratio_measured": 1.0,
  "n_steps": 15,
  "elapsed_seconds": 33.38901948928833,
  "steps": [
    {
      "visit_idx": 1,
      "j": 1,
      "kept": true,
      "beta": -0.2249656795370319,
      "coefficient": -0.13901285336297237,
      "loss": -1.0,
      "expected_cut": 1.0,
      "best_measured_cut": 0.0,
      "success_probability_ancilla_1": 0.002715057391219523,
      "epochs_run": 7,
      "stop_reason": "loss_plateau_last5",
      "history_path": "benchmark_results_walsh_article/unweighted/coarse_loader/n4/graph04_trainseed02/histories/history_visit001_j001.json",
      "improvement_vs_previous": 1.0
    },
    {
      "visit_idx": 2,
      "j": 2,
      "kept": true,
      "beta": 0.24640737063525778,
      "coefficient": 0.15176316434876239,
      "loss": -0.9999999999999999,
      "expected_cut": 0.9999999999999999,
      "best_measured_cut": 0.0,
      "success_probability_ancilla_1": 0.005932876749053135,
      "epochs_run": 7,
      "stop_reason": "loss_plateau_last5",
      "history_path": "benchmark_results_walsh_article/unweighted/coarse_loader/n4/graph04_trainseed02/histories/history_visit002_j002.json",
      "improvement_vs_previous": -1.1102230246251565e-16
    },
    {
      "visit_idx": 3,
      "j": 3,
      "kept": true,
      "beta": -0.23937807045969844,
      "coefficient": -0.14759719087780385,
      "loss": -1.0,
      "expected_cut": 1.0,
      "best_measured_cut": 1.0,
      "success_probability_ancilla_1": 0.008956941857365428,
      "epochs_run": 7,
      "stop_reason": "loss_plateau_last5",
      "history_path": "benchmark_results_walsh_article/unweighted/coarse_loader/n4/graph04_trainseed02/histories/history_visit003_j003.json",
      "improvement_vs_previous": 1.1102230246251565e-16
    },
    {
      "visit_idx": 4,
      "j": 4,
      "kept": true,
      "beta": 0.41945051013169043,
      "coefficient": 0.24910782391810032,
      "loss": -1.2726533643699445,
      "expected_cut": 1.2726533643699445,
      "best_measured_cut": 1.0,
      "success_probability_ancilla_1": 0.017502160772469258,
      "epochs_run": 17,
      "stop_reason": "loss_plateau_last5",
      "history_path": "benchmark_results_walsh_article/unweighted/coarse_loader/n4/graph04_trainseed02/histories/history_visit004_j004.json",
      "improvement_vs_previous": 0.2726533643699445
    },
    {
      "visit_idx": 5,
      "j": 5,
      "kept": true,
      "beta": -0.004234214196810725,
      "coefficient": -0.0026604193437328814,
      "loss": -1.2726373137360165,
      "expected_cut": 1.2726373137360165,
      "best_measured_cut": 1.0,
      "success_probability_ancilla_1": 0.017500808776902903,
      "epochs_run": 27,
      "stop_reason": "loss_plateau_last5",
      "history_path": "benchmark_results_walsh_article/unweighted/coarse_loader/n4/graph04_trainseed02/histories/history_visit005_j005.json",
      "improvement_vs_previous": -1.605063392795536e-05
    },
    {
      "visit_idx": 6,
      "j": 6,
      "kept": true,
      "beta": 0.31112782781927867,
      "coefficient": 0.18941464878916184,
      "loss": -1.3835490261005758,
      "expected_cut": 1.3835490261005758,
      "best_measured_cut": 1.0,
      "success_probability_ancilla_1": 0.02220953423559504,
      "epochs_run": 7,
      "stop_reason": "loss_plateau_last5",
      "history_path": "benchmark_results_walsh_article/unweighted/coarse_loader/n4/graph04_trainseed02/histories/history_visit006_j006.json",
      "improvement_vs_previous": 0.11091171236455932
    },
    {
      "visit_idx": 7,
      "j": 7,
      "kept": true,
      "beta": -0.26455939771406484,
      "coefficient": -0.16245497505708892,
      "loss": -1.461475072766849,
      "expected_cut": 1.461475072766849,
      "best_measured_cut": 1.0,
      "success_probability_ancilla_1": 0.02551036858038242,
      "epochs_run": 7,
      "stop_reason": "loss_plateau_last5",
      "history_path": "benchmark_results_walsh_article/unweighted/coarse_loader/n4/graph04_trainseed02/histories/history_visit007_j007.json",
      "improvement_vs_previous": 0.07792604666627323
    },
    {
      "visit_idx": 8,
      "j": 8,
      "kept": true,
      "beta": -0.287401252293449,
      "coefficient": -0.175766564558481,
      "loss": -1.5894008040054879,
      "expected_cut": 1.5894008040054879,
      "best_measured_cut": 2.0,
      "success_probability_ancilla_1": 0.029627197041896567,
      "epochs_run": 70,
      "stop_reason": "loss_plateau_last5",
      "history_path": "benchmark_results_walsh_article/unweighted/coarse_loader/n4/graph04_trainseed02/histories/history_visit008_j008.json",
      "improvement_vs_previous": 0.12792573123863882
    },
    {
      "visit_idx": 9,