epoch,beta,coefficient,loss,expected_cut,best_measured_cut,success_probability_ancilla_1,max_postselected_probability,grad
0,-0.24087123604007848,-0.14848329228706222,-1.4721758715690612,1.4721758715690612,1.0,0.02551181635185605,0.3556968420335826,0.08905826378984838
1,-0.25072404819436295,-0.1543145018893506,-1.472758894309476,1.472758894309476,1.0,0.025738700908954058,0.3563108951221354,0.06884401032130588
2,-0.26027076374689573,-0.159937708950879,-1.4731463724905793,1.4731463724905793,1.0,0.025966083868241584,0.35679019552878355,0.04961904757233125
3,-0.269293773863227,-0.16522739621465046,-1.4733579534773116,1.4733579534773116,1.0,0.02618767663018327,0.3571421137986019,0.031668869484503384
4,-0.2775198422302962,-0.17002807622313793,-1.4734246908808484,1.4734246908808484,1.0,0.026395239431289675,0.35738026634536124,0.015332133683302912
5,-0.28464953397750836,-0.1741716849240138,-1.4733886140030394,1.4733886140030394,1.0,0.026579329769721702,0.3575249726431554,0.0009805176846179142
6,-0.29041656765329754,-0.1775114055203951,-1.473297661561755,1.473297661561755,1.0,0.026731033124633076,0.3576013507150876,-0.011034859504670919
