epoch,beta,coefficient,loss,expected_cut,best_measured_cut,success_probability_ancilla_1,max_postselected_probability,grad
0,0.30455131569304333,0.2320632808076661,-1.49999999999945,1.49999999999945,2.0,0.0272647585192139,0.12497029437241569,-1.6148563800017115e-12
1,0.3045513879108385,0.23206333257554196,-1.49999999999945,1.49999999999945,2.0,0.027264764302575482,0.12497029480590026,-1.6156128438695604e-12
2,0.3045514763284239,0.23206339595590894,-1.49999999999945,1.49999999999945,2.0,0.027264771383253644,0.12497029533661899,-1.6148320359300523e-12
3,0.304551578377529,0.23206346910775244,-1.4999999999994498,1.4999999999994498,2.0,0.027264779555576338,0.12497029594915361,-1.6139520343714432e-12
4,0.30455169245618796,0.23206355088273384,-1.4999999999994502,1.4999999999994502,2.0,0.027264788691255273,0.12497029663388616,-1.6155154291315763e-12
