{
  "config": {
    "N_VERTICES": 4,
    "PROB_ARESTA": 0.85,
    "COM_PESO": false,
    "PESO_MIN": 1,
    "PESO_MAX": 1,
    "GRAPH_SEED": 104375,
    "GRAPH_EDGES": [
      [
        0,
        1,
        1.0
      ],
      [
        0,
        3,
        1.0
      ],
      [
        1,
        2,
        1.0
      ],
      [
        1,
        3,
        1.0
      ],
      [
        2,
        3,
        1.0
      ]
    ],
    "REVERSE_BITS": false,
    "ER": 1.0,
    "MAX_TERMS": null,
    "A_MAX": 0.7853981633974483,
    "INIT_BETA": 0.35,
    "MAX_EPOCHS": 200,
    "LR": 0.01,
    "FD_EPS": 0.01,
    "LOSS_TOL_LAST5": 0.001,
    "PATIENCE_LAST5": 5,
    "TRAIN_SEED": 3,
    "INIT_BETA_JITTER": 0.05,
    "OPTIMIZER": "adam",
    "ADAM_BETA1": 0.9,
    "ADAM_BETA2": 0.999,
    "ADAM_EPS": 1e-08,
    "COEF_ZERO_TOL": 0.001,
    "IMPROVEMENT_TOL": 0.001,
    "SATURATION_PATIENCE": 100,
    "INDEX_STRATEGY": "ascending",
    "INDEX_RANDOM_SEED": 42,
    "ENABLE_BACKWARD_PRUNING": false,
    "BACKWARD_PASSES": 1,
    "PRUNE_IMPROVEMENT_TOL": 1e-06,
    "OUTDIR": "benchmark_results_walsh_article/unweighted/baseline/n4/graph02_trainseed03",
    "SHOW_PLOTS": false,
    "name": "baseline"
  },
  "n_qubits_register": 4,
  "graph_edges": [
    [
      0,
      1,
      1.0
    ],
    [
      0,
      3,
      1.0
    ],
    [
      1,
      2,
      1.0
    ],
    [
      1,
      3,
      1.0
    ],
    [
      2,
      3,
      1.0
    ]
  ],
  "graph_signature": "088078414915f783002f6e924a47ca164ddb929b0c303d60c8d30a073f7782ae",
  "graph_num_edges": 5,
  "graph_density": 0.8333333333333334,
  "best_cut_bruteforce": 4.0,
  "best_bitstring_bruteforce": "0101",
  "best_index_bruteforce": 5,
  "candidate_order": [
    1,
    2,
    3,
    4,
    5,
    6,
    7,
    8,
    9,
    10,
    11,
    12,
    13,
    14,
    15
  ],
  "total_possible_parameters": 15,
  "visited_parameters": 15,
  "trained_coefficients": {
    "0": 0.0,
    "1": -0.23491390329130443,
    "2": 0.23551788845918556,
    "3": -0.0014547160184077883,
    "4": -0.16638557369535725,
    "5": 0.001946844697087466,
    "6": 0.0,
    "7": 0.20038343732947772,
    "8": 0.07168066298334708,
    "9": -0.0013847858488727695,
    "10": 0.0014489001771550022,
    "11": -0.1129880355415526,
    "12": 0.0,
    "13": 0.12221667507051209,
    "14": -0.16055349346158393,
    "15": 0.0
  },
  "final_coefficient_vector": [
    0.0,
    -0.23491390329130443,
    0.23551788845918556,
    -0.0014547160184077883,
    -0.16638557369535725,
    0.001946844697087466,
    0.0,
    0.20038343732947772,
    0.07168066298334708,
    -0.0013847858488727695,
    0.0014489001771550022,
    -0.1129880355415526,
    0.0,
    0.12221667507051209,
    -0.16055349346158393,
    0.0
  ],
  "active_indices": [
    1,
    2,
    3,
    4,
    5,
    7,
    8,
    9,
    10,
    11,
    13,
    14
  ],
  "active_parameter_count": 12,
  "compression_ratio_active_over_total": 0.8,
  "final_loss": -3.8796791610701327,
  "final_expected_cut": 3.8796791610701327,
  "best_expected_cut_over_evolution": 3.8796791610701327,
  "final_best_measured_index": 10,
  "final_best_measured_bitstring": "1010",
  "final_best_measured_cut": 4.0,
  "best_measured_cut_over_evolution": 4.0,
  "final_success_probability_ancilla_1": 0.052096528453050156,
  "final_max_postselected_probability": 0.4456843258915685,
  "gap_expected_to_bruteforce": 0.12032083892986734,
  "gap_measured_to_bruteforce": 0.0,
  "approx_ratio_measured": 1.0,
  "n_steps": 15,
  "elapsed_seconds": 10.785905599594116,
  "steps": [
    {
      "visit_idx": 1,
      "j": 1,
      "kept": true,
      "beta": -0.30853272173102686,
      "coefficient": -0.23491390329130443,
      "loss": -2.5,
      "expected_cut": 2.5,
      "best_measured_cut": 0.0,
      "success_probability_ancilla_1": 0.013732807628568598,
      "epochs_run": 5,
      "stop_reason": "loss_plateau_last5",
      "history_path": "benchmark_results_walsh_article/unweighted/baseline/n4/graph02_trainseed03/histories/history_visit001_j001.json",
      "improvement_vs_previous": 2.5
    },
    {
      "visit_idx": 2,
      "j": 2,
      "kept": true,
      "beta": 0.3093775103461625,
      "coefficient": 0.23551788845918556,
      "loss": -2.99999832087652,
      "expected_cut": 2.99999832087652,
      "best_measured_cut": 3.0,
      "success_probability_ancilla_1": 0.027156882468349085,
      "epochs_run": 5,
      "stop_reason": "loss_plateau_last5",
      "history_path": "benchmark_results_walsh_article/unweighted/baseline/n4/graph02_trainseed03/histories/history_visit002_j002.json",
      "improvement_vs_previous": 0.4999983208765202
    },
    {
      "visit_idx": 3,
      "j": 3,
      "kept": true,
      "beta": -0.0018522040790876926,
      "coefficient": -0.0014547160184077883,
      "loss": -2.999988580471714,
      "expected_cut": 2.999988580471714,
      "best_measured_cut": 2.0,
      "success_probability_ancilla_1": 0.0271573827832548,
      "epochs_run": 42,
      "stop_reason": "loss_plateau_last5",
      "history_path": "benchmark_results_walsh_article/unweighted/baseline/n4/graph02_trainseed03/histories/history_visit003_j003.json",
      "improvement_vs_previous": -9.740404806279912e-06
    },
    {
      "visit_idx": 4,
      "j": 4,
      "kept": true,
      "beta": -0.21510611540618657,
      "coefficient": -0.16638557369535725,
      "loss": -3.1764287846877233,
      "expected_cut": 3.1764287846877233,
      "best_measured_cut": 4.0,
      "success_probability_ancilla_1": 0.03368742215013858,
      "epochs_run": 59,
      "stop_reason": "loss_plateau_last5",
      "history_path": "benchmark_results_walsh_article/unweighted/baseline/n4/graph02_trainseed03/histories/history_visit004_j004.json",
      "improvement_vs_previous": 0.17644020421600937
    },
    {
      "visit_idx": 5,
      "j": 5,
      "kept": true,
      "beta": 0.0024788047327600708,
      "coefficient": 0.001946844697087466,
      "loss": -3.1764296405827634,
      "expected_cut": 3.1764296405827634,
      "best_measured_cut": 4.0,
      "success_probability_ancilla_1": 0.033688252637290125,
      "epochs_run": 43,
      "stop_reason": "loss_plateau_last5",
      "history_path": "benchmark_results_walsh_article/unweighted/baseline/n4/graph02_trainseed03/histories/history_visit005_j005.json",
      "improvement_vs_previous": 8.558950401749144e-07
    },
    {
      "visit_idx": 6,
      "j": 6,
      "kept": false,
      "beta": -0.00017412523016157363,
      "coefficient": 0.0,
      "loss": -3.1764296405827634,
      "expected_cut": 3.1764296405827634,
      "best_measured_cut": 4.0,
      "success_probability_ancilla_1": 0.033688252637290125,
      "epochs_run": 37,
      "stop_reason": "loss_plateau_last5_and_discarded_near_zero",
      "history_path": "benchmark_results_walsh_article/unweighted/baseline/n4/graph02_trainseed03/histories/history_visit006_j006.json",
      "improvement_vs_previous": 0.0
    },
    {
      "visit_idx": 7,
      "j": 7,
      "kept": true,
      "beta": 0.26089890505504265,
      "coefficient": 0.20038343732947772,
      "loss": -3.478845003787465,
      "expected_cut": 3.478845003787465,
      "best_measured_cut": 4.0,
      "success_probability_ancilla_1": 0.042123696276421846,
      "epochs_run": 72,
      "stop_reason": "loss_plateau_last5",
      "history_path": "benchmark_results_walsh_article/unweighted/baseline/n4/graph02_trainseed03/histories/history_visit007_j007.json",
      "improvement_vs_previous": 0.30241536320470175
    },
    {
      "visit_idx": 8,
      "j": 8,
      "kept": true,
      "beta": 0.09152133372283289,
      "coefficient": 0.07168066298334708,
      "loss": -3.5086297639785022,
      "expected_cut": 3.5086297639785022,
      "best_measured_cut": 4.0,
      "success_probability_ancilla_1": 0.04329950380603176,
      "epochs_run": 31,
      "stop_reason": "loss_plateau_last5",