{
  "0": 0.0,
  "1": -0.23491390329130443,
  "2": 0.23551788845918556,
  "3": -0.0014547160184077883,
  "4": -0.16638557369535725,
  "5": 0.001946844697087466,
  "6": 0.0,
  "7": 0.20038343732947772,
  "8": 0.07168066298334708,
  "9": -0.0013847858488727695,
  "10": 0.0014489001771550022,
  "11": -0.1129880355415526,
  "12": 0.0,
  "13": 0.12221667507051209,
  "14": -0.16055349346158393,
  "15": 0.0
}