{
  "0": 0.0,
  "1": -0.5080931714404779,
  "2": 0.5137680962343205,
  "3": -0.4290807811527025,
  "4": 0.7023343191897851,
  "5": -0.0018512917886045052,
  "6": 0.4373472718554115,
  "7": -0.5153159422262058,
  "8": -0.13102914919354908,
  "9": -0.3019741149197315,
  "10": 0.012369334931850265,
  "11": -0.0066839955571431535,
  "12": 0.4564621356459223,
  "13": 0.018641758115580387,
  "14": 0.03236842519651287,
  "15": -0.06676739799062323
}