{
  "0": 0.0,
  "1": -0.14130208859575094,
  "2": 0.1376770556628607,
  "3": -0.15997909553720205,
  "4": 0.245206737743092,
  "5": -0.005632344035497271,
  "6": 0.1958616275840759,
  "7": -0.14848834573811648,
  "8": -0.10945722681784614,
  "9": 0.11499748677165,
  "10": 0.013094652330598094,
  "11": 0.09665972272330707,
  "12": -0.1794607509363092,
  "13": 0.13513710773380852,
  "14": -0.16136332717782845,
  "15": -0.007125768968528539,
  "16": 0.0,
  "17": 0.0,
  "18": 0.0,
  "19": -0.002389904596813308,
  "20": 0.0,
  "21": 0.0,
  "22": 0.0,
  "23": 0.0,
  "24": 0.0,
  "25": 0.0,
  "26": 0.0,
  "27": 0.0,
  "28": 0.0,
  "29": 0.0,
  "30": 0.0,
  "31": 0.0,
  "32": 0.042206162854286175,
  "33": 0.0339323034668034,
  "34": 0.058427115161330416,
  "35": -0.03225467373799849,
  "36": -0.03288201672915721,
  "37": -0.11902386110187402,
  "38": 0.03145372170143807,
  "39": -0.09647251925864982,
  "40": -0.0616573601678591,
  "41": 0.06489061557147119,
  "42": -0.05483027045137245,
  "43": -0.012831625352424127,
  "44": -0.11174188446253208,
  "45": 0.1174651636994482,
  "46": 0.02261094672326796,
  "47": 0.11551182168073948,
  "48": 0.0,
  "49": 0.0022899716107262946,
  "50": 0.0,
  "51": 0.0,
  "52": 0.0,
  "53": 0.0,
  "54": 0.0,
  "55": 0.0,
  "56": 0.0,
  "57": 0.0,
  "58": 0.0,
  "59": 0.0,
  "60": 0.0,
  "61": 0.0,
  "62": 0.0,
  "63": 0.0
}