epoch,beta,coefficient,loss,expected_cut,best_measured_cut,success_probability_ancilla_1,max_postselected_probability,grad
0,-0.36588097635726197,-0.2751906387943582,-10.499999999994419,10.499999999994419,0.0,0.01881329362045148,0.0039062499999979235,2.7777522787737853e-11
1,-0.3658822178565968,-0.27519149415707744,-10.49999999999442,10.49999999999442,0.0,0.018813409834657683,0.0039062499999979253,2.7765432901230594e-11
2,-0.3658837377082206,-0.2751925412967122,-10.499999999994419,10.499999999994419,0.0,0.018813552105192373,0.0039062499999979235,2.7758986031939284e-11
3,-0.365885492281138,-0.275193750152042,-10.499999999994422,10.499999999994422,0.0,0.01881371634802637,0.0039062499999979244,2.777098174036987e-11
4,-0.3658874533773522,-0.2751951012948192,-10.499999999994419,10.499999999994419,0.0,0.018813899923777237,0.0039062499999979235,2.7765301347826006e-11
