epoch,beta,coefficient,loss,expected_cut,best_measured_cut,success_probability_ancilla_1,max_postselected_probability,grad
0,-0.398762480498699,-0.29757919204637195,-5.999999999997268,5.999999999997268,0.0,0.02197545659478204,0.015624999999992884,1.2243751902130467e-11
1,-0.398763028330689,-0.2975795605446639,-5.999999999997271,5.999999999997271,0.0,0.021975510617890607,0.015624999999992891,1.2262521405178482e-11
2,-0.3987636989582763,-0.2975800116410052,-5.9999999999972715,5.9999999999972715,0.0,0.02197557675024377,0.015624999999992895,1.224616203494209e-11
3,-0.3987644731036668,-0.29758053236811044,-5.9999999999972715,5.9999999999972715,0.0,0.021975653090839414,0.015624999999992895,1.2249401098345971e-11
4,-0.3987653384471314,-0.29758111443902746,-5.9999999999972715,5.9999999999972715,0.0,0.021975738424827137,0.015624999999992895,1.2253159245983309e-11
