epoch,beta,coefficient,loss,expected_cut,best_measured_cut,success_probability_ancilla_1,max_postselected_probability,grad
0,0.39812233340640085,0.29714849365755897,-5.999999999998602,5.999999999998602,4.0,0.04292486240759024,0.031249983054706245,-3.0667137001895824e-12
1,0.3981224704932746,0.2971485859135439,-5.999999999998601,5.999999999998601,4.0,0.04292487532002534,0.031249983061956164,-3.065669925878613e-12
2,0.3981226384327168,0.29714869893251095,-5.999999999998605,5.999999999998605,4.0,0.042924891138517385,0.031249983070835645,-3.070396208858546e-12
3,0.39812283221037603,0.2971488293399221,-5.999999999998602,5.999999999998602,4.0,0.04292490939075832,0.031249983081078344,-3.0626578246135327e-12
4,0.39812304876188875,0.29714897507353194,-5.999999999998604,5.999999999998604,4.0,0.04292492978811254,0.031249983092521166,-3.0637094703817357e-12
