epoch,beta,coefficient,loss,expected_cut,best_measured_cut,success_probability_ancilla_1,max_postselected_probability,grad
0,0.26971095695895947,0.16547136693063988,-2.524755825207148,2.524755825207148,2.0,0.013146783000205407,0.24743010208548147,-0.040461319747628594
1,0.2796760625311499,0.1712829254637617,-2.525106227306415,2.525106227306415,2.0,0.013416118822191136,0.2469928251289559,-0.03687862223355137
2,0.28958087848201397,0.17702812251670524,-2.525421726289555,2.525421726289555,2.0,0.013691465520850182,0.2464519237827968,-0.033475123309545704
3,0.299398618312516,0.1826912591131636,-2.5257038211456204,2.5257038211456204,2.0,0.013971715935754758,0.24582033265238898,-0.030258784674357265
4,0.30910153470240687,0.1882564897038916,-2.5259542233502454,2.5259542233502454,2.0,0.014255663200998612,0.2451112233105461,-0.02723472137471097
5,0.31866132671434794,0.1937080800126408,-2.526174818953015,2.526174818953015,2.0,0.01454201739515742,0.24433777711299445,-0.024405323525431868
6,0.3280495838853738,0.19903067277499975,-2.52636762764122,2.52636762764122,2.0,0.014829425616552639,0.2435129647883865,-0.021770443947079596
