epoch,beta,coefficient,loss,expected_cut,best_measured_cut,success_probability_ancilla_1,max_postselected_probability,grad
0,-0.35863754655116775,-0.27018747998896686,-3.999999999997794,3.999999999997794,0.0,0.01813956368914666,0.015624999999991385,1.1229371539857457e-11
1,-0.35863804869981797,-0.2701878277017668,-3.9999999999977938,3.9999999999977938,0.0,0.018139610093556045,0.015624999999991382,1.1233904505012222e-11
2,-0.3586386636539948,-0.27018825352658266,-3.9999999999977964,3.9999999999977964,0.0,0.01813966692257319,0.015624999999991392,1.1237246125762386e-11
3,-0.358639373432722,-0.2701887450124029,-3.9999999999977964,3.9999999999977964,0.0,0.018139732514575645,0.015624999999991392,1.1226981644499464e-11
4,-0.35864016670931337,-0.27018929431598115,-3.9999999999977955,3.9999999999977955,0.0,0.01813980582287441,0.015624999999991389,1.1227444727978765e-11
