epoch,beta,coefficient,loss,expected_cut,best_measured_cut,success_probability_ancilla_1,max_postselected_probability,grad
0,-0.27739270307705005,-0.1699540395864477,-2.499999999993836,2.499999999993836,0.0,0.004056368709110677,0.0624999999998459,4.218056419755201e-11
1,-0.2773945886322516,-0.16995513763447015,-2.499999999993837,2.499999999993837,0.0,0.004056421053493583,0.06249999999984593,4.218100083599914e-11
2,-0.277396897253648,-0.1699564820524331,-2.499999999993837,2.499999999993837,0.0,0.004056485142886878,0.06249999999984593,4.2179424201670156e-11
3,-0.27739956215767747,-0.16995803394831016,-2.499999999993838,2.499999999993838,0.0,0.004056559123531919,0.06249999999984594,4.2174787843389196e-11
4,-0.27740254081690374,-0.16995976855558487,-2.499999999993838,2.499999999993838,0.0,0.0040566418150326765,0.06249999999984594,4.2181241057659706e-11
5,-0.277405802877502,-0.16996166819702166,-2.4999999999938383,2.4999999999938383,0.0,0.00405673237493864,0.06249999999984596,4.217995885570943e-11
6,-0.2774093251944311,-0.16996371939340835,-2.4999999999938383,2.4999999999938383,0.0,0.004056830160918451,0.06249999999984596,4.217075012934818e-11
