epoch,beta,coefficient,loss,expected_cut,best_measured_cut,success_probability_ancilla_1,max_postselected_probability,grad
0,0.2734818192258659,0.16767414551078538,-3.8522768102108063,3.8522768102108063,3.0,0.021869554108707282,0.0426454985167855,-0.08850482248448215
1,0.2833605212509634,0.17342374217992,-3.8528898074032254,3.8528898074032254,3.0,0.02213682542294266,0.042854584573339405,-0.07057903459033249
2,0.2929977859272624,0.1790026933643746,-3.8533304175666974,3.8533304175666974,3.0,0.022404658486015673,0.043041817881079136,-0.05365671074842034
3,0.30223784918011865,0.18432302989066374,-3.8536136524437676,3.8536136524437676,3.0,0.022667865236876396,0.043206326049240726,-0.03790744548274645
4,0.3108903734230793,0.18927900107833387,-3.853761063561571,3.853761063561571,3.0,0.02291988346122991,0.043347504602110204,-0.023513593406175547
5,0.3187418486152775,0.19375386355698604,-3.8538006989842,3.8538006989842,3.0,0.02315309928217306,0.043465200699377135,-0.010660549663564547
6,0.32558018678054856,0.19763370145721185,-3.8537653773980436,3.8537653773980436,3.0,0.02335965164032367,0.043559892959791305,0.00048203525755947046
