epoch,beta,coefficient,loss,expected_cut,best_measured_cut,success_probability_ancilla_1,max_postselected_probability,grad
0,-0.26717662455584085,-0.1639884531182825,-4.4339185226923545,4.4339185226923545,6.0,0.04407938880994688,0.0819383521532879,0.05269938226671621
1,-0.2767437379420942,-0.16957604998639728,-4.434124330212475,4.434124330212475,6.0,0.044319448838391506,0.08211820575414099,0.03143156211834904
2,-0.2852050060578696,-0.17449383000426236,-4.4341512256655715,4.4341512256655715,6.0,0.04453735280111789,0.0822640250531086,0.01169301775299613
3,-0.29162366575284215,-0.1782090731528694,-4.434077122674852,4.434077122674852,6.0,0.04470608183061275,0.08236651160136528,-0.005255239036020684
4,-0.2953505349923964,-0.18036007520996286,-4.433997483421704,4.433997483421704,6.0,0.04480538619563089,0.08242284979448558,-0.01778760634293959
5,-0.2964800938269395,-0.18101110626015426,-4.433968105226656,4.433968105226656,6.0,0.04483567561318342,0.0824394698749147,-0.02493428379462366
6,-0.2955632062392015,-0.18048268244052126,-4.43399213755322,4.43399213755322,6.0,0.04481108224006916,0.0824259951164368,-0.02708135475134266
