epoch,beta,coefficient,loss,expected_cut,best_measured_cut,success_probability_ancilla_1,max_postselected_probability,grad
0,0.427282027766652,0.4220702084198744,-0.9999999999999233,0.9999999999999233,0.0,0.13060628415422626,0.1249631403293381,-1.379814113254816e-13
1,0.4272820339402062,0.42207021383459564,-0.9999999999999232,0.9999999999999232,0.0,0.1306062856110487,0.12496314035817441,-1.3816773891136396e-13
2,0.42728204150060806,0.4220702204656975,-0.9999999999999236,0.9999999999999236,0.0,0.13060628739513658,0.12496314039348863,-1.3814206106932849e-13
3,0.4272820502293971,0.4220702281215722,-0.9999999999999237,0.9999999999999237,0.0,0.1306062894549381,0.12496314043426027,-1.3815546350918708e-13
4,0.4272820600004767,0.4220702366916224,-0.9999999999999234,0.9999999999999234,0.0,0.13060629176069719,0.12496314047990029,-1.389548654453206e-13
