epoch,beta,coefficient,loss,expected_cut,best_measured_cut,success_probability_ancilla_1,max_postselected_probability,grad
0,-0.527573719120079,-0.5063454061284244,-0.9999999999999507,0.9999999999999507,1.0,0.20215903008853076,0.17536559002668,5.357444648011699e-14
1,-0.5275737215098202,-0.5063454080458746,-0.9999999999999505,0.9999999999999505,1.0,0.20215903061223556,0.17536558993952323,5.3337265548392306e-14
2,-0.5275737244339166,-0.5063454103920739,-0.9999999999999507,0.9999999999999507,1.0,0.2021590312530427,0.17536558983287795,5.3350853172564124e-14
3,-0.5275737278097399,-0.5063454131007239,-0.9999999999999506,0.9999999999999506,1.0,0.20215903199284446,0.17536558970975755,5.342469036761009e-14
4,-0.5275737315849193,-0.5063454161298043,-0.9999999999999508,0.9999999999999508,1.0,0.20215903282016398,0.17536558957207218,5.3523052000623776e-14
