epoch,beta,coefficient,loss,expected_cut,best_measured_cut,success_probability_ancilla_1,max_postselected_probability,grad
0,-0.4925083802235108,-0.4777367930491531,-0.9999999999999603,0.9999999999999603,1.0,0.2507363960708669,0.17201228556465895,2.7817483397519882e-14
1,-0.4925083814700032,-0.477736794082809,-0.9999999999999601,0.9999999999999601,1.0,0.25073639628986916,0.17201228556336184,2.7935108922499953e-14
2,-0.4925083829996745,-0.4777367953512913,-0.9999999999999599,0.9999999999999599,1.0,0.2507363965586244,0.17201228556176998,2.804858144822665e-14
3,-0.4925083847696144,-0.4777367968190169,-0.9999999999999604,0.9999999999999604,1.0,0.25073639686959354,0.17201228555992826,2.8163251690699783e-14
4,-0.49250838674666214,-0.47773679845848693,-0.99999999999996,0.99999999999996,1.0,0.2507363972169505,0.1720122855578708,2.7930230764350458e-14
