epoch,beta,coefficient,loss,expected_cut,best_measured_cut,success_probability_ancilla_1,max_postselected_probability,grad
0,-0.5780193569115468,-0.545824880821963,-0.9999999999999107,0.9999999999999107,0.0,0.11193182171844102,0.062499999999994435,2.3969873048549816e-13
1,-0.5780193676231394,-0.5458248889916981,-0.9999999999999107,0.9999999999999107,0.0,0.11193182493815967,0.06249999999999442,2.394705773311235e-13
2,-0.5780193807592198,-0.5458248990105905,-0.9999999999999105,0.9999999999999105,0.0,0.11193182888663727,0.06249999999999442,2.4058825349761103e-13
3,-0.5780193959492119,-0.545824910596002,-0.9999999999999105,0.9999999999999105,0.0,0.1119318334524851,0.06249999999999442,2.4134139882203645e-13
4,-0.5780194129080033,-0.5458249235304772,-0.9999999999999103,0.9999999999999103,0.0,0.11193183855000333,0.06249999999999439,2.392024465553438e-13
