{
  "0": 0.0,
  "1": -0.14168908393876184,
  "2": 0.14435874955937922,
  "3": -0.1403307836330706,
  "4": 0.24169900299702823,
  "5": 0.0,
  "6": 0.1782528669605839,
  "7": -0.15347029238636348,
  "8": -0.1702161378202624,
  "9": -0.006776871611017684,
  "10": -0.11423985929761085,
  "11": 0.09584166055287686,
  "12": 0.012058740741288763,
  "13": 0.1658308527940589,
  "14": -0.12166146062742729,
  "15": 0.11948814978472416
}