epoch,beta,coefficient,loss,expected_cut,best_measured_cut,success_probability_ancilla_1,max_postselected_probability,grad
0,-0.43365105252666836,-0.42764199525088314,-2.499999999999641,2.499999999999641,0.0,0.0697516499902327,0.062499999999991035,1.4263207137174535e-12
1,-0.4336511163350879,-0.42764205092769886,-2.499999999999641,2.499999999999641,0.0,0.06975166771828911,0.062499999999991035,1.4279259523833782e-12
2,-0.43365119448346356,-0.4276421191170144,-2.4999999999996425,2.4999999999996425,0.0,0.06975168943045373,0.06249999999999106,1.4281056108827154e-12
3,-0.4336512846729325,-0.42764219781292695,-2.499999999999642,2.499999999999642,0.0,0.06975171448802849,0.06249999999999105,1.426106376918299e-12
4,-0.43365138548155535,-0.42764228577470387,-2.499999999999641,2.499999999999641,0.0,0.0697517424959532,0.062499999999991035,1.4270477892591726e-12
