{
  "0": 0.0,
  "1": -0.13911100042271302,
  "2": 0.14634964732412617,
  "3": -0.1632805344512645,
  "4": 0.24701070501456332,
  "5": -0.006265101170186272,
  "6": 0.20564073347135473,
  "7": -0.1590299601753363,
  "8": -0.17380839131390113,
  "9": -0.004443465126070826,
  "10": -0.13079285073658564,
  "11": 0.09479482581910324,
  "12": 0.013155313178999392,
  "13": 0.16532576338860785,
  "14": -0.12087082491047157,
  "15": 0.13864289546328934
}