epoch,beta,coefficient,loss,expected_cut,best_measured_cut,success_probability_ancilla_1,max_postselected_probability,grad
0,-0.22146880256442258,-0.13692164137492835,-0.9999999999988798,0.9999999999988798,2.0,0.008926650277484221,0.18651270110978438,2.85054319883889e-12
1,-0.22146893003481682,-0.13692171766352257,-0.9999999999988798,0.9999999999988798,2.0,0.008926653173034465,0.18651270511754237,2.8515514499913662e-12
2,-0.22146908609229274,-0.13692181106093296,-0.9999999999988795,0.9999999999988795,2.0,0.008926656717955754,0.18651271002406325,2.849996599065857e-12
3,-0.2214692662487962,-0.13692191888114189,-0.99999999999888,0.99999999999888,2.0,0.008926660810300838,0.18651271568822153,2.85080295723209e-12
4,-0.22146946761420588,-0.13692203939446398,-0.9999999999988799,0.9999999999988799,2.0,0.00892666538442026,0.18651272201913163,2.850427877020578e-12
5,-0.22146968816626295,-0.13692217139061313,-0.9999999999988799,0.9999999999988799,2.0,0.008926670394378437,0.18651272895319504,2.8520269852002143e-12
6,-0.22146992632675522,-0.13692231392505663,-0.99999999999888,0.99999999999888,2.0,0.008926675804326526,0.1865127364407743,2.8507499480324186e-12
