epoch,beta,coefficient,loss,expected_cut,best_measured_cut,success_probability_ancilla_1,max_postselected_probability,grad
0,-0.22573809007638246,-0.1394743379928733,-2.499999999997493,2.499999999997493,2.0,0.009970663126929704,0.18625059046342984,5.797875339438449e-12
1,-0.22573834923592037,-0.1394744928038811,-2.4999999999974927,2.4999999999974927,2.0,0.009970669100433184,0.18625060245693137,5.795419805286506e-12
2,-0.22573866660161448,-0.13947468238477428,-2.499999999997492,2.499999999997492,2.0,0.009970676415568805,0.1862506171439881,5.798690526680315e-12
3,-0.2257390329777056,-0.1394749012423803,-2.499999999997493,2.499999999997493,2.0,0.00997068486038293,0.18625063409896392,5.7977494928819365e-12
4,-0.22573944245586017,-0.13947514584729684,-2.4999999999974927,2.4999999999974927,2.0,0.009970694298695414,0.18625065304836091,5.7952338659803704e-12
5,-0.22573989090964927,-0.1394754137345566,-2.4999999999974922,2.4999999999974922,2.0,0.009970704635398092,0.18625067380114638,5.797336949175036e-12
6,-0.22574037515721881,-0.1394757030034417,-2.4999999999974913,2.4999999999974913,2.0,0.009970715797154767,0.18625069621000162,5.796068776454336e-12
