epoch,beta,coefficient,loss,expected_cut,best_measured_cut,success_probability_ancilla_1,max_postselected_probability,grad
0,0.26382534592760887,0.16202450788759204,-2.499999999996566,2.499999999996566,2.0,0.007277345172559959,0.12499708704859724,-1.2497576541099699e-11
1,0.26382590452333116,0.16202483552475408,-2.4999999999965654,2.4999999999965654,2.0,0.007277359958347414,0.12499708582532452,-1.2491544584218787e-11
2,0.263826588513567,0.16202523671033248,-2.4999999999965654,2.4999999999965654,2.0,0.007277378063308189,0.12499708432710367,-1.2496015402638586e-11
3,0.2638273780606467,0.16202569980872908,-2.499999999996565,2.499999999996565,2.0,0.007277398962365901,0.1249970825971963,-1.2492218090338331e-11
4,0.2638282605473863,0.1620262174194307,-2.499999999996565,2.499999999996565,2.0,0.007277422321566851,0.12499708066305656,-1.2492743996355122e-11
5,0.26382922699538963,0.16202678427620956,-2.499999999996565,2.499999999996565,2.0,0.007277447903274219,0.12499707854417237,-1.2492738594274275e-11
6,0.26383027062726977,0.16202739640381209,-2.4999999999965645,2.4999999999965645,2.0,0.0072774755281108175,0.12499707625521315,-1.2494699301791847e-11
