epoch,beta,coefficient,loss,expected_cut,best_measured_cut,success_probability_ancilla_1,max_postselected_probability,grad
0,0.2602790362960621,0.15994256994499675,-2.8379796554511674,2.8379796554511674,3.0,0.02257990473405949,0.15157618940054732,-0.11833810190234721
1,0.27020460256943274,0.16575998405394807,-2.8388944048152807,2.8388944048152807,3.0,0.022839250022286647,0.15258301167018423,-0.1006536017596167
2,0.27999056437018793,0.17146583219372108,-2.839635685332279,2.839635685332279,3.0,0.023102445365778636,0.15351213621082227,-0.08378290719713236
3,0.2895586704183013,0.17701527638101575,-2.840212701372441,2.840212701372441,3.0,0.02336680393086278,0.15436117941345054,-0.0678292853502501
4,0.2988175602040779,0.1823569787336331,-2.840637945642656,2.840637945642656,3.0,0.02362906519532703,0.15512841948503614,-0.052892724259705745
5,0.30766424806803633,0.18743413291309738,-2.840927266685037,2.840927266685037,3.0,0.02388542526635412,0.15581298030315724,-0.03906687778466078
6,0.3159876949471464,0.19218660489519263,-2.841099635855385,2.841099635855385,3.0,0.02413164674705802,0.1564150161693756,-0.026435099330952696
7,0.32367471604036085,0.19655426577659307,-2.841176515634711,2.841176515634711,3.0,0.024363262820862493,0.15693586032114085,-0.015065730052638462
8,0.33061787160152767,0.20048127097413845,-2.8411807989573177,2.8411807989573177,3.0,0.024575868500298113,0.1573780901439047,-0.005007167057162115
