epoch,beta,coefficient,loss,expected_cut,best_measured_cut,success_probability_ancilla_1,max_postselected_probability,grad
0,-0.2508330407311199,-0.15437885143319116,-5.9995068239116165,5.9995068239116165,5.0,0.026541278988567594,0.05035350293341933,0.26672137045417244
1,-0.2607965544582398,-0.16024662566081568,-6.0018024830581265,6.0018024830581265,5.0,0.02678835971220241,0.05060930019324318,0.242297646544938
2,-0.27069533295289,-0.16604682224776504,-6.0038531148929755,6.0038531148929755,5.0,0.027041601995974093,0.05084516092987598,0.21862948306730537
3,-0.2804981805369165,-0.17176098334774118,-6.005664714818563,6.005664714818563,5.0,0.027299839903063276,0.05106123293356367,0.19580846137267413
4,-0.2901711032954663,-0.1773694759623289,-6.007245420904147,6.007245420904147,5.0,0.027561744921629733,0.051257825526686264,0.1739181925305897
5,-0.29967757154131036,-0.1828516996649403,-6.00860546707662,6.00860546707662,5.0,0.027825832397084593,0.051435410404301635,0.15303290062390326
6,-0.3089789230855695,-0.18818636392422197,-6.00975707197124,6.00975707197124,5.0,0.028090474821341853,0.051594618043794,0.13321616230442074
7,-0.3180349153340499,-0.19335183430927133,-6.010714259434062,6.010714259434062,5.0,0.028353922629404595,0.05173622924401357,0.11451986558602206
8,-0.3268044236502903,-0.1983265410067613,-6.011492610601554,6.011492610601554,5.0,0.028614332676025762,0.05186116159956197,0.0969834472759974
9,-0.3352462702670305,-0.20308943643755256,-6.01210895234882,6.01210895234882,5.0,0.028869803942414368,0.05197045103765777,0.0806334607427769
10,-0.3433201537151784,-0.20762048219797977,-6.01258099227216,6.01258099227216,5.0,0.029118419314609623,0.052065228920777404,0.06548351214387904
11,-0.35098763530175253,-0.2119011401437314,-6.012926915591102,6.012926915591102,5.0,0.02935829157409176,0.05214669560675104,0.05153458373593628
12,-0.3582131289367261,-0.21591483927284702,-6.013164963621657,6.013164963621657,5.0,0.029587611160729065,0.0522160917049478,0.03877573858500209
13,-0.36496483570682864,-0.2196473899871074,-6.013313016017067,6.013313016017067,5.0,0.029804692918409648,0.05227466851558978,0.027185174214363294
14,-0.3712155663702746,-0.22308732064876988,-6.013388199248535,6.013388199248535,5.0,0.030008018993599648,0.05232365924267931,0.01673156674382124
