epoch,beta,coefficient,loss,expected_cut,best_measured_cut,success_probability_ancilla_1,max_postselected_probability,grad
0,-0.26907374594265043,-0.16509870124202558,-6.222625325261857,6.222625325261857,7.0,0.040832438637376275,0.10811190630416463,-0.2061578551870607
1,-0.2590967655539731,-0.15924765398462987,-6.224479925109529,6.224479925109529,7.0,0.040588418622524325,0.10800210963521964,-0.19281684454089504
2,-0.24916265706628865,-0.15339227396803026,-6.226184888118877,6.226184888118877,7.0,0.040353074635978536,0.10786886011867956,-0.17885005529203804
3,-0.23929542179571542,-0.14754812581566917,-6.227732142463374,6.227732142463374,7.0,0.040127021139828106,0.10771223394387737,-0.16429751865543007
4,-0.22952385897639896,-0.14173388759272984,-6.229114723418398,6.229114723418398,7.0,0.03991089176367624,0.10753268910288015,-0.14921327500545445
5,-0.2198822576246643,-0.13597179693197886,-6.230327205868572,6.230327205868572,7.0,0.0397053322969637,0.10733115203326446,-0.13366744605655642
6,-0.2104110643650659,-0.1302880819009348,-6.231366202596477,6.231366202596477,7.0,0.03951099065176988,0.10710911070192425,-0.11774831180126259
7,-0.20115744127989882,-0.12471332189484863,-6.2322309138888174,6.2322309138888174,7.0,0.03932850307465517,0.10686870828233672,-0.10156422797447877
8,-0.19217558596553555,-0.11928265715969506,-6.2329236968420005,6.2329236968420005,7.0,0.03915847597633713,0.10661282758810109,-0.08524513181175017
9,-0.18352664170436117,-0.11403573727967746,-6.233450599446806,6.233450599446806,7.0,0.03900146307339683,0.10634515160077969,-0.06894327990419775
10,-0.17527799209420275,-0.10901627741282566,-6.233821777335995,6.233821777335995,7.0,0.03885793820336021,0.10607018064745696,-0.052832758233549985
11,-0.16750173360903767,-0.10427109019922279,-6.234051686404516,6.234051686404516,7.0,0.038728265243842944,0.10579318382467207,-0.03710723628117386
12,-0.16027217894935852,-0.09984849865786795,-6.234158933884304,6.234158933884304,7.0,0.038612667957360416,0.10552006377648598,-0.021975460555983813
13,-0.15366238511238306,-0.09579612478215045,-6.2341656886852,6.2341656886852,7.0,0.03851120397190329,0.10525712267121938,-0.007654164767289714
