epoch,beta,coefficient,loss,expected_cut,best_measured_cut,success_probability_ancilla_1,max_postselected_probability,grad
0,0.27731442299933984,0.16990845240439142,-4.90283723036916,4.90283723036916,4.0,0.04474891116589201,0.07446051176330279,-0.13587255536080695
1,0.2872333858178182,0.1756693402276497,-4.903869127643961,4.903869127643961,4.0,0.045002606123326044,0.07465614297745697,-0.1144257140576233
2,0.29699657354348724,0.18130864279420128,-4.904687307881627,4.904687307881627,4.0,0.045259173744828615,0.07483369468483056,-0.09373878655999426
3,0.30651046317623454,0.18677347366113958,-4.9053016253132915,4.9053016253132915,4.0,0.04551556458080596,0.074992713480698,-0.07396497220177045
4,0.3156615286659802,0.19200082372630772,-4.9057272463946004,4.9057272463946004,4.0,0.04576795798996475,0.07513293576127587,-0.05527201090235868
5,0.32431760808615206,0.19691860377404713,-4.905985236036426,4.905985236036426,4.0,0.04601177819744365,0.07525435736233439,-0.03783933317667117
6,0.3323333895723654,0.20144889258852905,-4.906102534127657,4.906102534127657,4.0,0.04624185212403329,0.07535730372951475,-0.02185140486094369
7,0.33956093943355037,0.20551379494419156,-4.906110946240366,4.906110946240366,4.0,0.04645274999161693,0.07544248001363757,-0.007486259696788881
8,0.3458645371124923,0.2090434066911937,-4.9060449533587445,4.9060449533587445,4.0,0.04663929497486168,0.07551097489242253,0.005100464363550473
