epoch,beta,coefficient,loss,expected_cut,best_measured_cut,success_probability_ancilla_1,max_postselected_probability,grad
0,-0.2148881096898577,-0.1329776233955819,-4.725342241178796,4.725342241178796,4.0,0.040133174888248344,0.06075538450368772,-0.11853426148948494
1,-0.20495475340690503,-0.12700350754807557,-4.726272281763419,4.726272281763419,4.0,0.03992201312581957,0.06171449697947203,-0.10205583176229781
2,-0.1951562380087376,-0.12108693252113609,-4.7270220120542294,4.7270220120542294,4.0,0.03972198853381814,0.0626627252071992,-0.08510508016430424
3,-0.18558598966079717,-0.11528657268087505,-4.727588464956517,4.727588464956517,4.0,0.03953469080226522,0.06359006450255374,-0.06783506771925756
4,-0.17636891377617625,-0.10968096302923136,-4.727974708056304,4.727974708056304,4.0,0.039361961913062016,0.06448350891813052,-0.05046129355943422
5,-0.1676655262650444,-0.10437116716141144,-4.728192300459721,4.728192300459721,4.0,0.0392058568372569,0.06532674672986047,-0.03327701179688491
6,-0.159669601020622,-0.09947941376956031,-4.728263466224511,4.728263466224511,4.0,0.039068509322685546,0.06610050382048065,-0.01666389913668545
7,-0.15259385097300224,-0.09514024484018958,-4.728221693497622,4.728221693497622,4.0,0.0389518694066305,0.06678403208118765,-0.0010881040992533238
