{
  "0": 0.0,
  "1": -0.2349155760776472,
  "2": 0.24931566793396778,
  "3": -0.2825568938687999,
  "4": -0.3585025702262538,
  "5": 0.2811935407161203,
  "6": 0.019732022528834294,
  "7": 0.2059559689048293,
  "8": 0.11416420472350043,
  "9": -0.008695938377787463,
  "10": -0.006457312767257844,
  "11": 0.014605055691183135,
  "12": 0.0,
  "13": 0.0,
  "14": 0.009721266307276962,
  "15": 0.0,
  "16": -0.072388687227494,
  "17": 0.19021585791526696,
  "18": 0.20437527237140546,
  "19": -0.024118894733407913,
  "20": -0.2575667816975767,
  "21": 0.08239615296545484,
  "22": 0.08191442570217379,
  "23": -0.2167949616297562,
  "24": 0.03944445310561795,
  "25": 0.006590367816696531,
  "26": -0.1080501848428098,
  "27": 0.0733423229622242,
  "28": 0.15665527112936323,
  "29": -0.09411963737542459,
  "30": 0.04294344273675602,
  "31": -0.16685995785606442,
  "32": 0.11137286360931288,
  "33": -0.061840633082496564,
  "34": 0.0,
  "35": -0.05925635408961149,
  "36": 0.03266343009800912,
  "37": 0.09716173812087249,
  "38": -0.0961869030978612,
  "39": 0.08054196257099915,
  "40": -0.023556938523472855,
  "41": 0.021740114637675417,
  "42": -0.08645140800717674,
  "43": 0.04489375150119448,
  "44": 0.04380667058524445,
  "45": -0.0763900680579425,
  "46": 0.00503987851601789,
  "47": -0.07048092030408314,
  "48": -0.005670227342384278,
  "49": 0.03195869842668037,
  "50": -0.02448078033433043,
  "51": 0.00995118237722031,
  "52": 0.0388668602859133,
  "53": 0.012135427044556371,
  "54": 0.022537205508954525,
  "55": -0.04185679705285933,
  "56": -0.04020190597312441,
  "57": -0.07726550429725858,
  "58": -0.0875507666039387,
  "59": 0.10047361924197057,
  "60": 0.09639731945068872,
  "61": -0.05141896181441147,
  "62": 0.0718120861501983,
  "63": 0.05806459965749685
}