{
  "0": 0.0,
  "1": -0.23491355054821758,
  "2": 0.24931542176262306,
  "3": -0.28255651784582403,
  "4": 0.3982785670134633,
  "5": 0.0,
  "6": 0.32868371172338806,
  "7": -0.26380398921681714,
  "8": -0.12558312731627816,
  "9": 0.13824227465808875,
  "10": 0.08629819997589665,
  "11": 0.0942510080413348,
  "12": -0.24054279920553642,
  "13": 0.18144223951239705,
  "14": -0.23043007817411545,
  "15": -0.0696849250900497,
  "16": 0.0,
  "17": 0.0,
  "18": 0.0,
  "19": 0.0,
  "20": 0.0,
  "21": 0.0,
  "22": 0.0,
  "23": 0.0,
  "24": 0.0,
  "25": 0.0,
  "26": 0.0,
  "27": 0.0,
  "28": 0.0,
  "29": 0.0,
  "30": 0.0,
  "31": 0.0,
  "32": 0.0,
  "33": 0.1137768493396009,
  "34": 0.03450116878122166,
  "35": -0.003615974780639995,
  "36": -0.12648827427777445,
  "37": -0.09250015929200574,
  "38": 0.0,
  "39": -0.06957259382126255,
  "40": -0.033978141019925766,
  "41": 0.05724576814201421,
  "42": -0.01728349321053758,
  "43": -0.07935076589777514,
  "44": -0.11684139210712942,
  "45": 0.11525247537841082,
  "46": 0.1266504309412667,
  "47": 0.11119697877772083,
  "48": 0.0,
  "49": 0.0,
  "50": 0.0,
  "51": 0.0,
  "52": 0.0,
  "53": 0.0,
  "54": 0.0,
  "55": 0.0,
  "56": 0.0,
  "57": 0.0,
  "58": 0.0,
  "59": 0.0,
  "60": 0.0,
  "61": 0.0,
  "62": 0.0,
  "63": 0.0
}