{
  "config": {
    "N_VERTICES": 4,
    "PROB_ARESTA": 0.7,
    "COM_PESO": false,
    "PESO_MIN": 1,
    "PESO_MAX": 1,
    "GRAPH_SEED": 104986,
    "GRAPH_EDGES": [
      [
        0,
        2,
        1.0
      ],
      [
        0,
        3,
        1.0
      ]
    ],
    "REVERSE_BITS": false,
    "ER": 0.75,
    "MAX_TERMS": null,
    "A_MAX": 0.6283185307179586,
    "INIT_BETA": 0.25,
    "MAX_EPOCHS": 200,
    "LR": 0.01,
    "FD_EPS": 0.01,
    "LOSS_TOL_LAST5": 0.002,
    "PATIENCE_LAST5": 7,
    "TRAIN_SEED": 0,
    "INIT_BETA_JITTER": 0.03,
    "OPTIMIZER": "adam",
    "ADAM_BETA1": 0.9,
    "ADAM_BETA2": 0.999,
    "ADAM_EPS": 1e-08,
    "COEF_ZERO_TOL": 0.002,
    "IMPROVEMENT_TOL": 0.002,
    "SATURATION_PATIENCE": 60,
    "INDEX_STRATEGY": "ascending",
    "INDEX_RANDOM_SEED": 42,
    "ENABLE_BACKWARD_PRUNING": false,
    "BACKWARD_PASSES": 1,
    "PRUNE_IMPROVEMENT_TOL": 1e-06,
    "OUTDIR": "benchmark_results_walsh_article/unweighted/coarse_loader/n4/graph08_trainseed00",
    "SHOW_PLOTS": false,
    "name": "coarse_loader"
  },
  "n_qubits_register": 4,
  "graph_edges": [
    [
      0,
      2,
      1.0
    ],
    [
      0,
      3,
      1.0
    ]
  ],
  "graph_signature": "2cf81b7f6c28153cc1763d3712042bf1e2dce228b62300b14a9509084e53b32c",
  "graph_num_edges": 2,
  "graph_density": 0.3333333333333333,
  "best_cut_bruteforce": 2.0,
  "best_bitstring_bruteforce": "0011",
  "best_index_bruteforce": 3,
  "candidate_order": [
    1,
    2,
    3,
    4,
    5,
    6,
    7,
    8,
    9,
    10,
    11,
    12,
    13,
    14,
    15
  ],
  "total_possible_parameters": 15,
  "visited_parameters": 15,
  "trained_coefficients": {
    "0": 0.0,
    "1": -0.16995401284427808,
    "2": 0.17105889894943987,
    "3": -0.1462230914248755,
    "4": 0.26743980821849145,
    "5": -0.00443555008033035,
    "6": 0.18728958596044612,
    "7": -0.17991707722715022,
    "8": 0.1438784264444446,
    "9": 0.008956004079165317,
    "10": 0.11553451057837812,
    "11": -0.12777311553467477,
    "12": -0.013913542733162759,
    "13": -0.2470072528563737,
    "14": 0.1700024082890437,
    "15": -0.15696585392127602
  },
  "final_coefficient_vector": [
    0.0,
    -0.16995401284427808,
    0.17105889894943987,
    -0.1462230914248755,
    0.26743980821849145,
    -0.00443555008033035,
    0.18728958596044612,
    -0.17991707722715022,
    0.1438784264444446,
    0.008956004079165317,
    0.11553451057837812,
    -0.12777311553467477,
    -0.013913542733162759,
    -0.2470072528563737,
    0.1700024082890437,
    -0.15696585392127602
  ],
  "active_indices": [
    1,
    2,
    3,
    4,
    5,
    6,
    7,
    8,
    9,
    10,
    11,
    12,
    13,
    14,
    15
  ],
  "active_parameter_count": 15,
  "compression_ratio_active_over_total": 1.0,
  "final_loss": -1.9536884425632548,
  "final_expected_cut": 1.9536884425632548,
  "best_expected_cut_over_evolution": 1.9536884425632548,
  "final_best_measured_index": 8,
  "final_best_measured_bitstring": "1000",
  "final_best_measured_cut": 2.0,
  "best_measured_cut_over_evolution": 2.0,
  "final_success_probability_ancilla_1": 0.046600649806597644,
  "final_max_postselected_probability": 0.6556125486430058,
  "gap_expected_to_bruteforce": 0.0463115574367452,
  "gap_measured_to_bruteforce": 0.0,
  "approx_ratio_measured": 1.0,
  "n_steps": 15,
  "elapsed_seconds": 4.294306039810181,
  "steps": [
    {
      "visit_idx": 1,
      "j": 1,
      "kept": true,
      "beta": -0.2773926571557337,
      "coefficient": -0.16995401284427808,
      "loss": -1.0,
      "expected_cut": 1.0,
      "best_measured_cut": 0.0,
      "success_probability_ancilla_1": 0.004056367434305084,
      "epochs_run": 7,
      "stop_reason": "loss_plateau_last5",
      "history_path": "benchmark_results_walsh_article/unweighted/coarse_loader/n4/graph08_trainseed00/histories/history_visit001_j001.json",
      "improvement_vs_previous": 1.0
    },
    {
      "visit_idx": 2,
      "j": 2,
      "kept": true,
      "beta": 0.2792909300907818,
      "coefficient": 0.17105889894943987,
      "loss": -1.0,
      "expected_cut": 1.0,
      "best_measured_cut": 0.0,
      "success_probability_ancilla_1": 0.008132238406534901,
      "epochs_run": 7,
      "stop_reason": "loss_plateau_last5",
      "history_path": "benchmark_results_walsh_article/unweighted/coarse_loader/n4/graph08_trainseed00/histories/history_visit002_j002.json",
      "improvement_vs_previous": 0.0
    },
    {
      "visit_idx": 3,
      "j": 3,
      "kept": true,
      "beta": -0.2370646488965684,
      "coefficient": -0.1462230914248755,
      "loss": -1.0,
      "expected_cut": 1.0,
      "best_measured_cut": 2.0,
      "success_probability_ancilla_1": 0.011087102428890688,
      "epochs_run": 7,
      "stop_reason": "loss_plateau_last5",
      "history_path": "benchmark_results_walsh_article/unweighted/coarse_loader/n4/graph08_trainseed00/histories/history_visit003_j003.json",
      "improvement_vs_previous": 0.0
    },
    {
      "visit_idx": 4,
      "j": 4,
      "kept": true,
      "beta": 0.4545643562267156,
      "coefficient": 0.26743980821849145,
      "loss": -1.2988163941058655,
      "expected_cut": 1.2988163941058655,
      "best_measured_cut": 2.0,
      "success_probability_ancilla_1": 0.020889212755682868,
      "epochs_run": 22,
      "stop_reason": "loss_plateau_last5",
      "history_path": "benchmark_results_walsh_article/unweighted/coarse_loader/n4/graph08_trainseed00/histories/history_visit004_j004.json",
      "improvement_vs_previous": 0.29881639410586547
    },
    {
      "visit_idx": 5,
      "j": 5,
      "kept": true,
      "beta": -0.007059514478231349,
      "coefficient": -0.00443555008033035,
      "loss": -1.2987732079648246,
      "expected_cut": 1.2987732079648246,
      "best_measured_cut": 2.0,
      "success_probability_ancilla_1": 0.020887260923592776,
      "epochs_run": 27,
      "stop_reason": "loss_plateau_last5",
      "history_path": "benchmark_results_walsh_article/unweighted/coarse_loader/n4/graph08_trainseed00/histories/history_visit005_j005.json",
      "improvement_vs_previous": -4.3186141040818526e-05
    },
    {
      "visit_idx": 6,
      "j": 6,
      "kept": true,
      "beta": 0.30741174138756855,
      "coefficient": 0.18728958596044612,
      "loss": -1.3883938069798534,
      "expected_cut": 1.3883938069798534,
      "best_measured_cut": 2.0,
      "success_probability_ancilla_1": 0.025410046817908604,
      "epochs_run": 7,
      "stop_reason": "loss_plateau_last5",
      "history_path": "benchmark_results_walsh_article/unweighted/coarse_loader/n4/graph08_trainseed00/histories/history_visit006_j006.json",
      "improvement_vs_previous": 0.08962059901502872
    },
    {
      "visit_idx": 7,
      "j": 7,
      "kept": true,
      "beta": -0.2945823386548126,
      "coefficient": -0.17991707722715022,
      "loss": -1.4730006834273026,
      "expected_cut": 1.4730006834273026,
      "best_measured_cut": 2.0,
      "success_probability_ancilla_1": 0.029372413134427285,
      "epochs_run": 7,
      "stop_reason": "loss_plateau_last5",
      "history_path": "benchmark_results_walsh_article/unweighted/coarse_loader/n4/graph08_trainseed00/histories/history_visit007_j007.json",
      "improvement_vs_previous": 0.08460687644744924
    },
    {
      "visit_idx": 8,
      "j": 8,
      "kept": true,
      "beta": 0.23312292172272514,
      "coefficient": 0.1438784264444446,
      "loss": -1.5258344460920557,
      "expected_cut": 1.5258344460920557,
      "best_measured_cut": 2.0,
      "success_probability_ancilla_1": 0.03210982287334327,
      "epochs_run": 7,
      "stop_reason": "loss_plateau_last5",
      "history_path": "benchmark_results_walsh_article/unweighted/coarse_loader/n4/graph08_trainseed00/histories/history_visit008_j008.json",
      "improvement_vs_previous": 0.05283376266475304
    },
    {
      "visit_idx": 9,
      "j": 9,
      "kept": true,
      "beta": 0.014254888656948541,