{
  "0": 0.0,
  "1": -0.16995401284427808,
  "2": 0.17105889894943987,
  "3": -0.1462230914248755,
  "4": 0.26743980821849145,
  "5": -0.00443555008033035,
  "6": 0.18728958596044612,
  "7": -0.17991707722715022,
  "8": 0.1438784264444446,
  "9": 0.008956004079165317,
  "10": 0.11553451057837812,
  "11": -0.12777311553467477,
  "12": -0.013913542733162759,
  "13": -0.2470072528563737,
  "14": 0.1700024082890437,
  "15": -0.15696585392127602
}