{
  "0": 0.0,
  "1": -0.5080931249096321,
  "2": 0.5137681031941596,
  "3": -0.42908078265566246,
  "4": 0.7023343149226774,
  "5": -0.0018512946726156466,
  "6": 0.43734727386096567,
  "7": -0.5153159438292035,
  "8": 0.005673814690869724,
  "9": -0.009695007587383085,
  "10": 0.3128467150388706,
  "11": -0.04753360167332804,
  "12": 0.019211537964740833,
  "13": -0.013996656581590638,
  "14": -0.06902757823524037,
  "15": -0.4614343777833717,
  "16": 0.006976258478811192,
  "17": -0.005344047146368014,
  "18": 0.006252739129681717,
  "19": -0.00831084306314844,
  "20": 0.009756042379552984,
  "21": -0.01179868482258139,
  "22": 0.012327126085548035,
  "23": -0.013301232861678006,
  "24": 0.009410487779758277,
  "25": -0.004581090713419559,
  "26": 0.010426348698104932,
  "27": -0.010453871770288132,
  "28": 0.009711563843094928,
  "29": -0.010656433189395674,
  "30": 0.015460847285770312,
  "31": -0.013717320151377884,
  "32": 0.00799570812403232,
  "33": 0.02505815530753109,
  "34": 0.16285286979102856,
  "35": -0.036874109201641476,
  "36": -0.030444684852731066,
  "37": -0.11553492599632777,
  "38": 0.026435051316245902,
  "39": -0.16591067589179595,
  "40": 0.01908764088329673,
  "41": 0.01550907363846495,
  "42": 0.08311319802919476,
  "43": -0.07517858458401129,
  "44": -0.047601155555615934,
  "45": 0.045943921286241154,
  "46": 0.1750006755545582,
  "47": 0.0018248082593031372,
  "48": -0.0022816853699036167,
  "49": 0.0011013935841449093,
  "50": -0.004979449099683968,
  "51": 0.0014155826724410478,
  "52": -0.002110328956715374,
  "53": 0.0037365204502930807,
  "54": -0.002636010735376156,
  "55": 0.010034489583478516,
  "56": -0.002983442914027186,
  "57": 0.000834227278387534,
  "58": -0.0018997654139600276,
  "59": 0.0,
  "60": -0.005577821910958023,
  "61": 0.002474762044436861,
  "62": -0.002714257945150626,
  "63": 0.0031062384162028364
}