epoch,beta,coefficient,loss,expected_cut,best_measured_cut,success_probability_ancilla_1,max_postselected_probability,grad
0,0.22727740833847251,0.14039354721431851,-7.999980231313666,7.999980231313666,5.0,0.005474665690264456,0.031249382228951666,0.10255413136527254
1,0.21933634407888,0.13564481429354402,-7.999836477070519,7.999836477070519,5.0,0.005291660187037251,0.031244889908867,0.018939121511559704
2,0.2169885603603285,0.13423769954793674,-7.999675739073598,7.999675739073598,5.0,0.005238638240753773,0.031239866846467623,-0.05654705473683535
3,0.21866396752152994,0.13524197892893772,-7.999796179089561,7.999796179089561,5.0,0.005276424525604924,0.031243630596963237,-0.08050902532013271
4,0.2221656489933722,0.13733862726443086,-7.9999567908627975,7.9999567908627975,5.0,0.005356216097075221,0.03124864971487083,-0.06333071503657836
5,0.22607557504707626,0.13967592222217806,-7.999996468471558,7.999996468471558,5.0,0.005446607627800191,0.031249889640137734,-0.02868365803488648
6,0.2292297134326676,0.14155846323420992,-7.999926296284928,7.999926296284928,5.0,0.005520517172680474,0.031247696759300243,0.008050432838323024
