epoch,beta,coefficient,loss,expected_cut,best_measured_cut,success_probability_ancilla_1,max_postselected_probability,grad
0,-0.22512661116432364,-0.13910901664646164,-7.499999999972414,7.499999999972414,0.0,0.002718811607838566,0.015624999999942529,2.368225035011532e-10
1,-0.22513718680233974,-0.1391153357863721,-7.499999999972415,7.499999999972415,0.0,0.0027190583977680463,0.015624999999942532,2.36756979398151e-10
2,-0.2251501317813333,-0.13912307061119117,-7.499999999972426,7.499999999972426,0.0,0.0027193604915611504,0.015624999999942553,2.367300261986732e-10
3,-0.22516507042682346,-0.13913199662741435,-7.499999999972426,7.499999999972426,0.0,0.002719709129706186,0.015624999999942553,2.36646232052839e-10
4,-0.22518176345922064,-0.13914197084056662,-7.499999999972427,7.499999999972427,0.0,0.0027200987353740917,0.015624999999942556,2.36628666651034e-10
5,-0.2252000405641324,-0.13915289146445917,-7.499999999972436,7.499999999972436,0.0,0.0027205253409836407,0.015624999999942574,2.366017799428339e-10
6,-0.22521977133468746,-0.1391646805586092,-7.499999999972436,7.499999999972436,0.0,0.002720985910147099,0.015624999999942577,2.3649944358846195e-10
