epoch,beta,coefficient,loss,expected_cut,best_measured_cut,success_probability_ancilla_1,max_postselected_probability,grad
0,-0.2681456979304213,-0.16455571960676865,-1.4614740823909782,1.4614740823909782,1.0,0.025599346988688217,0.355549423372711,0.014277195447327806
1,-0.27294396872310456,-0.16736022560020425,-1.4614380608359454,1.4614380608359454,1.0,0.025719969137800676,0.35568677556462763,-0.0033914921662917246
2,-0.2718910474442604,-0.16674542101270967,-1.4614493285952814,1.4614493285952814,1.0,0.02569334672148639,0.35565893558917105,-0.011592800558083871
3,-0.268425904433079,-0.16471969047401677,-1.4614730642631608,1.4614730642631608,1.0,0.025606341631884535,0.35555818638611153,-0.0098085991754786
4,-0.26455939771406484,-0.16245497505708892,-1.4614750727662758,1.4614750727662758,1.0,0.02551036858038242,0.35542904648114215,-0.003875387588183863
5,-0.26194583741105737,-0.1609215728361982,-1.4614615882942739,1.4614615882942739,1.0,0.02544616398039305,0.35533162934553136,0.002855897285883766
6,-0.261443422856079,-0.1606265652252308,-1.4614576100129841,1.4614576100129841,1.0,0.025433883799382145,0.35531195780723224,0.007471788412137799
