{
  "0": 0.0,
  "1": -0.23926184177070337,
  "2": 0.23206334544566695,
  "3": -0.27612218281112116,
  "4": 0.3974337955686386,
  "5": 0.0,
  "6": 0.3184334323797038,
  "7": -0.24492628482862325,
  "8": 0.14226021400995206,
  "9": 0.0,
  "10": 0.1754979736255185,
  "11": -0.13933507533599535,
  "12": 0.0,
  "13": -0.31471443408283956,
  "14": 0.20607956087213858,
  "15": -0.2531014289001905
}