epoch,beta,coefficient,loss,expected_cut,best_measured_cut,success_probability_ancilla_1,max_postselected_probability,grad
0,0.25634890536045535,0.1576309080806147,-1.4999999999979268,1.4999999999979268,2.0,0.0072340100322160076,0.12495313069820055,-7.406525467806821e-12
1,0.2563492365546566,0.15763110307863673,-1.499999999997926,1.499999999997926,2.0,0.0072340185920445515,0.1249531336965743,-7.408994473022666e-12
2,0.2563496420791017,0.1576313418402146,-1.499999999997926,1.499999999997926,2.0,0.007234029072976342,0.12495313736774007,-7.40784786687238e-12
3,0.25635011022221216,0.1576316174698704,-1.4999999999979265,1.4999999999979265,2.0,0.007234041172328083,0.12495314160559909,-7.408039500323534e-12
4,0.2563506334878379,0.15763192555405495,-1.4999999999979265,1.4999999999979265,2.0,0.007234054696365526,0.12495314634221762,-7.40785866653687e-12
5,0.2563512065583188,0.15763226296185423,-1.4999999999979263,1.4999999999979263,2.0,0.007234069507658144,0.12495315152938521,-7.408356469191569e-12
6,0.25635182539870743,0.1576326273175804,-1.4999999999979268,1.4999999999979268,2.0,0.007234085501927532,0.12495315713050487,-7.408672077976807e-12
