epoch,beta,coefficient,loss,expected_cut,best_measured_cut,success_probability_ancilla_1,max_postselected_probability,grad
0,-0.3586374134118654,-0.27018738779664553,-2.4999999999986224,2.4999999999986224,0.0,0.01813955138552476,0.062499999999965555,7.018894164261903e-12
1,-0.35863772734202587,-0.27018760517759854,-2.4999999999986207,2.4999999999986207,0.0,0.018139580396331966,0.062499999999965514,7.024164069017467e-12
2,-0.3586381117501215,-0.27018787136093686,-2.4999999999986224,2.4999999999986224,0.0,0.018139615920144635,0.062499999999965555,7.0227850027118144e-12
3,-0.3586385555265634,-0.27018817865379163,-2.4999999999986224,2.4999999999986224,0.0,0.01813965693031897,0.062499999999965555,7.022830342590747e-12
4,-0.35863905149303105,-0.2701885220855019,-2.499999999998621,2.499999999998621,0.0,0.018139702763505905,0.06249999999996553,7.018582332839457e-12
