epoch,beta,coefficient,loss,expected_cut,best_measured_cut,success_probability_ancilla_1,max_postselected_probability,grad
0,-0.25953164104200244,-0.15950331393415476,-5.499999999984612,5.499999999984612,0.0,0.0035734192463963716,0.015624999999956285,1.1332042500386034e-10
1,-0.2595367041086514,-0.1595062901397997,-5.499999999984611,5.499999999984611,0.0,0.0035735524429138816,0.015624999999956281,1.132802699290203e-10
2,-0.2595429025847563,-0.15950993375899583,-5.499999999984612,5.499999999984612,0.0,0.0035737155120928194,0.015624999999956285,1.1328768130574041e-10
3,-0.25955005718235513,-0.15951413939604914,-5.499999999984613,5.499999999984613,0.0,0.0035739037388359974,0.015624999999956288,1.1327798891459942e-10
4,-0.2595580532207347,-0.15951883963327113,-5.49999999998461,5.49999999998461,0.0,0.0035741141076607156,0.015624999999956278,1.1326844918053119e-10
5,-0.25956680948650857,-0.1595239867260336,-5.499999999984612,5.499999999984612,0.0,0.003574344483504723,0.015624999999956285,1.1327868822804445e-10
6,-0.2595762638200189,-0.1595295441300518,-5.499999999984615,5.499999999984615,0.0,0.003574593232546435,0.015624999999956292,1.1325279225767358e-10
