epoch,beta,coefficient,loss,expected_cut,best_measured_cut,success_probability_ancilla_1,max_postselected_probability,grad
0,0.23569573842326025,0.14540930382596295,-5.499999999991566,5.499999999991566,2.0,0.006523767539981743,0.03118284718837197,-3.1129566918937226e-11
1,0.23569713049583582,0.14541013164535113,-5.499999999991568,5.499999999991568,2.0,0.0065238010862589185,0.031182855407196296,-3.114902638833183e-11
2,0.23569883518162763,0.14541114536472366,-5.4999999999915685,5.4999999999915685,2.0,0.006523842166144234,0.031182865470946897,-3.1151272939160176e-11
3,0.23570080285639583,0.1454123154738111,-5.499999999991569,5.499999999991569,2.0,0.006523889583908898,0.031182877086249824,-3.113407531950624e-11
4,0.23570300218530718,0.14541362333845678,-5.499999999991571,5.499999999991571,2.0,0.006523942584560685,0.031182890067721968,-3.114127960617197e-11
5,0.2357054105824039,0.14541505552717598,-5.499999999991569,5.499999999991569,2.0,0.006524000623936689,0.031182904281639588,-3.112938320966802e-11
6,0.2357080111585082,0.1454166019961729,-5.499999999991568,5.499999999991568,2.0,0.006524063295154535,0.031182919627915917,-3.1133024497310175e-11
