epoch,beta,coefficient,loss,expected_cut,best_measured_cut,success_probability_ancilla_1,max_postselected_probability,grad
0,-0.36588034902605515,-0.2751902065781956,-2.9999999999984066,2.9999999999984066,0.0,0.01881323489735942,0.062499999999966804,7.937327631618773e-12
1,-0.36588070375104537,-0.2751904509752335,-2.9999999999984057,2.9999999999984057,0.0,0.018813268102376324,0.06249999999996679,7.931303585968981e-12
2,-0.36588113816313633,-0.27519075027469586,-2.999999999998405,2.999999999998405,0.0,0.01881330876675328,0.06249999999996678,7.937946488065609e-12
3,-0.3658816396224176,-0.2751910957679434,-2.9999999999984057,2.9999999999984057,0.0,0.018813355707311023,0.06249999999996679,7.93403962583523e-12
4,-0.365882200087218,-0.2751914819144147,-2.999999999998405,2.999999999998405,0.0,0.018813408171300835,0.06249999999996678,7.932778099419586e-12
