epoch,beta,coefficient,loss,expected_cut,best_measured_cut,success_probability_ancilla_1,max_postselected_probability,grad
0,-0.3323025117040409,-0.25178935701277094,-4.737961297409421,4.737961297409421,4.0,0.193738043975348,0.05403400854603386,-0.048154179464068844
1,-0.3224057997920766,-0.24479339889801277,-4.738305878535124,4.738305878535124,4.0,0.19320319305538913,0.05391721423993676,-0.039307463649455705
2,-0.31272978557388875,-0.23791158989218578,-4.738555196364422,4.738555196364422,4.0,0.1926917189839716,0.053796957028293464,-0.030283895412732936
3,-0.3034471089322902,-0.2312714943467668,-4.73871074910143,4.73871074910143,4.0,0.19221200547654393,0.053675867519079205,-0.021207845639375764
4,-0.29479825783073965,-0.225052014586722,-4.738780125280751,4.738780125280751,4.0,0.19177498732392528,0.053557938859183606,-0.012269421595123457
