epoch,beta,coefficient,loss,expected_cut,best_measured_cut,success_probability_ancilla_1,max_postselected_probability,grad
0,0.3190720703380561,0.24242699860839484,-4.010413071098476,4.010413071098476,3.0,0.06724306025066372,0.06006352253272702,-0.01906884716735374
1,0.3290559391240766,0.24949919486056787,-4.0105897146621245,4.0105897146621245,3.0,0.06801071947830589,0.060098284816524315,-0.01814532442918352
2,0.33901255909798667,0.25650755584768875,-4.010757022810209,4.010757022810209,3.0,0.06879276436800097,0.06011600839692563,-0.017244038170541043
3,0.34893032927137024,0.26344340744740047,-4.010915110427261,4.010915110427261,3.0,0.06958757027182985,0.060117692460912225,-0.01636712030422963
4,0.3587974086825322,0.2702981704421442,-4.011064132672324,4.011064132672324,3.0,0.07039342773193571,0.06010438172955807,-0.015516417404941373
