epoch,beta,coefficient,loss,expected_cut,best_measured_cut,success_probability_ancilla_1,max_postselected_probability,grad
0,-0.5730436710330484,-0.542020087456949,-2.4999999999997717,2.4999999999997717,0.0,0.11043673509575268,0.015624999999998574,6.112909907822508e-13
1,-0.5730436985354816,-0.5420201085417661,-2.4999999999997744,2.4999999999997744,0.0,0.11043674335660875,0.015624999999998591,6.185824354721011e-13
2,-0.5730437322268602,-0.5420201343713547,-2.4999999999997744,2.4999999999997744,0.0,0.11043675347642729,0.015624999999998588,6.159382553875355e-13
3,-0.573043771093451,-0.5420201641685329,-2.4999999999997726,2.4999999999997726,0.0,0.11043676515071497,0.015624999999998578,6.139516819111784e-13
4,-0.5730438145686003,-0.5420201974988736,-2.4999999999997735,2.4999999999997735,0.0,0.11043677820926721,0.015624999999998588,6.168452010993285e-13
