epoch,beta,coefficient,loss,expected_cut,best_measured_cut,success_probability_ancilla_1,max_postselected_probability,grad
0,-0.46550533439327535,-0.4550707611623383,-1.4999999999999392,1.4999999999999392,0.0,0.2452753295746552,0.17204346192423298,4.304519486526373e-14
1,-0.4655053363244138,-0.45507076280272796,-1.4999999999999394,1.4999999999999394,0.0,0.24527532990858392,0.17204346193469658,4.332483934825e-14
2,-0.4655053386824602,-0.45507076480575087,-1.4999999999999387,1.4999999999999387,0.0,0.24527533031633275,0.17204346194747328,4.2869908819015406e-14
3,-0.46550534140435507,-0.4550707671178421,-1.4999999999999387,1.4999999999999387,0.0,0.24527533078699762,0.17204346196222148,4.305913647410407e-14
4,-0.4655053444492716,-0.45507076970432114,-1.4999999999999387,1.4999999999999387,0.0,0.24527533131351872,0.17204346197871997,4.321452668641676e-14
