epoch,beta,coefficient,loss,expected_cut,best_measured_cut,success_probability_ancilla_1,max_postselected_probability,grad
0,-0.5730436633689423,-0.5420200815812405,-1.499999999999864,1.499999999999864,0.0,0.11043673279369899,0.06249999999999435,3.6892992164628404e-13
1,-0.573043679872447,-0.5420200942336986,-1.4999999999998646,1.4999999999998646,0.0,0.11043673775082684,0.06249999999999435,3.6929579062143015e-13
2,-0.5730437000804481,-0.5420201097262188,-1.4999999999998637,1.4999999999998637,0.0,0.11043674382066755,0.062499999999994324,3.691461923814856e-13
3,-0.5730437233955162,-0.5420201276007806,-1.4999999999998646,1.4999999999998646,0.0,0.11043675082377255,0.06249999999999435,3.6840846643004587e-13
4,-0.5730437494587659,-0.5420201475822426,-1.4999999999998648,1.4999999999998648,0.0,0.11043675865234373,0.062499999999994366,3.6907947518518524e-13
