{
  "0": 0.0,
  "1": -0.27706074826168614,
  "2": 0.2801118443987338,
  "3": -0.23565062188019906,
  "4": 0.19436115531329876,
  "5": 0.38455728147238133,
  "6": 0.3098483322290621,
  "7": -0.059786597825060274,
  "8": -0.19608536952781586,
  "9": 0.0,
  "10": 0.0,
  "11": 0.035730408187617836,
  "12": -0.2986688131149036,
  "13": 0.19752772229110568,
  "14": -0.17633289591921153,
  "15": -0.12489304778885162,
  "16": 0.10430730378023127,
  "17": 0.11446790819027858,
  "18": 0.027748662290058963,
  "19": -0.04290518332889954,
  "20": 0.08228911015818417,
  "21": -0.14513619472750064,
  "22": 0.06491820119733988,
  "23": 0.0,
  "24": 0.0,
  "25": 0.17406452430724167,
  "26": -0.1731499461833665,
  "27": 0.043812517685820965,
  "28": -0.08270179237775746,
  "29": -0.24293940824847718,
  "30": -0.11700161682649862,
  "31": 0.06361131430644185,
  "32": 0.0,
  "33": -0.09705790947516324,
  "34": -0.07009112703917851,
  "35": 0.0,
  "36": 0.19472390867036043,
  "37": 0.02931513083911038,
  "38": -0.0015234512616373328,
  "39": 0.1746909781506082,
  "40": 0.0875466237350824,
  "41": -0.023255122952899377,
  "42": 0.0,
  "43": 0.06429736386752148,
  "44": 0.0,
  "45": -0.11768122793814484,
  "46": -0.17170024474758305,
  "47": 0.0,
  "48": 0.0,
  "49": 0.03487655257383441,
  "50": -0.01965275298590661,
  "51": 0.06280176162072336,
  "52": -0.01971400297394014,
  "53": -0.08148848356888974,
  "54": -0.014869031143708186,
  "55": 0.009598745094605149,
  "56": 0.04994942740548883,
  "57": 0.11321006094809083,
  "58": 0.0,
  "59": 0.0,
  "60": 0.0,
  "61": -0.09928430649136984,
  "62": 0.07430246583845118,
  "63": -0.051681377765905256
}