epoch,beta,coefficient,loss,expected_cut,best_measured_cut,success_probability_ancilla_1,max_postselected_probability,grad
0,0.2928751154092174,0.2236648381013549,-4.497337186671854,4.497337186671854,2.0,0.0617807858316146,0.059894825807192326,0.00508317082986829
1,0.28286554322760854,0.21642049031300725,-4.497392061963087,4.497392061963087,2.0,0.061070159805734665,0.05980557053499651,0.005347666643274325
2,0.272839522838831,0.20912406831470706,-4.497449761741051,4.497449761741051,2.0,0.0603777098667134,0.059694176217578505,0.005617736565059952
3,0.262790991762906,0.20177207371651432,-4.497510381713468,4.497510381713468,2.0,0.059703658505527946,0.059559491266835726,0.005893013992882245
4,0.25271415673603664,0.19436115531329876,-4.497574016476364,4.497574016476364,2.0,0.059048290527510705,0.05940031951926356,0.006173061939606234
