epoch,beta,coefficient,loss,expected_cut,best_measured_cut,success_probability_ancilla_1,max_postselected_probability,grad
0,-0.3157383601080024,-0.24005573688824106,-0.9999999999993021,0.9999999999993021,0.0,0.014337637730733448,0.06249999999995638,4.1179098899978925e-12
1,-0.3157385442023013,-0.24005586796806858,-0.9999999999993026,0.9999999999993026,0.0,0.01433765331329552,0.06249999999995641,4.117281148750586e-12
2,-0.3157387696019396,-0.24005602845832907,-0.9999999999993028,0.9999999999993028,0.0,0.014337672392134605,0.062499999999956424,4.1170040263551935e-12
3,-0.31573902984913754,-0.24005621376090863,-0.9999999999993026,0.9999999999993026,0.0,0.01433769442064015,0.06249999999995641,4.1197652499156514e-12
4,-0.3157393207269611,-0.24005642087323248,-0.9999999999993028,0.9999999999993028,0.0,0.014337719041876636,0.062499999999956424,4.117265130142101e-12
