epoch,beta,coefficient,loss,expected_cut,best_measured_cut,success_probability_ancilla_1,max_postselected_probability,grad
0,-0.3024478904594083,-0.23055454719104268,-2.9999999999993294,2.9999999999993294,1.0,0.04470814048732748,0.0461809524669991,1.1517321037346671e-12
1,-0.3024479420058307,-0.23055458418686858,-2.999999999999329,2.999999999999329,1.0,0.044708144441068874,0.04618095276151773,1.1539648802875794e-12
2,-0.3024480050229899,-0.2305546294154541,-2.9999999999993285,2.9999999999993285,1.0,0.044708149274645614,0.0461809531215755,1.1480459543571226e-12
3,-0.3024480777618226,-0.23055468162146314,-2.9999999999993285,2.9999999999993285,1.0,0.04470815485390042,0.046180953537178514,1.1506314683555715e-12
4,-0.3024481591072072,-0.23055474000455148,-2.99999999999933,2.99999999999933,1.0,0.04470816109330099,0.04618095400195498,1.1533669762360635e-12
