{
  "0": 0.0,
  "1": -0.43611274589500804,
  "2": 0.4384733647619874,
  "3": 0.0,
  "4": -0.2696599685608752,
  "5": 0.0,
  "6": -0.0012603800786268504,
  "7": 0.3480521821214954,
  "8": 0.045767620179236905,
  "9": 0.0,
  "10": 0.001558140010513257,
  "11": -0.1109642327862363,
  "12": 0.0007305369318707762,
  "13": 0.13483480623975355,
  "14": -0.22786971460669145,
  "15": 0.0006365412858697464
}