{
  "0": 0.0,
  "1": -0.2347174472387709,
  "2": 0.23326351667400919,
  "3": 0.0,
  "4": 0.0,
  "5": 0.0,
  "6": 0.0,
  "7": 0.0,
  "8": 0.0,
  "9": 0.0,
  "10": 0.0,
  "11": 0.0,
  "12": 0.0,
  "13": 0.1654826930891141,
  "14": -0.19734254199761805,
  "15": 0.0,
  "16": 0.0,
  "17": 0.0,
  "18": 0.0,
  "19": 0.0,
  "20": 0.0,
  "21": 0.03646349882056582,
  "22": -0.03582095340647658,
  "23": 0.0,
  "24": 0.0,
  "25": 0.017919411523980584,
  "26": -0.00910183236475772,
  "27": 0.0,
  "28": 0.011423005007698411,
  "29": 0.0,
  "30": 0.0,
  "31": 0.0066238939575295015,
  "32": 0.0,
  "33": 0.0,
  "34": 0.0,
  "35": 0.0,
  "36": 0.0,
  "37": 0.019667334713622732,
  "38": -0.011638681140101866,
  "39": 0.0,
  "40": 0.0,
  "41": 0.014325299148845186,
  "42": -0.013512622670822892,
  "43": 0.0,
  "44": 0.00617638103346682,
  "45": 0.0,
  "46": 0.0,
  "47": 0.0,
  "48": 0.0,
  "49": 0.05946874123649995,
  "50": -0.09367339869980211,
  "51": 0.0,
  "52": 0.0,
  "53": 0.0,
  "54": 0.0,
  "55": 0.0073269464830737225,
  "56": 0.0,
  "57": 0.0,
  "58": 0.0,
  "59": 0.006238059940207805,
  "60": 0.0,
  "61": -0.13663433781737633,
  "62": 0.16137453347719571,
  "63": 0.0
}