{
  "0": 0.0,
  "1": -0.2392727434349294,
  "2": 0.23921014138101204,
  "3": 0.00120912109051365,
  "4": -0.0010315830116570594,
  "5": 0.0,
  "6": -0.002978763616254096,
  "7": 0.0018797403023807539,
  "8": 0.00196193449094654,
  "9": 0.0,
  "10": 0.0027639687138875887,
  "11": -0.002122788240617778,
  "12": 0.001074434577034405,
  "13": 0.1684937924051572,
  "14": -0.20138070324782292,
  "15": -0.0015102126127756355,
  "16": 0.0,
  "17": 0.0,
  "18": 0.0,
  "19": 0.0011102851164072995,
  "20": 0.0,
  "21": 0.034499797972254165,
  "22": -0.03806001863388199,
  "23": 0.0,
  "24": 0.0,
  "25": 0.019123476152451222,
  "26": -0.00904213880131602,
  "27": 0.0,
  "28": 0.012456049662064692,
  "29": 0.0,
  "30": 0.0,
  "31": 0.007913474456016133,
  "32": 0.0,
  "33": 0.0,
  "34": 0.0,
  "35": 0.0,
  "36": 0.0019313171980765615,
  "37": 0.02066872256922633,
  "38": -0.01166534127329418,
  "39": 0.0,
  "40": -0.0043416651215028995,
  "41": 0.012664245811157524,
  "42": -0.014000705995104104,
  "43": 0.0,
  "44": 0.006413548911045878,
  "45": 0.002564762652426587,
  "46": 0.0012244671136591955,
  "47": 0.004005560319204707,
  "48": 0.0019862095958915397,
  "49": 0.06206513737978324,
  "50": -0.09497053379070498,
  "51": 0.0,
  "52": 0.005668178343360942,
  "53": -0.004329518585438812,
  "54": 0.0,
  "55": 0.003962254570215885,
  "56": -0.001594238386800906,
  "57": 0.0,
  "58": 0.0,
  "59": 0.004734664174260526,
  "60": 0.0,
  "61": -0.14078475353369543,
  "62": 0.1649173164192524,
  "63": 0.0,
  "64": -0.0013438418345306639,
  "65": 0.0,
  "66": 0.0,
  "67": 0.0013072120119855981,
  "68": -0.0012258491033105944,
  "69": 0.006163087616925249,
  "70": 0.0,
  "71": 0.0011031912620115586,
  "72": 0.0011268248232550338,
  "73": 0.01274904124493379,
  "74": -0.01039508315732676,
  "75": -0.0019806581577983227,
  "76": 0.0011984187224440542,
  "77": -0.0012772946437005156,
  "78": 0.001476712967779045,
  "79": 0.004392202638221122,
  "80": -0.00176698113638056,
  "81": 0.03706369694417897,
  "82": -0.044143354204460104,
  "83": 0.001319563993729784,
  "84": -0.004369241721528513,
  "85": 0.003051500794866019,
  "86": 0.0,
  "87": -0.003701330297221864,
  "88": -0.004783513422688821,
  "89": 0.0010829725704463897,
  "90": -0.0014244405645687328,
  "91": -0.006035968527187311,
  "92": 0.0,
  "93": -0.04899013443316226,
  "94": 0.061093977470511325,
  "95": 0.0,
  "96": 0.0,
  "97": 0.02982701351987973,
  "98": -0.03218837403128844,
  "99": -0.0016278063796864618,
  "100": -0.0056729328180456975,
  "101": 0.0,
  "102": -0.0010317004044654236,
  "103": -0.006504164868339095,
  "104": 0.001323819721618663,
  "105": 0.0,
  "106": 0.0,
  "107": 0.0,
  "108": -0.0011180212319984526,
  "109": -0.021234289567014116,
  "110": 0.020831899485910476,
  "111": 0.0,
  "112": 0.01946420202274818,
  "113": 0.0,
  "114": 0.0020434125330045494,
  "115": 0.008421860876835208,
  "116": 0.0,
  "117": 0.00239517842218805,
  "118": -0.015785610922126204,
  "119": 0.0,
  "120": 0.0023768821384027223,
  "121": 0.005577383551065832,
  "122": -0.01751988240647852,
  "123": -0.0016525572816844967,
  "124": -0.013417290294162856,
  "125": -0.0013345536729077413,
  "126": 0.0,
  "127": -0.006100469993687171,
  "128": -0.0010452067070079027,
  "129": 0.0,
  "130": 0.0,
  "131": 0.0,
  "132": 0.0,
  "133": 0.0028476816767502365,
  "134": 0.003588160864654621,
  "135": 0.0,
  "136": 0.0,
  "137": 0.007512887921107579,
  "138": -0.006325890155101667,
  "139": 0.0,
  "140": 0.0021732493245736465,
  "141": 0.0011004224440157365,
  "142": -0.0010406924547335667,
  "143": 0.0,
  "144": 0.0,
  "145": 0.02762396844797389,
  "146": -0.026805177951948905,
  "147": -0.0018406798143273254,
  "148": -0.005802001085739988,
  "149": 0.0,
  "150": 0.0,
  "151": -0.003850481635723084,
  "152": -0.006358818366453378,
  "153": 0.0,
  "154": 0.0,
  "155": -0.003184751707954532,
  "156": 0.0,
  "157": -0.025304855527821624,
  "158": 0.025527836903996688,
  "159": 0.0,
  "160": 0.0,
  "161": 0.02178169267981825,
  "162": -0.020982392667699336,
  "163": 0.0011557690818802054,
  "164": -0.006344672538752568,
  "165": -0.0014871499249048382,
  "166": 0.0015634378524099631,
  "167": -0.0026831333938640194,
  "168": 0.002170747454820213,
  "169": 0.0,
  "170": -0.0014427660679887998,
  "171": 0.0,
  "172": 0.0,
  "173": -0.01240113481203053,
  "174": 0.01262644208775885,
  "175": -0.0013579253023152313,
  "176": 0.008558171244388228,
  "177": 0.0017205780779816547,
  "178": 0.0,
  "179": 0.005500625685888145,
  "180": 0.0,
  "181": 0.0012705580154204624,
  "182": -0.0015437730919236384,
  "183": 0.0027722027985227255,
  "184": 0.0,
  "185": 0.002827766778539461,
  "186": -0.007976042808092628,
  "187": 0.0010757688532282747,
  "188": -0.00910271799007333,
  "189": 0.0,
  "190": 0.0,
  "191": -0.006882973528251305,
  "192": 0.0,
  "193": 0.016824490436064588,
  "194": -0.025840304946346676,
  "195": 0.0,
  "196": 0.005792947605548965,
  "197": 0.0,
  "198": 0.0,
  "199": 0.0,
  "200": 0.0027162258193933956,
  "201": 0.0,
  "202": 0.0,
  "203": 0.0015669022501532627,
  "204": 0.0,
  "205": -0.02829184005969783,
  "206": 0.031102844915068605,
  "207": 0.0,
  "208": 0.002233693115088049,
  "209": -0.0012483072009493623,
  "210": 0.0017208080532836964,
  "211": 0.0025484743860751656,
  "212": -0.001695531274913314,
  "213": -0.005216140181158582,
  "214": 0.013809074313019799,
  "215": 0.0,
  "216": 0.0,
  "217": -0.0027796371711322153,
  "218": 0.00969508771645241,
  "219": 0.0,
  "220": -0.005564697186887603,
  "221": 0.0,
  "222": 0.0010872248583806423,
  "223": -0.002357653479420465,
  "224": -0.004204268882317082,
  "225": 0.0012266572438502377,
  "226": -0.0021283253026487684,
  "227": 0.0024530266621064947,
  "228": 0.0024241444597845703,
  "229": -0.006784575194951197,
  "230": 0.018828524625042694,
  "231": 0.0,
  "232": 0.0013804724847495161,
  "233": -0.013090140782313516,
  "234": 0.014653682762662306,
  "235": 0.0023979335861432096,
  "236": 0.001020296940201724,
  "237": -0.002055465945821113,
  "238": -0.001654048306758618,
  "239": -0.0023903131401133777,
  "240": -0.001618877535099664,
  "241": -0.05904324112771721,
  "242": 0.06251366505120373,
  "243": -0.001278819400719962,
  "244": 0.0,
  "245": 0.0,
  "246": 0.0,
  "247": 0.0010356437356277383,
  "248": 0.003154320386379971,
  "249": 0.0,
  "250": 0.0,
  "251": 0.0018160645407982701,
  "252": 0.0,
  "253": 0.10202809978817733,
  "254": -0.11647370342414907,
  "255": 0.0011577158409411422
}