{
  "0": 0.0,
  "1": -0.28363496169410113,
  "2": 0.2715326346031662,
  "3": -0.2690930930511834,
  "4": 0.27029817005033513,
  "5": 0.40012266534940405,
  "6": 0.32998870113278067,
  "7": -0.0627474947179061,
  "8": -0.23956533969266153,
  "9": -0.19927227707772321,
  "10": -0.0363842070990774,
  "11": 0.04261204393904522,
  "12": -0.318833388911599,
  "13": 0.17237012398900167,
  "14": -0.18703065124258073,
  "15": -0.1324920212603574,
  "16": 0.003531300942128083,
  "17": -0.10816260997250303,
  "18": -0.11050769026420644,
  "19": -0.011053283993666382,
  "20": 0.27690588827584517,
  "21": 0.03914433184800858,
  "22": -0.020680319135158495,
  "23": 0.21888803680727373,
  "24": 0.025083844430449618,
  "25": -0.003650926509015754,
  "26": -0.031092094451257664,
  "27": 0.06341956480358735,
  "28": 0.019792515017243873,
  "29": -0.2333874175912579,
  "30": -0.19662482165368403,
  "31": -0.0033284330079663333,
  "32": -0.0648746710656691,
  "33": 0.05552717750687811,
  "34": -0.015404197102575607,
  "35": 0.09547195710485688,
  "36": -0.05305902305094924,
  "37": 0.009201938789494334,
  "38": -0.07044817690217453,
  "39": -0.11235435849870493,
  "40": 0.08056400251521484,
  "41": -0.03126198212887523,
  "42": 0.12181701528106141,
  "43": 0.137399309495568,
  "44": 0.08485738533430978,
  "45": -0.04796125019155967,
  "46": 0.07679348759403008,
  "47": -0.13834966022854864,
  "48": 0.011335796078906965,
  "49": 0.009756035023661193,
  "50": 0.005787944735009468,
  "51": -0.021541314380753882,
  "52": 0.010927928917636488,
  "53": -0.04520562377985907,
  "54": -0.05232976015015702,
  "55": -0.022044775469761357,
  "56": 0.004913879898202298,
  "57": 0.03091895815776941,
  "58": 0.05380759713015225,
  "59": 0.0023711671076218125,
  "60": 0.030115660661600683,
  "61": -0.006927358762985051,
  "62": -0.010987040137204232,
  "63": 0.02841461855728803
}