epoch,beta,coefficient,loss,expected_cut,best_measured_cut,success_probability_ancilla_1,max_postselected_probability,grad
0,-0.3146254695170091,-0.23926306110717827,-13.999999999990163,13.999999999990163,0.0,0.014243558305034341,0.0039062499999972557,5.828912127503126e-11
1,-0.31462807422743555,-0.23926491698599897,-13.99999999999017,13.99999999999017,0.0,0.014243778215211493,0.0039062499999972565,5.825818796817023e-11
2,-0.3146312633529367,-0.23926718926162982,-13.999999999990173,13.999999999990173,0.0,0.014244047468116978,0.003906249999997259,5.827302342156781e-11
3,-0.3146349441795882,-0.23926981187249727,-13.99999999999017,13.99999999999017,0.0,0.014244358237053303,0.0039062499999972574,5.824260099639447e-11
4,-0.31463905862862457,-0.2392727434349294,-13.999999999990179,13.999999999990179,0.0,0.014244705619473448,0.003906249999997259,5.828535677832269e-11
