epoch,beta,coefficient,loss,expected_cut,best_measured_cut,success_probability_ancilla_1,max_postselected_probability,grad
0,-0.4391243795489811,-0.43240711545235105,-3.4999999999998166,3.4999999999998166,1.0,0.18976115481499403,0.04432516909644067,1.9678810535978655e-13
1,-0.43912438831388545,-0.43240712306597384,-3.4999999999998153,3.4999999999998153,1.0,0.18976115658688425,0.04432516907322102,1.953636788493018e-13
2,-0.43912439906553125,-0.432407132405377,-3.4999999999998135,3.4999999999998135,1.0,0.18976115876040894,0.044325169044738134,1.9700666621063797e-13
3,-0.4391244114892578,-0.4324071431972307,-3.499999999999815,3.499999999999815,1.0,0.189761161271957,0.044325169011825684,1.9704328075741136e-13
4,-0.4391244253777671,-0.43240715526146584,-3.499999999999817,3.499999999999817,1.0,0.1897611640796218,0.04432516897503277,1.9669032453006395e-13
