epoch,beta,coefficient,loss,expected_cut,best_measured_cut,success_probability_ancilla_1,max_postselected_probability,grad
0,0.5255071357345309,0.5046855910619307,-3.4934837906013136,3.4934837906013136,1.0,0.24947521509772858,0.05167050769290423,0.003932580041101437
1,0.5154969338807107,0.4965989491087573,-3.4935266354448724,3.4935266354448724,1.0,0.24763832374012099,0.051810392615713845,0.004161986108324567
2,0.5054689309876119,0.4884205828841712,-3.493571981311396,3.493571981311396,1.0,0.2458068237183077,0.051946326252189076,0.004399578071454283
3,0.49541643985974443,0.48014510439238184,-3.493619954820108,3.493619954820108,1.0,0.24398061694884582,0.05207801789616416,0.004645611586101083
4,0.48533296642780754,0.4717671305224358,-3.49367068983893,3.49367068983893,1.0,0.24215969893339637,0.05220514438826473,0.0049003430297590075
