{
  "0": 0.0,
  "1": -0.4376552052067783,
  "2": 0.44794123826086024,
  "3": -0.43240713585720986,
  "4": 0.47176713049549673,
  "5": 0.6490248363013409,
  "6": 0.45032780151313845,
  "7": -0.3336493260849698,
  "8": -0.3018615808565886,
  "9": -0.5016425865711154,
  "10": 0.16943923361613505,
  "11": 0.07877459706875585,
  "12": -0.3489470379824557,
  "13": 0.23841388333461827,
  "14": -0.2681832043350438,
  "15": -0.18652121490266735,
  "16": -0.04756416778741693,
  "17": -0.005521341716974557,
  "18": -0.1712513116061252,
  "19": 0.10603733476594131,
  "20": 0.18603683092119855,
  "21": 0.06956509760554948,
  "22": -0.08192862578970946,
  "23": 0.21435915960197746,
  "24": -0.0851103098221445,
  "25": 0.034050198990646624,
  "26": -0.041105673920314105,
  "27": 0.03643067832442088,
  "28": -0.06943907811907102,
  "29": -0.04431080844743816,
  "30": -0.17008024963405236,
  "31": 0.050593482853296914,
  "32": 0.042614180262055414,
  "33": 0.10520833399232489,
  "34": -0.026807424103296777,
  "35": 0.0024180641075607985,
  "36": -0.10958246041001198,
  "37": 0.002249389171048318,
  "38": -0.011415138122569186,
  "39": -0.12237573099393852,
  "40": 0.14177814361216923,
  "41": -0.01271347340761885,
  "42": 0.009675883549213022,
  "43": 0.177071973157828,
  "44": -0.03208999156323964,
  "45": -0.17135426299958695,
  "46": 0.16015581986538027,
  "47": -0.016117883479860103,
  "48": -0.001375171140628313,
  "49": 0.012088440099472087,
  "50": 0.013338183029416027,
  "51": -0.053733958075889744,
  "52": 0.01145331798139564,
  "53": 0.06358445629037487,
  "54": -0.05919675632233148,
  "55": 0.017450624932705303,
  "56": -0.04339131459482133,
  "57": 0.05324746752186619,
  "58": -0.0027989272989630476,
  "59": -0.03176145454985112,
  "60": -0.050550091203585175,
  "61": -0.006593907235844523,
  "62": 0.0040904943782773436,
  "63": -0.027899437027854444
}