epoch,beta,coefficient,loss,expected_cut,best_measured_cut,success_probability_ancilla_1,max_postselected_probability,grad
0,-0.3459867947334199,-0.26138964712857565,-2.999999999999678,2.999999999999678,1.0,0.09339948141505594,0.1045232486581349,1.8408306115710437e-13
1,-0.34598680298394446,-0.2613896528907803,-2.9999999999996785,2.9999999999996785,1.0,0.09339948185827177,0.10452324862886438,1.849391391725559e-13
2,-0.34598681309471013,-0.26138965995218594,-2.9999999999996776,2.9999999999996776,1.0,0.09339948240141928,0.10452324859299421,1.8495469802393758e-13
3,-0.3459868247715692,-0.26138966810735853,-2.9999999999996785,2.9999999999996785,1.0,0.09339948302869687,0.104523248551568,1.8495414426380596e-13
4,-0.3459868378147942,-0.2613896772168072,-2.9999999999996776,2.9999999999996776,1.0,0.09339948372937532,0.1045232485052942,1.8426546172170515e-13
