epoch,beta,coefficient,loss,expected_cut,best_measured_cut,success_probability_ancilla_1,max_postselected_probability,grad
0,0.3232141191161645,0.2453664342844518,-2.9999999999989617,2.9999999999989617,1.0,0.02888413504700347,0.031246187328817072,-3.0046056118223605e-12
1,0.32321425336654774,0.2453665294334907,-2.9999999999989617,2.9999999999989617,1.0,0.02888414627203154,0.031246187193651288,-3.0010246728361136e-12
2,0.3232144177887268,0.24536664596657212,-2.999999999998961,2.999999999998961,1.0,0.02888416001980745,0.031246187028104794,-3.004765903424843e-12
3,0.32321460764777343,0.24536678052784255,-2.9999999999989626,2.9999999999989626,1.0,0.028884175894433733,0.03124618683694317,-3.0061204883596297e-12
4,0.32321481989354084,0.24536693095552575,-2.99999999999896,2.99999999999896,1.0,0.028884193640881906,0.031246186623235674,-3.0060082988976545e-12
