{
  "config": {
    "N_VERTICES": 4,
    "PROB_ARESTA": 0.7,
    "COM_PESO": false,
    "PESO_MIN": 1,
    "PESO_MAX": 1,
    "GRAPH_SEED": 104986,
    "GRAPH_EDGES": [
      [
        0,
        2,
        1.0
      ],
      [
        0,
        3,
        1.0
      ]
    ],
    "REVERSE_BITS": false,
    "ER": 1.0,
    "MAX_TERMS": null,
    "A_MAX": 0.7853981633974483,
    "INIT_BETA": 0.35,
    "MAX_EPOCHS": 200,
    "LR": 0.01,
    "FD_EPS": 0.01,
    "LOSS_TOL_LAST5": 0.001,
    "PATIENCE_LAST5": 5,
    "TRAIN_SEED": 3,
    "INIT_BETA_JITTER": 0.05,
    "OPTIMIZER": "adam",
    "ADAM_BETA1": 0.9,
    "ADAM_BETA2": 0.999,
    "ADAM_EPS": 1e-08,
    "COEF_ZERO_TOL": 0.001,
    "IMPROVEMENT_TOL": 0.001,
    "SATURATION_PATIENCE": 100,
    "INDEX_STRATEGY": "ascending",
    "INDEX_RANDOM_SEED": 42,
    "ENABLE_BACKWARD_PRUNING": true,
    "BACKWARD_PASSES": 2,
    "PRUNE_IMPROVEMENT_TOL": 0.0001,
    "OUTDIR": "benchmark_results_walsh_article/unweighted/with_pruning/n4/graph08_trainseed03",
    "SHOW_PLOTS": false,
    "name": "with_pruning"
  },
  "n_qubits_register": 4,
  "graph_edges": [
    [
      0,
      2,
      1.0
    ],
    [
      0,
      3,
      1.0
    ]
  ],
  "graph_signature": "2cf81b7f6c28153cc1763d3712042bf1e2dce228b62300b14a9509084e53b32c",
  "graph_num_edges": 2,
  "graph_density": 0.3333333333333333,
  "best_cut_bruteforce": 2.0,
  "best_bitstring_bruteforce": "0011",
  "best_index_bruteforce": 3,
  "candidate_order": [
    1,
    2,
    3,
    4,
    5,
    6,
    7,
    8,
    9,
    10,
    11,
    12,
    13,
    14,
    15
  ],
  "total_possible_parameters": 15,
  "visited_parameters": 15,
  "trained_coefficients": {
    "0": 0.0,
    "1": -0.23491340088176552,
    "2": 0.24931538747391493,
    "3": -0.28255653204271824,
    "4": 0.39827854982368366,
    "5": 0.0,
    "6": 0.3286837197361685,
    "7": -0.2638039877020099,
    "8": 0.13881326499439026,
    "9": 0.0,
    "10": 0.17159821310064768,
    "11": -0.14643197072003586,
    "12": 0.0,
    "13": -0.30918490292534734,
    "14": 0.2160828948980004,
    "15": -0.2607441483526541
  },
  "final_coefficient_vector": [
    0.0,
    -0.23491340088176552,
    0.24931538747391493,
    -0.28255653204271824,
    0.39827854982368366,
    0.0,
    0.3286837197361685,
    -0.2638039877020099,
    0.13881326499439026,
    0.0,
    0.17159821310064768,
    -0.14643197072003586,
    0.0,
    -0.30918490292534734,
    0.2160828948980004,
    -0.2607441483526541
  ],
  "active_indices": [
    1,
    2,
    3,
    4,
    6,
    7,
    8,
    10,
    11,
    13,
    14,
    15
  ],
  "active_parameter_count": 12,
  "compression_ratio_active_over_total": 0.8,
  "final_loss": -1.8796059882351004,
  "final_expected_cut": 1.8796059882351004,
  "best_expected_cut_over_evolution": 1.8751343123930795,
  "final_best_measured_index": 8,
  "final_best_measured_bitstring": "1000",
  "final_best_measured_cut": 2.0,
  "best_measured_cut_over_evolution": 2.0,
  "final_success_probability_ancilla_1": 0.12022139878166603,
  "final_max_postselected_probability": 0.5172877568920283,
  "gap_expected_to_bruteforce": 0.12039401176489961,
  "gap_measured_to_bruteforce": 0.0,
  "approx_ratio_measured": 1.0,
  "n_steps": 15,
  "elapsed_seconds": 5.668583631515503,
  "steps": [
    {
      "visit_idx": 1,
      "j": 1,
      "kept": true,
      "beta": -0.3085320191931597,
      "coefficient": -0.23491340088176552,
      "loss": -1.0,
      "expected_cut": 1.0,
      "best_measured_cut": 0.0,
      "success_probability_ancilla_1": 0.013732749158395135,
      "epochs_run": 5,
      "stop_reason": "loss_plateau_last5",
      "history_path": "benchmark_results_walsh_article/unweighted/with_pruning/n4/graph08_trainseed03/histories/history_visit001_j001.json",
      "improvement_vs_previous": 1.0
    },
    {
      "visit_idx": 2,
      "j": 2,
      "kept": true,
      "beta": 0.3287956615550444,
      "coefficient": 0.24931538747391493,
      "loss": -1.0,
      "expected_cut": 1.0,
      "best_measured_cut": 0.0,
      "success_probability_ancilla_1": 0.02876736887896419,
      "epochs_run": 5,
      "stop_reason": "loss_plateau_last5",
      "history_path": "benchmark_results_walsh_article/unweighted/with_pruning/n4/graph08_trainseed03/histories/history_visit002_j002.json",
      "improvement_vs_previous": 0.0
    },
    {
      "visit_idx": 3,
      "j": 3,
      "kept": true,
      "beta": -0.376612663148618,
      "coefficient": -0.28255653204271824,
      "loss": -1.0,
      "expected_cut": 1.0,
      "best_measured_cut": 2.0,
      "success_probability_ancilla_1": 0.0474537283116609,
      "epochs_run": 5,
      "stop_reason": "loss_plateau_last5",
      "history_path": "benchmark_results_walsh_article/unweighted/with_pruning/n4/graph08_trainseed03/histories/history_visit003_j003.json",
      "improvement_vs_previous": 0.0
    },
    {
      "visit_idx": 4,
      "j": 4,
      "kept": true,
      "beta": 0.5588235038087068,
      "coefficient": 0.39827854982368366,
      "loss": -1.2534293008910753,
      "expected_cut": 1.2534293008910753,
      "best_measured_cut": 2.0,
      "success_probability_ancilla_1": 0.08287452806752232,
      "epochs_run": 32,
      "stop_reason": "loss_plateau_last5",
      "history_path": "benchmark_results_walsh_article/unweighted/with_pruning/n4/graph08_trainseed03/histories/history_visit004_j004.json",
      "improvement_vs_previous": 0.2534293008910753
    },
    {
      "visit_idx": 5,
      "j": 5,
      "kept": true,
      "beta": -0.02621306319574382,
      "coefficient": -0.020582977549599223,
      "loss": -1.2530047203576198,
      "expected_cut": 1.2530047203576198,
      "best_measured_cut": 2.0,
      "success_probability_ancilla_1": 0.08269586182988208,
      "epochs_run": 40,
      "stop_reason": "loss_plateau_last5",
      "history_path": "benchmark_results_walsh_article/unweighted/with_pruning/n4/graph08_trainseed03/histories/history_visit005_j005.json",
      "improvement_vs_previous": -0.0004245805334555097
    },
    {
      "visit_idx": 6,
      "j": 6,
      "kept": true,
      "beta": 0.4458637878294175,
      "coefficient": 0.3286837197361685,
      "loss": -1.3883421055447758,
      "expected_cut": 1.3883421055447758,
      "best_measured_cut": 2.0,
      "success_probability_ancilla_1": 0.10093032533674429,
      "epochs_run": 15,
      "stop_reason": "loss_plateau_last5",
      "history_path": "benchmark_results_walsh_article/unweighted/with_pruning/n4/graph08_trainseed03/histories/history_visit006_j006.json",
      "improvement_vs_previous": 0.135337385187156
    },
    {
      "visit_idx": 7,
      "j": 7,
      "kept": true,
      "beta": -0.34944772694840814,
      "coefficient": -0.2638039877020099,
      "loss": -1.4663600021699346,
      "expected_cut": 1.4663600021699346,
      "best_measured_cut": 2.0,
      "success_probability_ancilla_1": 0.10905109509534877,
      "epochs_run": 5,
      "stop_reason": "loss_plateau_last5",
      "history_path": "benchmark_results_walsh_article/unweighted/with_pruning/n4/graph08_trainseed03/histories/history_visit007_j007.json",
      "improvement_vs_previous": 0.07801789662515879
    },
    {
      "visit_idx": 8,
      "j": 8,
      "kept": true,
      "beta": 0.1786181772233643,
      "coefficient": 0.13881326499439026,
      "loss": -1.4855751337240606,
      "expected_cut": 1.4855751337240606,
      "best_measured_cut": 2.0,
      "success_probability_ancilla_1": 0.11281167186586635,
      "epochs_run": 19,
      "stop_reason": "loss_plateau_last5",
      "history_path": "benchmark_results_walsh_article/unweighted/with_pruning/n4/graph08_trainseed03/histories/history_visit008_j008.json",
      "improvement_vs_previous": 0.01921513155412602
    },
    {
      "visit_idx": 9,
      "j": 9,
      "kept": true,
      "beta": 0.08142897052007571,
      "coefficient": 0.0638131846574913,
      "loss": -1.4933399617932177,
      "expected_cut": 1.4933399617932177,
      "best_measured_cut": 2.0,