{
  "config": {
    "N_VERTICES": 4,
    "PROB_ARESTA": 0.4,
    "COM_PESO": false,
    "PESO_MIN": 1,
    "PESO_MAX": 1,
    "GRAPH_SEED": 104678,
    "GRAPH_EDGES": [
      [
        1,
        2,
        1.0
      ],
      [
        1,
        3,
        1.0
      ],
      [
        2,
        3,
        1.0
      ]
    ],
    "REVERSE_BITS": false,
    "ER": 1.0,
    "MAX_TERMS": null,
    "A_MAX": 0.7853981633974483,
    "INIT_BETA": 0.35,
    "MAX_EPOCHS": 200,
    "LR": 0.01,
    "FD_EPS": 0.01,
    "LOSS_TOL_LAST5": 0.001,
    "PATIENCE_LAST5": 5,
    "TRAIN_SEED": 3,
    "INIT_BETA_JITTER": 0.05,
    "OPTIMIZER": "adam",
    "ADAM_BETA1": 0.9,
    "ADAM_BETA2": 0.999,
    "ADAM_EPS": 1e-08,
    "COEF_ZERO_TOL": 0.001,
    "IMPROVEMENT_TOL": 0.001,
    "SATURATION_PATIENCE": 100,
    "INDEX_STRATEGY": "ascending",
    "INDEX_RANDOM_SEED": 42,
    "ENABLE_BACKWARD_PRUNING": true,
    "BACKWARD_PASSES": 2,
    "PRUNE_IMPROVEMENT_TOL": 0.0001,
    "OUTDIR": "benchmark_results_walsh_article/unweighted/with_pruning/n4/graph05_trainseed03",
    "SHOW_PLOTS": false,
    "name": "with_pruning"
  },
  "n_qubits_register": 4,
  "graph_edges": [
    [
      1,
      2,
      1.0
    ],
    [
      1,
      3,
      1.0
    ],
    [
      2,
      3,
      1.0
    ]
  ],
  "graph_signature": "be861fe0b30163c15a2bc45387e42148d677589ca12d320c9ad2ad740a6f1fe8",
  "graph_num_edges": 3,
  "graph_density": 0.5,
  "best_cut_bruteforce": 2.0,
  "best_bitstring_bruteforce": "0001",
  "best_index_bruteforce": 1,
  "candidate_order": [
    1,
    2,
    3,
    4,
    5,
    6,
    7,
    8,
    9,
    10,
    11,
    12,
    13,
    14,
    15
  ],
  "total_possible_parameters": 15,
  "visited_parameters": 15,
  "trained_coefficients": {
    "0": 0.0,
    "1": -0.23491345077038547,
    "2": 0.2493154473834619,
    "3": -0.28255652752242466,
    "4": -0.3585020957076621,
    "5": 0.281193175507527,
    "6": 0.0,
    "7": 0.20595491556238746,
    "8": 0.11416411781603754,
    "9": 0.0,
    "10": 0.0,
    "11": 0.014604650243217627,
    "12": 0.0,
    "13": 0.0,
    "14": 0.0,
    "15": 0.0
  },
  "final_coefficient_vector": [
    0.0,
    -0.23491345077038547,
    0.2493154473834619,
    -0.28255652752242466,
    -0.3585020957076621,
    0.281193175507527,
    0.0,
    0.20595491556238746,
    0.11416411781603754,
    0.0,
    0.0,
    0.014604650243217627,
    0.0,
    0.0,
    0.0,
    0.0
  ],
  "active_indices": [
    1,
    2,
    3,
    4,
    5,
    7,
    8,
    11
  ],
  "active_parameter_count": 8,
  "compression_ratio_active_over_total": 0.5333333333333333,
  "final_loss": -1.9997016493537192,
  "final_expected_cut": 1.9997016493537192,
  "best_expected_cut_over_evolution": 1.9993530611230859,
  "final_best_measured_index": 10,
  "final_best_measured_bitstring": "1010",
  "final_best_measured_cut": 2.0,
  "best_measured_cut_over_evolution": 2.0,
  "final_success_probability_ancilla_1": 0.09747824921244387,
  "final_max_postselected_probability": 0.3657001843807109,
  "gap_expected_to_bruteforce": 0.00029835064628080943,
  "gap_measured_to_bruteforce": 0.0,
  "approx_ratio_measured": 1.0,
  "n_steps": 15,
  "elapsed_seconds": 11.238867282867432,
  "steps": [
    {
      "visit_idx": 1,
      "j": 1,
      "kept": true,
      "beta": -0.30853208895425155,
      "coefficient": -0.23491345077038547,
      "loss": -1.5,
      "expected_cut": 1.5,
      "best_measured_cut": 0.0,
      "success_probability_ancilla_1": 0.013732754964402547,
      "epochs_run": 5,
      "stop_reason": "loss_plateau_last5",
      "history_path": "benchmark_results_walsh_article/unweighted/with_pruning/n4/graph05_trainseed03/histories/history_visit001_j001.json",
      "improvement_vs_previous": 1.5
    },
    {
      "visit_idx": 2,
      "j": 2,
      "kept": true,
      "beta": 0.3287957463820112,
      "coefficient": 0.2493154473834619,
      "loss": -1.4999999999999998,
      "expected_cut": 1.4999999999999998,
      "best_measured_cut": 2.0,
      "success_probability_ancilla_1": 0.028767381693518567,
      "epochs_run": 5,
      "stop_reason": "loss_plateau_last5",
      "history_path": "benchmark_results_walsh_article/unweighted/with_pruning/n4/graph05_trainseed03/histories/history_visit002_j002.json",
      "improvement_vs_previous": -2.220446049250313e-16
    },
    {
      "visit_idx": 3,
      "j": 3,
      "kept": true,
      "beta": -0.3766126565375372,
      "coefficient": -0.28255652752242466,
      "loss": -1.5,
      "expected_cut": 1.5,
      "best_measured_cut": 0.0,
      "success_probability_ancilla_1": 0.047453740024164644,
      "epochs_run": 5,
      "stop_reason": "loss_plateau_last5",
      "history_path": "benchmark_results_walsh_article/unweighted/with_pruning/n4/graph05_trainseed03/histories/history_visit003_j003.json",
      "improvement_vs_previous": 2.220446049250313e-16
    },
    {
      "visit_idx": 4,
      "j": 4,
      "kept": true,
      "beta": -0.4928291998175085,
      "coefficient": -0.3585020957076621,
      "loss": -1.7651942733317412,
      "expected_cut": 1.7651942733317412,
      "best_measured_cut": 2.0,
      "success_probability_ancilla_1": 0.07622507147709068,
      "epochs_run": 100,
      "stop_reason": "loss_plateau_last5",
      "history_path": "benchmark_results_walsh_article/unweighted/with_pruning/n4/graph05_trainseed03/histories/history_visit004_j004.json",
      "improvement_vs_previous": 0.26519427333174117
    },
    {
      "visit_idx": 5,
      "j": 5,
      "kept": true,
      "beta": 0.37462013523161103,
      "coefficient": 0.281193175507527,
      "loss": -1.9072168723483627,
      "expected_cut": 1.9072168723483627,
      "best_measured_cut": 2.0,
      "success_probability_ancilla_1": 0.08961164641479648,
      "epochs_run": 91,
      "stop_reason": "loss_plateau_last5",
      "history_path": "benchmark_results_walsh_article/unweighted/with_pruning/n4/graph05_trainseed03/histories/history_visit005_j005.json",
      "improvement_vs_previous": 0.1420225990166215
    },
    {
      "visit_idx": 6,
      "j": 6,
      "kept": true,
      "beta": 0.02512876984705543,
      "coefficient": 0.019731936583985754,
      "loss": -1.9071359851168206,
      "expected_cut": 1.9071359851168206,
      "best_measured_cut": 2.0,
      "success_probability_ancilla_1": 0.09004206779855871,
      "epochs_run": 33,
      "stop_reason": "loss_plateau_last5",
      "history_path": "benchmark_results_walsh_article/unweighted/with_pruning/n4/graph05_trainseed03/histories/history_visit006_j006.json",
      "improvement_vs_previous": -8.088723154209276e-05
    },
    {
      "visit_idx": 7,
      "j": 7,
      "kept": true,
      "beta": 0.26850151570307057,
      "coefficient": 0.20595491556238746,
      "loss": -1.9827992212265353,
      "expected_cut": 1.9827992212265353,
      "best_measured_cut": 2.0,
      "success_probability_ancilla_1": 0.09543391918195858,
      "epochs_run": 80,
      "stop_reason": "loss_plateau_last5",
      "history_path": "benchmark_results_walsh_article/unweighted/with_pruning/n4/graph05_trainseed03/histories/history_visit007_j007.json",
      "improvement_vs_previous": 0.0756632361097147
    },
    {
      "visit_idx": 8,
      "j": 8,
      "kept": true,
      "beta": 0.14639520674463002,
      "coefficient": 0.11416411781603754,
      "loss": -1.998401201544961,
      "expected_cut": 1.998401201544961,
      "best_measured_cut": 2.0,
      "success_probability_ancilla_1": 0.09806750197151225,
      "epochs_run": 23,
      "stop_reason": "loss_plateau_last5",
      "history_path": "benchmark_results_walsh_article/unweighted/with_pruning/n4/graph05_trainseed03/histories/history_visit008_j008.json",
      "improvement_vs_previous": 0.015601980318425746
    },
    {
      "visit_idx": 9,
      "j": 9,
      "kept": true,
      "beta": -0.011072432500275727,
      "coefficient": -0.008695912783584213,
      "loss": -1.99827382396897,
      "expected_cut": 1.99827382396897,
      "best_measured_cut": 2.0,