{
  "0": 0.0,
  "1": -0.24005660502482176,
  "2": 0.23964045962253241,
  "3": -0.00191435452968702,
  "4": 0.17318229636566093,
  "5": -0.0011995680637278306,
  "6": 0.0023457963903516094,
  "7": -0.20830005454608344,
  "8": -0.07349946309448281,
  "9": 0.001782228637669468,
  "10": 0.0,
  "11": 0.11591586302280918,
  "12": 0.0,
  "13": 0.13262884058473115,
  "14": -0.1567184077886779,
  "15": 0.0
}