epoch,beta,coefficient,loss,expected_cut,best_measured_cut,success_probability_ancilla_1,max_postselected_probability,grad
0,0.33033021152449543,0.2503986439628701,-7.998524066620449,7.998524066620449,5.0,0.03316711094766967,0.031203877081955076,-0.15459312017245658
1,0.34009489232710205,0.257266678110457,-7.999386116749578,7.999386116749578,5.0,0.033998159754061175,0.031230816148488588,-0.10898901783560211
2,0.34936275367582836,0.26374477746994096,-7.999850873359991,7.999850873359991,5.0,0.03480217081376919,0.031245339792562523,-0.06816959325649742
3,0.35778818074215574,0.26959916482835733,-7.999998779255748,7.999998779255748,5.0,0.035545565948953646,0.031249961851803582,-0.032629120254570244
4,0.364985970975735,0.27457380840752355,-7.999933571540911,7.999933571540911,5.0,0.03618976165835378,0.03124792411071391,-0.002874139729490408
5,0.3706280563019427,0.27845580687888816,-7.9997672013410694,7.9997672013410694,5.0,0.036700438401924065,0.031242725041967952,0.020720140104577178
