{
  "config": {
    "N_VERTICES": 4,
    "PROB_ARESTA": 0.55,
    "COM_PESO": false,
    "PESO_MIN": 1,
    "PESO_MAX": 1,
    "GRAPH_SEED": 104577,
    "GRAPH_EDGES": [
      [
        0,
        2,
        1.0
      ],
      [
        2,
        3,
        1.0
      ]
    ],
    "REVERSE_BITS": false,
    "ER": 1.25,
    "MAX_TERMS": null,
    "A_MAX": 1.0471975511965976,
    "INIT_BETA": 0.5,
    "MAX_EPOCHS": 200,
    "LR": 0.01,
    "FD_EPS": 0.01,
    "LOSS_TOL_LAST5": 0.0005,
    "PATIENCE_LAST5": 5,
    "TRAIN_SEED": 5,
    "INIT_BETA_JITTER": 0.08,
    "OPTIMIZER": "adam",
    "ADAM_BETA1": 0.9,
    "ADAM_BETA2": 0.999,
    "ADAM_EPS": 1e-08,
    "COEF_ZERO_TOL": 0.0005,
    "IMPROVEMENT_TOL": 0.0005,
    "SATURATION_PATIENCE": 150,
    "INDEX_STRATEGY": "ascending",
    "INDEX_RANDOM_SEED": 42,
    "ENABLE_BACKWARD_PRUNING": false,
    "BACKWARD_PASSES": 1,
    "PRUNE_IMPROVEMENT_TOL": 1e-06,
    "OUTDIR": "benchmark_results_walsh_article/unweighted/aggressive_loader/n4/graph04_trainseed05",
    "SHOW_PLOTS": false,
    "name": "aggressive_loader"
  },
  "n_qubits_register": 4,
  "graph_edges": [
    [
      0,
      2,
      1.0
    ],
    [
      2,
      3,
      1.0
    ]
  ],
  "graph_signature": "ab3e1e60a1be6f27a830f37b39d70bd64af7163327db0f23a1fcb2724d77253c",
  "graph_num_edges": 2,
  "graph_density": 0.3333333333333333,
  "best_cut_bruteforce": 2.0,
  "best_bitstring_bruteforce": "0010",
  "best_index_bruteforce": 2,
  "candidate_order": [
    1,
    2,
    3,
    4,
    5,
    6,
    7,
    8,
    9,
    10,
    11,
    12,
    13,
    14,
    15
  ],
  "total_possible_parameters": 15,
  "visited_parameters": 15,
  "trained_coefficients": {
    "0": 0.0,
    "1": -0.5202921238345818,
    "2": 0.49776121833467357,
    "3": -0.49317954071965214,
    "4": 0.7186477301932449,
    "5": 0.009142209530360818,
    "6": 0.49767916072283075,
    "7": -0.49616831931448196,
    "8": -0.12394055110107303,
    "9": -0.3223052346096929,
    "10": 0.009972394235105892,
    "11": -0.01481380207359946,
    "12": 0.46844894389747743,
    "13": 0.012027720680238668,
    "14": 0.04633918477427991,
    "15": -0.051530859133506114
  },
  "final_coefficient_vector": [
    0.0,
    -0.5202921238345818,
    0.49776121833467357,
    -0.49317954071965214,
    0.7186477301932449,
    0.009142209530360818,
    0.49767916072283075,
    -0.49616831931448196,
    -0.12394055110107303,
    -0.3223052346096929,
    0.009972394235105892,
    -0.01481380207359946,
    0.46844894389747743,
    0.012027720680238668,
    0.04633918477427991,
    -0.051530859133506114
  ],
  "active_indices": [
    1,
    2,
    3,
    4,
    5,
    6,
    7,
    8,
    9,
    10,
    11,
    12,
    13,
    14,
    15
  ],
  "active_parameter_count": 15,
  "compression_ratio_active_over_total": 1.0,
  "final_loss": -1.8187758338155786,
  "final_expected_cut": 1.8187758338155786,
  "best_expected_cut_over_evolution": 1.8187758338155786,
  "final_best_measured_index": 9,
  "final_best_measured_bitstring": "1001",
  "final_best_measured_cut": 2.0,
  "best_measured_cut_over_evolution": 2.0,
  "final_success_probability_ancilla_1": 0.25768312945229616,
  "final_max_postselected_probability": 0.24199724285521976,
  "gap_expected_to_bruteforce": 0.1812241661844214,
  "gap_measured_to_bruteforce": 0.0,
  "approx_ratio_measured": 1.0,
  "n_steps": 15,
  "elapsed_seconds": 22.796650648117065,
  "steps": [
    {
      "visit_idx": 1,
      "j": 1,
      "kept": true,
      "beta": -0.5451048039335092,
      "coefficient": -0.5202921238345818,
      "loss": -1.0,
      "expected_cut": 1.0,
      "best_measured_cut": 0.0,
      "success_probability_ancilla_1": 0.10206862061850136,
      "epochs_run": 5,
      "stop_reason": "loss_plateau_last5",
      "history_path": "benchmark_results_walsh_article/unweighted/aggressive_loader/n4/graph04_trainseed05/histories/history_visit001_j001.json",
      "improvement_vs_previous": 1.0
    },
    {
      "visit_idx": 2,
      "j": 2,
      "kept": true,
      "beta": 0.5169297996104194,
      "coefficient": 0.49776121833467357,
      "loss": -0.9999999999999999,
      "expected_cut": 0.9999999999999999,
      "best_measured_cut": 0.0,
      "success_probability_ancilla_1": 0.17664202631295411,
      "epochs_run": 5,
      "stop_reason": "loss_plateau_last5",
      "history_path": "benchmark_results_walsh_article/unweighted/aggressive_loader/n4/graph04_trainseed05/histories/history_visit002_j002.json",
      "improvement_vs_previous": -1.1102230246251565e-16
    },
    {
      "visit_idx": 3,
      "j": 3,
      "kept": true,
      "beta": -0.5112926671044064,
      "coefficient": -0.49317954071965214,
      "loss": -1.0,
      "expected_cut": 1.0,
      "best_measured_cut": 1.0,
      "success_probability_ancilla_1": 0.23616515522580964,
      "epochs_run": 5,
      "stop_reason": "loss_plateau_last5",
      "history_path": "benchmark_results_walsh_article/unweighted/aggressive_loader/n4/graph04_trainseed05/histories/history_visit003_j003.json",
      "improvement_vs_previous": 1.1102230246251565e-16
    },
    {
      "visit_idx": 4,
      "j": 4,
      "kept": true,
      "beta": 0.8408481395790693,
      "coefficient": 0.7186477301932449,
      "loss": -1.2339033321858728,
      "expected_cut": 1.2339033321858728,
      "best_measured_cut": 1.0,
      "success_probability_ancilla_1": 0.33564852477594875,
      "epochs_run": 57,
      "stop_reason": "loss_plateau_last5",
      "history_path": "benchmark_results_walsh_article/unweighted/aggressive_loader/n4/graph04_trainseed05/histories/history_visit004_j004.json",
      "improvement_vs_previous": 0.23390333218587278
    },
    {
      "visit_idx": 5,
      "j": 5,
      "kept": true,
      "beta": 0.008730388827644276,
      "coefficient": 0.009142209530360818,
      "loss": -1.2341262138868683,
      "expected_cut": 1.2341262138868683,
      "best_measured_cut": 1.0,
      "success_probability_ancilla_1": 0.33685794837254696,
      "epochs_run": 56,
      "stop_reason": "loss_plateau_last5",
      "history_path": "benchmark_results_walsh_article/unweighted/aggressive_loader/n4/graph04_trainseed05/histories/history_visit005_j005.json",
      "improvement_vs_previous": 0.00022288170099549198
    },
    {
      "visit_idx": 6,
      "j": 6,
      "kept": true,
      "beta": 0.5168285735517955,
      "coefficient": 0.49767916072283075,
      "loss": -1.3249357086896232,
      "expected_cut": 1.3249357086896232,
      "best_measured_cut": 1.0,
      "success_probability_ancilla_1": 0.3031850314454198,
      "epochs_run": 7,
      "stop_reason": "loss_plateau_last5",
      "history_path": "benchmark_results_walsh_article/unweighted/aggressive_loader/n4/graph04_trainseed05/histories/history_visit006_j006.json",
      "improvement_vs_previous": 0.09080949480275491
    },
    {
      "visit_idx": 7,
      "j": 7,
      "kept": true,
      "beta": -0.5149665402156045,
      "coefficient": -0.49616831931448196,
      "loss": -1.4704767460020358,
      "expected_cut": 1.4704767460020358,
      "best_measured_cut": 1.0,
      "success_probability_ancilla_1": 0.2596394941904753,
      "epochs_run": 9,
      "stop_reason": "loss_plateau_last5",
      "history_path": "benchmark_results_walsh_article/unweighted/aggressive_loader/n4/graph04_trainseed05/histories/history_visit007_j007.json",
      "improvement_vs_previous": 0.14554103731241264
    },
    {
      "visit_idx": 8,
      "j": 8,
      "kept": true,
      "beta": -0.11891182813858972,
      "coefficient": -0.12394055110107303,
      "loss": -1.4855170150902228,
      "expected_cut": 1.4855170150902228,
      "best_measured_cut": 1.0,
      "success_probability_ancilla_1": 0.2625182919193042,
      "epochs_run": 74,
      "stop_reason": "loss_plateau_last5",
      "history_path": "benchmark_results_walsh_article/unweighted/aggressive_loader/n4/graph04_trainseed05/histories/history_visit008_j008.json",