{
  "0": 0.0,
  "1": -0.5202921238345818,
  "2": 0.49776121833467357,
  "3": -0.49317954071965214,
  "4": 0.7186477301932449,
  "5": 0.009142209530360818,
  "6": 0.49767916072283075,
  "7": -0.49616831931448196,
  "8": -0.12394055110107303,
  "9": -0.3223052346096929,
  "10": 0.009972394235105892,
  "11": -0.01481380207359946,
  "12": 0.46844894389747743,
  "13": 0.012027720680238668,
  "14": 0.04633918477427991,
  "15": -0.051530859133506114
}