{
  "config": {
    "N_VERTICES": 4,
    "PROB_ARESTA": 0.7,
    "COM_PESO": false,
    "PESO_MIN": 1,
    "PESO_MAX": 1,
    "GRAPH_SEED": 104986,
    "GRAPH_EDGES": [
      [
        0,
        2,
        1.0
      ],
      [
        0,
        3,
        1.0
      ]
    ],
    "REVERSE_BITS": false,
    "ER": 0.75,
    "MAX_TERMS": null,
    "A_MAX": 0.6283185307179586,
    "INIT_BETA": 0.25,
    "MAX_EPOCHS": 200,
    "LR": 0.01,
    "FD_EPS": 0.01,
    "LOSS_TOL_LAST5": 0.002,
    "PATIENCE_LAST5": 7,
    "TRAIN_SEED": 9,
    "INIT_BETA_JITTER": 0.03,
    "OPTIMIZER": "adam",
    "ADAM_BETA1": 0.9,
    "ADAM_BETA2": 0.999,
    "ADAM_EPS": 1e-08,
    "COEF_ZERO_TOL": 0.002,
    "IMPROVEMENT_TOL": 0.002,
    "SATURATION_PATIENCE": 60,
    "INDEX_STRATEGY": "ascending",
    "INDEX_RANDOM_SEED": 42,
    "ENABLE_BACKWARD_PRUNING": false,
    "BACKWARD_PASSES": 1,
    "PRUNE_IMPROVEMENT_TOL": 1e-06,
    "OUTDIR": "benchmark_results_walsh_article/unweighted/coarse_loader/n4/graph08_trainseed09",
    "SHOW_PLOTS": false,
    "name": "coarse_loader"
  },
  "n_qubits_register": 4,
  "graph_edges": [
    [
      0,
      2,
      1.0
    ],
    [
      0,
      3,
      1.0
    ]
  ],
  "graph_signature": "2cf81b7f6c28153cc1763d3712042bf1e2dce228b62300b14a9509084e53b32c",
  "graph_num_edges": 2,
  "graph_density": 0.3333333333333333,
  "best_cut_bruteforce": 2.0,
  "best_bitstring_bruteforce": "0011",
  "best_index_bruteforce": 3,
  "candidate_order": [
    1,
    2,
    3,
    4,
    5,
    6,
    7,
    8,
    9,
    10,
    11,
    12,
    13,
    14,
    15
  ],
  "total_possible_parameters": 15,
  "visited_parameters": 15,
  "trained_coefficients": {
    "0": 0.0,
    "1": -0.15694425460857825,
    "2": 0.14332840860448876,
    "3": -0.13692191888114189,
    "4": 0.24331220960613503,
    "5": 0.0,
    "6": 0.16934753447511333,
    "7": -0.15052797354719888,
    "8": 0.13394366976421979,
    "9": 0.007482548895234652,
    "10": 0.10794757611966523,
    "11": -0.10888661701819137,
    "12": -0.013166028599684264,
    "13": -0.2252497573568269,
    "14": 0.1412590084289319,
    "15": -0.1419911938808312
  },
  "final_coefficient_vector": [
    0.0,
    -0.15694425460857825,
    0.14332840860448876,
    -0.13692191888114189,
    0.24331220960613503,
    0.0,
    0.16934753447511333,
    -0.15052797354719888,
    0.13394366976421979,
    0.007482548895234652,
    0.10794757611966523,
    -0.10888661701819137,
    -0.013166028599684264,
    -0.2252497573568269,
    0.1412590084289319,
    -0.1419911938808312
  ],
  "active_indices": [
    1,
    2,
    3,
    4,
    6,
    7,
    8,
    9,
    10,
    11,
    12,
    13,
    14,
    15
  ],
  "active_parameter_count": 14,
  "compression_ratio_active_over_total": 0.9333333333333333,
  "final_loss": -1.9578700545805539,
  "final_expected_cut": 1.9578700545805539,
  "best_expected_cut_over_evolution": 1.9578700545805539,
  "final_best_measured_index": 8,
  "final_best_measured_bitstring": "1000",
  "final_best_measured_cut": 2.0,
  "best_measured_cut_over_evolution": 2.0,
  "final_success_probability_ancilla_1": 0.038434575361857924,
  "final_max_postselected_probability": 0.658286943286788,
  "gap_expected_to_bruteforce": 0.042129945419446146,
  "gap_measured_to_bruteforce": 0.0,
  "approx_ratio_measured": 1.0,
  "n_steps": 15,
  "elapsed_seconds": 4.148458480834961,
  "steps": [
    {
      "visit_idx": 1,
      "j": 1,
      "kept": true,
      "beta": -0.2551830001319022,
      "coefficient": -0.15694425460857825,
      "loss": -1.0,
      "expected_cut": 1.0,
      "best_measured_cut": 0.0,
      "success_probability_ancilla_1": 0.003459807087150356,
      "epochs_run": 7,
      "stop_reason": "loss_plateau_last5",
      "history_path": "benchmark_results_walsh_article/unweighted/coarse_loader/n4/graph08_trainseed09/histories/history_visit001_j001.json",
      "improvement_vs_previous": 1.0
    },
    {
      "visit_idx": 2,
      "j": 2,
      "kept": true,
      "beta": 0.2321992944893887,
      "coefficient": 0.14332840860448876,
      "loss": -1.0,
      "expected_cut": 1.0,
      "best_measured_cut": 0.0,
      "success_probability_ancilla_1": 0.006325919706472327,
      "epochs_run": 7,
      "stop_reason": "loss_plateau_last5",
      "history_path": "benchmark_results_walsh_article/unweighted/coarse_loader/n4/graph08_trainseed09/histories/history_visit002_j002.json",
      "improvement_vs_previous": 0.0
    },
    {
      "visit_idx": 3,
      "j": 3,
      "kept": true,
      "beta": -0.2214692662487962,
      "coefficient": -0.13692191888114189,
      "loss": -1.0000000000000002,
      "expected_cut": 1.0000000000000002,
      "best_measured_cut": 2.0,
      "success_probability_ancilla_1": 0.00892666081030084,
      "epochs_run": 7,
      "stop_reason": "loss_plateau_last5",
      "history_path": "benchmark_results_walsh_article/unweighted/coarse_loader/n4/graph08_trainseed09/histories/history_visit003_j003.json",
      "improvement_vs_previous": 2.220446049250313e-16
    },
    {
      "visit_idx": 4,
      "j": 4,
      "kept": true,
      "beta": 0.40855305933343794,
      "coefficient": 0.24331220960613503,
      "loss": -1.308494412838728,
      "expected_cut": 1.308494412838728,
      "best_measured_cut": 2.0,
      "success_probability_ancilla_1": 0.017080481832590387,
      "epochs_run": 23,
      "stop_reason": "loss_plateau_last5",
      "history_path": "benchmark_results_walsh_article/unweighted/coarse_loader/n4/graph08_trainseed09/histories/history_visit004_j004.json",
      "improvement_vs_previous": 0.3084944128387277
    },
    {
      "visit_idx": 5,
      "j": 5,
      "kept": false,
      "beta": -0.0012066826806415637,
      "coefficient": 0.0,
      "loss": -1.308494412838728,
      "expected_cut": 1.308494412838728,
      "best_measured_cut": 2.0,
      "success_probability_ancilla_1": 0.017080481832590387,
      "epochs_run": 29,
      "stop_reason": "loss_plateau_last5_and_discarded_near_zero",
      "history_path": "benchmark_results_walsh_article/unweighted/coarse_loader/n4/graph08_trainseed09/histories/history_visit005_j005.json",
      "improvement_vs_previous": 0.0
    },
    {
      "visit_idx": 6,
      "j": 6,
      "kept": true,
      "beta": 0.2763515130740362,
      "coefficient": 0.16934753447511333,
      "loss": -1.402189707778118,
      "expected_cut": 1.402189707778118,
      "best_measured_cut": 2.0,
      "success_probability_ancilla_1": 0.02083283917338627,
      "epochs_run": 7,
      "stop_reason": "loss_plateau_last5",
      "history_path": "benchmark_results_walsh_article/unweighted/coarse_loader/n4/graph08_trainseed09/histories/history_visit006_j006.json",
      "improvement_vs_previous": 0.0936952949393901
    },
    {
      "visit_idx": 7,
      "j": 7,
      "kept": true,
      "beta": -0.24432075643968346,
      "coefficient": -0.15052797354719888,
      "loss": -1.474589295025162,
      "expected_cut": 1.474589295025162,
      "best_measured_cut": 2.0,
      "success_probability_ancilla_1": 0.023679489298150343,
      "epochs_run": 7,
      "stop_reason": "loss_plateau_last5",
      "history_path": "benchmark_results_walsh_article/unweighted/coarse_loader/n4/graph08_trainseed09/histories/history_visit007_j007.json",
      "improvement_vs_previous": 0.07239958724704398
    },
    {
      "visit_idx": 8,
      "j": 8,
      "kept": true,
      "beta": 0.21649826717762358,
      "coefficient": 0.13394366976421979,
      "loss": -1.5326672866125435,
      "expected_cut": 1.5326672866125435,
      "best_measured_cut": 2.0,
      "success_probability_ancilla_1": 0.026080924858393167,
      "epochs_run": 7,
      "stop_reason": "loss_plateau_last5",
      "history_path": "benchmark_results_walsh_article/unweighted/coarse_loader/n4/graph08_trainseed09/histories/history_visit008_j008.json",
      "improvement_vs_previous": 0.05807799158738147
    },
    {
      "visit_idx": 9,
      "j": 9,
      "kept": true,
      "beta": 0.011909409457285539,