epoch,beta,coefficient,loss,expected_cut,best_measured_cut,success_probability_ancilla_1,max_postselected_probability,grad
0,-0.48357887157077595,-0.47030189367355896,-2.938154855209514,2.938154855209514,3.0,0.18957875409457253,0.23940295247280893,-0.33961883192859993
1,-0.4735969240680001,-0.4619198623270541,-2.941268049276344,2.941268049276344,3.0,0.18801937250020606,0.23983131064715824,-0.3214918067970907
2,-0.46364894775210813,-0.45349259754611726,-2.9441706579206244,2.9441706579206244,3.0,0.18648610233024965,0.2402165048996996,-0.302044460980068
3,-0.4537545179489494,-0.4450383590409231,-2.9468458042887065,2.9468458042887065,3.0,0.18498288123543727,0.24055571555889388,-0.2812798918623787
4,-0.44393755178733535,-0.4365797461833223,-2.949277356527328,2.949277356527328,3.0,0.18351408995536378,0.24084637821645766,-0.25922150669443417
5,-0.43422709078788635,-0.4281445062191376,-2.9514505837354115,2.9514505837354115,3.0,0.18208459147105488,0.2410863293284243,-0.235918159431996
6,-0.42465814835052607,-0.4197664166041944,-2.9533529819508937,2.9533529819508937,3.0,0.1806997639238919,0.24127398582708368,-0.21145005468898195
7,-0.41527256937566076,-0.4114861915682684,-2.954975280377573,2.954975280377573,3.0,0.17936551992259286,0.2414085593830438,-0.18593531959516618
8,-0.40611980556065835,-0.4033523195857774,-2.956312616248713,2.956312616248713,3.0,0.1780883013137791,0.2414903007492852,-0.15953697404951503
9,-0.39725745087192443,-0.3954216790261792,-2.9573658283726805,2.9573658283726805,3.0,0.1768750344841647,0.24152076089306312,-0.1324697686053464
10,-0.3887513125639906,-0.38775970856493713,-2.958142760861679,2.958142760861679,3.0,0.1757330277766605,0.24150304280591905,-0.10500599455174216
11,-0.3806747309279979,-0.38043984330849206,-2.958659391793302,2.958659391793302,3.0,0.1746697915942571,0.2414420017579328,-0.07747892370728347
12,-0.37310683929928967,-0.3735419001598349,-2.9589405207291954,2.9589405207291954,3.0,0.1736927661820557,0.24134433581868067,-0.050282094363728796
13,-0.36612952273068217,-0.3671491551126505,-2.9590196963618633,2.9590196963618633,3.0,0.17280895505233448,0.24121849998963293,-0.02386241452614927
14,-0.35982303328723675,-0.3613440470899955,-2.9589380896157556,2.9589380896157556,3.0,0.1720244847448687,0.2410743865886862,0.0012947054873975131
15,-0.3542605544786851,-0.3562027739220198,-2.9587421639648133,2.9587421639648133,3.0,0.17134414031132494,0.2409227503828147,0.024688952911158257
