{
  "0": 0.0,
  "1": -0.27018852187373943,
  "2": 0.24332076828377006,
  "3": -0.23055470358402627,
  "4": 0.39377225388960074,
  "5": -0.017592951666041044,
  "6": 0.27229635712778605,
  "7": -0.24974345009994198,
  "8": -0.12913154170396493,
  "9": 0.11211952813300326,
  "10": 0.07343648777723036,
  "11": 0.13056971992846056,
  "12": -0.20100343868820658,
  "13": 0.1856959263676814,
  "14": -0.24788483351259258,
  "15": -0.05560839390093833,
  "16": 0.008341934840200472,
  "17": -0.009750112790284109,
  "18": 0.009398195258127651,
  "19": -0.010348017270005205,
  "20": 0.01289574550235818,
  "21": -0.011806780515350723,
  "22": 0.015344029184196148,
  "23": -0.011590481614569359,
  "24": 0.00455676765296108,
  "25": -0.006980268770815961,
  "26": 0.006052827397184304,
  "27": -0.0077042088846330965,
  "28": 0.007635573181397289,
  "29": -0.007702181427828608,
  "30": 0.010523792103815361,
  "31": -0.006075451300284614,
  "32": 0.01537951639306864,
  "33": 0.09960025221443392,
  "34": 0.024311651288597032,
  "35": 0.0,
  "36": -0.11052039731190863,
  "37": -0.103283250794608,
  "38": -0.001724586748218023,
  "39": -0.055219322100120906,
  "40": -0.027490575085296072,
  "41": 0.06075891743143988,
  "42": -0.042070861816279906,
  "43": -0.0741375654532335,
  "44": -0.11137735042398428,
  "45": 0.09356737430028043,
  "46": 0.1143875510976337,
  "47": 0.12265059962362453,
  "48": 0.0017640061219595508,
  "49": 0.0,
  "50": 0.0012943014988068176,
  "51": -0.0010549954080929871,
  "52": 0.003782225055881035,
  "53": -0.0013560184119218428,
  "54": 0.0017174312966259076,
  "55": -0.005516244668110546,
  "56": 0.004961550273114415,
  "57": -0.0049359262147350485,
  "58": 0.006857877716487617,
  "59": -0.004464477660192826,
  "60": 0.004214009074461862,
  "61": -0.005624332525534213,
  "62": 0.0018179500090794685,
  "63": -0.008637411051636729
}