epoch,beta,coefficient,loss,expected_cut,best_measured_cut,success_probability_ancilla_1,max_postselected_probability,grad
0,-0.2404351270298581,-0.14822455304628163,-6.740035761922416,6.740035761922416,7.0,0.05259102629458493,0.07448185157271268,-0.19133981007499085
1,-0.23045576001236492,-0.14228950673818952,-6.741773371881056,6.741773371881056,7.0,0.052377123593448816,0.07421124068970521,-0.17997865953949116
2,-0.2205142146412745,-0.1363502200405817,-6.743385184270768,6.743385184270768,7.0,0.05217194673066179,0.07392712429738503,-0.16818699582603616
3,-0.21063074160795758,-0.1304201682483933,-6.744865345942085,6.744865345942085,7.0,0.051975954083455095,0.07363015746213236,-0.1559982863864413
4,-0.20082902914360704,-0.12451509107147353,-6.7462088057038425,6.7462088057038425,7.0,0.05178959312495929,0.07332125068939328,-0.143454416132786
5,-0.19113659723750534,-0.11865324539684098,-6.747411565226239,6.747411565226239,7.0,0.05161329154935434,0.0730016078850909,-0.1306065533918399
6,-0.18158516756867277,-0.11285564095954286,-6.748470957630237,6.748470957630237,7.0,0.05144744663420377,0.07267276432445734,-0.11751595295175671
7,-0.1722109686220622,-0.10714623274210137,-6.749385945955929,6.749385945955929,7.0,0.05129241279864856,0.07233662191166884,-0.104254627370623
8,-0.1630549196435212,-0.10155203387514228,-6.750157427533258,6.750157427533258,7.0,0.05114848748630961,0.07199547781918515,-0.09090579258588072
9,-0.15416262073757936,-0.09610310247255266,-6.750788522415366,6.750788522415366,7.0,0.05101589576730154,0.07165204128269438,-0.07756396741097019
10,-0.1455840630518377,-0.09083234746803846,-6.751284815095458,6.751284815095458,7.0,0.05089477442074354,0.07130943212174223,-0.06433458245709774
11,-0.13737296832786838,-0.08577509577239012,-6.7516545101971825,6.7516545101971825,7.0,0.05078515670752914,0.07097115384692201,-0.05133293982266492
12,-0.1295856785547535,-0.08096837066501605,-6.751908457281965,6.751908457281965,7.0,0.05068695950766952,0.07064103454293354,-0.03868237140248444
13,-0.12227955136244935,-0.07644985390189385,-6.752060000862412,6.752060000862412,7.0,0.050599974854386345,0.07032313066977129,-0.026511483673048793
14,-0.11551087885120413,-0.07225654386429274,-6.752124622754403,6.752124622754403,7.0,0.050523867976084096,0.07002159290049761,-0.01495046105658011
