epoch,beta,coefficient,loss,expected_cut,best_measured_cut,success_probability_ancilla_1,max_postselected_probability,grad
0,0.2204223182103902,0.1362951978461109,-7.196960334939261,7.196960334939261,7.0,0.06781453477336385,0.145590331095173,0.2264245441137759
1,0.21044706510517766,0.1303097290565067,-7.198985291716716,7.198985291716716,7.0,0.0676351181085785,0.1454760638490008,0.21092568230388442
2,0.20051725238124754,0.12432687754623599,-7.200840910991264,7.200840910991264,7.0,0.06746448719988596,0.145341873056983,0.19499304664849157
3,0.1906573228302857,0.11836282113652193,-7.202521051112427,7.202521051112427,7.0,0.06730306016288315,0.14518813212496534,0.178680091044926
4,0.18089594243363902,0.11243650722421519,-7.204020895130313,7.204020895130313,7.0,0.06715123010763936,0.14501553227158887,0.1620515449128012
5,0.17126647676399084,0.10656995563281262,-7.205337313548954,7.205337313548954,7.0,0.06700935342331112,0.14482513819212928,0.14518451894568268
6,0.16180741019123138,0.10078852283574598,-7.20646926022115,7.20646926022115,7.0,0.06687773604679043,0.14461844436353438,0.12816948998007513
7,0.15256264011136378,0.09512108401602416,-7.207418184294994,7.207418184294994,7.0,0.06675661787857237,0.14439742753046383,0.11111104311413388
8,0.14358155459519917,0.08960007435683504,-7.208188429364881,7.208188429364881,7.0,0.06664615584486536,0.14416458881655486,0.09412820403022215
9,0.13491878035641092,0.08426131745593435,-7.208787576793757,7.208787576793757,7.0,0.06654640657957855,0.14392297667340967,0.07735414913483113
10,0.12663347680994244,0.07914356196089138,-7.209226675675151,7.209226675675151,7.0,0.06645731028672641,0.14367618004233576,0.06093504634571032
11,0.11878806259143483,0.07428765465549333,-7.2095202912279035,7.2095202912279035,7.0,0.06637867795003757,0.1434282805186884,0.04502777348888427
12,0.11144630536068482,0.06973530695784583,-7.2096863026687155,7.2096863026687155,7.0,0.06631018450140647,0.14318375405411027,0.029796308280367428
13,0.10467079123588921,0.06552746661284027,-7.2097453974997965,7.2097453974997965,7.0,0.06625137058791836,0.14294731774669206,0.015406706701554083
14,0.09851991121076671,0.061702383581636676,-7.209720245929997,7.209720245929997,7.0,0.06620165493337919,0.14272372573752634,0.002020794254141709
