epoch,beta,coefficient,loss,expected_cut,best_measured_cut,success_probability_ancilla_1,max_postselected_probability,grad
0,-0.2669178898457689,-0.16383694899748116,-5.999999999984089,5.999999999984089,0.0,0.003769985864464409,0.015624999999958564,1.1362263731101737e-10
1,-0.2669229669955859,-0.16383992215872956,-5.999999999984087,5.999999999984087,0.0,0.003770122521916616,0.015624999999958561,1.136073626977341e-10
2,-0.2669291829738868,-0.1638435622032523,-5.999999999984091,5.999999999984091,0.0,0.0037702898351423754,0.015624999999958568,1.1361598082838748e-10
3,-0.2669363578399852,-0.16384776375280447,-5.999999999984087,5.999999999984087,0.0,0.00377048296232587,0.015624999999958561,1.136017755754224e-10
4,-0.26694437668070164,-0.16385245950916702,-5.999999999984089,5.999999999984089,0.0,0.0037706988119043244,0.015624999999958564,1.1359838601873222e-10
5,-0.26695315770133565,-0.16385760156826557,-5.999999999984093,5.999999999984093,0.0,0.0037709351837165745,0.015624999999958575,1.1358903220331554e-10
6,-0.26696263879176013,-0.16386315355329434,-5.999999999984089,5.999999999984089,0.0,0.003771190407421082,0.015624999999958564,1.1357515348417081e-10
