epoch,beta,coefficient,loss,expected_cut,best_measured_cut,success_probability_ancilla_1,max_postselected_probability,grad
0,0.2563496080610099,0.15763132181130485,-5.999999999991706,5.999999999991706,4.0,0.007234743636631597,0.031238226220770608,-2.963047076422135e-11
1,0.25635093254619895,0.15763210163122826,-5.999999999991706,5.999999999991706,4.0,0.007234777868491186,0.031238229225525004,-2.962524472856724e-11
2,0.2563525542395921,0.15763305643834383,-5.999999999991707,5.999999999991707,4.0,0.0072348197820165175,0.031238232903987986,-2.9627258730590105e-11
3,0.25635442636061656,0.15763415868918615,-5.999999999991704,5.999999999991704,4.0,0.007234868168248545,0.031238237149747394,-2.963112702419303e-11
4,0.2563565189200185,0.15763539072655922,-5.999999999991708,5.999999999991708,4.0,0.007234922252204067,0.031238241894491526,-2.963054288819183e-11
5,0.2563588105461189,0.15763673996705999,-5.999999999991708,5.999999999991708,4.0,0.007234981481623162,0.031238247089462573,-2.962667512363692e-11
6,0.25636128492634924,0.15763819680595206,-5.999999999991706,5.999999999991706,4.0,0.007235045434999646,0.03123825269738285,-2.9616360890894467e-11
