epoch,beta,coefficient,loss,expected_cut,best_measured_cut,success_probability_ancilla_1,max_postselected_probability,grad
0,0.23544320544783642,0.1452591220193184,-6.009316627773435,6.009316627773435,4.0,0.013521868927139621,0.061957997426495284,-0.023208345306233384
1,0.24541879980574488,0.15117812517743778,-6.00952489957646,6.00952489957646,4.0,0.013762873019601137,0.062013330572874586,-0.02164111611997509
2,0.25535247507513914,0.1570440908298557,-6.009717488306333,6.009717488306333,4.0,0.01401117143014822,0.062034067076797886,-0.02012305581144444
3,0.2652257487864782,0.1628455993046764,-6.009894759573996,6.009894759573996,4.0,0.014265993478907795,0.06202288677381585,-0.018660277202764804
4,0.2750195066596794,0.1685711291722274,-6.010057181175984,6.010057181175984,4.0,0.014526494514185643,0.0619826005966759,-0.01725779780846406
5,0.28471423514853555,0.17420921336567985,-6.010205311208354,6.010205311208354,4.0,0.01479176488992032,0.06191610329966177,-0.01591953451377845
6,0.2942902717298945,0.17974859898920637,-6.010339784712773,6.010339784712773,4.0,0.015060840937593497,0.06182632624586799,-0.014648325998382016
