epoch,beta,coefficient,loss,expected_cut,best_measured_cut,success_probability_ancilla_1,max_postselected_probability,grad
0,0.30455140095714905,0.23206334192752737,-3.9999999999985327,3.9999999999985327,3.0,0.027264672694590823,0.031242575353245455,-4.311194676395466e-12
1,0.30455159368197277,0.23206348007843403,-3.9999999999985345,3.9999999999985345,3.0,0.027264688128431615,0.03124257564241518,-4.310100725296223e-12
2,0.3045518295763873,0.23206364917457062,-3.9999999999985345,3.9999999999985345,3.0,0.027264707019401018,0.031242575996349817,-4.3064458291607105e-12
3,0.30455210189193754,0.23206384437843183,-3.9999999999985327,3.9999999999985327,3.0,0.027264728827072596,0.031242576404919658,-4.308927598056879e-12
4,0.3045524062730618,0.23206406256781012,-3.9999999999985345,3.9999999999985345,3.0,0.02726475320264813,0.03124257686158548,-4.309043424558543e-12
