{
  "config": {
    "N_VERTICES": 4,
    "PROB_ARESTA": 0.7,
    "COM_PESO": false,
    "PESO_MIN": 1,
    "PESO_MAX": 1,
    "GRAPH_SEED": 104986,
    "GRAPH_EDGES": [
      [
        0,
        2,
        1.0
      ],
      [
        0,
        3,
        1.0
      ]
    ],
    "REVERSE_BITS": false,
    "ER": 1.25,
    "MAX_TERMS": null,
    "A_MAX": 1.0471975511965976,
    "INIT_BETA": 0.5,
    "MAX_EPOCHS": 200,
    "LR": 0.01,
    "FD_EPS": 0.01,
    "LOSS_TOL_LAST5": 0.0005,
    "PATIENCE_LAST5": 5,
    "TRAIN_SEED": 5,
    "INIT_BETA_JITTER": 0.08,
    "OPTIMIZER": "adam",
    "ADAM_BETA1": 0.9,
    "ADAM_BETA2": 0.999,
    "ADAM_EPS": 1e-08,
    "COEF_ZERO_TOL": 0.0005,
    "IMPROVEMENT_TOL": 0.0005,
    "SATURATION_PATIENCE": 150,
    "INDEX_STRATEGY": "ascending",
    "INDEX_RANDOM_SEED": 42,
    "ENABLE_BACKWARD_PRUNING": false,
    "BACKWARD_PASSES": 1,
    "PRUNE_IMPROVEMENT_TOL": 1e-06,
    "OUTDIR": "benchmark_results_walsh_article/unweighted/aggressive_loader/n4/graph08_trainseed05",
    "SHOW_PLOTS": false,
    "name": "aggressive_loader"
  },
  "n_qubits_register": 4,
  "graph_edges": [
    [
      0,
      2,
      1.0
    ],
    [
      0,
      3,
      1.0
    ]
  ],
  "graph_signature": "2cf81b7f6c28153cc1763d3712042bf1e2dce228b62300b14a9509084e53b32c",
  "graph_num_edges": 2,
  "graph_density": 0.3333333333333333,
  "best_cut_bruteforce": 2.0,
  "best_bitstring_bruteforce": "0011",
  "best_index_bruteforce": 3,
  "candidate_order": [
    1,
    2,
    3,
    4,
    5,
    6,
    7,
    8,
    9,
    10,
    11,
    12,
    13,
    14,
    15
  ],
  "total_possible_parameters": 15,
  "visited_parameters": 15,
  "trained_coefficients": {
    "0": 0.0,
    "1": -0.5202921238345302,
    "2": 0.4977612264938982,
    "3": -0.4931795342218039,
    "4": 0.7186477303637948,
    "5": 0.009142209699810097,
    "6": 0.49767915977076743,
    "7": -0.49616832058493165,
    "8": -0.042275595512977465,
    "9": 0.2915626498370762,
    "10": 0.00685894286564786,
    "11": -0.010536652953035849,
    "12": -0.4350411436284086,
    "13": -0.05588695324643199,
    "14": -0.022362380347126398,
    "15": 0.02250630825842514
  },
  "final_coefficient_vector": [
    0.0,
    -0.5202921238345302,
    0.4977612264938982,
    -0.4931795342218039,
    0.7186477303637948,
    0.009142209699810097,
    0.49767915977076743,
    -0.49616832058493165,
    -0.042275595512977465,
    0.2915626498370762,
    0.00685894286564786,
    -0.010536652953035849,
    -0.4350411436284086,
    -0.05588695324643199,
    -0.022362380347126398,
    0.02250630825842514
  ],
  "active_indices": [
    1,
    2,
    3,
    4,
    5,
    6,
    7,
    8,
    9,
    10,
    11,
    12,
    13,
    14,
    15
  ],
  "active_parameter_count": 15,
  "compression_ratio_active_over_total": 1.0,
  "final_loss": -1.79843330907632,
  "final_expected_cut": 1.79843330907632,
  "best_expected_cut_over_evolution": 1.79843330907632,
  "final_best_measured_index": 8,
  "final_best_measured_bitstring": "1000",
  "final_best_measured_cut": 2.0,
  "best_measured_cut_over_evolution": 2.0,
  "final_success_probability_ancilla_1": 0.2629235861817679,
  "final_max_postselected_probability": 0.23756933029600164,
  "gap_expected_to_bruteforce": 0.20156669092367996,
  "gap_measured_to_bruteforce": 0.0,
  "approx_ratio_measured": 1.0,
  "n_steps": 15,
  "elapsed_seconds": 34.700568437576294,
  "steps": [
    {
      "visit_idx": 1,
      "j": 1,
      "kept": true,
      "beta": -0.5451048039334437,
      "coefficient": -0.5202921238345302,
      "loss": -1.0,
      "expected_cut": 1.0,
      "best_measured_cut": 0.0,
      "success_probability_ancilla_1": 0.1020686206184819,
      "epochs_run": 5,
      "stop_reason": "loss_plateau_last5",
      "history_path": "benchmark_results_walsh_article/unweighted/aggressive_loader/n4/graph08_trainseed05/histories/history_visit001_j001.json",
      "improvement_vs_previous": 1.0
    },
    {
      "visit_idx": 2,
      "j": 2,
      "kept": true,
      "beta": 0.5169298096761024,
      "coefficient": 0.4977612264938982,
      "loss": -1.0,
      "expected_cut": 1.0,
      "best_measured_cut": 0.0,
      "success_probability_ancilla_1": 0.176642028678344,
      "epochs_run": 5,
      "stop_reason": "loss_plateau_last5",
      "history_path": "benchmark_results_walsh_article/unweighted/aggressive_loader/n4/graph08_trainseed05/histories/history_visit002_j002.json",
      "improvement_vs_previous": 0.0
    },
    {
      "visit_idx": 3,
      "j": 3,
      "kept": true,
      "beta": -0.5112926591309384,
      "coefficient": -0.4931795342218039,
      "loss": -1.0,
      "expected_cut": 1.0,
      "best_measured_cut": 2.0,
      "success_probability_ancilla_1": 0.23616515563728993,
      "epochs_run": 5,
      "stop_reason": "loss_plateau_last5",
      "history_path": "benchmark_results_walsh_article/unweighted/aggressive_loader/n4/graph08_trainseed05/histories/history_visit003_j003.json",
      "improvement_vs_previous": 0.0
    },
    {
      "visit_idx": 4,
      "j": 4,
      "kept": true,
      "beta": 0.8408481398869101,
      "coefficient": 0.7186477303637948,
      "loss": -1.233903331651464,
      "expected_cut": 1.233903331651464,
      "best_measured_cut": 2.0,
      "success_probability_ancilla_1": 0.3356485250762736,
      "epochs_run": 57,
      "stop_reason": "loss_plateau_last5",
      "history_path": "benchmark_results_walsh_article/unweighted/aggressive_loader/n4/graph08_trainseed05/histories/history_visit004_j004.json",
      "improvement_vs_previous": 0.23390333165146404
    },
    {
      "visit_idx": 5,
      "j": 5,
      "kept": true,
      "beta": 0.008730388989468752,
      "coefficient": 0.009142209699810097,
      "loss": -1.2341262133581545,
      "expected_cut": 1.2341262133581545,
      "best_measured_cut": 2.0,
      "success_probability_ancilla_1": 0.33685794869897534,
      "epochs_run": 56,
      "stop_reason": "loss_plateau_last5",
      "history_path": "benchmark_results_walsh_article/unweighted/aggressive_loader/n4/graph08_trainseed05/histories/history_visit005_j005.json",
      "improvement_vs_previous": 0.000222881706690492
    },
    {
      "visit_idx": 6,
      "j": 6,
      "kept": true,
      "beta": 0.5168285723773891,
      "coefficient": 0.49767915977076743,
      "loss": -1.324935704745318,
      "expected_cut": 1.324935704745318,
      "best_measured_cut": 2.0,
      "success_probability_ancilla_1": 0.3031850329335758,
      "epochs_run": 7,
      "stop_reason": "loss_plateau_last5",
      "history_path": "benchmark_results_walsh_article/unweighted/aggressive_loader/n4/graph08_trainseed05/histories/history_visit006_j006.json",
      "improvement_vs_previous": 0.09080949138716354
    },
    {
      "visit_idx": 7,
      "j": 7,
      "kept": true,
      "beta": -0.5149665417799856,
      "coefficient": -0.49616832058493165,
      "loss": -1.4704767459070203,
      "expected_cut": 1.4704767459070203,
      "best_measured_cut": 2.0,
      "success_probability_ancilla_1": 0.2596394942771635,
      "epochs_run": 9,
      "stop_reason": "loss_plateau_last5",
      "history_path": "benchmark_results_walsh_article/unweighted/aggressive_loader/n4/graph08_trainseed05/histories/history_visit007_j007.json",
      "improvement_vs_previous": 0.1455410411617022
    },
    {
      "visit_idx": 8,
      "j": 8,
      "kept": true,
      "beta": -0.04039217264347303,
      "coefficient": -0.042275595512977465,
      "loss": -1.472769438825809,
      "expected_cut": 1.472769438825809,
      "best_measured_cut": 2.0,
      "success_probability_ancilla_1": 0.2599750244183923,
      "epochs_run": 63,
      "stop_reason": "loss_plateau_last5",
      "history_path": "benchmark_results_walsh_article/unweighted/aggressive_loader/n4/graph08_trainseed05/histories/history_visit008_j008.json",
      "improvement_vs_previous": 0.0022926929187887524
    },
    {
      "visit_idx": 9,
      "j": 9,
      "kept": true,