{
  "0": 0.0,
  "1": -0.23491667291147963,
  "2": 0.24931549031768213,
  "3": -0.28255678723637334,
  "4": -0.21956819090359064,
  "5": 0.39026263548959894,
  "6": 0.28339714185869,
  "7": 0.0050175181141419115,
  "8": 0.3480155057033364,
  "9": -0.2732448095082333,
  "10": 0.0071582071909066835,
  "11": -0.18433723591415177,
  "12": -0.04835199382100874,
  "13": 0.14832566149514748,
  "14": -0.18041807279991456,
  "15": 0.09728800922825284,
  "16": 0.030464479355817572,
  "17": -0.04334313752451193,
  "18": -0.06537516972729948,
  "19": 0.025559397365270332,
  "20": -0.034349522515072894,
  "21": 0.04467239857655321,
  "22": -0.01425687227509874,
  "23": -0.04188783579085279,
  "24": 0.14491374281840488,
  "25": -0.11666631023713953,
  "26": 0.027722915072702435,
  "27": 0.14894884042846174,
  "28": -0.08496604671020457,
  "29": -0.15854598084505853,
  "30": -0.15851807957783146,
  "31": 0.10756694212235945,
  "32": -0.08288544711849866,
  "33": 0.01878763906948472,
  "34": -0.027270948204822083,
  "35": 0.0833953097426474,
  "36": -0.10930549777121402,
  "37": 0.06308889472392049,
  "38": 0.010337681832979074,
  "39": -0.019101698628473638,
  "40": 0.06039432364827479,
  "41": 0.08087493060905265,
  "42": -0.12964843420078417,
  "43": 0.0788123043492823,
  "44": 0.015301906036010459,
  "45": 0.0,
  "46": -0.08194766235383366,
  "47": -0.006246707342928808,
  "48": 0.0665856134120043,
  "49": -0.01015005674065566,
  "50": -0.013768098250105575,
  "51": 0.01307856558272939,
  "52": 0.044720395820946134,
  "53": 0.0,
  "54": -0.03355716928536006,
  "55": -0.027824168381304297,
  "56": -0.04665798188764148,
  "57": 0.005936547410903796,
  "58": 0.09987647620420083,
  "59": 0.012845145435488401,
  "60": -0.04904995359439382,
  "61": -0.05404695582125821,
  "62": 0.09368343259110738,
  "63": -0.005601962731559537
}