{
  "config": {
    "N_VERTICES": 4,
    "PROB_ARESTA": 0.55,
    "COM_PESO": false,
    "PESO_MIN": 1,
    "PESO_MAX": 1,
    "GRAPH_SEED": 104577,
    "GRAPH_EDGES": [
      [
        0,
        2,
        1.0
      ],
      [
        2,
        3,
        1.0
      ]
    ],
    "REVERSE_BITS": false,
    "ER": 1.0,
    "MAX_TERMS": null,
    "A_MAX": 0.7853981633974483,
    "INIT_BETA": 0.35,
    "MAX_EPOCHS": 200,
    "LR": 0.01,
    "FD_EPS": 0.01,
    "LOSS_TOL_LAST5": 0.001,
    "PATIENCE_LAST5": 5,
    "TRAIN_SEED": 1,
    "INIT_BETA_JITTER": 0.05,
    "OPTIMIZER": "adam",
    "ADAM_BETA1": 0.9,
    "ADAM_BETA2": 0.999,
    "ADAM_EPS": 1e-08,
    "COEF_ZERO_TOL": 0.001,
    "IMPROVEMENT_TOL": 0.001,
    "SATURATION_PATIENCE": 100,
    "INDEX_STRATEGY": "ascending",
    "INDEX_RANDOM_SEED": 42,
    "ENABLE_BACKWARD_PRUNING": false,
    "BACKWARD_PASSES": 1,
    "PRUNE_IMPROVEMENT_TOL": 1e-06,
    "OUTDIR": "benchmark_results_walsh_article/unweighted/baseline/n4/graph04_trainseed01",
    "SHOW_PLOTS": false,
    "name": "baseline"
  },
  "n_qubits_register": 4,
  "graph_edges": [
    [
      0,
      2,
      1.0
    ],
    [
      2,
      3,
      1.0
    ]
  ],
  "graph_signature": "ab3e1e60a1be6f27a830f37b39d70bd64af7163327db0f23a1fcb2724d77253c",
  "graph_num_edges": 2,
  "graph_density": 0.3333333333333333,
  "best_cut_bruteforce": 2.0,
  "best_bitstring_bruteforce": "0010",
  "best_index_bruteforce": 2,
  "candidate_order": [
    1,
    2,
    3,
    4,
    5,
    6,
    7,
    8,
    9,
    10,
    11,
    12,
    13,
    14,
    15
  ],
  "total_possible_parameters": 15,
  "visited_parameters": 15,
  "trained_coefficients": {
    "0": 0.0,
    "1": -0.2770599320847219,
    "2": 0.2801118099621277,
    "3": -0.23565060769310833,
    "4": 0.41027709298939974,
    "5": -0.019250178329385578,
    "6": 0.29002546252769335,
    "7": -0.28687785830470214,
    "8": -0.22253546565850044,
    "9": -0.06861290259780277,
    "10": -0.1310842418695436,
    "11": 0.12527416440340663,
    "12": 0.12225731878324857,
    "13": 0.2308959709614822,
    "14": -0.17778285015921053,
    "15": 0.15945116817600033
  },
  "final_coefficient_vector": [
    0.0,
    -0.2770599320847219,
    0.2801118099621277,
    -0.23565060769310833,
    0.41027709298939974,
    -0.019250178329385578,
    0.29002546252769335,
    -0.28687785830470214,
    -0.22253546565850044,
    -0.06861290259780277,
    -0.1310842418695436,
    0.12527416440340663,
    0.12225731878324857,
    0.2308959709614822,
    -0.17778285015921053,
    0.15945116817600033
  ],
  "active_indices": [
    1,
    2,
    3,
    4,
    5,
    6,
    7,
    8,
    9,
    10,
    11,
    12,
    13,
    14,
    15
  ],
  "active_parameter_count": 15,
  "compression_ratio_active_over_total": 1.0,
  "final_loss": -1.8580075091732795,
  "final_expected_cut": 1.8580075091732795,
  "best_expected_cut_over_evolution": 1.8580075091732795,
  "final_best_measured_index": 9,
  "final_best_measured_bitstring": "1001",
  "final_best_measured_cut": 2.0,
  "best_measured_cut_over_evolution": 2.0,
  "final_success_probability_ancilla_1": 0.12955689676604004,
  "final_max_postselected_probability": 0.4544628213046486,
  "gap_expected_to_bruteforce": 0.1419924908267205,
  "gap_measured_to_bruteforce": 0.0,
  "approx_ratio_measured": 1.0,
  "n_steps": 15,
  "elapsed_seconds": 38.24384951591492,
  "steps": [
    {
      "visit_idx": 1,
      "j": 1,
      "kept": true,
      "beta": -0.36859671238916986,
      "coefficient": -0.2770599320847219,
      "loss": -1.0,
      "expected_cut": 1.0,
      "best_measured_cut": 0.0,
      "success_probability_ancilla_1": 0.01906810608126273,
      "epochs_run": 5,
      "stop_reason": "loss_plateau_last5",
      "history_path": "benchmark_results_walsh_article/unweighted/baseline/n4/graph04_trainseed01/histories/history_visit001_j001.json",
      "improvement_vs_previous": 1.0
    },
    {
      "visit_idx": 2,
      "j": 2,
      "kept": true,
      "beta": 0.37304175334038064,
      "coefficient": 0.2801118099621277,
      "loss": -0.9999999999999999,
      "expected_cut": 0.9999999999999999,
      "best_measured_cut": 0.0,
      "success_probability_ancilla_1": 0.037812651247262005,
      "epochs_run": 5,
      "stop_reason": "loss_plateau_last5",
      "history_path": "benchmark_results_walsh_article/unweighted/baseline/n4/graph04_trainseed01/histories/history_visit002_j002.json",
      "improvement_vs_previous": -1.1102230246251565e-16
    },
    {
      "visit_idx": 3,
      "j": 3,
      "kept": true,
      "beta": -0.30956320087853917,
      "coefficient": -0.23565060769310833,
      "loss": -1.0,
      "expected_cut": 1.0,
      "best_measured_cut": 1.0,
      "success_probability_ancilla_1": 0.050586286583151355,
      "epochs_run": 5,
      "stop_reason": "loss_plateau_last5",
      "history_path": "benchmark_results_walsh_article/unweighted/baseline/n4/graph04_trainseed01/histories/history_visit003_j003.json",
      "improvement_vs_previous": 1.1102230246251565e-16
    },
    {
      "visit_idx": 4,
      "j": 4,
      "kept": true,
      "beta": 0.5796087722976474,
      "coefficient": 0.41027709298939974,
      "loss": -1.2900183051498888,
      "expected_cut": 1.2900183051498888,
      "best_measured_cut": 1.0,
      "success_probability_ancilla_1": 0.08788297976481954,
      "epochs_run": 36,
      "stop_reason": "loss_plateau_last5",
      "history_path": "benchmark_results_walsh_article/unweighted/baseline/n4/graph04_trainseed01/histories/history_visit004_j004.json",
      "improvement_vs_previous": 0.2900183051498888
    },
    {
      "visit_idx": 5,
      "j": 5,
      "kept": true,
      "beta": -0.02451499816170303,
      "coefficient": -0.019250178329385578,
      "loss": -1.289611828571101,
      "expected_cut": 1.289611828571101,
      "best_measured_cut": 1.0,
      "success_probability_ancilla_1": 0.08772099769482533,
      "epochs_run": 37,
      "stop_reason": "loss_plateau_last5",
      "history_path": "benchmark_results_walsh_article/unweighted/baseline/n4/graph04_trainseed01/histories/history_visit005_j005.json",
      "improvement_vs_previous": -0.00040647657878789545
    },
    {
      "visit_idx": 6,
      "j": 6,
      "kept": true,
      "beta": 0.38757976162802366,
      "coefficient": 0.29002546252769335,
      "loss": -1.3787385041693483,
      "expected_cut": 1.3787385041693483,
      "best_measured_cut": 1.0,
      "success_probability_ancilla_1": 0.10125394261740907,
      "epochs_run": 5,
      "stop_reason": "loss_plateau_last5",
      "history_path": "benchmark_results_walsh_article/unweighted/baseline/n4/graph04_trainseed01/histories/history_visit006_j006.json",
      "improvement_vs_previous": 0.08912667559824738
    },
    {
      "visit_idx": 7,
      "j": 7,
      "kept": true,
      "beta": -0.3829472352319124,
      "coefficient": -0.28687785830470214,
      "loss": -1.4762502025591204,
      "expected_cut": 1.4762502025591204,
      "best_measured_cut": 1.0,
      "success_probability_ancilla_1": 0.11084535462715463,
      "epochs_run": 7,
      "stop_reason": "loss_plateau_last5",
      "history_path": "benchmark_results_walsh_article/unweighted/baseline/n4/graph04_trainseed01/histories/history_visit007_j007.json",
      "improvement_vs_previous": 0.09751169838977214
    },
    {
      "visit_idx": 8,
      "j": 8,
      "kept": true,
      "beta": -0.2913109400028234,
      "coefficient": -0.22253546565850044,
      "loss": -1.5629689934599504,
      "expected_cut": 1.5629689934599504,
      "best_measured_cut": 2.0,
      "success_probability_ancilla_1": 0.1204415192648881,
      "epochs_run": 86,
      "stop_reason": "loss_plateau_last5",
      "history_path": "benchmark_results_walsh_article/unweighted/baseline/n4/graph04_trainseed01/histories/history_visit008_j008.json",
      "improvement_vs_previous": 0.08671879090083001
    },
    {
      "visit_idx": 9,
      "j": 9,
      "kept": true,