epoch,beta,coefficient,loss,expected_cut,best_measured_cut,success_probability_ancilla_1,max_postselected_probability,grad
0,-0.302447872231638,-0.23055453410863266,-1.4999999999996647,1.4999999999996647,0.0,0.044708131461296326,0.18472380693228044,5.753162473197024e-13
1,-0.30244789795121585,-0.23055455256805235,-1.4999999999996647,1.4999999999996647,0.0,0.0447081334340531,0.18472380752009196,5.751952310134835e-13
2,-0.30244792944743076,-0.2305545751734715,-1.4999999999996638,1.4999999999996638,0.0,0.04470813584989274,0.18472380823992562,5.75459806518148e-13
3,-0.3024479658154511,-0.2305546012754755,-1.499999999999665,1.499999999999665,0.0,0.04470813863941247,0.1847238090711017,5.757878675906578e-13
4,-0.3024480064655571,-0.23055463045081134,-1.4999999999996645,1.4999999999996645,0.0,0.044708141757379354,0.18472381000014165,5.754393800969505e-13
