{
  "0": 0.0,
  "1": -0.436112679472561,
  "2": 0.4384733545904337,
  "3": 0.0,
  "4": -0.26965997604198855,
  "5": 0.0,
  "6": -0.0012603838420744587,
  "7": 0.3480521639377741,
  "8": -0.12562695517906203,
  "9": -0.0010815421397040066,
  "10": 0.0,
  "11": 0.17690031820833496,
  "12": 0.0018520645737900832,
  "13": -0.15592731278766725,
  "14": 0.16505005686802982,
  "15": -0.0011156157209733062
}