{
  "0": 0.0,
  "1": -0.5420201158766861,
  "2": 0.5415599156101003,
  "3": -0.006597367446051157,
  "4": 0.006798811205241578,
  "5": 0.00104852022028547,
  "6": 0.012890850160484644,
  "7": -0.012799360634423218,
  "8": 0.007024731476963432,
  "9": -0.004140620266101896,
  "10": 0.009434671441356852,
  "11": -0.009604506265772635,
  "12": -0.010069908227119147,
  "13": 0.30100161823482374,
  "14": -0.4041025959295579,
  "15": -0.005549671583721711
}