epoch,beta,coefficient,loss,expected_cut,best_measured_cut,success_probability_ancilla_1,max_postselected_probability,grad
0,0.5869928857823462,0.5526369497888584,-2.9999548868804387,2.9999548868804387,2.0,0.20090073545466366,0.12499436086006728,-0.001174158149872597
1,0.5803873949925304,0.5476287543762605,-2.999996812114765,2.999996812114765,2.0,0.1993587107680642,0.1249996015143582,0.009954879815471728
2,0.5738016074587976,0.5426009335630729,-2.999989738000971,2.999989738000971,2.0,0.19782249513255415,0.12499871725013398,0.0026853781822053584
3,0.5714007900577505,0.5407594973585329,-2.9999745955703916,2.9999745955703916,2.0,0.19726284011997539,0.12499682444631162,-0.004888840096076667
4,0.5727706319413378,0.5418107316909574,-2.9999840716669373,2.9999840716669373,2.0,0.19758213824582613,0.12499800895837976,-0.007733041632585281
