epoch,beta,coefficient,loss,expected_cut,best_measured_cut,success_probability_ancilla_1,max_postselected_probability,grad
0,-0.5780193682500623,-0.5458248894698523,-2.499999999999777,2.499999999999777,0.0,0.11193182512660174,0.062499999999994435,5.982550222744091e-13
1,-0.5780193950577938,-0.5458249099161173,-2.499999999999776,2.499999999999776,0.0,0.1119318331845403,0.06249999999999441,6.007926634647958e-13
2,-0.5780194278635143,-0.5458249349370495,-2.499999999999777,2.499999999999777,0.0,0.11193184304537018,0.062499999999994435,5.986657388534377e-13
3,-0.5780194657405255,-0.5458249638258554,-2.499999999999777,2.499999999999777,0.0,0.1119318544305421,0.06249999999999442,5.995603510127195e-13
4,-0.5780195080645427,-0.5458249961063927,-2.499999999999777,2.499999999999777,0.0,0.11193186715240683,0.06249999999999442,5.985764642863939e-13
