epoch,beta,coefficient,loss,expected_cut,best_measured_cut,success_probability_ancilla_1,max_postselected_probability,grad
0,0.31455119883787386,0.23921014136344243,-10.999999984045658,10.999999984045658,6.0,0.02807606573329908,0.007812499875384499,-0.04806651313290707
1,0.32131035500238425,0.2440163531248869,-10.999901658289346,10.999901658289346,6.0,0.028634673978436796,0.007811731705412791,-0.00037981009710562455
2,0.3224657723259589,0.24483592467488394,-10.999865217611106,10.999865217611106,6.0,0.028731016780586573,0.007811447012613914,0.029118281922047018
3,0.32026809586579774,0.24327654298958162,-10.99992971307881,10.99992971307881,6.0,0.028547979234060827,0.007811950883455593,0.033949583402384576
4,0.3166063120839494,0.24067357676520526,-10.999991281470965,10.999991281470965,6.0,0.028245001706311938,0.0078124318865195235,0.024708019070524088
