epoch,beta,coefficient,loss,expected_cut,best_measured_cut,success_probability_ancilla_1,max_postselected_probability,grad
0,-0.3685400169681566,-0.2770209440474672,-4.96821758664279,4.96821758664279,7.0,0.1968127878962731,0.066871521636592,-0.09780724620503428
1,-0.358585386581732,-0.2701513611672363,-4.969033793635858,4.969033793635858,7.0,0.19639280587843527,0.06681469863977477,-0.08734390467612058
2,-0.34871844122157714,-0.2632957041485824,-4.969735464207995,4.969735464207995,7.0,0.19598795921039294,0.06675160804101025,-0.07658475689414686
3,-0.3389935104409892,-0.25649419077089075,-4.970319283431985,4.970319283431985,7.0,0.19560042953192158,0.06668269223750543,-0.06558680435896773
4,-0.32947950713367485,-0.24979825257604593,-4.970783968237797,4.970783968237797,7.0,0.19523267059478622,0.06660867472685252,-0.054427227207989565
5,-0.32026234319857344,-0.2432724583387881,-4.971131054299154,4.971131054299154,7.0,0.19488740425556247,0.06653063108433402,-0.043207915320633644
6,-0.3114464010414877,-0.23699575721142188,-4.971365762991034,4.971365762991034,7.0,0.19456757573802133,0.06645005371755597,-0.03205985307846575
7,-0.3031538545662333,-0.23106112570068366,-4.971497793216756,4.971497793216756,7.0,0.19427624440095903,0.06636888822788432,-0.02114619174761717
8,-0.29552033542415107,-0.22557246020733152,-4.971541761328675,4.971541761328675,7.0,0.19401638954003142,0.06628950909848914,-0.010662099896400557
