epoch,beta,coefficient,loss,expected_cut,best_measured_cut,success_probability_ancilla_1,max_postselected_probability,grad
0,-0.2251206250975787,-0.1391054398474147,-1.4999999999944824,1.4999999999944824,0.0,0.002718671923211484,0.0624999999997701,4.735631953349269e-11
1,-0.22512274197066068,-0.13910670472407421,-1.4999999999944826,1.4999999999944826,0.0,0.0027187213199931556,0.062499999999770114,4.7356822048719626e-11
2,-0.22512533375442115,-0.13910825336834373,-1.499999999994483,1.499999999994483,0.0,0.002718781799260518,0.06249999999977013,4.735289830843954e-11
3,-0.2251283255634504,-0.1391100410337546,-1.4999999999944826,1.4999999999944826,0.0,0.00271885161386435,0.062499999999770114,4.735210354379256e-11
4,-0.2251316694905955,-0.13911203909394157,-1.499999999994483,1.499999999994483,0.0,0.002718929646179984,0.06249999999977013,4.735064436553813e-11
5,-0.22513533141278175,-0.13911422715883104,-1.4999999999944837,1.4999999999944837,0.0,0.0027190151002272718,0.062499999999770156,4.7345259203310487e-11
6,-0.22513928562126959,-0.1391165898661001,-1.499999999994483,1.499999999994483,0.0,0.0027191073763704852,0.06249999999977013,4.735069217507747e-11
