epoch,beta,coefficient,loss,expected_cut,best_measured_cut,success_probability_ancilla_1,max_postselected_probability,grad
0,-0.2671410724744111,-0.16396763653281732,-7.739357364939258,7.739357364939258,9.0,0.07529833003197199,0.1809381611688623,-0.02635350346725485
1,-0.2593134372430296,-0.15937504065181773,-7.739323058311672,7.739323058311672,9.0,0.0751796048403276,0.1809842429558159,-0.0043681997372962585
2,-0.256717640812022,-0.15784798928325017,-7.739281208409974,7.739281208409974,9.0,0.0751412448524223,0.18099670537751175,0.013182635176022901
3,-0.258063127965898,-0.15863976035670346,-7.739304807290044,7.739304807290044,9.0,0.07516106481736393,0.18099042218713207,0.0190669738814995
4,-0.26135136780796714,-0.16057250415358038,-7.739345235529301,7.739345235529301,9.0,0.07521007529153674,0.18097347056684748,0.016012997207281603
5,-0.2652474432137401,-0.16285831461308142,-7.739361644992359,7.739361644992359,9.0,0.07526919086191791,0.18095047223447414,0.008585084035449162
6,-0.2686308152273094,-0.16483958465152448,-7.739348393015639,7.739348393015639,9.0,0.0753214403276309,0.18092795795493707,-0.00014937399866330134
