epoch,beta,coefficient,loss,expected_cut,best_measured_cut,success_probability_ancilla_1,max_postselected_probability,grad
0,0.26345086713060645,0.16180484091452843,-5.9983204909387595,5.9983204909387595,4.0,0.014683675119236177,0.061805395978072886,0.0028494158482672465
1,0.2534388986543854,0.15591632925701618,-5.998352532860705,5.998352532860705,4.0,0.014427022020027899,0.061790808774097365,0.0030808670903101952
2,0.24340590619862518,0.14998602924990193,-5.998387098087679,5.998387098087679,4.0,0.014178119441234953,0.06174350093733982,0.00332126295156477
3,0.23334413254557151,0.14401012247104042,-5.998424311640319,5.998424311640319,4.0,0.013937024485406221,0.06166104439030631,0.003570374492034447
4,0.22324614992234293,0.1379849368723404,-5.998464299835144,5.998464299835144,4.0,0.013703826387924438,0.06154087119956549,0.0038278650396352436
5,0.21310492010007412,0.1319069945162936,-5.998507188603201,5.998507188603201,4.0,0.013478647544522417,0.06138028346150583,0.004093269730533579
6,0.2029138379561468,0.12577305005152437,-5.998553101507387,5.998553101507387,4.0,0.013261643740589843,0.061176468644276415,0.004365975736719416
