epoch,beta,coefficient,loss,expected_cut,best_measured_cut,success_probability_ancilla_1,max_postselected_probability,grad
0,-0.269683423620094,-0.1654552669507048,-7.340602564536949,7.340602564536949,9.0,0.06861723073891049,0.13852896528744693,0.0011370604279901432
1,-0.2626873501686662,-0.16135683531971645,-7.340680500098562,7.340680500098562,9.0,0.0684670910486514,0.13849021837088724,-0.01767965898241588
2,-0.2558568235652566,-0.15734114810315947,-7.340667278371766,7.340667278371766,9.0,0.06832393720631222,0.13844385089986055,-0.004561293899451584
3,-0.25322341795496656,-0.15578926898512196,-7.340638293514672,7.340638293514672,9.0,0.06826966373040042,0.13842369428991116,0.008468764692604196
4,-0.2544224858395456,-0.15649613821603445,-7.340653150513425,7.340653150513425,9.0,0.06829431236560918,0.13843303049124547,0.013549714034780004
5,-0.25755422335587624,-0.15834035130150054,-7.340678886160157,7.340678886160157,9.0,0.06835919156896832,0.1384561680390657,0.011232288306997157
6,-0.2612079208665537,-0.16048825714867956,-7.340685175489485,7.340685175489485,9.0,0.06843579559904703,0.1384808957653467,0.005210584209500644
