epoch,beta,coefficient,loss,expected_cut,best_measured_cut,success_probability_ancilla_1,max_postselected_probability,grad
0,-0.21218530101992855,-0.13135454048222153,-7.258220401672296,7.258220401672296,9.0,0.06716723972141042,0.13349014356303243,-0.1984119275230895
1,-0.20221866563088814,-0.12535370411533592,-7.259941803385766,7.259941803385766,9.0,0.06698611673008806,0.13333176588709464,-0.181396372872271
2,-0.1923144768896665,-0.11936677748000178,-7.261477970152704,7.261477970152704,9.0,0.06681415406134164,0.13315514009270835,-0.1639581879326059
3,-0.18250816744110568,-0.11341677593189207,-7.262823284342998,7.262823284342998,9.0,0.06665190516578762,0.13296111148304393,-0.14617306090905569
4,-0.17284252819567486,-0.10753147225048378,-7.263974250335519,7.263974250335519,9.0,0.06649990988773088,0.13275100267068474,-0.1281347292693054
5,-0.1633686848094382,-0.10174401866158972,-7.264930129657438,7.264930129657438,9.0,0.06635867818107646,0.132526706254821,-0.10995738371131321
6,-0.1541468637936475,-0.09609343368452741,-7.265693634512827,7.265693634512827,9.0,0.06622866903452486,0.13229077449377388,-0.09177783485833664
7,-0.14524670001050738,-0.09062479585189243,-7.266271621409592,7.266271621409592,9.0,0.06611026445371515,0.13204649160749246,-0.07375703232956642
8,-0.13674675422785632,-0.08538893361246075,-7.2666756838876285,7.2666756838876285,9.0,0.06600373932842132,0.1317979075359827,-0.05608033616409883
9,-0.12873286615131688,-0.08044137328726413,-7.266922497006188,7.266922497006188,9.0,0.06590922958812834,0.13154980632720317,-0.03895576527183767
10,-0.12129502427175438,-0.07584034247990332,-7.267033734374462,7.267033734374462,9.0,0.06582670306117297,0.13130758161014702,-0.02260937752306975
11,-0.11452264945770606,-0.07164376326777838,-7.267035389598677,7.267035389598677,9.0,0.06575593929470867,0.13107700055911123,-0.007277107149896516
12,-0.10849857886401985,-0.06790541700427695,-7.2669564160880675,7.2669564160880675,9.0,0.06569652518011075,0.13086385936932918,0.006807072141676338
