epoch,beta,coefficient,loss,expected_cut,best_measured_cut,success_probability_ancilla_1,max_postselected_probability,grad
0,0.24009871740745065,0.14802492810263268,-7.415633342164501,7.415633342164501,8.0,0.07298546136455053,0.13321342411021636,0.2682326559577523
1,0.23011979741016625,0.1420892256999204,-7.418065407223013,7.418065407223013,8.0,0.07276555066181428,0.1331523004465823,0.2520314930868551
2,0.22017933271196183,0.1361497018105242,-7.420319650201373,7.420319650201373,8.0,0.07255397361065744,0.1330747067566504,0.23531928915542966
3,0.21029762956975656,0.13021987172704064,-7.422388803407461,7.422388803407461,8.0,0.07235120327288361,0.13298072896623012,0.2181427050421038
4,0.20049826744083182,0.12431541595906163,-7.424266721688477,7.424266721688477,9.0,0.07215770489285056,0.13306631167043126,0.20055871830583
5,0.19080845050753775,0.11845440512131009,-7.425948700432539,7.425948700432539,9.0,0.07197392795338992,0.1338702999655042,0.18263562489671206
6,0.18125933186393645,0.11265750564573175,-7.427431825210675,7.427431825210675,9.0,0.07180029666041832,0.13465380133873936,0.16445396381902982
7,0.1718862734655447,0.10694814246118786,-7.428715342811694,7.428715342811694,9.0,0.0716371988017454,0.1354137491048743,0.14610728438732914
8,0.16272899152559134,0.10135258627365129,-7.4298010360314795,7.4298010360314795,9.0,0.07148497306055165,0.1361469275278204,0.12770264685702581
9,0.1538315234555008,0.09589992451194766,-7.430693575316608,7.430693575316608,9.0,0.07134389507600689,0.13685000893565807,0.10936071683358255
10,0.14524194168319765,0.09062186830152885,-7.4314008099880695,7.4314008099880695,9.0,0.07121416283903159,0.13751960652562925,0.09121528618855165
11,0.137011736430432,0.08555234598826936,-7.431933952009013,7.431933952009013,9.0,0.07109588237756957,0.13815234467354862,0.07341203645085705
12,0.12919479976915604,0.08072684055721202,-7.43230759901864,7.43230759901864,9.0,0.07098905507649823,0.13874494705768722,0.05610636666376235
13,0.12184597283546272,0.07618144745654966,-7.432539544536325,7.432539544536325,9.0,0.0708935683017893,0.1392943405406089,0.039460150490120326
14,0.11501916992925482,0.07195166267314135,-7.432650335848768,7.432650335848768,9.0,0.07080919112547437,0.1397977696811834,0.023637378928918165
15,0.10876516403264172,0.06807095619954479,-7.432662566502419,7.432662566502419,9.0,0.07073557673477301,0.14025291348896624,0.008798788545527913
