{
  "config": {
    "N_VERTICES": 4,
    "PROB_ARESTA": 0.85,
    "COM_PESO": false,
    "PESO_MIN": 1,
    "PESO_MAX": 1,
    "GRAPH_SEED": 104271,
    "GRAPH_EDGES": [
      [
        0,
        1,
        1.0
      ],
      [
        0,
        2,
        1.0
      ],
      [
        0,
        3,
        1.0
      ],
      [
        1,
        3,
        1.0
      ],
      [
        2,
        3,
        1.0
      ]
    ],
    "REVERSE_BITS": false,
    "ER": 0.75,
    "MAX_TERMS": null,
    "A_MAX": 0.6283185307179586,
    "INIT_BETA": 0.25,
    "MAX_EPOCHS": 200,
    "LR": 0.01,
    "FD_EPS": 0.01,
    "LOSS_TOL_LAST5": 0.002,
    "PATIENCE_LAST5": 7,
    "TRAIN_SEED": 5,
    "INIT_BETA_JITTER": 0.03,
    "OPTIMIZER": "adam",
    "ADAM_BETA1": 0.9,
    "ADAM_BETA2": 0.999,
    "ADAM_EPS": 1e-08,
    "COEF_ZERO_TOL": 0.002,
    "IMPROVEMENT_TOL": 0.002,
    "SATURATION_PATIENCE": 60,
    "INDEX_STRATEGY": "ascending",
    "INDEX_RANDOM_SEED": 42,
    "ENABLE_BACKWARD_PRUNING": false,
    "BACKWARD_PASSES": 1,
    "PRUNE_IMPROVEMENT_TOL": 1e-06,
    "OUTDIR": "benchmark_results_walsh_article/unweighted/coarse_loader/n4/graph01_trainseed05",
    "SHOW_PLOTS": false,
    "name": "coarse_loader"
  },
  "n_qubits_register": 4,
  "graph_edges": [
    [
      0,
      1,
      1.0
    ],
    [
      0,
      2,
      1.0
    ],
    [
      0,
      3,
      1.0
    ],
    [
      1,
      3,
      1.0
    ],
    [
      2,
      3,
      1.0
    ]
  ],
  "graph_signature": "36d4961c72903175cef8219a78618293792cc3cd1b729b430a90aa47da048173",
  "graph_num_edges": 5,
  "graph_density": 0.8333333333333334,
  "best_cut_bruteforce": 4.0,
  "best_bitstring_bruteforce": "0110",
  "best_index_bruteforce": 6,
  "candidate_order": [
    1,
    2,
    3,
    4,
    5,
    6,
    7,
    8,
    9,
    10,
    11,
    12,
    13,
    14,
    15
  ],
  "total_possible_parameters": 15,
  "visited_parameters": 15,
  "trained_coefficients": {
    "0": 0.0,
    "1": -0.1638421887828989,
    "2": 0.16350354105054107,
    "3": 0.0,
    "4": 0.11684737249074434,
    "5": 0.0,
    "6": 0.0,
    "7": -0.14208256519800383,
    "8": -0.054791863658176516,
    "9": 0.0,
    "10": 0.0,
    "11": 0.08649403100841911,
    "12": 0.0,
    "13": 0.09810337420506318,
    "14": -0.11383750592036387,
    "15": 0.0
  },
  "final_coefficient_vector": [
    0.0,
    -0.1638421887828989,
    0.16350354105054107,
    0.0,
    0.11684737249074434,
    0.0,
    0.0,
    -0.14208256519800383,
    -0.054791863658176516,
    0.0,
    0.0,
    0.08649403100841911,
    0.0,
    0.09810337420506318,
    -0.11383750592036387,
    0.0
  ],
  "active_indices": [
    1,
    2,
    4,
    7,
    8,
    11,
    13,
    14
  ],
  "active_parameter_count": 8,
  "compression_ratio_active_over_total": 0.5333333333333333,
  "final_loss": -3.906692339348874,
  "final_expected_cut": 3.906692339348874,
  "best_expected_cut_over_evolution": 3.906692339348874,
  "final_best_measured_index": 6,
  "final_best_measured_bitstring": "0110",
  "final_best_measured_cut": 4.0,
  "best_measured_cut_over_evolution": 4.0,
  "final_success_probability_ancilla_1": 0.016309023120759512,
  "final_max_postselected_probability": 0.4563169453991397,
  "gap_expected_to_bruteforce": 0.09330766065112606,
  "gap_measured_to_bruteforce": 0.0,
  "approx_ratio_measured": 1.0,
  "n_steps": 15,
  "elapsed_seconds": 6.386640310287476,
  "steps": [
    {
      "visit_idx": 1,
      "j": 1,
      "kept": true,
      "beta": -0.2669268376290213,
      "coefficient": -0.1638421887828989,
      "loss": -2.5,
      "expected_cut": 2.5,
      "best_measured_cut": 0.0,
      "success_probability_ancilla_1": 0.0037702267059774174,
      "epochs_run": 7,
      "stop_reason": "loss_plateau_last5",
      "history_path": "benchmark_results_walsh_article/unweighted/coarse_loader/n4/graph01_trainseed05/histories/history_visit001_j001.json",
      "improvement_vs_previous": 2.5
    },
    {
      "visit_idx": 2,
      "j": 2,
      "kept": true,
      "beta": 0.26634862749244725,
      "coefficient": 0.16350354105054107,
      "loss": -2.9999989243647422,
      "expected_cut": 2.9999989243647422,
      "best_measured_cut": 2.0,
      "success_probability_ancilla_1": 0.00749659159872477,
      "epochs_run": 7,
      "stop_reason": "loss_plateau_last5",
      "history_path": "benchmark_results_walsh_article/unweighted/coarse_loader/n4/graph01_trainseed05/histories/history_visit002_j002.json",
      "improvement_vs_previous": 0.49999892436474225
    },
    {
      "visit_idx": 3,
      "j": 3,
      "kept": false,
      "beta": 0.001475277366031767,
      "coefficient": 0.0,
      "loss": -2.9999989243647422,
      "expected_cut": 2.9999989243647422,
      "best_measured_cut": 2.0,
      "success_probability_ancilla_1": 0.00749659159872477,
      "epochs_run": 31,
      "stop_reason": "loss_plateau_last5_and_discarded_near_zero",
      "history_path": "benchmark_results_walsh_article/unweighted/coarse_loader/n4/graph01_trainseed05/histories/history_visit003_j003.json",
      "improvement_vs_previous": 0.0
    },
    {
      "visit_idx": 4,
      "j": 4,
      "kept": true,
      "beta": 0.188157842654742,
      "coefficient": 0.11684737249074434,
      "loss": -3.181371605909539,
      "expected_cut": 3.181371605909539,
      "best_measured_cut": 4.0,
      "success_probability_ancilla_1": 0.009386591179184302,
      "epochs_run": 7,
      "stop_reason": "loss_plateau_last5",
      "history_path": "benchmark_results_walsh_article/unweighted/coarse_loader/n4/graph01_trainseed05/histories/history_visit004_j004.json",
      "improvement_vs_previous": 0.1813726815447967
    },
    {
      "visit_idx": 5,
      "j": 5,
      "kept": false,
      "beta": -0.0009526886849595762,
      "coefficient": 0.0,
      "loss": -3.181371605909539,
      "expected_cut": 3.181371605909539,
      "best_measured_cut": 4.0,
      "success_probability_ancilla_1": 0.009386591179184302,
      "epochs_run": 28,
      "stop_reason": "loss_plateau_last5_and_discarded_near_zero",
      "history_path": "benchmark_results_walsh_article/unweighted/coarse_loader/n4/graph01_trainseed05/histories/history_visit005_j005.json",
      "improvement_vs_previous": 0.0
    },
    {
      "visit_idx": 6,
      "j": 6,
      "kept": false,
      "beta": -0.0007635012112593978,
      "coefficient": 0.0,
      "loss": -3.181371605909539,
      "expected_cut": 3.181371605909539,
      "best_measured_cut": 4.0,
      "success_probability_ancilla_1": 0.009386591179184302,
      "epochs_run": 29,
      "stop_reason": "loss_plateau_last5_and_discarded_near_zero",
      "history_path": "benchmark_results_walsh_article/unweighted/coarse_loader/n4/graph01_trainseed05/histories/history_visit006_j006.json",
      "improvement_vs_previous": 0.0
    },
    {
      "visit_idx": 7,
      "j": 7,
      "kept": true,
      "beta": -0.23010862558959436,
      "coefficient": -0.14208256519800383,
      "loss": -3.48080160811586,
      "expected_cut": 3.48080160811586,
      "best_measured_cut": 4.0,
      "success_probability_ancilla_1": 0.012099736910079215,
      "epochs_run": 7,
      "stop_reason": "loss_plateau_last5",
      "history_path": "benchmark_results_walsh_article/unweighted/coarse_loader/n4/graph01_trainseed05/histories/history_visit007_j007.json",
      "improvement_vs_previous": 0.299430002206321
    },
    {
      "visit_idx": 8,
      "j": 8,
      "kept": true,
      "beta": -0.0874260219075912,
      "coefficient": -0.054791863658176516,
      "loss": -3.516566622635292,
      "expected_cut": 3.516566622635292,
      "best_measured_cut": 4.0,
      "success_probability_ancilla_1": 0.012511639583961294,
      "epochs_run": 40,
      "stop_reason": "loss_plateau_last5",
      "history_path": "benchmark_results_walsh_article/unweighted/coarse_loader/n4/graph01_trainseed05/histories/history_visit008_j008.json",
      "improvement_vs_previous": 0.035765014519431926
    },
    {
      "visit_idx": 9,