{
  "0": 0.0,
  "1": -0.1638421887828989,
  "2": 0.16350354105054107,
  "3": 0.0,
  "4": 0.11684737249074434,
  "5": 0.0,
  "6": 0.0,
  "7": -0.14208256519800383,
  "8": -0.054791863658176516,
  "9": 0.0,
  "10": 0.0,
  "11": 0.08649403100841911,
  "12": 0.0,
  "13": 0.09810337420506318,
  "14": -0.11383750592036387,
  "15": 0.0
}