epoch,beta,coefficient,loss,expected_cut,best_measured_cut,success_probability_ancilla_1,max_postselected_probability,grad
0,-0.37661262978367915,-0.2825565092296073,-1.4999999999996838,1.4999999999996838,0.0,0.04745373762075979,0.18429479055284206,5.987829002372515e-13
1,-0.3766126565375372,-0.28255652752242466,-1.4999999999996843,1.4999999999996843,0.0,0.047453740024164644,0.18429478957693993,5.980281602909755e-13
2,-0.3766126892987008,-0.2825565499227069,-1.4999999999996838,1.4999999999996838,0.0,0.04745374296722966,0.1842947883819084,5.985205190046379e-13
3,-0.3766127270990472,-0.2825565757685045,-1.4999999999996836,1.4999999999996836,0.0,0.04745374636298461,0.18429478700306165,5.97373635958103e-13
4,-0.37661276935164006,-0.28255660465850263,-1.4999999999996838,1.4999999999996838,0.0,0.04745375015870278,0.18429478546180925,5.981905138625e-13
