epoch,beta,coefficient,loss,expected_cut,best_measured_cut,success_probability_ancilla_1,max_postselected_probability,grad
0,-0.30853208895425155,-0.23491345077038547,-1.499999999998908,1.499999999998908,0.0,0.013732754964402547,0.062499999999954495,6.619263040997853e-12
1,-0.30853238497232827,-0.23491366246334072,-1.499999999998908,1.499999999998908,0.0,0.013732779601114069,0.062499999999954495,6.622595229094885e-12
2,-0.3085327474186983,-0.2349139216614578,-1.4999999999989075,1.4999999999989075,0.0,0.013732809766480275,0.06249999999995448,6.620659873253175e-12
3,-0.3085331658131206,-0.23491422086992025,-1.4999999999989075,1.4999999999989075,0.0,0.013732844588274035,0.06249999999995448,6.620033583010036e-12
4,-0.3085336334571247,-0.23491455529838995,-1.499999999998907,1.499999999998907,0.0,0.013732883509013492,0.06249999999995447,6.619711281276008e-12
