epoch,beta,coefficient,loss,expected_cut,best_measured_cut,success_probability_ancilla_1,max_postselected_probability,grad
0,-0.5138195226256168,-0.4952363086372753,-1.4999999999998381,1.4999999999998381,0.0,0.09278362492185106,0.062499999999993255,5.151303462205567e-13
1,-0.5138195456693968,-0.4952363273716944,-1.499999999999838,1.499999999999838,0.0,0.09278363171609853,0.06249999999999324,5.156515058954426e-13
2,-0.5138195738748323,-0.4952363503024999,-1.4999999999998381,1.4999999999998381,0.0,0.09278364003221297,0.062499999999993255,5.148974422629501e-13
3,-0.5138196064199126,-0.4952363767614029,-1.4999999999998381,1.4999999999998381,0.0,0.09278364962783192,0.062499999999993255,5.143687718199263e-13
4,-0.5138196427742032,-0.4952364063171642,-1.4999999999998381,1.4999999999998381,0.0,0.092783660346562,0.062499999999993255,5.136310690138689e-13
