{
  "0": 0.0,
  "1": -0.4952364050339356,
  "2": 0.4439857458744199,
  "3": -0.4191144367875728,
  "4": 0.42621613354612936,
  "5": -0.4901856779627662,
  "6": 0.5040440661804734,
  "7": -0.48203412335411605,
  "8": 0.5921580806633769,
  "9": -0.22470998672473533,
  "10": 0.15223253926488134,
  "11": -0.2927810688640909,
  "12": 0.6753665984628634,
  "13": -0.04641018829005146,
  "14": 0.12207978295686353,
  "15": -0.1541943881114876,
  "16": -0.303357347174079,
  "17": 0.1947247689103639,
  "18": 0.08659395448404753,
  "19": 0.2379432421913995,
  "20": 0.11427307793510703,
  "21": 0.13332953197521677,
  "22": -0.1258926335442373,
  "23": 0.10487362428817916,
  "24": -0.17881269262915717,
  "25": -0.21057100298556247,
  "26": 0.043796609370950666,
  "27": -0.16758355693472887,
  "28": 0.08368505209915898,
  "29": -0.16574607211365128,
  "30": -0.13884915029030553,
  "31": -0.14885228580610196,
  "32": -0.0018136482047474106,
  "33": 0.10072672117660234,
  "34": 0.07480633587807932,
  "35": -0.002462429566456962,
  "36": -0.15500806326421726,
  "37": -0.08686715547316792,
  "38": 0.13999197195383187,
  "39": -0.09335799614916368,
  "40": 0.2733075542518262,
  "41": -0.0780233311472923,
  "42": -0.02954430184215719,
  "43": 0.07410333571282404,
  "44": -0.08791916065917084,
  "45": -0.10192431136278365,
  "46": -0.12732302905550472,
  "47": 0.0384629213825145,
  "48": 0.05050463396008831,
  "49": 0.14625894020801705,
  "50": -0.0855851398895279,
  "51": -0.01577213449746843,
  "52": -0.04424876727554113,
  "53": 0.02424789494558061,
  "54": 0.01069021998395252,
  "55": 0.015030738487629794,
  "56": 0.07409850083480196,
  "57": -0.004316429346758097,
  "58": 0.026964065236847825,
  "59": 0.026039995226791957,
  "60": -0.12825157478617194,
  "61": -0.01663608485344531,
  "62": 0.08567882279940588,
  "63": 0.08328676616759757
}