epoch,beta,coefficient,loss,expected_cut,best_measured_cut,success_probability_ancilla_1,max_postselected_probability,grad
0,0.5259516886180201,0.5050429215569161,-2.8268731195277557,2.8268731195277557,2.0,0.28158747513451304,0.055487478521153,0.04193819982487728
1,0.5160088770601458,0.4970143934425917,-2.8272109149619493,2.8272109149619493,2.0,0.28107732413261,0.05558968365769957,0.036676978854211506
2,0.5061801947296248,0.48900319519855656,-2.8274906455076962,2.8274906455076962,2.0,0.28059025143441096,0.05568488148936626,0.031235791028548864
3,0.496542502467173,0.48107593204131627,-2.827710682835907,2.827710682835907,2.0,0.2801299394247352,0.05577234261285077,0.025651453816030914
4,0.48719766687141214,0.47332222138052593,-2.8278709412454623,2.8278709412454623,2.0,0.2797005898059196,0.0558513439547672,0.019977809652697073
5,0.47827690846779036,0.46585900773748046,-2.827973575008783,2.827973575008783,2.0,0.27930687131412163,0.05592122055122194,0.014290604875269534
6,0.4699417629053764,0.4588319728279441,-2.828023705308934,2.828023705308934,2.0,0.2789537185695295,0.0559814439260996,0.008692038192921959
7,0.46237776439698736,0.4524104656691032,-2.8280299125011292,2.8280299125011292,2.0,0.27864591035106046,0.056031722702890106,0.00331291014967137
