{
  "0": 0.0,
  "1": -0.29757950782925063,
  "2": 0.2971484882381425,
  "3": -0.26092234105307793,
  "4": -0.39218926773318863,
  "5": 0.26375507353659733,
  "6": 0.028813057731856592,
  "7": 0.256549563345471,
  "8": 0.10553643882983031,
  "9": -0.020621446301507498,
  "10": -0.011815184115986066,
  "11": 0.021248720947240826,
  "12": 0.0,
  "13": 0.0035803214865244293,
  "14": 0.007197378114526063,
  "15": 0.00339958407506283,
  "16": -0.05133010719287865,
  "17": 0.18667962646578604,
  "18": 0.20610384215893282,
  "19": -0.026450236367898113,
  "20": -0.2663028188464234,
  "21": 0.07620642544746498,
  "22": 0.07041172641930643,
  "23": -0.22154829721272104,
  "24": 0.06923848268262162,
  "25": 0.02741451436150079,
  "26": -0.12997840033827282,
  "27": 0.06712854366545463,
  "28": 0.17580148502419513,
  "29": -0.07796759884027225,
  "30": 0.024641330266980965,
  "31": -0.196022073102176,
  "32": 0.11723388658282224,
  "33": -0.06015091873225651,
  "34": -0.014787982943209375,
  "35": -0.0661500561363726,
  "36": 0.05133688174262331,
  "37": 0.11103436032811818,
  "38": -0.10684943151541745,
  "39": 0.07538311718227353,
  "40": -0.02237494324843181,
  "41": 0.02797775490683659,
  "42": -0.09236120242364632,
  "43": 0.046064020209613754,
  "44": 0.06095397388803767,
  "45": -0.07077335110138035,
  "46": 0.0016476160497982666,
  "47": -0.08955473246607251,
  "48": -0.007429943822467744,
  "49": 0.042831853954551885,
  "50": -0.034557476125979626,
  "51": 0.01212137389553075,
  "52": 0.03864125758412814,
  "53": 0.007617690872982831,
  "54": 0.03361969384856488,
  "55": -0.04287908619373901,
  "56": -0.04027152444999169,
  "57": -0.09378117908925439,
  "58": -0.08649376866620805,
  "59": 0.09955151328710979,
  "60": 0.07999485588586987,
  "61": -0.06109592535303663,
  "62": 0.09584790943987914,
  "63": 0.07070833101178224
}