epoch,beta,coefficient,loss,expected_cut,best_measured_cut,success_probability_ancilla_1,max_postselected_probability,grad
0,-0.31195278968401874,-0.2373572047664195,-3.9999999999990488,3.9999999999990488,3.0,0.04209309534703115,0.0464059958519267,1.7821201434477961e-12
1,-0.3119528694756079,-0.23735726171094884,-3.9999999999990483,3.9999999999990483,3.0,0.042093101655100176,0.046405995888598305,1.7869356651750223e-12
2,-0.31195296714739396,-0.23735733141595974,-3.99999999999905,3.99999999999905,3.0,0.042093109376722254,0.04640599593348592,1.7832710862243766e-12
3,-0.3119530799063233,-0.23735741188814327,-3.9999999999990488,3.9999999999990488,3.0,0.04209311829108831,0.04640599598530495,1.7844501953957377e-12
4,-0.31195320598361953,-0.23735750186518237,-3.9999999999990523,3.9999999999990523,3.0,0.04209312825836529,0.046405996043241714,1.7865898847730665e-12
