epoch,beta,coefficient,loss,expected_cut,best_measured_cut,success_probability_ancilla_1,max_postselected_probability,grad
0,-0.3519611788227852,-0.26555385531722087,-4.736711512264147,4.736711512264147,4.0,0.17279457054600386,0.05796039268922161,-0.08346565130610721
1,-0.34200792781768735,-0.2586071180048444,-4.737404962445327,4.737404962445327,4.0,0.172192303366314,0.057860419462321476,-0.07434767110544048
2,-0.3321456731442295,-0.25167883085602455,-4.737998086905868,4.737998086905868,4.0,0.17160739178974965,0.057754107195607,-0.06493846594324075
3,-0.3224318767500464,-0.24481188993950845,-4.738487725761431,4.738487725761431,4.0,0.17104321362895195,0.05764219515567882,-0.055289461883946116
4,-0.3129402055678327,-0.23806167929216995,-4.738872627534715,4.738872627534715,4.0,0.1705037442892304,0.05752581053678748,-0.045472062722787074
5,-0.30376335288409134,-0.23149831406497898,-4.739154235769195,4.739154235769195,4.0,0.1699936031583813,0.05740656412163602,-0.035582491835363085
6,-0.2950146986400808,-0.22520803938260867,-4.739337560239881,4.739337560239881,4.0,0.16951802880192296,0.057286632742950414,-0.025746542239769514
7,-0.28682727055308,-0.21929261254835286,-4.739431960966162,4.739431960966162,4.0,0.16908272505142624,0.057168793007345016,-0.01612291571441001
