epoch,beta,coefficient,loss,expected_cut,best_measured_cut,success_probability_ancilla_1,max_postselected_probability,grad
0,-0.324721797430027,-0.2464344871222875,-4.428748903056457,4.428748903056457,4.0,0.13387853418166765,0.059321989603074034,-0.07333976224905725
1,-0.3147591647867238,-0.23935831634440352,-4.429376440427678,4.429376440427678,4.0,0.13324617633284405,0.05918866458074495,-0.06650975272764721
2,-0.3048681109095873,-0.23229034783785607,-4.42992822832295,4.42992822832295,4.0,0.1326328836373197,0.05904603454475686,-0.05942139591978998
3,-0.29509200879046227,-0.22526376493932795,-4.430401174926603,4.430401174926603,4.0,0.1320413732499321,0.058894803985717864,-0.0521057401678005
4,-0.28548528385044847,-0.21832042364692034,-4.430793251804786,4.430793251804786,4.0,0.13147471572308145,0.05873606781298492,-0.04460553407325791
5,-0.2761153516847314,-0.21151240043434924,-4.431103927955614,4.431103927955614,4.0,0.13093635208662754,0.05857140557471501,-0.03697776373048763
6,-0.2670641802743421,-0.20490326625997102,-4.431334670096869,4.431334670096869,4.0,0.1304300793775386,0.058402973922401236,-0.029296254313044334
7,-0.2584288332567194,-0.1985685899907242,-4.431489457258179,4.431489457258179,4.0,0.129959981764339,0.05823357640184662,-0.021653904727669322
8,-0.25032008704194036,-0.19259496486227543,-4.431575204903797,4.431575204903797,4.0,0.12953028109267048,0.05806667761797665,-0.01416380863472375
