{
  "0": 0.0,
  "1": -0.17104037348507833,
  "2": 0.1708170456058698,
  "3": -0.1522266342925411,
  "4": 0.20324665034577016,
  "5": 0.2716090682191428,
  "6": 0.22953941991178806,
  "7": -0.023440761089415937,
  "8": -0.18161531443855805,
  "9": 0.13609007835721676,
  "10": 0.0020925430889287442,
  "11": 0.14474407075216597,
  "12": -0.2320290501332201,
  "13": 0.03778530158712356,
  "14": -0.10006420665830933,
  "15": -0.23744709726042285,
  "16": 0.004983362621442357,
  "17": -0.20548142279058373,
  "18": -0.08053895089615047,
  "19": -0.06072464251511176,
  "20": 0.21800262731708026,
  "21": 0.05147712238100516,
  "22": -0.014168109089926849,
  "23": 0.20799486181066298,
  "24": 0.07746036750127624,
  "25": 0.04718479680476085,
  "26": -0.04540041146133341,
  "27": 0.1616899267359073,
  "28": 0.01845723114544136,
  "29": -0.2415948951183027,
  "30": -0.15742703671778002,
  "31": -0.04332903839840487,
  "32": 0.006099939554022157,
  "33": 0.0,
  "34": 0.0,
  "35": 0.0034448867792418324,
  "36": 0.006176564508501775,
  "37": -0.008822180862692059,
  "38": -0.02822020701735799,
  "39": -0.013846977187202172,
  "40": 0.0031277347584576353,
  "41": 0.007340525445896602,
  "42": 0.008591418458239537,
  "43": 0.004213550493327145,
  "44": -0.021918371618889432,
  "45": -0.010986007902734195,
  "46": 0.0,
  "47": -0.010082716760814668,
  "48": 0.004612903109088422,
  "49": 0.0,
  "50": 0.02034051933615503,
  "51": 0.012044369144186292,
  "52": 0.0,
  "53": 0.005978344107026127,
  "54": -0.020218900573652075,
  "55": -0.008520646663706381,
  "56": 0.013511094980061986,
  "57": 0.008497737560329642,
  "58": 0.0031453355176983325,
  "59": 0.0029095758814383418,
  "60": -0.014737245713208646,
  "61": -0.008454644540047223,
  "62": 0.005234649241988728,
  "63": 0.0026530387375171367
}