{
  "config": {
    "N_VERTICES": 4,
    "PROB_ARESTA": 0.85,
    "COM_PESO": false,
    "PESO_MIN": 1,
    "PESO_MAX": 1,
    "GRAPH_SEED": 104781,
    "GRAPH_EDGES": [
      [
        0,
        2,
        1.0
      ],
      [
        0,
        3,
        1.0
      ],
      [
        1,
        2,
        1.0
      ],
      [
        1,
        3,
        1.0
      ],
      [
        2,
        3,
        1.0
      ]
    ],
    "REVERSE_BITS": false,
    "ER": 1.0,
    "MAX_TERMS": null,
    "A_MAX": 0.7853981633974483,
    "INIT_BETA": 0.35,
    "MAX_EPOCHS": 200,
    "LR": 0.01,
    "FD_EPS": 0.01,
    "LOSS_TOL_LAST5": 0.001,
    "PATIENCE_LAST5": 5,
    "TRAIN_SEED": 8,
    "INIT_BETA_JITTER": 0.05,
    "OPTIMIZER": "adam",
    "ADAM_BETA1": 0.9,
    "ADAM_BETA2": 0.999,
    "ADAM_EPS": 1e-08,
    "COEF_ZERO_TOL": 0.001,
    "IMPROVEMENT_TOL": 0.001,
    "SATURATION_PATIENCE": 100,
    "INDEX_STRATEGY": "ascending",
    "INDEX_RANDOM_SEED": 42,
    "ENABLE_BACKWARD_PRUNING": false,
    "BACKWARD_PASSES": 1,
    "PRUNE_IMPROVEMENT_TOL": 1e-06,
    "OUTDIR": "benchmark_results_walsh_article/unweighted/baseline/n4/graph06_trainseed08",
    "SHOW_PLOTS": false,
    "name": "baseline"
  },
  "n_qubits_register": 4,
  "graph_edges": [
    [
      0,
      2,
      1.0
    ],
    [
      0,
      3,
      1.0
    ],
    [
      1,
      2,
      1.0
    ],
    [
      1,
      3,
      1.0
    ],
    [
      2,
      3,
      1.0
    ]
  ],
  "graph_signature": "d0a2f764541f34d9979e15c4cf98ceeae9b64c9a96b6d443de24544368e1cb36",
  "graph_num_edges": 5,
  "graph_density": 0.8333333333333334,
  "best_cut_bruteforce": 4.0,
  "best_bitstring_bruteforce": "0011",
  "best_index_bruteforce": 3,
  "candidate_order": [
    1,
    2,
    3,
    4,
    5,
    6,
    7,
    8,
    9,
    10,
    11,
    12,
    13,
    14,
    15
  ],
  "total_possible_parameters": 15,
  "visited_parameters": 15,
  "trained_coefficients": {
    "0": 0.0,
    "1": -0.297579381603949,
    "2": 0.29714845555962316,
    "3": -0.2609223023120185,
    "4": 0.3168519594017356,
    "5": 0.42145808929378537,
    "6": 0.3447926898021793,
    "7": -0.10634737462005003,
    "8": -0.29079408835596504,
    "9": -0.24650656461818363,
    "10": -0.04264100032880747,
    "11": 0.06550662692563614,
    "12": -0.31677865568499075,
    "13": 0.1977980419357682,
    "14": -0.1948188533448952,
    "15": -0.13466871691564042
  },
  "final_coefficient_vector": [
    0.0,
    -0.297579381603949,
    0.29714845555962316,
    -0.2609223023120185,
    0.3168519594017356,
    0.42145808929378537,
    0.3447926898021793,
    -0.10634737462005003,
    -0.29079408835596504,
    -0.24650656461818363,
    -0.04264100032880747,
    0.06550662692563614,
    -0.31677865568499075,
    0.1977980419357682,
    -0.1948188533448952,
    -0.13466871691564042
  ],
  "active_indices": [
    1,
    2,
    3,
    4,
    5,
    6,
    7,
    8,
    9,
    10,
    11,
    12,
    13,
    14,
    15
  ],
  "active_parameter_count": 15,
  "compression_ratio_active_over_total": 1.0,
  "final_loss": -3.1447924331896964,
  "final_expected_cut": 3.1447924331896964,
  "best_expected_cut_over_evolution": 3.1447924331896964,
  "final_best_measured_index": 9,
  "final_best_measured_bitstring": "1001",
  "final_best_measured_cut": 3.0,
  "best_measured_cut_over_evolution": 3.0,
  "final_success_probability_ancilla_1": 0.2065057844380127,
  "final_max_postselected_probability": 0.20443079929705285,
  "gap_expected_to_bruteforce": 0.8552075668103036,
  "gap_measured_to_bruteforce": 1.0,
  "approx_ratio_measured": 0.75,
  "n_steps": 15,
  "elapsed_seconds": 38.72999668121338,
  "steps": [
    {
      "visit_idx": 1,
      "j": 1,
      "kept": true,
      "beta": -0.39876276230650226,
      "coefficient": -0.297579381603949,
      "loss": -2.5,
      "expected_cut": 2.5,
      "best_measured_cut": 0.0,
      "success_probability_ancilla_1": 0.02197548438456235,
      "epochs_run": 5,
      "stop_reason": "loss_plateau_last5",
      "history_path": "benchmark_results_walsh_article/unweighted/baseline/n4/graph06_trainseed08/histories/history_visit001_j001.json",
      "improvement_vs_previous": 2.5
    },
    {
      "visit_idx": 2,
      "j": 2,
      "kept": true,
      "beta": 0.39812227679515194,
      "coefficient": 0.29714845555962316,
      "loss": -2.5,
      "expected_cut": 2.5,
      "best_measured_cut": 2.0,
      "success_probability_ancilla_1": 0.04292476875750313,
      "epochs_run": 5,
      "stop_reason": "loss_plateau_last5",
      "history_path": "benchmark_results_walsh_article/unweighted/baseline/n4/graph06_trainseed08/histories/history_visit002_j002.json",
      "improvement_vs_previous": 0.0
    },
    {
      "visit_idx": 3,
      "j": 3,
      "kept": true,
      "beta": -0.3453177831061736,
      "coefficient": -0.2609223023120185,
      "loss": -2.5,
      "expected_cut": 2.5,
      "best_measured_cut": 2.0,
      "success_probability_ancilla_1": 0.0583956404020545,
      "epochs_run": 5,
      "stop_reason": "loss_plateau_last5",
      "history_path": "benchmark_results_walsh_article/unweighted/baseline/n4/graph06_trainseed08/histories/history_visit003_j003.json",
      "improvement_vs_previous": 0.0
    },
    {
      "visit_idx": 4,
      "j": 4,
      "kept": true,
      "beta": 0.4277371088539652,
      "coefficient": 0.3168519594017356,
      "loss": -2.500403473313277,
      "expected_cut": 2.500403473313277,
      "best_measured_cut": 2.0,
      "success_probability_ancilla_1": 0.08037827211307655,
      "epochs_run": 5,
      "stop_reason": "loss_plateau_last5",
      "history_path": "benchmark_results_walsh_article/unweighted/baseline/n4/graph06_trainseed08/histories/history_visit004_j004.json",
      "improvement_vs_previous": 0.00040347331327694747
    },
    {
      "visit_idx": 5,
      "j": 5,
      "kept": true,
      "beta": 0.5993924484001016,
      "coefficient": 0.42145808929378537,
      "loss": -2.706242480284466,
      "expected_cut": 2.706242480284466,
      "best_measured_cut": 3.0,
      "success_probability_ancilla_1": 0.12170019462438185,
      "epochs_run": 121,
      "stop_reason": "loss_plateau_last5",
      "history_path": "benchmark_results_walsh_article/unweighted/baseline/n4/graph06_trainseed08/histories/history_visit005_j005.json",
      "improvement_vs_previous": 0.20583900697118906
    },
    {
      "visit_idx": 6,
      "j": 6,
      "kept": true,
      "beta": 0.4709959683709947,
      "coefficient": 0.3447926898021793,
      "loss": -2.791348657989897,
      "expected_cut": 2.791348657989897,
      "best_measured_cut": 3.0,
      "success_probability_ancilla_1": 0.14593872420530515,
      "epochs_run": 18,
      "stop_reason": "loss_plateau_last5",
      "history_path": "benchmark_results_walsh_article/unweighted/baseline/n4/graph06_trainseed08/histories/history_visit006_j006.json",
      "improvement_vs_previous": 0.08510617770543094
    },
    {
      "visit_idx": 7,
      "j": 7,
      "kept": true,
      "beta": -0.13624244823130613,
      "coefficient": -0.10634737462005003,
      "loss": -2.7935050392257867,
      "expected_cut": 2.7935050392257867,
      "best_measured_cut": 3.0,
      "success_probability_ancilla_1": 0.14906169460224322,
      "epochs_run": 27,
      "stop_reason": "loss_plateau_last5",
      "history_path": "benchmark_results_walsh_article/unweighted/baseline/n4/graph06_trainseed08/histories/history_visit007_j007.json",
      "improvement_vs_previous": 0.0021563812358897927
    },
    {
      "visit_idx": 8,
      "j": 8,
      "kept": true,
      "beta": -0.3887134016383588,
      "coefficient": -0.29079408835596504,
      "loss": -2.8778372906541096,
      "expected_cut": 2.8778372906541096,
      "best_measured_cut": 3.0,
      "success_probability_ancilla_1": 0.1637953122164977,
      "epochs_run": 94,
      "stop_reason": "loss_plateau_last5",