epoch,beta,coefficient,loss,expected_cut,best_measured_cut,success_probability_ancilla_1,max_postselected_probability,grad
0,0.3287958069982152,0.24931549019401247,-5.499999999998087,5.499999999998087,4.0,0.028767626525640543,0.03122184417208208,-5.6234501048541974e-12
1,0.3287960586633378,0.24931566793396778,-5.499999999998091,5.499999999998091,4.0,0.02876764785121583,0.031221843497900505,-5.633904179828106e-12
2,0.3287963667179658,0.2493158854993004,-5.499999999998087,5.499999999998087,4.0,0.0287676739551353,0.0312218426726478,-5.624390518050783e-12
3,0.3287967224232068,0.24931613671809638,-5.499999999998089,5.499999999998089,4.0,0.028767704096891725,0.031221841719729217,-5.631894465670166e-12
4,0.3287971200494532,0.24931641754376746,-5.49999999999809,5.49999999999809,4.0,0.028767737790978118,0.031221840654488475,-5.63074444425918e-12
