epoch,beta,coefficient,loss,expected_cut,best_measured_cut,success_probability_ancilla_1,max_postselected_probability,grad
0,-0.33851662426909834,-0.2561595397625512,-6.395249950484645,6.395249950484645,8.0,0.13880643292393988,0.08242206412277393,-0.10219094137632141
1,-0.32858357529419585,-0.24916559021114362,-6.396050935814953,6.396050935814953,8.0,0.13819589907439056,0.08243539775833247,-0.08794180297439455
2,-0.3187864977438877,-0.24222406175192618,-6.396695371501032,6.396695371501032,8.0,0.1376074404498759,0.0824370054314039,-0.07324525725824384
3,-0.3092206500042679,-0.2354057636093275,-6.397180212873849,6.397180212873849,8.0,0.13704642786100688,0.08242716339065868,-0.05822510807421766
4,-0.30001441542211926,-0.22880675179028442,-6.397507732586522,6.397507732586522,8.0,0.13651952605908693,0.08240673072085071,-0.04306298188171152
5,-0.29133407589091964,-0.22255217763629476,-6.39768786445361,6.39768786445361,8.0,0.1360347364337553,0.082377353876359,-0.028014857019970973
6,-0.2833815862266229,-0.2167949616297562,-6.397740344129431,6.397740344129431,8.0,0.13560108128294532,0.08234161922623154,-0.013424159806281494
7,-0.27637903243380774,-0.21170446150377262,-6.397695375355678,6.397695375355678,8.0,0.13522770630659162,0.08230302330441379,0.000278762668243727
