epoch,beta,coefficient,loss,expected_cut,best_measured_cut,success_probability_ancilla_1,max_postselected_probability,grad
0,0.23640716409228127,0.1458322954971712,-7.999433956861152,7.999433956861152,5.0,0.005688560077747187,0.031232311152295533,0.16994562862646476
1,0.22689780837092866,0.14016692635800707,-7.999984372313756,7.999984372313756,5.0,0.005462379192622587,0.03124951163520537,0.09704050282044607
2,0.21902515704892503,0.135458389917651,-7.999826812104207,7.999826812104207,5.0,0.0052811920712160145,0.031244587878670807,0.01686923311500037
3,0.21449853005997382,0.13274378813993903,-7.999457559289958,7.999457559289958,5.0,0.005179536313053035,0.03123304872823343,-0.0582803929816375
4,0.2135950787893363,0.1322013664686326,-7.999357985880452,7.999357985880452,5.0,0.005159469688408188,0.03122993705918808,-0.10535129538181776
5,0.21523572323379064,0.133186237028018,-7.99953231972191,7.99953231972191,5.0,0.0051959651368374245,0.03123538499173069,-0.11509743998444773
6,0.21837119940650174,0.13506653874508867,-7.999786537373623,7.999786537373623,5.0,0.00526639147114019,0.031243329293341074,-0.09748631649113529
