epoch,beta,coefficient,loss,expected_cut,best_measured_cut,success_probability_ancilla_1,max_postselected_probability,grad
0,0.2364071640257343,0.14583229545761098,-2.499426369146386,2.499426369146386,1.0,0.005686845838586011,0.12492829614362806,0.1705555950330186
1,0.2268936833357753,0.14016446350461828,-2.4999831609957783,2.4999831609957783,1.0,0.005460567786091218,0.1249978951248157,0.09768688955326114
2,0.21900141807900766,0.13544416746645832,-2.4998296044297943,2.4998296044297943,1.0,0.0052789384759555505,0.1249787005540795,0.01751110021711049
3,0.21443406672869758,0.13270509195280278,-2.499458170387602,2.499458170387602,1.0,0.005176386045995082,0.12493227129881247,-0.057815700015471774
4,0.21348972951432135,0.13213810254236877,-2.4993539033881262,2.4993539033881262,1.0,0.005155418522685179,0.1249192379238795,-0.10532556743840894
5,0.2151006780631618,0.13310519589598313,-2.4995260050030756,2.4995260050030756,1.0,0.0051912359197301755,0.12494075062574564,-0.11552184519435316
6,0.21821808440406681,0.13497477636320834,-2.4997812116965634,2.4997812116965634,1.0,0.005261215977900139,0.12497265146242682,-0.09820587547108318
