epoch,beta,coefficient,loss,expected_cut,best_measured_cut,success_probability_ancilla_1,max_postselected_probability,grad
0,-0.24814592554992948,-0.15279136819624786,-2.9719113966024926,2.9719113966024926,3.0,0.010104983017215973,0.2450851874768525,-0.5156250149532983
1,-0.23820542552014212,-0.14690086254210322,-2.9760159719233252,2.9760159719233252,3.0,0.009862522317426646,0.24567735410703548,-0.4491465400477989
2,-0.22839490668871099,-0.14106046941364497,-2.9793093350261204,2.9793093350261204,3.0,0.009631568889938224,0.24611010612018677,-0.3753727151383695
3,-0.21882263193785437,-0.13533704874292485,-2.981722212543109,2.981722212543109,3.0,0.009414368916661694,0.24637285891313596,-0.29469094598039025
4,-0.2096505409299526,-0.12983070559419305,-2.983222306431405,2.983222306431405,3.0,0.009213938641739826,0.2464635764681771,-0.20813728118305963
5,-0.2011089049112459,-0.12468402678329446,-2.9838443022012258,2.9838443022012258,3.0,0.009034168093782389,0.24639493485140113,-0.1177287204695864
6,-0.1934961715941431,-0.12008229981386803,-2.9837224234198176,2.9837224234198176,3.0,0.008879626702388597,0.24620060593004336,-0.02682319695955487
7,-0.1871422467279851,-0.1162312074012494,-2.9831028017335988,2.9831028017335988,3.0,0.008754790463191652,0.24593673274578587,0.05971173668725153
8,-0.18232667521604926,-0.11330645302313476,-2.982304168615282,2.982304168615282,3.0,0.008662720221010216,0.24567230041151122,0.1359288693653119
9,-0.17918928691867217,-0.11139820629678966,-2.9816258972828344,2.9816258972828344,3.0,0.008603923708078637,0.24546913638838597,0.19610434060393384
10,-0.17769714886355714,-0.11048989905436195,-2.9812586154143905,2.9812586154143905,3.0,0.00857629069102953,0.24536378243081386,0.2364208743269996
11,-0.17768284981920127,-0.11048119250355376,-2.98125495492907,2.98125495492907,3.0,0.008576026919079726,0.24536274533856786,0.2559012887771206
12,-0.1789094875634843,-0.11122792089132323,-2.981559238094992,2.981559238094992,3.0,0.0085987258236091,0.2454498126850256,0.256088918638831
13,-0.1811202478475705,-0.1125729238983196,-2.982058306740974,2.982058306740974,3.0,0.00863999978740214,0.24559709929728338,0.24005877471256273
