epoch,beta,coefficient,loss,expected_cut,best_measured_cut,success_probability_ancilla_1,max_postselected_probability,grad
0,0.3705810629641603,0.2784235372296464,-14.499911720619403,14.499911720619403,7.0,0.038463496740908695,0.007811810317366484,-0.05685380237896391
1,0.37961485633640996,0.28460704580739044,-14.499996996722697,14.499996996722697,7.0,0.03928810179431429,0.007812476536922907,-0.02347030026951692
2,0.38614494242263714,0.28905170952154274,-14.499908077727085,14.499908077727085,7.0,0.03989170579417647,0.007811781857269262,0.004210950552893695
3,0.3891392916183651,0.29108268188518843,-14.499827421485836,14.499827421485836,7.0,0.04017054672621992,0.0078111517303843135,0.02283393515405743
4,0.38909797935940754,0.29105469167049297,-14.499828699867713,14.499828699867713,7.0,0.040166690936682084,0.00781116171774276,0.030999917485618717
