epoch,beta,coefficient,loss,expected_cut,best_measured_cut,success_probability_ancilla_1,max_postselected_probability,grad
0,-0.3956523814106837,-0.29548472721684144,-1.499999999999308,1.499999999999308,0.0,0.021669449798591568,0.062499999999971176,3.1337439902527107e-12
1,-0.3956525215000976,-0.2954848216693304,-1.4999999999993077,1.4999999999993077,0.0,0.02166946355104631,0.06249999999997115,3.1329418972976608e-12
2,-0.395652693110969,-0.29548493737451886,-1.4999999999993079,1.4999999999993079,0.0,0.02166948039793869,0.06249999999997116,3.1373074588547304e-12
3,-0.3956528912316677,-0.2954850709534082,-1.4999999999993079,1.4999999999993079,0.0,0.021669499847283377,0.06249999999997116,3.135423118795948e-12
4,-0.3956531127183962,-0.2954852202863488,-1.4999999999993086,1.4999999999993086,0.0,0.02166952159045852,0.062499999999971204,3.137116630597517e-12
