{
  "0": 0.0,
  "1": -0.275190918974894,
  "2": 0.2474510128383885,
  "3": -0.24341452691958024,
  "4": 0.40688712220770457,
  "5": 0.0,
  "6": 0.28748578849450485,
  "7": -0.25494489428341877,
  "8": -0.12690745432179815,
  "9": 0.11410055102313373,
  "10": 0.08217885829002523,
  "11": 0.12713384693274998,
  "12": -0.2085761916689574,
  "13": 0.1847800648561026,
  "14": -0.2511690791585914,
  "15": -0.06479021216319324,
  "16": 0.0,
  "17": 0.0,
  "18": 0.0,
  "19": 0.0,
  "20": 0.0,
  "21": 0.0,
  "22": 0.0,
  "23": 0.0,
  "24": 0.0,
  "25": 0.0,
  "26": 0.0,
  "27": 0.0,
  "28": 0.0,
  "29": 0.0,
  "30": 0.0,
  "31": 0.0,
  "32": 0.01228271438178312,
  "33": 0.10300131016562566,
  "34": 0.021582230649289887,
  "35": 0.0,
  "36": -0.11707934722378054,
  "37": -0.10465234376937696,
  "38": 0.0,
  "39": -0.057001853052208895,
  "40": -0.0277290587148261,
  "41": 0.05883373626404593,
  "42": -0.036248845527291816,
  "43": -0.073939017022701,
  "44": -0.1112367686205576,
  "45": 0.09983097747229933,
  "46": 0.11974813814379892,
  "47": 0.12364368755378881,
  "48": 0.0,
  "49": 0.0,
  "50": 0.0,
  "51": 0.0,
  "52": 0.0,
  "53": 0.0,
  "54": 0.0,
  "55": 0.0,
  "56": 0.0,
  "57": 0.0,
  "58": 0.0,
  "59": 0.0,
  "60": 0.0,
  "61": 0.0,
  "62": 0.0,
  "63": 0.0
}