{
  "config": {
    "N_VERTICES": 4,
    "PROB_ARESTA": 0.7,
    "COM_PESO": false,
    "PESO_MIN": 1,
    "PESO_MAX": 1,
    "GRAPH_SEED": 104986,
    "GRAPH_EDGES": [
      [
        0,
        2,
        1.0
      ],
      [
        0,
        3,
        1.0
      ]
    ],
    "REVERSE_BITS": false,
    "ER": 1.25,
    "MAX_TERMS": null,
    "A_MAX": 1.0471975511965976,
    "INIT_BETA": 0.5,
    "MAX_EPOCHS": 200,
    "LR": 0.01,
    "FD_EPS": 0.01,
    "LOSS_TOL_LAST5": 0.0005,
    "PATIENCE_LAST5": 5,
    "TRAIN_SEED": 2,
    "INIT_BETA_JITTER": 0.08,
    "OPTIMIZER": "adam",
    "ADAM_BETA1": 0.9,
    "ADAM_BETA2": 0.999,
    "ADAM_EPS": 1e-08,
    "COEF_ZERO_TOL": 0.0005,
    "IMPROVEMENT_TOL": 0.0005,
    "SATURATION_PATIENCE": 150,
    "INDEX_STRATEGY": "ascending",
    "INDEX_RANDOM_SEED": 42,
    "ENABLE_BACKWARD_PRUNING": false,
    "BACKWARD_PASSES": 1,
    "PRUNE_IMPROVEMENT_TOL": 1e-06,
    "OUTDIR": "benchmark_results_walsh_article/unweighted/aggressive_loader/n4/graph08_trainseed02",
    "SHOW_PLOTS": false,
    "name": "aggressive_loader"
  },
  "n_qubits_register": 4,
  "graph_edges": [
    [
      0,
      2,
      1.0
    ],
    [
      0,
      3,
      1.0
    ]
  ],
  "graph_signature": "2cf81b7f6c28153cc1763d3712042bf1e2dce228b62300b14a9509084e53b32c",
  "graph_num_edges": 2,
  "graph_density": 0.3333333333333333,
  "best_cut_bruteforce": 2.0,
  "best_bitstring_bruteforce": "0011",
  "best_index_bruteforce": 3,
  "candidate_order": [
    1,
    2,
    3,
    4,
    5,
    6,
    7,
    8,
    9,
    10,
    11,
    12,
    13,
    14,
    15
  ],
  "total_possible_parameters": 15,
  "visited_parameters": 15,
  "trained_coefficients": {
    "0": 0.0,
    "1": -0.42725351086798385,
    "2": 0.47600256911944855,
    "3": -0.46029600544393445,
    "4": 0.6954853708444785,
    "5": -0.016842307525468204,
    "6": 0.48883816276690245,
    "7": -0.47831853571346483,
    "8": -0.06788114715906465,
    "9": 0.29798728808453173,
    "10": 0.010083492833740946,
    "11": -0.01747095826026216,
    "12": -0.4257511030730645,
    "13": -0.05973399368323713,
    "14": -0.012608951046862169,
    "15": 0.008213700176941598
  },
  "final_coefficient_vector": [
    0.0,
    -0.42725351086798385,
    0.47600256911944855,
    -0.46029600544393445,
    0.6954853708444785,
    -0.016842307525468204,
    0.48883816276690245,
    -0.47831853571346483,
    -0.06788114715906465,
    0.29798728808453173,
    0.010083492833740946,
    -0.01747095826026216,
    -0.4257511030730645,
    -0.05973399368323713,
    -0.012608951046862169,
    0.008213700176941598
  ],
  "active_indices": [
    1,
    2,
    3,
    4,
    5,
    6,
    7,
    8,
    9,
    10,
    11,
    12,
    13,
    14,
    15
  ],
  "active_parameter_count": 15,
  "compression_ratio_active_over_total": 1.0,
  "final_loss": -1.7608733048105587,
  "final_expected_cut": 1.7608733048105587,
  "best_expected_cut_over_evolution": 1.7608733048105587,
  "final_best_measured_index": 8,
  "final_best_measured_bitstring": "1000",
  "final_best_measured_cut": 2.0,
  "best_measured_cut_over_evolution": 2.0,
  "final_success_probability_ancilla_1": 0.26429892575545794,
  "final_max_postselected_probability": 0.23296556655735287,
  "gap_expected_to_bruteforce": 0.2391266951894413,
  "gap_measured_to_bruteforce": 0.0,
  "approx_ratio_measured": 1.0,
  "n_steps": 15,
  "elapsed_seconds": 14.700700759887695,
  "steps": [
    {
      "visit_idx": 1,
      "j": 1,
      "kept": true,
      "beta": -0.43320591088068855,
      "coefficient": -0.42725351086798385,
      "loss": -1.0,
      "expected_cut": 1.0,
      "best_measured_cut": 0.0,
      "success_probability_ancilla_1": 0.06962800340856874,
      "epochs_run": 5,
      "stop_reason": "loss_plateau_last5",
      "history_path": "benchmark_results_walsh_article/unweighted/aggressive_loader/n4/graph08_trainseed02/histories/history_visit001_j001.json",
      "improvement_vs_previous": 1.0
    },
    {
      "visit_idx": 2,
      "j": 2,
      "kept": true,
      "beta": 0.4904190584591259,
      "coefficient": 0.47600256911944855,
      "loss": -1.0,
      "expected_cut": 1.0,
      "best_measured_cut": 0.0,
      "success_probability_ancilla_1": 0.14358885175914118,
      "epochs_run": 5,
      "stop_reason": "loss_plateau_last5",
      "history_path": "benchmark_results_walsh_article/unweighted/aggressive_loader/n4/graph08_trainseed02/histories/history_visit002_j002.json",
      "improvement_vs_previous": 0.0
    },
    {
      "visit_idx": 3,
      "j": 3,
      "kept": true,
      "beta": -0.4716732865356292,
      "coefficient": -0.46029600544393445,
      "loss": -1.0,
      "expected_cut": 1.0,
      "best_measured_cut": 2.0,
      "success_probability_ancilla_1": 0.20097424634010763,
      "epochs_run": 5,
      "stop_reason": "loss_plateau_last5",
      "history_path": "benchmark_results_walsh_article/unweighted/aggressive_loader/n4/graph08_trainseed02/histories/history_visit003_j003.json",
      "improvement_vs_previous": 0.0
    },
    {
      "visit_idx": 4,
      "j": 4,
      "kept": true,
      "beta": 0.8001839711181122,
      "coefficient": 0.6954853708444785,
      "loss": -1.2199955487856025,
      "expected_cut": 1.2199955487856025,
      "best_measured_cut": 2.0,
      "success_probability_ancilla_1": 0.3070332699244246,
      "epochs_run": 27,
      "stop_reason": "loss_plateau_last5",
      "history_path": "benchmark_results_walsh_article/unweighted/aggressive_loader/n4/graph08_trainseed02/histories/history_visit004_j004.json",
      "improvement_vs_previous": 0.21999554878560246
    },
    {
      "visit_idx": 5,
      "j": 5,
      "kept": true,
      "beta": -0.01608460593816768,
      "coefficient": -0.016842307525468204,
      "loss": -1.21970938577649,
      "expected_cut": 1.21970938577649,
      "best_measured_cut": 2.0,
      "success_probability_ancilla_1": 0.30496513386617086,
      "epochs_run": 57,
      "stop_reason": "loss_plateau_last5",
      "history_path": "benchmark_results_walsh_article/unweighted/aggressive_loader/n4/graph08_trainseed02/histories/history_visit005_j005.json",
      "improvement_vs_previous": -0.00028616300911243897
    },
    {
      "visit_idx": 6,
      "j": 6,
      "kept": true,
      "beta": 0.5059786721845803,
      "coefficient": 0.48883816276690245,
      "loss": -1.3107898618299363,
      "expected_cut": 1.3107898618299363,
      "best_measured_cut": 2.0,
      "success_probability_ancilla_1": 0.28906751121665386,
      "epochs_run": 6,
      "stop_reason": "loss_plateau_last5",
      "history_path": "benchmark_results_walsh_article/unweighted/aggressive_loader/n4/graph08_trainseed02/histories/history_visit006_j006.json",
      "improvement_vs_previous": 0.09108047605344627
    },
    {
      "visit_idx": 7,
      "j": 7,
      "kept": true,
      "beta": -0.4932101322432253,
      "coefficient": -0.47831853571346483,
      "loss": -1.4443678415598002,
      "expected_cut": 1.4443678415598002,
      "best_measured_cut": 2.0,
      "success_probability_ancilla_1": 0.25389240098987376,
      "epochs_run": 5,
      "stop_reason": "loss_plateau_last5",
      "history_path": "benchmark_results_walsh_article/unweighted/aggressive_loader/n4/graph08_trainseed02/histories/history_visit007_j007.json",
      "improvement_vs_previous": 0.13357797972986396
    },
    {
      "visit_idx": 8,
      "j": 8,
      "kept": true,
      "beta": -0.06491274076162756,
      "coefficient": -0.06788114715906465,
      "loss": -1.449354600157812,
      "expected_cut": 1.449354600157812,
      "best_measured_cut": 2.0,
      "success_probability_ancilla_1": 0.25477782810213845,
      "epochs_run": 70,
      "stop_reason": "loss_plateau_last5",
      "history_path": "benchmark_results_walsh_article/unweighted/aggressive_loader/n4/graph08_trainseed02/histories/history_visit008_j008.json",
      "improvement_vs_previous": 0.004986758598011676
    },
    {
      "visit_idx": 9,
      "j": 9,
      "kept": true,