epoch,beta,coefficient,loss,expected_cut,best_measured_cut,success_probability_ancilla_1,max_postselected_probability,grad
0,-0.5275737267958557,-0.5063454122872164,-5.499999999999728,5.499999999999728,3.0,0.20215910982115617,0.04384139710903118,2.963040870301049e-13
1,-0.5275737399846868,-0.5063454228695028,-5.499999999999726,5.499999999999726,3.0,0.20215911271144912,0.04384139698877818,2.9379853458579866e-13
2,-0.5275737561185266,-0.5063454358147674,-5.499999999999728,5.499999999999728,3.0,0.20215911624713184,0.043841396841673236,2.9423934089246004e-13
3,-0.5275737746973234,-0.506345450721785,-5.49999999999973,5.49999999999973,3.0,0.20215912031861966,0.04384139667227568,2.9219083901753727e-13
4,-0.5275737954398763,-0.5063454673649296,-5.499999999999728,5.499999999999728,3.0,0.20215912486428822,0.043841396483149386,2.9258750632987805e-13
