epoch,beta,coefficient,loss,expected_cut,best_measured_cut,success_probability_ancilla_1,max_postselected_probability,grad
0,0.4641298837504692,0.4539016979390883,-5.776215070870096,5.776215070870096,5.0,0.4152303864545441,0.03581970893618141,-0.012057222570659411
1,0.47384834756238003,0.4621319005072577,-5.776276216542364,5.776276216542364,5.0,0.41584291735479406,0.035848761384571846,-0.008146634096212916
2,0.4829025268842806,0.469736309633284,-5.776301345600897,5.776301345600897,5.0,0.4164167920021965,0.03587324402951998,-0.0044546531619142
3,0.49072333351187447,0.4762553353207376,-5.776298997578478,5.776298997578478,5.0,0.4169147711777332,0.0358924316598169,-0.0011117352785733308
4,0.4966876362476377,0.48119583274996125,-5.776282578795017,5.776282578795017,5.0,0.4172958455245488,0.03590586848398649,0.0017005591722548397
