epoch,beta,coefficient,loss,expected_cut,best_measured_cut,success_probability_ancilla_1,max_postselected_probability,grad
0,-0.44339789569445515,-0.4361127381721917,-5.49999999999924,5.49999999999924,0.0,0.07247288729762366,0.015624999999997839,2.945559357247531e-12
1,-0.4433980274569279,-0.4361128522225344,-5.49999999999924,5.49999999999924,0.0,0.07247292425981812,0.015624999999997845,2.948437446098069e-12
2,-0.44339818858756813,-0.43611299169322054,-5.499999999999243,5.499999999999243,0.0,0.07247296946041851,0.015624999999997849,2.9369776669300083e-12
3,-0.443398374458861,-0.43611315257877903,-5.4999999999992415,5.4999999999992415,0.0,0.07247302160131128,0.015624999999997845,2.9357638975049586e-12
4,-0.44339858201404203,-0.43611333223334103,-5.49999999999924,5.49999999999924,0.0,0.07247307982501164,0.015624999999997839,2.929382851594901e-12
