epoch,beta,coefficient,loss,expected_cut,best_measured_cut,success_probability_ancilla_1,max_postselected_probability,grad
0,0.42728204737547315,0.4220702256184434,-5.49999999999958,5.49999999999958,2.0,0.13060637825376153,0.031240784692199014,-7.580685412257611e-13
1,0.427282081287046,0.42207025536171544,-5.499999999999582,5.499999999999582,2.0,0.1306063862561422,0.03124078473179956,-7.588465803477866e-13
2,0.427282122805268,0.42207029177665123,-5.499999999999579,5.499999999999579,2.0,0.13060639605352423,0.031240784780282693,-7.582607957019241e-13
3,0.4272821707083591,0.42207033379164693,-5.499999999999578,5.499999999999578,2.0,0.13060640735759466,0.031240784836221645,-7.569825661799443e-13
4,0.4272822243327849,0.42207038082472703,-5.499999999999579,5.499999999999579,2.0,0.13060642001177417,0.031240784898841495,-7.626563303479004e-13
