{
  "0": 0.0,
  "1": -0.2975799987597987,
  "2": 0.29714869598739296,
  "3": -0.2609223586109435,
  "4": 0.3168519727385242,
  "5": 0.4214580483493816,
  "6": 0.3447926901937147,
  "7": -0.10634731331900818,
  "8": -0.2907939930259927,
  "9": -0.2465065671008148,
  "10": -0.04264095684597609,
  "11": 0.06550674174212152,
  "12": -0.3167787111265826,
  "13": 0.1977982055570255,
  "14": -0.1948190339622307,
  "15": -0.13466870860746422,
  "16": 0.0031878680598533965,
  "17": -0.10532770935612738,
  "18": -0.12139268051870632,
  "19": -0.007309988719062436,
  "20": 0.29046546120227884,
  "21": 0.035061505478560344,
  "22": -0.018667038666596185,
  "23": 0.22439174187990385,
  "24": 0.024583296302581888,
  "25": -0.004094479402056164,
  "26": -0.035500727749185224,
  "27": 0.05695479094692295,
  "28": 0.017472772366969327,
  "29": -0.23228795908525182,
  "30": -0.20359425143607277,
  "31": -0.006773031847414078,
  "32": -0.0597573245302704,
  "33": 0.051506996352816366,
  "34": -0.012172730968378238,
  "35": 0.09442515393503373,
  "36": -0.053169112238239585,
  "37": 0.012676174154144567,
  "38": -0.07827431335511578,
  "39": -0.11830702335836636,
  "40": 0.08184844071914885,
  "41": -0.04483252126500383,
  "42": 0.1402920392906808,
  "43": 0.16146036350717116,
  "44": 0.08848310451988428,
  "45": -0.0550399866176316,
  "46": 0.06874866257476007,
  "47": -0.15531735636562685,
  "48": 0.02779588545283482,
  "49": 0.019735846081063914,
  "50": 0.006722198335878818,
  "51": -0.025323721858371485,
  "52": 0.0020049560739646595,
  "53": -0.05061486427856522,
  "54": -0.058458947295123215,
  "55": -0.018820440317000833,
  "56": -0.004348559016877723,
  "57": 0.029896504817832435,
  "58": 0.05081387507615113,
  "59": -0.004404935964164798,
  "60": 0.02955626968613526,
  "61": -0.004982353900325462,
  "62": -0.006580015522296353,
  "63": 0.02268702858255791
}