{
  "0": 0.0,
  "1": -0.240059138825026,
  "2": 0.24536661089509498,
  "3": -0.23735744315506957,
  "4": 0.24449666238703982,
  "5": 0.37870802606545506,
  "6": 0.3121283762642796,
  "7": -0.06310163756655916,
  "8": -0.23665108857199463,
  "9": -0.19259489825697193,
  "10": -0.0537745897713007,
  "11": 0.03500678945018384,
  "12": -0.2957961399182938,
  "13": 0.16570833781937636,
  "14": -0.15599430590187255,
  "15": -0.13210468751304033,
  "16": 0.11637206086024651,
  "17": 0.0992477867666835,
  "18": 0.027717630697165256,
  "19": -0.03911657248232701,
  "20": 0.08639469640057128,
  "21": -0.1387196497279929,
  "22": 0.04408291357697955,
  "23": -0.030077489215038944,
  "24": -0.09932890450459611,
  "25": 0.1474588121619422,
  "26": -0.15285243823659472,
  "27": 0.05282254689055084,
  "28": -0.10414491688746375,
  "29": -0.24056337878399303,
  "30": -0.1268746769299394,
  "31": 0.07081172246910314,
  "32": 0.011152372480580307,
  "33": -0.10106854964491425,
  "34": -0.056673519038110236,
  "35": -0.004148501795920261,
  "36": 0.17313494586429654,
  "37": 0.039767139253724736,
  "38": 0.001060975603216931,
  "39": 0.17187210568026967,
  "40": 0.09004405294908178,
  "41": -0.023263390040204206,
  "42": -0.0026017877536904897,
  "43": 0.06217790981259084,
  "44": -0.009068796260645063,
  "45": -0.11373755358011785,
  "46": -0.1754490930786312,
  "47": -0.031335651944514285,
  "48": 0.03433932602275317,
  "49": 0.03840512021641281,
  "50": -0.011735136353553477,
  "51": 0.06262555023514957,
  "52": -0.027718214055267608,
  "53": -0.07948271619463736,
  "54": -0.0064884712645179934,
  "55": 0.01053145321918321,
  "56": 0.06282274615338654,
  "57": 0.11284097594468592,
  "58": 0.007212038077627536,
  "59": -0.023293812945750964,
  "60": 0.025114301965035737,
  "61": -0.09112957154017816,
  "62": 0.061118330432487086,
  "63": -0.05410018075045983
}