epoch,beta,coefficient,loss,expected_cut,best_measured_cut,success_probability_ancilla_1,max_postselected_probability,grad
0,0.2373008386999537,0.14636344878166993,-2.884306803248209,2.884306803248209,4.0,0.023089856801454867,0.18158625078027174,-0.17924176310047868
1,0.24724944973834234,0.15226128901352176,-2.885781210212718,2.885781210212718,4.0,0.023334444968956765,0.1826581690027717,-0.15832752737333927
2,0.25710469055403007,0.15807580917723607,-2.8870476391646376,2.8870476391646376,4.0,0.023584707664499605,0.18364397963607196,-0.1381910789817306
3,0.2668184532399189,0.1637787176806944,-2.8881135054942497,2.8881135054942497,4.0,0.023838967462564545,0.18454346603438315,-0.1189312313525951
4,0.276336609778477,0.16933885066038826,-2.8889888185149615,2.8889888185149615,4.0,0.02409524837442726,0.18535724660339012,-0.10063967600788
5,0.28559950577222537,0.17472255909555218,-2.889686175352603,2.889686175352603,4.0,0.02435128358655672,0.18608682676798252,-0.08339891554482921
6,0.2945429594761074,0.17989436306747317,-2.890220631671868,2.890220631671868,4.0,0.02460454419683561,0.18673462292675697,-0.06728017276408126
7,0.3030998314905547,0.18481789424235248,-2.8906094246793224,2.8906094246793224,4.0,0.024852292829169217,0.1873039483779314,-0.052341392788002046
8,0.31120216353385083,0.1894571096662454,-2.8908715357738943,2.8908715357738943,4.0,0.0250916634946337,0.18779895266034602,-0.03862549504731966
9,0.3187837911145241,0.19377771053201137,-2.891027099795468,2.891027099795468,4.0,0.025319765242137075,0.1882245096868645,-0.026159063354272885
10,0.3257832318711056,0.1977486489196065,-2.8910966926484427,2.8910966926484427,4.0,0.025533802605941083,0.18858605642984855,-0.014951667755344485
11,0.3321465667986316,0.20134356852583077,-2.8911005537074494,2.8911005537074494,4.0,0.025731201735206898,0.1888893917661951,-0.004995976664364076
