epoch,beta,coefficient,loss,expected_cut,best_measured_cut,success_probability_ancilla_1,max_postselected_probability,grad
0,-0.21488810968899363,-0.13297762339506328,-3.225341664648516,3.225341664648516,3.0,0.0401327137865623,0.24301976142036202,-0.11853810073663709
1,-0.20495475087841503,-0.12700350602428861,-3.2262717417329867,3.2262717417329867,3.0,0.03992155195878741,0.2468562278358704,-0.10205954963177652
2,-0.19515622727421514,-0.12108692602693075,-3.227021506989802,3.227021506989802,3.0,0.03972152720145203,0.2506491598358136,-0.08510866164860352
3,-0.185585960187101,-0.11528655478547066,-3.227587992914743,3.227587992914743,3.0,0.039534229125509066,0.2543585403509185,-0.06783849310376888
4,-0.17636884801826816,-0.1096809229713329,-3.2279742664006443,3.2279742664006443,3.0,0.039361499609035,0.2579323480106097,-0.050464535458807344
5,-0.16766539747675846,-0.10437108847418303,-3.22819188546475,3.22819188546475,3.0,0.039205393499605765,0.26130533907619174,-0.03328003128804757
6,-0.15966937210567653,-0.09947927354351331,-3.2282630726666945,3.2282630726666945,3.0,0.03906804442121867,0.26440042056207197,-0.016666641814675594
7,-0.15259347604193507,-0.09514001466536155,-3.228221314491037,3.228221314491037,3.0,0.03895140232323592,0.2671346028287739,-0.001090498231037532
