epoch,beta,coefficient,loss,expected_cut,best_measured_cut,success_probability_ancilla_1,max_postselected_probability,grad
0,-0.39565254707089625,-0.2954848389099295,-3.9999999999981553,3.9999999999981553,0.0,0.021669466061309445,0.015624999999992794,8.372570499128497e-12
1,-0.3956529210623262,-0.295485091066127,-3.9999999999981535,3.9999999999981535,0.0,0.02166950277573487,0.01562499999999279,8.358389707439432e-12
2,-0.39565337899972974,-0.29548539982111155,-3.9999999999981553,3.9999999999981553,0.0,0.02166954773109353,0.015624999999992794,8.365684552448687e-12
3,-0.3956539075881008,-0.29548575621094253,-3.9999999999981535,3.9999999999981535,0.0,0.02166959962224017,0.015624999999992787,8.362256697316217e-12
4,-0.3956544984324939,-0.29548615457544725,-3.9999999999981526,3.9999999999981526,0.0,0.021669657625063937,0.015624999999992784,8.365356650250352e-12
