epoch,beta,coefficient,loss,expected_cut,best_measured_cut,success_probability_ancilla_1,max_postselected_probability,grad
0,-0.2986993126569681,-0.22786117197931743,-4.400780265424548,4.400780265424548,4.0,0.15629177076425965,0.053205756186923935,-0.006263094865381231
1,-0.2923369680857115,-0.2232763959994802,-4.400764976475813,4.400764976475813,4.0,0.1559303779282546,0.05309980381520184,0.00027895675007818215
2,-0.29210382070258145,-0.22310807011219097,-4.400763899685792,4.400763899685792,4.0,0.15591724731212994,0.053095856438117144,0.0045397197852657355
3,-0.29495793187889646,-0.2251671200340231,-4.400774559948578,4.400774559948578,4.0,0.15607853750783143,0.053143863279676996,0.004697286984455447
4,-0.2988646879087919,-0.22798011914489347,-4.4007803024823975,4.4007803024823975,4.0,0.15630124290373723,0.05320846486551024,0.0027753465573617745
