epoch,beta,coefficient,loss,expected_cut,best_measured_cut,success_probability_ancilla_1,max_postselected_probability,grad
0,-0.2542349970717304,-0.1563856384590433,-3.499999999996704,3.499999999996704,1.0,0.010619517761668631,0.04674351305391127,7.915451710271318e-12
1,-0.25423535091203303,-0.1563858470106781,-3.499999999996704,3.499999999996704,1.0,0.01061952678107259,0.04674351371648622,7.913393632427108e-12
2,-0.25423578408254005,-0.156386102319073,-3.4999999999967053,3.4999999999967053,1.0,0.01061953782262088,0.04674351452755851,7.910318306335195e-12
3,-0.2542362841022892,-0.15638639702798748,-3.499999999996704,3.499999999996704,1.0,0.010619550568180655,0.04674351546373075,7.911017966405335e-12
4,-0.25423684301437616,-0.156386726447638,-3.499999999996702,3.499999999996702,1.0,0.010619564814937301,0.04674351651007774,7.913262514692309e-12
5,-0.25423745512069457,-0.15638708721956515,-3.4999999999967044,3.4999999999967044,1.0,0.010619580417652963,0.04674351765590427,7.912866253967286e-12
6,-0.25423811602864294,-0.1563874767547676,-3.4999999999967057,3.4999999999967057,1.0,0.010619597264367075,0.046743518892959905,7.908001925678488e-12
