epoch,beta,coefficient,loss,expected_cut,best_measured_cut,success_probability_ancilla_1,max_postselected_probability,grad
0,-0.2669163936034749,-0.16383607280170356,-3.4999999999907168,3.4999999999907168,0.0,0.0037699455917468996,0.015624999999958557,6.628038009257844e-11
1,-0.26691935581462845,-0.16383780746454749,-3.4999999999907194,3.4999999999907194,0.0,0.003770025322522346,0.015624999999958568,6.626683699610328e-11
2,-0.26692298253460683,-0.16383993125831406,-3.4999999999907176,3.4999999999907176,0.0,0.003770122940170852,0.015624999999958561,6.626904808119838e-11
3,-0.2669271690449237,-0.16384238285823147,-3.4999999999907168,3.4999999999907168,0.0,0.00377023562660378,0.015624999999958557,6.627257091444614e-11
4,-0.26693184835356665,-0.16384512303209783,-3.4999999999907168,3.4999999999907168,0.0,0.0037703615791640018,0.015624999999958557,6.627475149680291e-11
5,-0.26693697266521393,-0.16384812378926805,-3.4999999999907194,3.4999999999907194,0.0,0.003770499511884636,0.015624999999958568,6.626626251873859e-11
6,-0.2669425059038113,-0.16385136400188458,-3.4999999999907194,3.4999999999907194,0.0,0.0037706484542299346,0.015624999999958568,6.626868757659987e-11
