{
  "config": {
    "N_VERTICES": 4,
    "PROB_ARESTA": 0.85,
    "COM_PESO": false,
    "PESO_MIN": 1,
    "PESO_MAX": 1,
    "GRAPH_SEED": 104271,
    "GRAPH_EDGES": [
      [
        0,
        1,
        1.0
      ],
      [
        0,
        2,
        1.0
      ],
      [
        0,
        3,
        1.0
      ],
      [
        1,
        3,
        1.0
      ],
      [
        2,
        3,
        1.0
      ]
    ],
    "REVERSE_BITS": false,
    "ER": 1.0,
    "MAX_TERMS": null,
    "A_MAX": 0.7853981633974483,
    "INIT_BETA": 0.35,
    "MAX_EPOCHS": 100,
    "LR": 0.2,
    "FD_EPS": 0.01,
    "LOSS_TOL_LAST5": 0.001,
    "PATIENCE_LAST5": 5,
    "TRAIN_SEED": 0,
    "INIT_BETA_JITTER": 0.05,
    "COEF_ZERO_TOL": 0.001,
    "IMPROVEMENT_TOL": 0.001,
    "SATURATION_PATIENCE": 100,
    "INDEX_STRATEGY": "ascending",
    "INDEX_RANDOM_SEED": 42,
    "ENABLE_BACKWARD_PRUNING": false,
    "BACKWARD_PASSES": 1,
    "PRUNE_IMPROVEMENT_TOL": 1e-06,
    "OUTDIR": "benchmark_results_walsh_article/unweighted/runs_4/n4_graph01_trainseed00",
    "SHOW_PLOTS": false
  },
  "n_qubits_register": 4,
  "graph_edges": [
    [
      0,
      1,
      1.0
    ],
    [
      0,
      2,
      1.0
    ],
    [
      0,
      3,
      1.0
    ],
    [
      1,
      3,
      1.0
    ],
    [
      2,
      3,
      1.0
    ]
  ],
  "graph_signature": "36d4961c72903175cef8219a78618293792cc3cd1b729b430a90aa47da048173",
  "graph_num_edges": 5,
  "graph_density": 0.8333333333333334,
  "best_cut_bruteforce": 4.0,
  "best_bitstring_bruteforce": "0110",
  "candidate_order": [
    1,
    2,
    3,
    4,
    5,
    6,
    7,
    8,
    9,
    10,
    11,
    12,
    13,
    14,
    15
  ],
  "total_possible_parameters": 15,
  "visited_parameters": 15,
  "trained_coefficients": {
    "0": 0.0,
    "1": -0.2954846604028621,
    "2": 0.29562970813758754,
    "3": 0.0,
    "4": 0.20892588227475622,
    "5": 0.0,
    "6": 0.0,
    "7": -0.25687097327265174,
    "8": -0.08112100845285942,
    "9": 0.0,
    "10": 0.0,
    "11": 0.13597537132286636,
    "12": 0.0,
    "13": 0.16069733620722043,
    "14": -0.1910239815542866,
    "15": 0.0
  },
  "final_coefficient_vector": [
    0.0,
    -0.2954846604028621,
    0.29562970813758754,
    0.0,
    0.20892588227475622,
    0.0,
    0.0,
    -0.25687097327265174,
    -0.08112100845285942,
    0.0,
    0.0,
    0.13597537132286636,
    0.0,
    0.16069733620722043,
    -0.1910239815542866,
    0.0
  ],
  "active_indices": [
    1,
    2,
    4,
    7,
    8,
    11,
    13,
    14
  ],
  "active_parameter_count": 8,
  "compression_ratio_active_over_total": 0.5333333333333333,
  "final_loss": -3.8582853993400583,
  "final_expected_cut": 3.8582853993400583,
  "best_expected_cut_over_evolution": 3.8582853993400583,
  "final_best_measured_index": 9,
  "final_best_measured_bitstring": "1001",
  "final_best_measured_cut": 4.0,
  "best_measured_cut_over_evolution": 4.0,
  "final_success_probability_ancilla_1": 0.07610972343313123,
  "gap_expected_to_bruteforce": 0.14171460065994168,
  "gap_measured_to_bruteforce": 0.0,
  "approx_ratio_measured": 1.0,
  "n_steps": 15,
  "elapsed_seconds": 0.9707379341125488,
  "steps": [
    {
      "visit_idx": 1,
      "j": 1,
      "kept": true,
      "beta": -0.3956522823139796,
      "coefficient": -0.2954846604028621,
      "loss": -2.5,
      "expected_cut": 2.5,
      "best_measured_cut": 0.0,
      "success_probability_ancilla_1": 0.02166944007035686,
      "epochs_run": 5,
      "stop_reason": "loss_plateau_last5",
      "history_path": "benchmark_results_walsh_article/unweighted/runs_4/n4_graph01_trainseed00/histories/history_visit001_j001.json",
      "improvement_vs_previous": 2.5
    },
    {
      "visit_idx": 2,
      "j": 2,
      "kept": true,
      "beta": 0.39586743063707114,
      "coefficient": 0.29562970813758754,
      "loss": -2.9999999380042865,
      "expected_cut": 2.9999999380042865,
      "best_measured_cut": 2.0,
      "success_probability_ancilla_1": 0.04241995961254619,
      "epochs_run": 5,
      "stop_reason": "loss_plateau_last5",
      "history_path": "benchmark_results_walsh_article/unweighted/runs_4/n4_graph01_trainseed00/histories/history_visit002_j002.json",
      "improvement_vs_previous": 0.49999993800428655
    },
    {
      "visit_idx": 3,
      "j": 3,
      "kept": false,
      "beta": -5.338330639881317e-05,
      "coefficient": 0.0,
      "loss": -2.9999999380042865,
      "expected_cut": 2.9999999380042865,
      "best_measured_cut": 2.0,
      "success_probability_ancilla_1": 0.04241995961254619,
      "epochs_run": 8,
      "stop_reason": "loss_plateau_last5_and_discarded_near_zero",
      "history_path": "benchmark_results_walsh_article/unweighted/runs_4/n4_graph01_trainseed00/histories/history_visit003_j003.json",
      "improvement_vs_previous": 0.0
    },
    {
      "visit_idx": 4,
      "j": 4,
      "kept": true,
      "beta": 0.27256794898616504,
      "coefficient": 0.20892588227475622,
      "loss": -3.1720076181729984,
      "expected_cut": 3.1720076181729984,
      "best_measured_cut": 4.0,
      "success_probability_ancilla_1": 0.052370375759207666,
      "epochs_run": 7,
      "stop_reason": "loss_plateau_last5",
      "history_path": "benchmark_results_walsh_article/unweighted/runs_4/n4_graph01_trainseed00/histories/history_visit004_j004.json",
      "improvement_vs_previous": 0.17200768016871182
    },
    {
      "visit_idx": 5,
      "j": 5,
      "kept": false,
      "beta": -3.533272324063308e-05,
      "coefficient": 0.0,
      "loss": -3.1720076181729984,
      "expected_cut": 3.1720076181729984,
      "best_measured_cut": 4.0,
      "success_probability_ancilla_1": 0.052370375759207666,
      "epochs_run": 7,
      "stop_reason": "loss_plateau_last5_and_discarded_near_zero",
      "history_path": "benchmark_results_walsh_article/unweighted/runs_4/n4_graph01_trainseed00/histories/history_visit005_j005.json",
      "improvement_vs_previous": 0.0
    },
    {
      "visit_idx": 6,
      "j": 6,
      "kept": false,
      "beta": 1.0604230870514542e-05,
      "coefficient": 0.0,
      "loss": -3.1720076181729984,
      "expected_cut": 3.1720076181729984,
      "best_measured_cut": 4.0,
      "success_probability_ancilla_1": 0.052370375759207666,
      "epochs_run": 8,
      "stop_reason": "loss_plateau_last5_and_discarded_near_zero",
      "history_path": "benchmark_results_walsh_article/unweighted/runs_4/n4_graph01_trainseed00/histories/history_visit006_j006.json",
      "improvement_vs_previous": 0.0
    },
    {
      "visit_idx": 7,
      "j": 7,
      "kept": true,
      "beta": -0.33953061289879277,
      "coefficient": -0.25687097327265174,
      "loss": -3.478243333467346,
      "expected_cut": 3.478243333467346,
      "best_measured_cut": 4.0,
      "success_probability_ancilla_1": 0.0648220031195069,
      "epochs_run": 5,
      "stop_reason": "loss_plateau_last5",
      "history_path": "benchmark_results_walsh_article/unweighted/runs_4/n4_graph01_trainseed00/histories/history_visit007_j007.json",
      "improvement_vs_previous": 0.3062357152943478
    },
    {
      "visit_idx": 8,
      "j": 8,
      "kept": true,
      "beta": -0.10365613492334069,
      "coefficient": -0.08112100845285942,
      "loss": -3.503696848909174,
      "expected_cut": 3.503696848909174,
      "best_measured_cut": 4.0,
      "success_probability_ancilla_1": 0.06625308815832673,
      "epochs_run": 7,
      "stop_reason": "loss_plateau_last5",
      "history_path": "benchmark_results_walsh_article/unweighted/runs_4/n4_graph01_trainseed00/histories/history_visit008_j008.json",
      "improvement_vs_previous": 0.025453515441828056
    },
    {
      "visit_idx": 9,
      "j": 9,
      "kept": false,
      "beta": -3.580010811687906e-07,
      "coefficient": 0.0,
      "loss": -3.503696848909174,
      "expected_cut": 3.503696848909174,
      "best_measured_cut": 4.0,
      "success_probability_ancilla_1": 0.06625308815832673,