{
  "0": 0.0,
  "1": -0.2751919651290172,
  "2": 0.24745118835838942,
  "3": -0.2434144758650919,
  "4": 0.315381299549433,
  "5": 0.3809091220874375,
  "6": 0.3247918995222241,
  "7": -0.0504606114151378,
  "8": -0.27315277660751425,
  "9": -0.198719860875525,
  "10": -0.051445103363692415,
  "11": 0.04311700889136941,
  "12": -0.3024544111365439,
  "13": 0.15861382255330803,
  "14": -0.18808492356280682,
  "15": -0.13350022319098634,
  "16": -0.10121658739857806,
  "17": -0.21523474261627396,
  "18": -0.09633191145262919,
  "19": 0.01138363865737775,
  "20": 0.1853628889140419,
  "21": 0.1312820074431251,
  "22": -0.04586734967315808,
  "23": 0.20557755892746063,
  "24": 0.13714536841207883,
  "25": -0.13015500196349405,
  "26": 0.12281030992163361,
  "27": 0.02159493753121556,
  "28": 0.1467220772215474,
  "29": -0.028452125834295548,
  "30": -0.1156707083690086,
  "31": -0.07187536515379307,
  "32": 0.018467559433832867,
  "33": 0.030779542310296424,
  "34": 0.05694551400287312,
  "35": -0.013438439503658507,
  "36": -0.17874084750460123,
  "37": -0.05759645449965513,
  "38": -0.027095563688901446,
  "39": -0.19826734063594,
  "40": 0.19424377494095277,
  "41": 0.07065030335196042,
  "42": 0.0839215868301793,
  "43": 0.14661865573270227,
  "44": -0.01104286224676534,
  "45": 0.0905627667227868,
  "46": 0.09611324145411063,
  "47": -0.020657322888228066,
  "48": 0.06686678742266369,
  "49": -0.015775664676140815,
  "50": 0.0,
  "51": 0.029670915673340504,
  "52": -0.008019735306432681,
  "53": -0.1267921003247035,
  "54": -0.0838188325262944,
  "55": -0.023294009636109107,
  "56": 0.032122852898746015,
  "57": 0.0,
  "58": 0.008474020627631628,
  "59": 0.011074474937883296,
  "60": 0.0,
  "61": -0.028783521963422643,
  "62": -0.006058751165778473,
  "63": 0.0054081009240140605
}