{
  "0": 0.0,
  "1": -0.5458248894677665,
  "2": 0.5450436314795801,
  "3": -0.47773680773443183,
  "4": 0.5584104516485139,
  "5": 0.6902215491554424,
  "6": 0.45975490365484045,
  "7": -0.48701290115581397,
  "8": -0.14939293587066055,
  "9": -0.6181551491905192,
  "10": 0.35886583090061847,
  "11": -0.016731716243686107,
  "12": -0.2129085254800146,
  "13": 0.09251952651379274,
  "14": -0.03466973272061365,
  "15": -0.533346356135173
}