{
  "0": 0.0,
  "1": -0.23471458652608995,
  "2": 0.2600095260432917,
  "3": -0.2517846524224908,
  "4": 0.4030941726525198,
  "5": 0.0,
  "6": 0.31572134879666053,
  "7": -0.2756181488054349,
  "8": -0.13464731620284806,
  "9": 0.12101140900673013,
  "10": 0.08929080156329917,
  "11": 0.09931291295807568,
  "12": -0.2282102163086529,
  "13": 0.1980903613124024,
  "14": -0.23868402634585448,
  "15": -0.07004964370042366,
  "16": 0.0,
  "17": 0.0,
  "18": 0.0,
  "19": 0.0,
  "20": 0.0,
  "21": 0.0,
  "22": 0.0,
  "23": 0.0,
  "24": 0.0,
  "25": 0.0,
  "26": 0.0,
  "27": 0.0,
  "28": 0.0,
  "29": 0.0,
  "30": 0.0,
  "31": 0.0,
  "32": 0.0,
  "33": 0.1066754979823813,
  "34": 0.022293281652861357,
  "35": -0.007476525640733639,
  "36": -0.12468767755262235,
  "37": -0.09273240801697122,
  "38": 0.0024140925993306867,
  "39": -0.061572351453843065,
  "40": -0.03133154492819157,
  "41": 0.056339379568448957,
  "42": -0.018538175490007223,
  "43": -0.08599104468149696,
  "44": -0.11990614690409435,
  "45": 0.11191024041358527,
  "46": 0.13040357310393857,
  "47": 0.11349133903123758,
  "48": 0.0,
  "49": 0.0,
  "50": 0.0,
  "51": 0.0,
  "52": 0.0,
  "53": 0.0,
  "54": 0.0,
  "55": 0.0,
  "56": 0.0,
  "57": 0.0,
  "58": 0.0,
  "59": 0.0,
  "60": 0.0,
  "61": 0.0,
  "62": 0.0,
  "63": 0.0
}