epoch,beta,coefficient,loss,expected_cut,best_measured_cut,success_probability_ancilla_1,max_postselected_probability,grad
0,0.26027903629758703,0.15994256994589282,-6.33797144769012,6.33797144769012,4.0,0.022581182395160618,0.03789352288822425,-0.11834485562158244
1,0.27020461647468264,0.1657599921827976,-6.338886281679709,6.338886281679709,4.0,0.022840528048376395,0.03814523433447397,-0.1006614868626363
2,0.2799906209151631,0.17146586507610123,-6.339627656751172,6.339627656751172,4.0,0.023103724537809008,0.03837752274977432,-0.08379180119763005
3,0.28955881822960716,0.17701536188220654,-6.340204775013949,6.340204775013949,4.0,0.02336808564861871,0.03858979237244132,-0.06783904230226512
4,0.29881787291408013,0.1823571586647751,-6.340630125925596,6.340630125925596,4.0,0.023630351671282905,0.03878161287385461,-0.05290317269134256
5,0.3076648283924014,0.1874344650935649,-6.340919553747545,6.340919553747545,4.0,0.02388671969440386,0.03895276529636232,-0.03907781995737529
6,0.31598867619212057,0.19218716374696096,-6.3410920246846265,6.3410920246846265,4.0,0.0241329533905555,0.03910328821274544,-0.026446312776417225
7,0.3236762594317027,0.19655514061865964,-6.3411689956347805,6.3411689956347805,4.0,0.024364586957452063,0.03923351483029191,-0.01507697226992705
8,0.33062015843498793,0.20048256154719868,-6.3411733542259405,6.3411733542259405,4.0,0.02457721617854569,0.03934408928552937,-0.005018183753626369
