epoch,beta,coefficient,loss,expected_cut,best_measured_cut,success_probability_ancilla_1,max_postselected_probability,grad
0,-0.3081197832842854,-0.2346185600847552,-2.978645938878231,2.978645938878231,3.0,0.057091178312638706,0.24505036656842427,-0.0031702966859638243
1,-0.315018902390217,-0.23954335206299612,-2.9788208902559274,2.9788208902559274,3.0,0.05758086684350841,0.24519810515093715,0.04072588883356
2,-0.3217391770766476,-0.2443205980310013,-2.9787924246374535,2.9787924246374535,3.0,0.05806613732275285,0.24530255342090312,0.010181733253881891
3,-0.3244422774254674,-0.24623654881296675,-2.978727283847766,2.978727283847766,3.0,0.058263593001577005,0.24533389373191256,-0.018473198823743986
4,-0.32339833318049577,-0.24549698723044644,-2.9787560345274935,2.9787560345274935,3.0,0.05818718243967064,0.24532250488798785,-0.029694878227315334
