epoch,beta,coefficient,loss,expected_cut,best_measured_cut,success_probability_ancilla_1,max_postselected_probability,grad
0,-0.5138195497646242,-0.49523633070108314,-3.9999999999995683,3.9999999999995683,0.0,0.09278363292353878,0.015624999999998314,1.3733462389855397e-12
1,-0.513819611130018,-0.49523638059068276,-3.9999999999995683,3.9999999999995683,0.0,0.09278365101656338,0.015624999999998314,1.37178306185542e-12
2,-0.5138196863344028,-0.49523644173127307,-3.99999999999957,3.99999999999957,0.0,0.09278367318988857,0.015624999999998324,1.3758068255329945e-12
3,-0.5138197731250205,-0.4952365122913768,-3.99999999999957,3.99999999999957,0.0,0.09278369877930961,0.01562499999999832,1.3723136970433743e-12
4,-0.5138198700297659,-0.49523659107418144,-3.9999999999995683,3.9999999999995683,0.0,0.0927837273507901,0.015624999999998314,1.3671902265859822e-12
