epoch,beta,coefficient,loss,expected_cut,best_measured_cut,success_probability_ancilla_1,max_postselected_probability,grad
0,-0.4239165724087083,-0.4191144256599678,-3.999999999999801,3.999999999999801,2.0,0.20032199671241377,0.043944183643728735,1.880604474041606e-13
1,-0.42391658082015643,-0.41911443305747953,-3.9999999999997997,3.9999999999997997,2.0,0.20032199831339048,0.043944183650242066,1.8819809939069796e-13
2,-0.4239165911517194,-0.4191144421436507,-3.999999999999803,3.999999999999803,2.0,0.20032200027982838,0.043944183658242264,1.8972996047172334e-13
3,-0.42391660307410334,-0.4191144526288812,-3.9999999999997997,3.9999999999997997,2.0,0.20032200254905227,0.04394418366747423,1.8847768842512215e-13
4,-0.4239166164189486,-0.41911446436510597,-3.9999999999998,3.9999999999998,2.0,0.20032200508901757,0.0439441836778077,1.897263625119783e-13
