epoch,beta,coefficient,loss,expected_cut,best_measured_cut,success_probability_ancilla_1,max_postselected_probability,grad
0,-0.48770299825338387,-0.473743198079671,-4.269208168171095,4.269208168171095,2.0,0.4481779657897055,0.03396816103008501,-0.02837739484734866
1,-0.47774490976087336,-0.46541204739260483,-4.269447527443423,4.269447527443423,2.0,0.4472836725221089,0.033977637254561134,-0.02550999290308488
2,-0.46786754800205116,-0.4570752626094252,-4.269655241914284,4.269655241914284,2.0,0.44639449733443065,0.03398492617403598,-0.022545068922446763
3,-0.4581207754034104,-0.4487779289470948,-4.269830162271022,4.269830162271022,2.0,0.4455153098080314,0.03398998760801922,-0.01949554402128662
4,-0.44856787679722904,-0.44057809236845386,-4.269971638935289,4.269971638935289,2.0,0.4446522107825425,0.033992826735438776,-0.01637975451498768
5,-0.4392880126089729,-0.4325492454935833,-4.270079736193609,4.270079736193609,2.0,0.4438127432762233,0.03399351087653148,-0.0132228431907905
6,-0.4303780418971832,-0.42478227771635735,-4.270155479506229,4.270155479506229,2.0,0.44300604143832417,0.033992188086360696,-0.01005822466459954
7,-0.421952695169535,-0.4173859225953525,-4.270201102543247,4.270201102543247,2.0,0.4422428252433035,0.03398910444551338,-0.006928857717008074
