epoch,beta,coefficient,loss,expected_cut,best_measured_cut,success_probability_ancilla_1,max_postselected_probability,grad
0,-0.49052512585438257,-0.47609068895845547,-4.393332012395801,4.393332012395801,4.0,0.4508853283573222,0.03459298482625065,0.0349173754927062
1,-0.5004537905795193,-0.48430160362328745,-4.393603849314969,4.393603849314969,4.0,0.45113825824603554,0.03458758944180013,0.029843843891046072
2,-0.5102472656215247,-0.4923271884132885,-4.393824868813255,4.393824868813255,4.0,0.45139045362178554,0.034580183423847034,0.024935705517198155
3,-0.5198268718144189,-0.5001063440020336,-4.393996986058274,4.393996986058274,4.0,0.451639574518265,0.03457099713388577,0.02022146193416528
4,-0.5290980130470243,-0.507567547980668,-4.394123160541697,4.394123160541697,4.0,0.45188280975218215,0.034560333583619006,0.01573290835830336
5,-0.5379505412604884,-0.514629565929992,-4.394207534078177,4.394207534078177,4.0,0.4521168873586173,0.0345485732695812,0.011504895416328449
6,-0.5462616522820253,-0.5212039990921392,-4.394255483632894,4.394255483632894,4.0,0.45233815760320173,0.03453617086164662,0.007574512843605312
