epoch,beta,coefficient,loss,expected_cut,best_measured_cut,success_probability_ancilla_1,max_postselected_probability,grad
0,0.4525283834865985,0.44398570797836934,-3.999999999999738,3.999999999999738,3.0,0.1539028311382664,0.03114586778927077,-3.8955174128223027e-13
1,0.45252840094253544,0.4439857229722974,-3.999999999999741,3.999999999999741,3.0,0.15390283515989522,0.03114586785290092,-3.912107722683217e-13
2,0.4525284222845792,0.44398574130423024,-3.99999999999974,3.99999999999974,3.0,0.15390284007683452,0.031145867930696573,-3.8885704210004436e-13
3,0.4525284469175063,0.44398576246289523,-3.999999999999741,3.999999999999741,3.0,0.15390284575195212,0.031145868020488084,-3.8959743616683624e-13
4,0.45252847443066596,0.44398578609556044,-3.999999999999737,3.999999999999737,3.0,0.15390285209063956,0.03114586812077847,-3.885913805765769e-13
