{
  "0": 0.0,
  "1": -0.43611270140283254,
  "2": 0.43847335794873765,
  "3": 0.0,
  "4": -0.003191062183585169,
  "5": 0.0,
  "6": 0.0011174376705487413,
  "7": 0.0022847445424208864,
  "8": 0.0,
  "9": 0.0,
  "10": 0.0,
  "11": -0.00399219328900374,
  "12": 0.0,
  "13": 0.2710476136869454,
  "14": -0.34922273652938957,
  "15": 0.0
}