epoch,beta,coefficient,loss,expected_cut,best_measured_cut,success_probability_ancilla_1,max_postselected_probability,grad
0,0.23392899140897372,0.14435824898525088,-2.499999999995638,2.499999999995638,2.0,0.005732265330463146,0.12498920259069109,-1.824572246035897e-11
1,0.23392980708823122,0.14435873443809602,-2.499999999995638,2.499999999995638,2.0,0.00573228489077512,0.12498919867675391,-1.824471534026698e-11
2,0.2339308057884843,0.14435932881593844,-2.499999999995638,2.499999999995638,2.0,0.005732308840082375,0.12498919388366733,-1.8243671831744342e-11
3,0.23393195866677136,0.14436001495271264,-2.4999999999956373,2.4999999999956373,2.0,0.0057323364867607075,0.12498918834933592,-1.8243792342173724e-11
4,0.2339332473156243,0.1443607818930575,-2.499999999995638,2.499999999995638,2.0,0.00573236738943217,0.12498918216160346,-1.824620547884494e-11
5,0.2339346586188316,0.14436162183071363,-2.499999999995638,2.499999999995638,2.0,0.0057324012336046745,0.1249891753829307,-1.8246596935039195e-11
6,0.2339361826194888,0.14436252883968947,-2.4999999999956395,2.4999999999956395,2.0,0.005732437780547204,0.12498916806062334,-1.8246268097486857e-11
