epoch,beta,coefficient,loss,expected_cut,best_measured_cut,success_probability_ancilla_1,max_postselected_probability,grad
0,0.42728204088851235,0.42207021992883853,-3.9999999999996927,3.9999999999996927,3.0,0.13060629956761804,0.03124078504079892,-5.529319777803213e-13
1,0.4272820656327679,0.4220702416316107,-3.999999999999695,3.999999999999695,3.0,0.1306063054067158,0.03124078506969372,-5.538936490693765e-13
2,0.4272820959704375,0.42207026824027194,-3.9999999999996954,3.9999999999996954,3.0,0.13060631256573615,0.031240785105120086,-5.554114122235017e-13
3,0.42728213098948126,0.42207029895488707,-3.9999999999996927,3.9999999999996927,3.0,0.13060632082945764,0.03124078514601294,-5.539971840360775e-13
4,0.4272821701430794,0.42207033329584964,-3.9999999999996967,3.9999999999996967,3.0,0.130606330068843,0.03124078519173379,-5.547500130654726e-13
