epoch,beta,coefficient,loss,expected_cut,best_measured_cut,success_probability_ancilla_1,max_postselected_probability,grad
0,-0.4433978702599848,-0.43611271615674074,-3.999999999999449,3.999999999999449,0.0,0.07247288016271074,0.015624999999997845,2.141237844271792e-12
1,-0.44339796586284685,-0.4361127989082204,-3.9999999999994467,3.9999999999994467,0.0,0.0724729069813592,0.015624999999997839,2.135656064474716e-12
2,-0.44339808304643413,-0.4361129003394344,-3.9999999999994467,3.9999999999994467,0.0,0.07247293985386608,0.015624999999997839,2.1444382211033204e-12
3,-0.443398218326259,-0.4361130174342918,-3.999999999999445,3.999999999999445,0.0,0.07247297780275994,0.015624999999997835,2.1406705958895186e-12
4,-0.4433983695335423,-0.4361131483155462,-3.9999999999994484,3.9999999999994484,0.0,0.07247302021965339,0.015624999999997849,2.14047283113867e-12
