epoch,beta,coefficient,loss,expected_cut,best_measured_cut,success_probability_ancilla_1,max_postselected_probability,grad
0,-0.5275737241616422,-0.5063454101736097,-3.9999999999998015,3.9999999999998015,2.0,0.20215906394023636,0.04384139749903367,2.1300280663385891e-13
1,-0.5275737336673613,-0.5063454178006876,-3.9999999999998015,3.9999999999998015,2.0,0.20215906602338668,0.04384139741236246,2.1225210450768725e-13
2,-0.5275737453517679,-0.5063454271758727,-3.999999999999803,3.999999999999803,2.0,0.20215906858398977,0.0438413973058264,2.1484713841517114e-13
3,-0.5275737588594411,-0.5063454380139875,-3.9999999999998015,3.9999999999998015,2.0,0.2021590715441565,0.04384139718266615,2.1447108316335856e-13
4,-0.5275737739993427,-0.5063454501617483,-3.999999999999804,3.999999999999804,2.0,0.20215907486202112,0.04384139704462361,2.1614956344492712e-13
