{
  "0": 0.0,
  "1": -0.50809332388956,
  "2": 0.5137681272222299,
  "3": -0.42908079097920954,
  "4": 0.37478913668978103,
  "5": 0.6633075982527419,
  "6": 0.395752932779299,
  "7": -0.28211319174612665,
  "8": -0.22064770876447168,
  "9": -0.49854565180831983,
  "10": 0.224640144975435,
  "11": 0.02095938755827257,
  "12": -0.36706641648217697,
  "13": 0.2858718280272594,
  "14": -0.3203689413884147,
  "15": -0.19220429474471082,
  "16": 0.008392770006442308,
  "17": 0.1308942408231139,
  "18": 0.01069109704676494,
  "19": 0.015716468480746485,
  "20": 0.0796845592590647,
  "21": 0.04946119116022854,
  "22": -0.06315160602905219,
  "23": -0.07582709238308,
  "24": -0.12336502850548299,
  "25": 0.004417908110628415,
  "26": 0.03451297202806071,
  "27": 0.1825633146262401,
  "28": -0.06376772214934943,
  "29": -0.23871154063459618,
  "30": -0.21814785110887835,
  "31": 0.03437438102246401,
  "32": -0.03259413891938173,
  "33": -0.00539387551512233,
  "34": -0.09358777373733827,
  "35": 0.13769074566049555,
  "36": 0.20799251903766638,
  "37": 0.01758239888807665,
  "38": -0.029826188899047344,
  "39": 0.11089480554923474,
  "40": -0.045594193472433785,
  "41": 0.06140974608554378,
  "42": -0.10973260875091492,
  "43": 0.12321051643030974,
  "44": -0.03135961749989167,
  "45": -0.056038480322237634,
  "46": -0.21280856602671816,
  "47": -0.03858902913849801,
  "48": 0.09476373593812452,
  "49": -0.01337562727662663,
  "50": 0.026270671578207543,
  "51": 0.12707584352299114,
  "52": 0.033825198108155416,
  "53": -0.1663180821528386,
  "54": -0.07848496704559155,
  "55": -0.02585487212185513,
  "56": -0.019925828176842592,
  "57": 0.07777959562552723,
  "58": 0.041930876248075476,
  "59": 0.013712248338031514,
  "60": 0.1506477654622097,
  "61": -0.010335717914801519,
  "62": 0.03860903285726575,
  "63": -0.10775152951894233
}