{
  "0": 0.0,
  "1": -0.13905304042294403,
  "2": 0.1517679375703618,
  "3": -0.147597664886928,
  "4": -0.16627771784518328,
  "5": 0.2407037653255366,
  "6": 0.19970804857234534,
  "7": -0.018095230832499403,
  "8": 0.18222817873578975,
  "9": -0.10490517662561237,
  "10": -0.044633594079990936,
  "11": 0.0,
  "12": -0.2034999421056971,
  "13": 0.09570063068255973,
  "14": -0.0987976747967186,
  "15": -0.09623355983487863,
  "16": -0.017902706064202255,
  "17": 0.01187603202107147,
  "18": 0.0035368104718479076,
  "19": -0.004904698476023281,
  "20": -0.1333583957346974,
  "21": 0.12413523439819098,
  "22": 0.07803602274401998,
  "23": -0.10853737736630657,
  "24": 0.22607193331415507,
  "25": -0.11243070452306535,
  "26": -0.10456201942008378,
  "27": 0.16903575391780742,
  "28": 0.012606968362215703,
  "29": -0.004789995927124678,
  "30": -0.003574535000814597,
  "31": 0.014542885124956401,
  "32": -0.05410926788115558,
  "33": 0.07284728944134125,
  "34": 0.06276361014180008,
  "35": 0.005501472443157852,
  "36": -0.10110906475290948,
  "37": 0.018500019782076698,
  "38": 0.09067742566957665,
  "39": -0.13709737592387083,
  "40": 0.012444207078930711,
  "41": 0.019524312127361602,
  "42": -0.09121322708343631,
  "43": 0.06509547931448813,
  "44": 0.05097824764581404,
  "45": 0.05307061773920923,
  "46": 0.08193677144833456,
  "47": -0.02307423081926227,
  "48": -0.07316736978845917,
  "49": 0.027398617303298973,
  "50": 0.041368423150869846,
  "51": -0.06538788538816896,
  "52": -0.08089395198604428,
  "53": 0.11164188956822149,
  "54": 0.10963495799139837,
  "55": -0.07935865927060612,
  "56": 0.06352979604125407,
  "57": -0.13967470748343555,
  "58": -0.11942919016001467,
  "59": 0.051574034597416774,
  "60": 0.03298230561436108,
  "61": -0.03054317598509719,
  "62": -0.007606947660380934,
  "63": 0.01323401393850908
}