{
  "config": {
    "N_VERTICES": 4,
    "PROB_ARESTA": 0.85,
    "COM_PESO": false,
    "PESO_MIN": 1,
    "PESO_MAX": 1,
    "GRAPH_SEED": 104882,
    "GRAPH_EDGES": [
      [
        0,
        1,
        1.0
      ],
      [
        0,
        2,
        1.0
      ],
      [
        0,
        3,
        1.0
      ],
      [
        2,
        3,
        1.0
      ]
    ],
    "REVERSE_BITS": false,
    "ER": 0.75,
    "MAX_TERMS": null,
    "A_MAX": 0.6283185307179586,
    "INIT_BETA": 0.25,
    "MAX_EPOCHS": 200,
    "LR": 0.01,
    "FD_EPS": 0.01,
    "LOSS_TOL_LAST5": 0.002,
    "PATIENCE_LAST5": 7,
    "TRAIN_SEED": 9,
    "INIT_BETA_JITTER": 0.03,
    "OPTIMIZER": "adam",
    "ADAM_BETA1": 0.9,
    "ADAM_BETA2": 0.999,
    "ADAM_EPS": 1e-08,
    "COEF_ZERO_TOL": 0.002,
    "IMPROVEMENT_TOL": 0.002,
    "SATURATION_PATIENCE": 60,
    "INDEX_STRATEGY": "ascending",
    "INDEX_RANDOM_SEED": 42,
    "ENABLE_BACKWARD_PRUNING": false,
    "BACKWARD_PASSES": 1,
    "PRUNE_IMPROVEMENT_TOL": 1e-06,
    "OUTDIR": "benchmark_results_walsh_article/unweighted/coarse_loader/n4/graph07_trainseed09",
    "SHOW_PLOTS": false,
    "name": "coarse_loader"
  },
  "n_qubits_register": 4,
  "graph_edges": [
    [
      0,
      1,
      1.0
    ],
    [
      0,
      2,
      1.0
    ],
    [
      0,
      3,
      1.0
    ],
    [
      2,
      3,
      1.0
    ]
  ],
  "graph_signature": "0c4184843706290033a85b58881df740fdc53f7edeeaffa6a9dd8c38dfc1a494",
  "graph_num_edges": 4,
  "graph_density": 0.6666666666666666,
  "best_cut_bruteforce": 3.0,
  "best_bitstring_bruteforce": "0101",
  "best_index_bruteforce": 5,
  "candidate_order": [
    1,
    2,
    3,
    4,
    5,
    6,
    7,
    8,
    9,
    10,
    11,
    12,
    13,
    14,
    15
  ],
  "total_possible_parameters": 15,
  "visited_parameters": 15,
  "trained_coefficients": {
    "0": 0.0,
    "1": -0.15694881068406955,
    "2": 0.1548350928984196,
    "3": 0.0,
    "4": 0.11561817378778849,
    "5": 0.0,
    "6": 0.0,
    "7": -0.13643935788828707,
    "8": 0.019705582191319383,
    "9": 0.0,
    "10": 0.0,
    "11": -0.020708782786848307,
    "12": 0.0,
    "13": 0.010212655817503002,
    "14": -0.005015604755952007,
    "15": 0.0
  },
  "final_coefficient_vector": [
    0.0,
    -0.15694881068406955,
    0.1548350928984196,
    0.0,
    0.11561817378778849,
    0.0,
    0.0,
    -0.13643935788828707,
    0.019705582191319383,
    0.0,
    0.0,
    -0.020708782786848307,
    0.0,
    0.010212655817503002,
    -0.005015604755952007,
    0.0
  ],
  "active_indices": [
    1,
    2,
    4,
    7,
    8,
    11,
    13,
    14
  ],
  "active_parameter_count": 8,
  "compression_ratio_active_over_total": 0.5333333333333333,
  "final_loss": -2.9959552716475915,
  "final_expected_cut": 2.9959552716475915,
  "best_expected_cut_over_evolution": 2.9959552716475915,
  "final_best_measured_index": 7,
  "final_best_measured_bitstring": "0111",
  "final_best_measured_cut": 3.0,
  "best_measured_cut_over_evolution": 3.0,
  "final_success_probability_ancilla_1": 0.011298417769618721,
  "final_max_postselected_probability": 0.265534819720044,
  "gap_expected_to_bruteforce": 0.004044728352408544,
  "gap_measured_to_bruteforce": 0.0,
  "approx_ratio_measured": 1.0,
  "n_steps": 15,
  "elapsed_seconds": 5.361403942108154,
  "steps": [
    {
      "visit_idx": 1,
      "j": 1,
      "kept": true,
      "beta": -0.25519073389250035,
      "coefficient": -0.15694881068406955,
      "loss": -2.0,
      "expected_cut": 2.0,
      "best_measured_cut": 0.0,
      "success_probability_ancilla_1": 0.0034600077337486263,
      "epochs_run": 7,
      "stop_reason": "loss_plateau_last5",
      "history_path": "benchmark_results_walsh_article/unweighted/coarse_loader/n4/graph07_trainseed09/histories/history_visit001_j001.json",
      "improvement_vs_previous": 2.0
    },
    {
      "visit_idx": 2,
      "j": 2,
      "kept": true,
      "beta": 0.25160597084078723,
      "coefficient": 0.1548350928984196,
      "loss": -2.499953831440429,
      "expected_cut": 2.499953831440429,
      "best_measured_cut": 1.0,
      "success_probability_ancilla_1": 0.006804247889563774,
      "epochs_run": 7,
      "stop_reason": "loss_plateau_last5",
      "history_path": "benchmark_results_walsh_article/unweighted/coarse_loader/n4/graph07_trainseed09/histories/history_visit002_j002.json",
      "improvement_vs_previous": 0.49995383144042904
    },
    {
      "visit_idx": 3,
      "j": 3,
      "kept": false,
      "beta": -0.0011901101830597846,
      "coefficient": 0.0,
      "loss": -2.499953831440429,
      "expected_cut": 2.499953831440429,
      "best_measured_cut": 1.0,
      "success_probability_ancilla_1": 0.006804247889563774,
      "epochs_run": 27,
      "stop_reason": "loss_plateau_last5_and_discarded_near_zero",
      "history_path": "benchmark_results_walsh_article/unweighted/coarse_loader/n4/graph07_trainseed09/histories/history_visit003_j003.json",
      "improvement_vs_previous": 0.0
    },
    {
      "visit_idx": 4,
      "j": 4,
      "kept": true,
      "beta": 0.1861321908290741,
      "coefficient": 0.11561817378778849,
      "loss": -2.6831936393048035,
      "expected_cut": 2.6831936393048035,
      "best_measured_cut": 3.0,
      "success_probability_ancilla_1": 0.008657318299385047,
      "epochs_run": 8,
      "stop_reason": "loss_plateau_last5",
      "history_path": "benchmark_results_walsh_article/unweighted/coarse_loader/n4/graph07_trainseed09/histories/history_visit004_j004.json",
      "improvement_vs_previous": 0.18323980786437444
    },
    {
      "visit_idx": 5,
      "j": 5,
      "kept": false,
      "beta": 0.00044369423316414393,
      "coefficient": 0.0,
      "loss": -2.6831936393048035,
      "expected_cut": 2.6831936393048035,
      "best_measured_cut": 3.0,
      "success_probability_ancilla_1": 0.008657318299385047,
      "epochs_run": 31,
      "stop_reason": "loss_plateau_last5_and_discarded_near_zero",
      "history_path": "benchmark_results_walsh_article/unweighted/coarse_loader/n4/graph07_trainseed09/histories/history_visit005_j005.json",
      "improvement_vs_previous": 0.0
    },
    {
      "visit_idx": 6,
      "j": 6,
      "kept": false,
      "beta": -0.0022525711569913124,
      "coefficient": 0.0,
      "loss": -2.6831936393048035,
      "expected_cut": 2.6831936393048035,
      "best_measured_cut": 3.0,
      "success_probability_ancilla_1": 0.008657318299385047,
      "epochs_run": 32,
      "stop_reason": "loss_plateau_last5_and_discarded_near_zero",
      "history_path": "benchmark_results_walsh_article/unweighted/coarse_loader/n4/graph07_trainseed09/histories/history_visit006_j006.json",
      "improvement_vs_previous": 0.0
    },
    {
      "visit_idx": 7,
      "j": 7,
      "kept": true,
      "beta": -0.22066309780011786,
      "coefficient": -0.13643935788828707,
      "loss": -2.9843582654609615,
      "expected_cut": 2.9843582654609615,
      "best_measured_cut": 3.0,
      "success_probability_ancilla_1": 0.011167389860474518,
      "epochs_run": 7,
      "stop_reason": "loss_plateau_last5",
      "history_path": "benchmark_results_walsh_article/unweighted/coarse_loader/n4/graph07_trainseed09/histories/history_visit007_j007.json",
      "improvement_vs_previous": 0.301164626156158
    },
    {
      "visit_idx": 8,
      "j": 8,
      "kept": true,
      "beta": 0.031372696890161346,
      "coefficient": 0.019705582191319383,
      "loss": -2.9897720481561834,
      "expected_cut": 2.9897720481561834,
      "best_measured_cut": 3.0,
      "success_probability_ancilla_1": 0.011220775363220636,
      "epochs_run": 29,
      "stop_reason": "loss_plateau_last5",
      "history_path": "benchmark_results_walsh_article/unweighted/coarse_loader/n4/graph07_trainseed09/histories/history_visit008_j008.json",
      "improvement_vs_previous": 0.005413782695221858
    },
    {
      "visit_idx": 9,
      "j": 9,
      "kept": false,
      "beta": -0.0018311876371607527,