{
  "0": 0.0,
  "1": -0.15694881068406955,
  "2": 0.1548350928984196,
  "3": 0.0,
  "4": 0.11561817378778849,
  "5": 0.0,
  "6": 0.0,
  "7": -0.13643935788828707,
  "8": 0.019705582191319383,
  "9": 0.0,
  "10": 0.0,
  "11": -0.020708782786848307,
  "12": 0.0,
  "13": 0.010212655817503002,
  "14": -0.005015604755952007,
  "15": 0.0
}