epoch,beta,coefficient,loss,expected_cut,best_measured_cut,success_probability_ancilla_1,max_postselected_probability,grad
0,-0.35172311596751366,-0.26538824290260965,-3.4768636032505746,3.4768636032505746,4.0,0.06578013949122427,0.245400023125634,-0.07721552011771327
1,-0.3422304975172182,-0.25876296032470364,-3.4771181269758813,3.4771181269758813,4.0,0.06506796292134343,0.24530570640024751,-0.04355123991597773
2,-0.33423605929593664,-0.2531510386819735,-3.477077899072435,3.477077899072435,4.0,0.06447964936791556,0.24517552994435912,-0.0097774669092249
3,-0.32912392231761783,-0.24954719942132814,-3.47692513386782,3.47692513386782,4.0,0.06410907985793388,0.24506702412941253,0.020053811566520148
4,-0.32734408370635765,-0.24828973011767164,-3.476848080241197,3.476848080241197,4.0,0.0639811109674224,0.24502450791598407,0.039799085388582345
