epoch,beta,coefficient,loss,expected_cut,best_measured_cut,success_probability_ancilla_1,max_postselected_probability,grad
0,0.2205813365992754,0.13639040734657024,-5.456240551360205,5.456240551360205,7.0,0.06541591266778646,0.14128076067852663,0.18922860755251258
1,0.2106278551331809,0.13041843276248327,-5.457814630603236,5.457814630603236,7.0,0.06525947189035142,0.14109207657649522,0.16862331406858344
2,0.20076385734327307,0.12447575005351452,-5.459165361476151,5.459165361476151,7.0,0.06511245580380934,0.14088425657585493,0.14757636957593454
3,0.19104396471784793,0.1185971172826354,-5.460287911827474,5.460287911827474,7.0,0.06497552408276953,0.14065893876623053,0.12621254021344908
4,0.1815367218565203,0.11282618338837262,-5.4611814803063945,5.4611814803063945,7.0,0.06484932647256392,0.14041862330411814,0.10469195248595592
5,0.1723265840226944,0.10721676218436826,-5.4618506443651675,5.4618506443651675,7.0,0.06473447354504067,0.14016685792725306,0.08321630205791312
6,0.16351490176836775,0.1018334783739755,-5.462306773423466,5.462306773423466,7.0,0.06463149508384129,0.13990839220423312,0.06203410236960171
7,0.15521885090771853,0.0967511207474541,-5.462569225504535,5.462569225504535,7.0,0.06454078608737907,0.13964923874385937,0.04144302870851633
8,0.1475670841984503,0.09205192592651147,-5.462665870363716,5.462665870363716,7.0,0.06446254519488409,0.13939655862963352,0.021786503176218303
9,0.14069122972208178,0.08782023139891983,-5.462632382621411,5.462632382621411,7.0,0.06439671750658117,0.13915829253266207,0.0034412392833104233
10,0.1347135336109968,0.08413467291682596,-5.462509885599451,5.462509885599451,7.0,0.06434296029457018,0.1389425128017074,-0.013206546215425245
