epoch,beta,coefficient,loss,expected_cut,best_measured_cut,success_probability_ancilla_1,max_postselected_probability,grad
0,-0.2186415822908128,-0.13522856544454265,-4.665095205693269,4.665095205693269,4.0,0.04028998193671267,0.05695242885605517,-0.16954020693301725
1,-0.20867357254551977,-0.12924294909248052,-4.666572334727163,4.666572334727163,4.0,0.04008464092797898,0.05662617169527758,-0.15544688457787634
2,-0.19876598516720673,-0.12326924115382562,-4.667893462970762,4.667893462970762,4.0,0.0398889494727685,0.05628696347653745,-0.14083431162654916
3,-0.1889539676569075,-0.11733022126376488,-4.669052161458829,4.669052161458829,4.0,0.039703549815140154,0.055936298641383074,-0.1257669925801418
4,-0.179280563840036,-0.11145375362050138,-4.670043831391631,4.670043831391631,4.0,0.03952909156351865,0.055576211175013955,-0.11032832208992004
5,-0.16979790392075703,-0.10567354661329253,-4.670866343514875,4.670866343514875,4.0,0.039366216979697145,0.05520937125859703,-0.0946234208715928
6,-0.160568204506682,-0.10002979133909491,-4.671520755577906,4.671520755577906,4.0,0.039215540117772604,0.0548391753920211,-0.07878180205687371
7,-0.15166428903276352,-0.09456949510761829,-4.672012052980927,4.672012052980927,4.0,0.03907761876895943,0.05446981205472238,-0.06295942378892766
8,-0.14316922418730665,-0.08934625305297847,-4.672349809820922,4.672349809820922,4.0,0.03895291907105135,0.054106276624948185,-0.047339451244745666
9,-0.1351745953840984,-0.08441915466231699,-4.672548612296147,4.672548612296147,4.0,0.03884177446297734,0.05375430274512571,-0.032130819371805744
10,-0.12777699574241494,-0.07985055422110948,-4.672628044261202,4.672628044261202,4.0,0.038744343434840456,0.053420177846414396,-0.017563566802017937
11,-0.12107256846289317,-0.07570260208310377,-4.672612040573341,4.672612040573341,4.0,0.038660573646534475,0.05311042454299678,-0.003880079599209307
