{
  "0": 0.0,
  "1": -0.23491402374279563,
  "2": 0.23551789667528297,
  "3": -0.0014547273463324135,
  "4": -0.0014448300419390649,
  "5": 0.0028770658343145457,
  "6": -0.0031953575501216195,
  "7": 0.0,
  "8": 0.0,
  "9": 0.0,
  "10": 0.004751229009359992,
  "11": -0.002367531946050498,
  "12": -0.004445607341276785,
  "13": 0.16732107307693828,
  "14": -0.19892574173778943,
  "15": 0.0023120893312062497
}