epoch,beta,coefficient,loss,expected_cut,best_measured_cut,success_probability_ancilla_1,max_postselected_probability,grad
0,-0.5254081821003728,-0.5046060315383786,-2.49999999999974,2.49999999999974,0.0,0.09620951193743896,0.062499999999993505,7.984501227002762e-13
1,-0.5254082178373671,-0.5046060602725813,-2.4999999999997407,2.4999999999997407,0.0,0.09620952252880711,0.06249999999999352,8.0007665719896e-13
2,-0.5254082615785657,-0.5046060954425343,-2.4999999999997407,2.4999999999997407,0.0,0.09620953549238032,0.06249999999999352,7.98488151171025e-13
3,-0.5254083121108336,-0.5046061360728203,-2.499999999999739,2.499999999999739,0.0,0.09620955046862219,0.06249999999999348,8.010145355383083e-13
4,-0.5254083685860581,-0.5046061814815167,-2.4999999999997407,2.4999999999997407,0.0,0.09620956720617767,0.06249999999999353,7.991589411908755e-13
