epoch,beta,coefficient,loss,expected_cut,best_measured_cut,success_probability_ancilla_1,max_postselected_probability,grad
0,0.2910503443847767,0.22234721188548986,-6.111177598377369,6.111177598377369,7.0,0.12016195002560613,0.0747546551327292,0.07451359633289412
1,0.2811332267119982,0.21516264096770257,-6.111737610174725,6.111737610174725,7.0,0.11945796048696006,0.07565950978113688,0.06258320540129925
2,0.27138960191207656,0.2080656303157131,-6.112166726119448,6.112166726119448,7.0,0.11878183564169176,0.0765509153936214,0.05027675671471391
3,0.2619497118996041,0.20115480945285769,-6.112463837151902,6.112463837151902,7.0,0.11814190057624524,0.07741612419194671,0.037729803462494146
4,0.25299408673512946,0.19456753338200292,-6.112634190185343,6.112634190185343,7.0,0.11754890151948896,0.07823779216647639,0.0251490479399052
5,0.24475746511667004,0.18848323733379774,-6.112692139513801,6.112692139513801,7.0,0.11701592408308298,0.07899371085642799,0.012833690272322772
