epoch,beta,coefficient,loss,expected_cut,best_measured_cut,success_probability_ancilla_1,max_postselected_probability,grad
0,-0.4716732889743166,-0.46029600750431865,-2.4999999999998757,2.4999999999998757,2.0,0.20097426369911878,0.17621136772117335,1.272818805245133e-13
1,-0.4716732946617345,-0.460296012309472,-2.4999999999998757,2.4999999999998757,2.0,0.20097426486400466,0.17621136762544679,1.2713848541576223e-13
2,-0.47167330161800564,-0.46029601818664667,-2.499999999999875,2.499999999999875,2.0,0.20097426628877452,0.17621136750836383,1.2682907019047768e-13
3,-0.471673309639638,-0.46029602496391747,-2.499999999999876,2.499999999999876,2.0,0.2009742679317496,0.17621136737334944,1.265899905701971e-13
4,-0.47167331860590545,-0.46029603253928625,-2.4999999999998757,2.4999999999998757,2.0,0.20097426976820296,0.17621136722243563,1.2693142558234056e-13
