epoch,beta,coefficient,loss,expected_cut,best_measured_cut,success_probability_ancilla_1,max_postselected_probability,grad
0,-0.5780193607312091,-0.5458248837352205,-1.499999999999866,1.499999999999866,0.0,0.11193182286656511,0.06249999999999442,3.6048728747919705e-13
1,-0.5780193768481995,-0.5458248960276542,-1.4999999999998659,1.4999999999998659,0.0,0.11193182771105259,0.06249999999999441,3.6046882979585017e-13
2,-0.578019396578179,-0.5458249110757155,-1.499999999999866,1.499999999999866,0.0,0.1119318336415417,0.06249999999999442,3.602656996609657e-13
3,-0.578019419329296,-0.5458249284279989,-1.4999999999998659,1.4999999999998659,0.0,0.11193184048013247,0.06249999999999441,3.5901722984544715e-13
4,-0.5780194447486372,-0.5458249478153371,-1.4999999999998654,1.4999999999998654,0.0,0.11193184812074496,0.06249999999999441,3.5937038113327785e-13
