{
  "0": 0.0,
  "1": -0.27018863601691945,
  "2": 0.24332089639836038,
  "3": -0.23055456898709661,
  "4": 0.30774341121028503,
  "5": 0.3734363043526586,
  "6": 0.31387412976099643,
  "7": -0.04955662492910013,
  "8": -0.01383269786433636,
  "9": -0.37594398630711756,
  "10": 0.0,
  "11": -0.2003660457628518,
  "12": 0.0054941878909222554,
  "13": 0.04522096165606657,
  "14": 0.016012021822208074,
  "15": 0.12332176089978385,
  "16": -0.0365364036987439,
  "17": -0.08424299218201599,
  "18": -0.07773927424902051,
  "19": -0.05968420700577867,
  "20": -0.07858359899308576,
  "21": 0.0,
  "22": 0.0,
  "23": -0.04203879999309121,
  "24": 0.34076326449219313,
  "25": 0.09397479593584944,
  "26": -0.006308507890888372,
  "27": 0.04697299234204092,
  "28": -0.12738935537376775,
  "29": -0.1266205095238895,
  "30": -0.2437788139344103,
  "31": 0.12541124266578038,
  "32": -0.16018703375127388,
  "33": 0.08560355674557085,
  "34": -0.0682963256868445,
  "35": 0.17563658187992498,
  "36": -0.10679353037984622,
  "37": 0.0965482744673351,
  "38": -0.2105232101064675,
  "39": -0.08539168432678909,
  "40": -0.07475562108257812,
  "41": 0.10083590481511545,
  "42": -0.03437370356934213,
  "43": 0.1677692907313846,
  "44": -0.047538331769571576,
  "45": -0.01337324427134641,
  "46": 0.016320243664442298,
  "47": 0.030955321702476467,
  "48": 0.012372641490495603,
  "49": 0.040965083776477534,
  "50": 0.0,
  "51": 0.07998327883302603,
  "52": -0.023588187818377765,
  "53": -0.034943414762474784,
  "54": 0.038364352100174824,
  "55": 0.0,
  "56": 0.11905762296710583,
  "57": 0.14740385058065922,
  "58": -0.04323445514386655,
  "59": -0.07532009764204439,
  "60": 0.011299073035003517,
  "61": -0.15029759558071953,
  "62": 0.07338438877024141,
  "63": -0.09767752806770719
}