epoch,beta,coefficient,loss,expected_cut,best_measured_cut,success_probability_ancilla_1,max_postselected_probability,grad
0,0.32879566156187434,0.24931538747873863,-0.9999999999996527,0.9999999999996527,0.0,0.028767426779100307,0.12488735151745592,-1.0242525058086596e-12
1,0.3287957073487728,0.2493154198160068,-0.9999999999996525,0.9999999999996525,0.0,0.028767430658985654,0.12488735102677219,-1.0239378841392447e-12
2,0.3287957634138079,0.24931545941226865,-0.9999999999996522,0.9999999999996522,0.0,0.028767435409819162,0.12488735042593956,-1.0241781192094594e-12
3,0.3287958281167611,0.24931550510910933,-0.9999999999996523,0.9999999999996523,0.0,0.028767440892612444,0.1248873497325351,-1.0230792640836398e-12
4,0.32879590043828166,0.24931555618660575,-0.9999999999996524,0.9999999999996524,0.0,0.028767447020988136,0.12488734895748212,-1.0237918641874403e-12
