epoch,beta,coefficient,loss,expected_cut,best_measured_cut,success_probability_ancilla_1,max_postselected_probability,grad
0,-0.308532019193251,-0.23491340088183083,-0.9999999999992719,0.9999999999992719,0.0,0.013732749158402733,0.062499999999954495,4.4131495411385665e-12
1,-0.3085322165314458,-0.23491354200533615,-0.9999999999992719,0.9999999999992719,0.0,0.013732765582274042,0.062499999999954495,4.4143984259573914e-12
2,-0.3085324581518037,-0.2349137147965559,-0.9999999999992717,0.9999999999992717,0.0,0.013732785691628684,0.06249999999995448,4.4134556550236e-12
3,-0.30853273707051954,-0.23491391426111277,-0.9999999999992721,0.9999999999992721,0.0,0.01373280890523084,0.06249999999995451,4.413151263478333e-12
4,-0.3085330488311372,-0.23491413721202622,-0.9999999999992719,0.9999999999992719,0.0,0.013732834852188297,0.062499999999954495,4.413464481927778e-12
