epoch,beta,coefficient,loss,expected_cut,best_measured_cut,success_probability_ancilla_1,max_postselected_probability,grad
0,-0.3871130651839405,-0.28970884782840695,-1.4654857366271825,1.4654857366271825,1.0,0.1113324581024827,0.3455681731855762,-0.049479911465282106
1,-0.3772087028858182,-0.2829639838243117,-1.465845868375546,1.465845868375546,1.0,0.11071329030309619,0.34564704723016354,-0.04081183216404145
2,-0.36750969504791137,-0.2763121456713878,-1.4661106996168833,1.4661106996168833,1.0,0.11012000713299078,0.34566840715555913,-0.03184707554374218
3,-0.3581791078319192,-0.2698699840232806,-1.466280162079208,1.466280162079208,1.0,0.10956186877576968,0.34563480725754664,-0.022702723923783294
4,-0.34944771697057125,-0.2638039807495511,-1.466360187984302,1.466360187984302,1.0,0.10905113187335887,0.3455536100562695,-0.01356601068295482
