epoch,beta,coefficient,loss,expected_cut,best_measured_cut,success_probability_ancilla_1,max_postselected_probability,grad
0,0.4560730551320078,0.4470258527526718,-2.9994572014861207,2.9994572014861207,3.0,0.13519186484034507,0.12493215018578348,0.06525998687150598
1,0.4462869947664928,0.43861045895270484,-2.999823080657793,2.999823080657793,3.0,0.13281267531034632,0.12497788508224303,0.046978592977274046
2,0.4370599592539968,0.4306123320442977,-2.9999868042531173,2.9999868042531173,3.0,0.1305891095309525,0.12499835053165873,0.027532981061573966
3,0.42900725728533473,0.4235823254145139,-2.999974982176263,2.999974982176263,3.0,0.12866517430496496,0.12499687277205224,0.007706850361366187
4,0.4229439336181344,0.41825869827395556,-2.999864837672054,2.999864837672054,3.0,0.1272273031087184,0.12498310470902649,-0.010841285913454941
5,0.41942875847446565,0.415160508518865,-2.999759279364276,2.999759279364276,3.0,0.12639810039146698,0.12496990992055436,-0.025606930999670634
