epoch,beta,coefficient,loss,expected_cut,best_measured_cut,success_probability_ancilla_1,max_postselected_probability,grad
0,0.3340119318294104,0.25299328592104187,-10.998569383229235,10.998569383229235,6.0,0.029189534184830356,0.007801323306505147,0.13937957444443186
1,0.3241736028075705,0.24604625781485004,-10.999434024588473,10.999434024588473,6.0,0.028355309926631714,0.007808078317124998,0.10598720407209378
2,0.3147538470378696,0.2393545277016605,-10.999902434519626,10.999902434519626,6.0,0.027573265003034617,0.007811737769712893,0.06908538604757125
3,0.3062260524659636,0.23326318736644286,-10.999990192982423,10.999990192982423,6.0,0.02687977809243743,0.007812423382704281,0.029676440764769635
4,0.29930529286251406,0.2282969712094355,-10.999804405490337,10.999804405490337,6.0,0.026327373639885063,0.007810971917922963,-0.009701577537936665
5,0.2946824967263385,0.22496855841088206,-10.999542630811042,10.999542630811042,6.0,0.025963683813053185,0.007808926803241387,-0.044411603550853294
