{
  "0": 0.0,
  "1": -0.13902743826480082,
  "2": 0.15176589480188898,
  "3": -0.1475973217197463,
  "4": -0.166277460121021,
  "5": 0.24068901495878908,
  "6": 0.1997052686183179,
  "7": -0.01810388129555902,
  "8": -0.1478323481083973,
  "9": 0.13030052650930465,
  "10": 0.0,
  "11": 0.11884919854856986,
  "12": -0.2019745709277313,
  "13": 0.021529922806199267,
  "14": 0.12995029759602264,
  "15": -0.21256501024786473,
  "16": 0.1469687903882927,
  "17": -0.1620541622041046,
  "18": -0.07043973650157664,
  "19": -0.0610960355494124,
  "20": 0.17004060962901976,
  "21": 0.025035404712068624,
  "22": -0.11068830054736689,
  "23": 0.17681422440849065,
  "24": 0.07200649002532158,
  "25": 0.07729358268417011,
  "26": -0.11605445952627423,
  "27": 0.1354813757501196,
  "28": 0.1298601072176806,
  "29": -0.20569651433021813,
  "30": -0.1263892058832482,
  "31": -0.04617633573116984,
  "32": 0.0,
  "33": 0.004052788739956936,
  "34": 0.0,
  "35": 0.004018391227599442,
  "36": 0.0,
  "37": -0.002750552898685967,
  "38": 0.008259455186599563,
  "39": -0.009094200307177714,
  "40": 0.002157115550667928,
  "41": 0.0032007405038160185,
  "42": 0.0,
  "43": 0.0,
  "44": 0.007466225488848576,
  "45": -0.00649934530614003,
  "46": 0.0,
  "47": 0.0,
  "48": 0.0,
  "49": -0.005905639966716658,
  "50": -0.009392947787249048,
  "51": 0.008291927010509938,
  "52": -0.003501052359379775,
  "53": 0.007342589276679935,
  "54": -0.014809456808563931,
  "55": 0.006709956267022739,
  "56": -0.006635959590389667,
  "57": 0.004461796930566571,
  "58": 0.0,
  "59": -0.004429931907652265,
  "60": -0.008144512250919474,
  "61": 0.006235589946711373,
  "62": 0.0,
  "63": 0.004353734486300042
}