epoch,beta,coefficient,loss,expected_cut,best_measured_cut,success_probability_ancilla_1,max_postselected_probability,grad
0,-0.3519611821309169,-0.2655538576183929,-4.3254546471347375,4.3254546471347375,4.0,0.17266397087196977,0.06702696195056126,-0.07676300963643432
1,-0.34202581112530933,-0.2586196406619287,-4.326060292714578,4.326060292714578,4.0,0.17205594174461145,0.06698732366196618,-0.06630726065314434
2,-0.3322207017935842,-0.251731705899725,-4.326551428109477,4.326551428109477,4.0,0.17146758189520972,0.06694054560183636,-0.055548483210764624
3,-0.32263549543549247,-0.24495626460009634,-4.3269258673476845,4.3269258673476845,4.0,0.17090403791923073,0.06688727223659065,-0.044571905847653574
4,-0.3133899600105742,-0.23838241813309122,-4.327185018394238,4.327185018394238,4.0,0.1703717012983596,0.06682865035317506,-0.03350092164717192
5,-0.3046384402039109,-0.23212573265665407,-4.3273354339249375,4.3273354339249375,4.0,0.16987827806035077,0.06676647070310786,-0.022507727426884592
6,-0.2965686508318971,-0.22632766121268508,-4.327390273859333,4.327390273859333,4.0,0.16943255903516408,0.06670325515934598,-0.011822035125895494
