epoch,beta,coefficient,loss,expected_cut,best_measured_cut,success_probability_ancilla_1,max_postselected_probability,grad
0,-0.3570579433688116,-0.2690930898934758,-3.499999999999355,3.499999999999355,1.0,0.05420735074407551,0.04624906622658092,1.0146649684849715e-12
1,-0.35705798870822386,-0.26909312132282387,-3.499999999999355,3.499999999999355,1.0,0.05420735460804977,0.04624906625487858,1.0135501609465879e-12
2,-0.3570580442177137,-0.26909315980208354,-3.4999999999993547,3.4999999999993547,1.0,0.05420735933875205,0.04624906628952331,1.0137918707805498e-12
3,-0.35705810830374923,-0.26909320422661537,-3.499999999999355,3.499999999999355,1.0,0.0542073648003765,0.04624906632952033,1.0142595289871934e-12
4,-0.35705817995194133,-0.2690932538932427,-3.499999999999355,3.499999999999355,1.0,0.05420737090647375,0.04624906637423635,1.0149711609833334e-12
