epoch,beta,coefficient,loss,expected_cut,best_measured_cut,success_probability_ancilla_1,max_postselected_probability,grad
0,0.2328986380854076,0.14374488742122116,-7.002983078568693,7.002983078568693,8.0,0.04641184366249978,0.0963535048828253,-0.2922143882391686
1,0.24286467692861316,0.14966530119987292,-7.005517981251736,7.005517981251736,8.0,0.04662426245410388,0.09658780910644196,-0.266823147274174
2,0.2527701254740502,0.15552193639097822,-7.007794281488059,7.007794281488059,8.0,0.04684318792393992,0.09680069066760827,-0.24196185522241107
3,0.26258520322896634,0.16129688565893815,-7.009815435564508,7.009815435564508,8.0,0.047067620988932635,0.0969923345865906,-0.21772522867049124
4,0.27227697037431625,0.1669708027795515,-7.011587162313443,7.011587162313443,8.0,0.04729640269628499,0.09716310590587438,-0.19420636655038412
5,0.2818094194932968,0.1725230180675326,-7.013117529086037,7.013117529086037,8.0,0.04752821322555535,0.0973135576596533,-0.17149541647121325
6,0.2911437058006776,0.17793172734961202,-7.014416980094204,7.014416980094204,8.0,0.04776157666182947,0.09744443443577025,-0.14967815174325613
7,0.3002385419863902,0.1831742641503994,-7.0154982931141525,7.0154982931141525,8.0,0.047994872818617765,0.09755667040147067,-0.12883449489049448
8,0.30905077717841023,0.1882274603637717,-7.01637645206465,7.01637645206465,8.0,0.04822635716060564,0.09765138076657393,-0.10903703532999418
9,0.3175361677886443,0.19306809392213792,-7.017068426515164,7.017068426515164,8.0,0.048454189426031996,0.09772984591735703,-0.09034960224129301
10,0.3256503312311665,0.19767341314747103,-7.017592854992455,7.017592854992455,8.0,0.04867647086840699,0.09779348789424283,-0.07282596546524864
11,0.33334985296381486,0.20202171745072214,-7.017969636865141,7.017969636865141,8.0,0.048891289168528605,0.09784383949654314,-0.05650874468556372
12,0.34059349563606445,0.20609296432892274,-7.018219446867155,7.018219446867155,8.0,0.04909676911098347,0.09788250702507471,-0.041428607065512796
13,0.3473434400873139,0.20986936509079385,-7.0183631956882735,7.0183631956882735,8.0,0.049291126228515475,0.09791112842065908,-0.02760382332498667
14,0.35356647566976424,0.2133359283022117,-7.018421467856465,7.018421467856465,8.0,0.04947271997217381,0.0979313291942233,-0.015040230785210934
15,0.3592350552677027,0.2164809118836997,-7.018413972717456,7.018413972717456,8.0,0.049640102723720485,0.09794467894097861,-0.0037316203247730836
