epoch,beta,coefficient,loss,expected_cut,best_measured_cut,success_probability_ancilla_1,max_postselected_probability,grad
0,0.21257862913785197,0.1315908553501685,-7.651621428319778,7.651621428319778,9.0,0.0644462163611105,0.18396047842214286,0.08170161116090065
1,0.2028358322214509,0.12572600077955637,-7.652049186576296,7.652049186576296,9.0,0.06431783806451304,0.18386987718892142,0.056427694315520686
2,0.19373148670391865,0.12022474582407633,-7.652225682179754,7.652225682179754,9.0,0.06420508058793056,0.18376153233694,0.031302532296731744
3,0.18587985141656213,0.11546498570435716,-7.652201881821301,7.652201881821301,9.0,0.06411350740515265,0.18364948057573577,0.0074038108810401656
4,0.18000007538046153,0.11189155526538842,-7.652075947378501,7.652075947378501,9.0,0.06404840857953858,0.1835541653176219,-0.013511847974072871
5,0.1765248691758487,0.10977596415611071,-7.651957588652655,7.651957588652655,9.0,0.06401134356040034,0.18349320518396203,-0.02934867642808979
6,0.17536300915703135,0.10906808635975873,-7.651910700444877,7.651910700444877,9.0,0.06399918666333632,0.18347205497758984,-0.03877545061897347
