epoch,beta,coefficient,loss,expected_cut,best_measured_cut,success_probability_ancilla_1,max_postselected_probability,grad
0,-0.21488810969799954,-0.13297762340046843,-6.725338585823737,6.725338585823737,6.0,0.04013609687118997,0.06075817965365075,-0.11849809719032334
1,-0.20495477953188657,-0.12700352329221756,-6.726268276732471,6.726268276732471,6.0,0.039924935895511236,0.06171726455878324,-0.10202043615686701
2,-0.195156349082452,-0.12108699971886147,-6.727017667638029,6.727017667638029,6.0,0.03972491316195457,0.06266545891469287,-0.08507057809418932
3,-0.18558629505667779,-0.11528675810663304,-6.727583795448888,6.727583795448888,6.0,0.03953761918133834,0.06359275347991702,-0.06780163822634638
4,-0.17636959602462343,-0.10968137863605705,-6.727969734920583,6.727969734920583,6.0,0.03936489701475414,0.06448613570734375,-0.050429203487478154
5,-0.1676668640804966,-0.10437198454137475,-6.7281870567696265,6.7281870567696265,6.0,0.03920880291776161,0.06532928524721325,-0.03324665958106943
6,-0.15967198153741666,-0.09948087199816727,-6.728258001349454,6.728258001349454,6.0,0.0390714719268023,0.06610291840650974,-0.016635860026398008
7,-0.15259775373027823,-0.09514264078969001,-6.728216075279097,6.728216075279097,6.0,0.03895485499259389,0.06678627922760787,-0.0010631535233982903
