epoch,beta,coefficient,loss,expected_cut,best_measured_cut,success_probability_ancilla_1,max_postselected_probability,grad
0,-0.22512511523635764,-0.13910812279936102,-5.999999999977934,5.999999999977934,0.0,0.0027187767001188514,0.015624999999942536,1.8945331860392334e-10
1,-0.22513357736737155,-0.1391131790853439,-5.999999999977934,5.999999999977934,0.0,0.0027189741679462414,0.015624999999942539,1.894025926279633e-10
2,-0.2251439360072755,-0.13911936854606116,-5.999999999977934,5.999999999977934,0.0,0.0027192159004328083,0.015624999999942539,1.8938925686968835e-10
3,-0.22515589155988075,-0.1391265121535507,-5.999999999977939,5.999999999977939,0.0,0.0027194949109203372,0.01562499999994255,1.8937616045121025e-10
4,-0.2251692518949424,-0.13913449509317347,-5.999999999977939,5.999999999977939,0.0,0.0027198067203983455,0.01562499999994255,1.8933489537452615e-10
5,-0.2251838802483533,-0.13914323563282008,-5.999999999977946,5.999999999977946,0.0,0.0027201481417836993,0.015624999999942567,1.892859536208611e-10
6,-0.22519967332349594,-0.13915267203797005,-5.9999999999779465,5.9999999999779465,0.0,0.0027205167689314876,0.01562499999994257,1.8926674415416759e-10
