epoch,beta,coefficient,loss,expected_cut,best_measured_cut,success_probability_ancilla_1,max_postselected_probability,grad
0,-0.31573894623136556,-0.24005615422294577,-5.499999999996164,5.499999999996164,0.0,0.014337687342850484,0.015624999999989102,2.2654327266190628e-11
1,-0.3157399588642315,-0.24005687524288466,-5.49999999999616,5.49999999999616,0.0,0.014337773056807107,0.015624999999989092,2.2648225672741595e-11
2,-0.3157411989232346,-0.24005775819531608,-5.499999999996163,5.499999999996163,0.0,0.01433787802144162,0.015624999999989099,2.2660043990311475e-11
3,-0.3157426303600218,-0.2400587774125924,-5.499999999996165,5.499999999996165,0.0,0.014337999185595836,0.015624999999989106,2.2650344374446606e-11
4,-0.3157442302001629,-0.24005991653603465,-5.499999999996164,5.499999999996164,0.0,0.014338134604745563,0.015624999999989102,2.2645810068598106e-11
