epoch,beta,coefficient,loss,expected_cut,best_measured_cut,success_probability_ancilla_1,max_postselected_probability,grad
0,0.3761849591925794,0.28226404660625803,-4.528774669479276,4.528774669479276,2.0,0.0651409826031489,0.06008283375209276,-0.031835561923433384
1,0.3861616718443291,0.289063069027806,-4.529061587886433,4.529061587886433,2.0,0.06600846694278076,0.05999193082695613,-0.029761012473675727
2,0.39609881520662915,0.29578567573510967,-4.529328006577701,4.529328006577701,2.0,0.06688592655287418,0.05988932037569226,-0.027769671164050432
3,0.4059795215279163,0.302420401741812,-4.5295745161489895,4.5295745161489895,2.0,0.06777110751758472,0.05977621442361033,-0.025864027874212544
4,0.4157865830607216,0.30895594713942914,-4.529801792137037,4.529801792137037,2.0,0.06866165832230225,0.05965384361472492,-0.024045810496581107
5,0.4255026165003665,0.3153812985822933,-4.530010584557685,4.530010584557685,2.0,0.0695551545188745,0.05952344297369062,-0.0223160069344165
