epoch,beta,coefficient,loss,expected_cut,best_measured_cut,success_probability_ancilla_1,max_postselected_probability,grad
0,-0.37534592308633846,-0.28169001040399394,-5.413034966496793,5.413034966496793,5.0,0.19606933004059224,0.07102292119781457,-0.058575720165521726
1,-0.3654389792513529,-0.2748860663024014,-5.413464415418765,5.413464415418765,5.0,0.19548098554601095,0.07140528478760615,-0.048487259564804285
2,-0.3557285977934469,-0.2681711661915663,-5.413784399098193,5.413784399098193,5.0,0.19491416238117149,0.0717783862198073,-0.03815318264459219
3,-0.34636510867324133,-0.26165383006719595,-5.413995378199829,5.413995378199829,5.0,0.19437717098862983,0.07213633858031993,-0.027698887308783306
4,-0.33755740986753685,-0.255486103601215,-5.414103896616844,5.414103896616844,5.0,0.19388094068918968,0.07247119372146539,-0.01731621559165628
5,-0.32957379877935034,-0.24986481567981778,-5.414124990939518,5.414124990939518,5.0,0.19343881728312956,0.07277299399423322,-0.007282623765020975
