epoch,beta,coefficient,loss,expected_cut,best_measured_cut,success_probability_ancilla_1,max_postselected_probability,grad
0,0.44213962683846253,0.4350230412197279,-3.7697004880286835,3.7697004880286835,3.0,0.4395836795481497,0.03310709273782089,0.006574229244728552
1,0.432920228049688,0.42700411515351233,-3.769713497282962,3.769713497282962,3.0,0.43880254634534,0.03307504539000972,0.0030684856294965913
2,0.42602903617370574,0.420970675753794,-3.7697029322139866,3.7697029322139866,3.0,0.43821887106906066,0.03304953889581631,-0.0002620406132701385
3,0.4228685449860356,0.41819234358722246,-3.769692168265163,3.769692168265163,3.0,0.4379512747108375,0.033037390028561466,-0.002812964888256276
4,0.4229896539806126,0.4182989379427597,-3.769692649986443,3.769692649986443,3.0,0.43796152761102985,0.03303786083353589,-0.004000439374187507
