epoch,beta,coefficient,loss,expected_cut,best_measured_cut,success_probability_ancilla_1,max_postselected_probability,grad
0,0.4445153511745753,0.4370795297744169,-3.5108694527842514,3.5108694527842514,1.0,0.27457241231218216,0.050101538426968115,-0.01394900952302546
1,0.4545041894429569,0.44568142091671925,-3.511001437043843,3.511001437043843,1.0,0.2760593605218918,0.050027896678715426,-0.013455844477145564
2,0.46447447477783277,0.454194713839977,-3.5111284015891417,3.5111284015891417,1.0,0.2775564856193913,0.04994874228227391,-0.01297199546882494
3,0.47441847777861024,0.4626125459032736,-3.511250371794121,3.511250371794121,1.0,0.27906159190075347,0.04986446986884507,-0.012498131648462184
4,0.4843283828357004,0.47092826102558744,-3.5113673876883396,3.5113673876883396,1.0,0.28057245881159865,0.04977548137350602,-0.01203485454199955
