epoch,beta,coefficient,loss,expected_cut,best_measured_cut,success_probability_ancilla_1,max_postselected_probability,grad
0,-0.511292661825156,-0.49317953641741274,-3.499999999999853,3.499999999999853,1.0,0.23616517024675593,0.043431601201368214,1.193232342702671e-13
1,-0.5112926671392035,-0.4931795407480096,-3.499999999999853,3.499999999999853,1.0,0.2361651712587804,0.04343160118533515,1.184345308576387e-13
2,-0.5112926736406335,-0.49317954604624437,-3.4999999999998535,3.4999999999998535,1.0,0.23616517249693375,0.043431601165719626,1.1859339662198814e-13
3,-0.5112926811339185,-0.49317955215277537,-3.4999999999998512,3.4999999999998512,1.0,0.2361651739239792,0.04343160114311152,1.1810346805064434e-13
4,-0.5112926895205995,-0.49317955898736476,-3.4999999999998535,3.4999999999998535,1.0,0.2361651755211658,0.043431601117807986,1.1920754177710924e-13
