epoch,beta,coefficient,loss,expected_cut,best_measured_cut,success_probability_ancilla_1,max_postselected_probability,grad
0,0.5169297981067427,0.49776121711579574,-3.499999999999801,3.499999999999801,3.0,0.1766420314144525,0.031232460576020908,-2.6470292514357823e-13
1,0.5169298099377961,0.49776122670602674,-3.499999999999802,3.499999999999802,3.0,0.1766420341947152,0.031232460591227206,-2.64539424980331e-13
2,0.5169298244622862,0.49776123847955256,-3.4999999999997997,3.4999999999997997,3.0,0.17664203760792752,0.03123246060989532,-2.6650263166543584e-13
3,0.5169298412479719,0.49776125208599914,-3.4999999999998015,3.4999999999998015,3.0,0.17664204155251406,0.03123246063146972,-2.6631643229798955e-13
4,0.5169298599820276,0.49776126727179076,-3.4999999999998037,3.4999999999998037,3.0,0.1766420459549619,0.031232460655548328,-2.63968756437274e-13
