epoch,beta,coefficient,loss,expected_cut,best_measured_cut,success_probability_ancilla_1,max_postselected_probability,grad
0,0.3810894816435289,0.2856125919091391,-6.111313583238614,6.111313583238614,5.0,0.1251991799322442,0.07592344578301317,0.15593194923305437
1,0.37110681821618197,0.27878450450458875,-6.112747718764783,6.112747718764783,5.0,0.12437050612825523,0.07601028277359607,0.147880061279187
2,0.3611562173895174,0.2719300202272166,-6.1140902639203905,6.1140902639203905,5.0,0.1235562432909538,0.07608715559261428,0.13936512478023474
3,0.3512553148651689,0.2650627316116122,-6.115335136726765,6.115335136726765,5.0,0.12275819575189054,0.07615358063503169,0.1303963011750989
4,0.34142509060378085,0.25819890975626675,-6.116476615786469,6.116476615786469,5.0,0.12197832813211003,0.07620913901519173,0.12098954738161256
5,0.3316903619835502,0.2513579042755017,-6.117509547896385,6.117509547896385,5.0,0.12121877347293941,0.07625350151169806,0.11116889927481485
6,0.322080298957994,0.24456256258505038,-6.118429597012366,6.118429597012366,5.0,0.12048183832779455,0.07628645780209849,0.10096787317131571
7,0.3126289297916863,0.2378396442035213,-6.119233534607045,6.119233534607045,5.0,0.11977000281272271,0.0763079497344157,0.09043094764910424
8,0.30337558622673744,0.23122019024198415,-6.1199195665472175,6.1199195665472175,5.0,0.11908591289591719,0.07631810773734338,0.07961505537080024
9,0.2943652120388418,0.22473978855880544,-6.120487683930459,6.120487683930459,5.0,0.11843236147109709,0.07631728850926633,0.06859097030421256
10,0.28564843090427794,0.21843865270278565,-6.120940014493675,6.120940014493675,7.0,0.11781225417980493,0.07683983813442115,0.05744441931677595
11,0.2772812437535368,0.21236141194759858,-6.121281137626225,6.121281137626225,7.0,0.11722855583045805,0.07762210926952247,0.04627668263252406
12,0.26932421231358994,0.20655649822591776,-6.121518311537358,6.121518311537358,7.0,0.11668421404002433,0.07836738819940255,0.03520438639654625
13,0.2618409986842939,0.2010750249137869,-6.121661549719873,6.121661549719873,7.0,0.1161820588665436,0.07906912836554064,0.024358153894787446
14,0.2548961859995881,0.19596909453986458,-6.121723481702394,6.121723481702394,7.0,0.11572468099293257,0.07972080252566473,0.01387980118391148
