epoch,beta,coefficient,loss,expected_cut,best_measured_cut,success_probability_ancilla_1,max_postselected_probability,grad
0,-0.306699092512057,-0.23360189272816317,-6.811631461297301,6.811631461297301,6.0,0.16761973460408147,0.07053505046476008,-0.17541880361519932
1,-0.2967195225482094,-0.2264363108995856,-6.813225887858304,6.813225887858304,6.0,0.16717068174719263,0.07101128432606225,-0.16508471059847726
2,-0.2867772659208673,-0.21925640023684934,-6.814706363938708,6.814706363938708,6.0,0.1667378714746781,0.07148244084675659,-0.15439038006211644
3,-0.27689211286052856,-0.212078103264752,-6.816067842138534,6.816067842138534,6.0,0.16632233264483165,0.071947240663241,-0.14336300173287048
4,-0.26708710937985275,-0.20492004890642737,-6.817305952786096,6.817305952786096,6.0,0.16592508659577862,0.0724042917564931,-0.13203660468052658
5,-0.25738892779771966,-0.1978038559294735,-6.818417214196802,6.818417214196802,6.0,0.16554713097167922,0.07285208790712604,-0.12045282782929176
6,-0.24782821791535456,-0.19075442067214976,-6.81939926736547,6.81939926736547,6.0,0.16518942003776066,0.07328901020722625,-0.10866166572680744
7,-0.23843990320982641,-0.18380016043470973,-6.8202511293977555,6.8202511293977555,6.0,0.16485284126769226,0.07371333287404659,-0.09672213813022906
8,-0.22926337214948372,-0.1769731725110218,-6.820973455070865,6.820973455070865,6.0,0.1645381882471964,0.0741232348680212,-0.08470281023951176
9,-0.22034249961964544,-0.17030925671741987,-6.82156878951373,6.82156878951373,6.0,0.16424613037123015,0.0745168189904552,-0.07268206635873793
10,-0.21172542030652558,-0.16384773870953934,-6.822041787498977,6.822041787498977,6.0,0.16397718044319898,0.07489214012373137,-0.06074801570012941
11,-0.203463969496894,-0.15763102617326666,-6.822399367294381,6.822399367294381,6.0,0.16373166210150714,0.07524724394381914,-0.048997890422531845
12,-0.1956127135908941,-0.15170383531359902,-6.822650761368496,6.822650761368496,6.0,0.16350967991696067,0.07558021664072666,-0.03753679141571766
13,-0.18822751957879078,-0.14611204646488452,-6.822807425282112,6.822807425282112,6.0,0.16331109583647194,0.07588924483929733,-0.02647565789092899
14,-0.18136366429274586,-0.14090118874401877,-6.822882772954783,6.822882772954783,6.0,0.16313551609954333,0.07617268307029573,-0.015928393526717682
