{
  "0": 0.0,
  "1": -0.15694677410675487,
  "2": 0.1433291133547598,
  "3": -0.1369225818081854,
  "4": 0.13873899277625323,
  "5": -0.15557478362771848,
  "6": 0.15934722877578786,
  "7": -0.15337812043100663,
  "8": -0.2839559392417479,
  "9": 0.22493283648951398,
  "10": -0.18731139928975013,
  "11": 0.1600069658017069,
  "12": 0.030972226333275708,
  "13": 0.1489884726957724,
  "14": -0.12399189684704381,
  "15": 0.11365644547631573,
  "16": -0.13474624203460003,
  "17": 0.1330458854246352,
  "18": -0.02761294679218156,
  "19": 0.13650652794480927,
  "20": -0.020921135776206877,
  "21": 0.12737968421334597,
  "22": -0.10260363696813306,
  "23": 0.10842403218411885,
  "24": 0.036017586892999,
  "25": -0.2025091754574877,
  "26": 0.22034124493734233,
  "27": -0.17955169276118357,
  "28": 0.20317702879449098,
  "29": -0.1652707971187825,
  "30": 0.042911369669187474,
  "31": -0.15029100304202828,
  "32": 0.06528283906280807,
  "33": 0.015998313468894666,
  "34": -0.014599664266839155,
  "35": -0.013353015753465427,
  "36": -0.08699558618456801,
  "37": -0.00331233957002905,
  "38": -0.010382731513200625,
  "39": 0.004841427503687103,
  "40": 0.08434558599937894,
  "41": 0.07960111085947798,
  "42": -0.03279704801430556,
  "43": 0.03292774545622227,
  "44": -0.04738024552353817,
  "45": -0.04594316153292557,
  "46": 0.03238550627369272,
  "47": 0.009494193092492262,
  "48": 0.11296491456967449,
  "49": 0.027616027214345876,
  "50": -0.04309571087437033,
  "51": -0.023091969872453662,
  "52": -0.02845859012410946,
  "53": -0.02265409215149901,
  "54": 0.05839535780365166,
  "55": -0.002150408719378842,
  "56": 0.10162986146628405,
  "57": 0.004465899528220539,
  "58": -0.045575814831369126,
  "59": -0.05938198283502112,
  "60": -0.12566859339850106,
  "61": -0.04946893539109625,
  "62": 0.01820701324895639,
  "63": 0.040594879607115275
}