epoch,beta,coefficient,loss,expected_cut,best_measured_cut,success_probability_ancilla_1,max_postselected_probability,grad
0,0.25880041791681163,0.15907340119514132,-4.420430405349235,4.420430405349235,6.0,0.04659182450575795,0.1067984526689464,0.12479327229201682
1,0.24886644224450927,0.15321723666736445,-4.421411131377955,4.421411131377955,6.0,0.046357477835560296,0.1066492531231048,0.10755120567829671
2,0.23906607830445514,0.1474119641838414,-4.422202847933988,4.422202847933988,6.0,0.046133805049423694,0.10648109836543489,0.08979434918393496
3,0.22949201983399958,0.14171490028892603,-4.422802109762263,4.422802109762263,6.0,0.045922666258556843,0.10629628382189972,0.07167644992900435
4,0.22026843041809913,0.13620305394714444,-4.42321172260823,4.42321172260823,6.0,0.045726281867945986,0.10609865653768129,0.053417268622870606
5,0.21155531532835145,0.13097595878440096,-4.423443375087054,4.423443375087054,6.0,0.04554721482427347,0.10589401411488408,0.03531985011934249
6,0.2035465389631604,0.1261546102474803,-4.42352002671806,4.42352002671806,6.0,0.045388239815404574,0.1056903013553204,0.017783485177409884
7,0.19645586852725483,0.1218729897823561,-4.423476685005958,4.423476685005958,6.0,0.04525204465292931,0.10549730450895167,0.0013016681685505118
8,0.19048808088002997,0.11826025363918488,-4.423357864927613,4.423357864927613,6.0,0.045140773820738056,0.10532558029091388,-0.013569355602843353
