epoch,beta,coefficient,loss,expected_cut,best_measured_cut,success_probability_ancilla_1,max_postselected_probability,grad
0,-0.26596789792712217,-0.1632804986287947,-3.49999999999628,3.49999999999628,1.0,0.009414032237687997,0.046562953486791764,1.0480704721175872e-11
1,-0.2659683664302698,-0.1632807731186618,-3.499999999996281,3.499999999996281,1.0,0.00941404466786313,0.04656294842798612,1.0477769384485887e-11
2,-0.26596894008986616,-0.16328110921822597,-3.4999999999962816,3.4999999999962816,1.0,0.0094140598880396,0.04656294223364665,1.0479765990849256e-11
3,-0.26596960228326905,-0.16328149718845086,-3.499999999996281,3.499999999996281,1.0,0.009414077457203468,0.04656293508322221,1.0477195195769589e-11
4,-0.2659703425191188,-0.16328193088253962,-3.4999999999962825,3.4999999999962825,1.0,0.00941409709701368,0.04656292708995817,1.0482916394407227e-11
5,-0.2659711531956702,-0.16328240584668335,-3.4999999999962816,3.4999999999962816,1.0,0.009414118605795356,0.04656291833589898,1.0479591370810923e-11
6,-0.26597202862875424,-0.16328291875055634,-3.499999999996282,3.499999999996282,1.0,0.009414141832750009,0.04656290888238381,1.0481398936881042e-11
