epoch,beta,coefficient,loss,expected_cut,best_measured_cut,success_probability_ancilla_1,max_postselected_probability,grad
0,0.23727820102505404,0.14634999686222028,-3.499999999993873,3.499999999993873,3.0,0.005712295881041842,0.031229963234949146,-2.6044187268809703e-11
1,0.23727936517857776,0.14635068863722928,-3.4999999999938707,3.4999999999938707,3.0,0.00571232414350183,0.03122995949293001,-2.6037762818835073e-11
2,0.2372807907680015,0.14635153576479576,-3.4999999999938742,3.4999999999938742,3.0,0.005712358753069977,0.03122995491011184,-2.6050315075099357e-11
3,0.2372824362276574,0.1463525135450835,-3.4999999999938725,3.4999999999938725,3.0,0.005712398700729559,0.03122994961986786,-2.6032255469258216e-11
4,0.2372842753493715,0.1463536064041474,-3.4999999999938725,3.4999999999938725,3.0,0.005712443350299612,0.031229943706212706,-2.6037170720821467e-11
5,0.23728628942327126,0.1463548032237621,-3.4999999999938733,3.4999999999938733,3.0,0.005712492247636252,0.031229937229061856,-2.6037232648985933e-11
6,0.23728846433637257,0.14635609561731344,-3.4999999999938725,3.4999999999938725,3.0,0.005712545050194826,0.031229930233556507,-2.604203946388052e-11
