{
  "0": 0.0,
  "1": -0.14170454902027405,
  "2": 0.14435932898481454,
  "3": -0.14033056045611006,
  "4": 0.24170106306722014,
  "5": 0.0,
  "6": 0.17825207980941452,
  "7": -0.15346814101410736,
  "8": -0.11510018723105776,
  "9": 0.10284649438099892,
  "10": 0.010942682032316199,
  "11": 0.09851904436905995,
  "12": -0.1674410798342505,
  "13": 0.14333512768965084,
  "14": -0.16162527582853556,
  "15": -0.007347369655694401,
  "16": 0.0,
  "17": 0.0,
  "18": 0.0021664006766300248,
  "19": 0.0,
  "20": 0.0,
  "21": 0.0,
  "22": 0.0,
  "23": -0.002220246690949404,
  "24": -0.0024768104894951834,
  "25": 0.0,
  "26": 0.0,
  "27": 0.0,
  "28": 0.0,
  "29": 0.0,
  "30": 0.0,
  "31": 0.0,
  "32": 0.041066055350619086,
  "33": 0.030379376043505067,
  "34": 0.053112013080159545,
  "35": -0.03655596807377664,
  "36": -0.03287536357189471,
  "37": -0.11593885512068113,
  "38": 0.03938460573737386,
  "39": -0.09304229255240509,
  "40": -0.057675129952459846,
  "41": 0.06897550449399262,
  "42": -0.05479817830945499,
  "43": -0.01252207038285607,
  "44": -0.11778526161140916,
  "45": 0.11114236807058103,
  "46": 0.02378504104448807,
  "47": 0.11200584958717326,
  "48": 0.0,
  "49": 0.0,
  "50": 0.0,
  "51": 0.0,
  "52": 0.0,
  "53": 0.0,
  "54": 0.0020271549581074993,
  "55": 0.0,
  "56": 0.0,
  "57": 0.0,
  "58": 0.0,
  "59": 0.0,
  "60": 0.0,
  "61": 0.0,
  "62": 0.0,
  "63": 0.0
}