epoch,beta,coefficient,loss,expected_cut,best_measured_cut,success_probability_ancilla_1,max_postselected_probability,grad
0,0.40812036446866196,0.30385133706714584,-2.999887910970402,2.999887910970402,3.0,0.04387313791371332,0.1249859888713572,-0.0016889701438981084
1,0.4011755789813977,0.2992008732829152,-2.999992391335976,2.999992391335976,3.0,0.043212946175459746,0.12499904891705478,0.023625344128717765
2,0.39434818923939496,0.294604970481883,-2.999974027949568,2.999974027949568,3.0,0.04257020565701272,0.12499675349375461,0.006283102391527575
3,0.39184482254447217,0.2929138862910623,-2.99993574159416,2.99993574159416,3.0,0.042336137179652004,0.12499196769932908,-0.01184456198835835
4,0.3932030007218861,0.2938317612034257,-2.9999586637880244,2.9999586637880244,3.0,0.04246302087789284,0.12499483297356201,-0.018768533924499974
