epoch,beta,coefficient,loss,expected_cut,best_measured_cut,success_probability_ancilla_1,max_postselected_probability,grad
0,-0.3264435952862994,-0.24765298857609952,-2.999999999999654,2.999999999999654,1.0,0.0864887375223119,0.07380774998049051,2.676042544633296e-13
1,-0.3264436072382291,-0.247652997029793,-2.9999999999996536,2.9999999999996536,1.0,0.08648873831809445,0.073807750052123,2.670649912675096e-13
2,-0.3264436218628618,-0.24765300737391013,-2.999999999999652,2.999999999999652,1.0,0.08648873929183076,0.07380775013977396,2.668368552169802e-13
3,-0.3264436387555144,-0.24765301932221534,-2.9999999999996527,2.9999999999996527,1.0,0.08648874041657627,0.07380775024101806,2.6767560322339265e-13
4,-0.3264436576446791,-0.24765303268266897,-2.9999999999996523,2.9999999999996523,1.0,0.08648874167425347,0.07380775035422787,2.6772200120545715e-13
