epoch,beta,coefficient,loss,expected_cut,best_measured_cut,success_probability_ancilla_1,max_postselected_probability,grad
0,0.45252837887562125,0.4439857040177306,-2.4999999999998375,2.4999999999998375,2.0,0.1539028417708814,0.03114586762624483,-2.4373954561524636e-13
1,0.45252838974138465,0.44398571335097214,-2.499999999999838,2.499999999999838,2.0,0.15390284427421685,0.031145867665852586,-2.423854886562561e-13
2,0.45252840305027525,0.44398572478275883,-2.4999999999998384,2.4999999999998384,2.0,0.15390284734041823,0.031145867714365984,-2.4324631269623243e-13
3,0.45252841842090324,0.4439857379854924,-2.4999999999998384,2.4999999999998384,2.0,0.15390285088161806,0.031145867770394794,-2.4347185177555624e-13
4,0.45252843559260286,0.4439857527352719,-2.4999999999998357,2.4999999999998357,2.0,0.1539028548377623,0.031145867832988776,-2.426984942432595e-13
