{
  "0": 0.0,
  "1": -0.2701876791696432,
  "2": 0.2695990832156919,
  "3": -0.0010318515894951483,
  "4": 0.0,
  "5": 0.0016941508832438998,
  "6": -0.0013607639881400076,
  "7": 0.0,
  "8": 0.001451220553956337,
  "9": 0.0,
  "10": 0.0015432760087748798,
  "11": -0.0022987725833591545,
  "12": -0.003414246615238872,
  "13": 0.18304491119986402,
  "14": -0.21998263562967416,
  "15": 0.0
}