epoch,beta,coefficient,loss,expected_cut,best_measured_cut,success_probability_ancilla_1,max_postselected_probability,grad
0,0.25027912797249224,0.15405178383800344,-2.9999999999984004,2.9999999999984004,1.0,0.018760619927304645,0.09256202602413864,-2.054042501046111e-12
1,0.2502792197926488,0.15405183806220796,-2.999999999998401,2.999999999998401,1.0,0.018760622138876294,0.09256202575829305,-2.053379318885106e-12
2,0.25027933222761756,0.15405190446044412,-2.9999999999984013,2.9999999999984013,1.0,0.01876062484697532,0.09256202543275714,-2.054042333310161e-12
3,0.25027946201429163,0.15405198110568907,-2.9999999999984004,2.9999999999984004,1.0,0.018760627973007336,0.0925620250569762,-2.053312350948131e-12
4,0.25027960709043173,0.15405206678008998,-2.9999999999984013,2.9999999999984013,1.0,0.018760631467301912,0.09256202463691868,-2.0540630399002047e-12
5,0.2502797659859998,0.1540521606155172,-2.9999999999984004,2.9999999999984004,1.0,0.018760635294452335,0.09256202417683851,-2.0545289470141505e-12
6,0.2502799375521061,0.15405226193349458,-2.9999999999984004,2.9999999999984004,1.0,0.018760639426787032,0.09256202368005981,-2.0528302117380402e-12
