epoch,beta,coefficient,loss,expected_cut,best_measured_cut,success_probability_ancilla_1,max_postselected_probability,grad
0,-0.2638809305544099,-0.16205710987544047,-4.231485823827535,4.231485823827535,6.0,0.052436394904750244,0.2976485160693121,-0.0825338022533055
1,-0.2540778168671765,-0.15629299363183008,-4.231970460057002,4.231970460057002,6.0,0.0524002603473947,0.29789535535535977,-0.060445161689739034
2,-0.24473862022510565,-0.1507754311510794,-4.2322290164419565,4.2322290164419565,6.0,0.05237350754738324,0.29808474246081673,-0.03836024503552913
3,-0.23628710087851998,-0.14576091941504016,-4.23228940325952,4.23228940325952,6.0,0.05235584276821707,0.298216940901591,-0.016952503284390345
4,-0.22927945272816466,-0.1415881287004781,-4.232212767127841,4.232212767127841,6.0,0.052345969718905525,0.2982979028089072,0.002705508171937512
5,-0.22422378392045944,-0.13856945165185441,-4.232085443886202,4.232085443886202,6.0,0.05234156054526908,0.2983400015210215,0.01919392200051772
6,-0.22132948462877183,-0.13683825972040878,-4.2319851960561845,4.2319851960561845,6.0,0.052340067210918294,0.2983579015702436,0.031187785016817644
