epoch,beta,coefficient,loss,expected_cut,best_measured_cut,success_probability_ancilla_1,max_postselected_probability,grad
0,-0.2257381265996221,-0.13947435981032155,-2.9999999999969926,2.9999999999969926,1.0,0.009970193707351235,0.046562730887366406,6.952888158739402e-12
1,-0.2257384374818238,-0.13947454551826818,-2.9999999999969917,2.9999999999969917,1.0,0.00997020087304598,0.046562734483408474,6.954035583227167e-12
2,-0.2257388181649859,-0.13947477292233668,-2.9999999999969904,2.9999999999969904,1.0,0.009970209647633026,0.04656273888680474,6.954958425063166e-12
3,-0.22573925765537284,-0.1394750354553137,-2.9999999999969904,2.9999999999969904,1.0,0.009970219777717795,0.046562743970362766,6.95554544375418e-12
4,-0.22573974892687632,-0.13947532892008002,-2.9999999999969913,2.9999999999969913,1.0,0.00997023110135758,0.046562749652785174,6.95630789918535e-12
5,-0.22574028697366125,-0.13947565032634276,-2.9999999999969913,2.9999999999969913,1.0,0.00997024350317597,0.046562755876143815,6.956301995605301e-12
6,-0.2257408680477766,-0.13947599743521624,-2.9999999999969917,2.9999999999969917,1.0,0.009970256896790179,0.046562762597061005,6.959265870073486e-12
