epoch,beta,coefficient,loss,expected_cut,best_measured_cut,success_probability_ancilla_1,max_postselected_probability,grad
0,-0.23087131728542085,-0.14253719525066533,-2.999999999998585,2.999999999998585,1.0,0.021207128681287116,0.10822798952767224,1.4463534878550826e-12
1,-0.2308713819626938,-0.14253723379723654,-2.999999999998585,2.999999999998585,1.0,0.021207130084734575,0.10822798990563214,1.4468196534211725e-12
2,-0.2308714611883698,-0.14253728101441066,-2.999999999998585,2.999999999998585,1.0,0.021207131803871765,0.1082279903686072,1.4482044739733638e-12
3,-0.23087155266418327,-0.14253733553245918,-2.9999999999985865,2.9999999999985865,1.0,0.02120713378882832,0.10822799090316552,1.44810881615855e-12
4,-0.23087165491045095,-0.14253739646951483,-2.999999999998587,2.999999999998587,1.0,0.02120713600749652,0.10822799150065875,1.4473924810192414e-12
5,-0.23087176688619834,-0.14253746320517346,-2.9999999999985865,2.9999999999985865,1.0,0.021207138437288248,0.10822799215500242,1.4473614127441473e-12
6,-0.23087188778154663,-0.14253753525676016,-2.9999999999985842,2.9999999999985842,1.0,0.021207141060629986,0.1082279928614624,1.4460535410048946e-12
