epoch,beta,coefficient,loss,expected_cut,best_measured_cut,success_probability_ancilla_1,max_postselected_probability,grad
0,-0.2766273054244178,-0.16950821987352674,-3.961190553082388,3.961190553082388,6.0,0.05695632982237535,0.2647878301372894,0.05053497058769318
1,-0.28633969899915207,-0.17515158422698876,-3.9614434265800034,3.9614434265800034,6.0,0.05706140597495664,0.2645114855653138,0.03395588820932339
2,-0.2953616275144498,-0.1803664705367657,-3.961542321987661,3.961542321987661,6.0,0.057165558236638374,0.2642223888729203,0.018170023144232793
3,-0.30308617440416535,-0.184810055658721,-3.961524948681218,3.961524948681218,6.0,0.05725965139339752,0.263950700309496,0.003801994138488394
4,-0.3088571816262461,-0.18811673072144225,-3.9614516177483026,3.9614516177483026,6.0,0.057332861641042746,0.26373350474516033,-0.008263032013411848
5,-0.31231304637053553,-0.19009142372304963,-3.9613833410185375,3.9613833410185375,6.0,0.05737788007062879,0.26359772453442754,-0.017129162819440356
6,-0.31355221210568657,-0.19079848436162464,-3.9613544534252467,3.9613544534252467,6.0,0.05739423547017153,0.2635480068470903,-0.02237657217482375
