epoch,beta,coefficient,loss,expected_cut,best_measured_cut,success_probability_ancilla_1,max_postselected_probability,grad
0,-0.26115974173330647,-0.1604599599516005,-2.9999999999917053,2.9999999999917053,0.0,0.0036163601676766992,0.015624999999956798,6.065432921529442e-11
1,-0.2611624527875198,-0.16046155226181957,-2.9999999999917044,2.9999999999917044,0.0,0.003616431854646413,0.015624999999956795,6.065108043975481e-11
2,-0.2611657719940266,-0.16046350176112303,-2.9999999999917053,2.9999999999917053,0.0,0.003616519623493693,0.015624999999956798,6.064711042227987e-11
3,-0.26116960353705904,-0.16046575217151984,-2.9999999999917053,2.9999999999917053,0.0,0.0036166209410465975,0.015624999999956798,6.065101343557258e-11
4,-0.2611738861222236,-0.16046826749083803,-2.9999999999917044,2.9999999999917044,0.0,0.0036167341869525753,0.015624999999956795,6.065381985075967e-11
5,-0.2611785760685497,-0.16047102206199296,-2.9999999999917053,2.9999999999917053,0.0,0.0036168582065954423,0.015624999999956798,6.064981386107376e-11
6,-0.26118364020872503,-0.16047399640300475,-2.9999999999917053,2.9999999999917053,0.0,0.0036169921233621875,0.015624999999956798,6.064326368716752e-11
