{
  "config": {
    "N_VERTICES": 4,
    "PROB_ARESTA": 0.7,
    "COM_PESO": false,
    "PESO_MIN": 1,
    "PESO_MAX": 1,
    "GRAPH_SEED": 104476,
    "GRAPH_EDGES": [
      [
        0,
        1,
        1.0
      ],
      [
        0,
        2,
        1.0
      ],
      [
        0,
        3,
        1.0
      ],
      [
        1,
        2,
        1.0
      ],
      [
        1,
        3,
        1.0
      ]
    ],
    "REVERSE_BITS": false,
    "ER": 0.75,
    "MAX_TERMS": null,
    "A_MAX": 0.6283185307179586,
    "INIT_BETA": 0.25,
    "MAX_EPOCHS": 200,
    "LR": 0.01,
    "FD_EPS": 0.01,
    "LOSS_TOL_LAST5": 0.002,
    "PATIENCE_LAST5": 7,
    "TRAIN_SEED": 1,
    "INIT_BETA_JITTER": 0.03,
    "OPTIMIZER": "adam",
    "ADAM_BETA1": 0.9,
    "ADAM_BETA2": 0.999,
    "ADAM_EPS": 1e-08,
    "COEF_ZERO_TOL": 0.002,
    "IMPROVEMENT_TOL": 0.002,
    "SATURATION_PATIENCE": 60,
    "INDEX_STRATEGY": "ascending",
    "INDEX_RANDOM_SEED": 42,
    "ENABLE_BACKWARD_PRUNING": false,
    "BACKWARD_PASSES": 1,
    "PRUNE_IMPROVEMENT_TOL": 1e-06,
    "OUTDIR": "benchmark_results_walsh_article/unweighted/coarse_loader/n4/graph03_trainseed01",
    "SHOW_PLOTS": false,
    "name": "coarse_loader"
  },
  "n_qubits_register": 4,
  "graph_edges": [
    [
      0,
      1,
      1.0
    ],
    [
      0,
      2,
      1.0
    ],
    [
      0,
      3,
      1.0
    ],
    [
      1,
      2,
      1.0
    ],
    [
      1,
      3,
      1.0
    ]
  ],
  "graph_signature": "37c67a7d685a1ea528dadea71897f720cb7ad726475a7878001b269ff86755a3",
  "graph_num_edges": 5,
  "graph_density": 0.8333333333333334,
  "best_cut_bruteforce": 4.0,
  "best_bitstring_bruteforce": "0011",
  "best_index_bruteforce": 3,
  "candidate_order": [
    1,
    2,
    3,
    4,
    5,
    6,
    7,
    8,
    9,
    10,
    11,
    12,
    13,
    14,
    15
  ],
  "total_possible_parameters": 15,
  "visited_parameters": 15,
  "trained_coefficients": {
    "0": 0.0,
    "1": -0.16046899175651802,
    "2": 0.16137619492539332,
    "3": 0.0,
    "4": -0.002741662823599812,
    "5": 0.0,
    "6": 0.0,
    "7": 0.003243421150368109,
    "8": 0.0,
    "9": 0.0,
    "10": 0.0,
    "11": 0.0,
    "12": 0.0,
    "13": 0.0,
    "14": -0.002269131411044407,
    "15": 0.0
  },
  "final_coefficient_vector": [
    0.0,
    -0.16046899175651802,
    0.16137619492539332,
    0.0,
    -0.002741662823599812,
    0.0,
    0.0,
    0.003243421150368109,
    0.0,
    0.0,
    0.0,
    0.0,
    0.0,
    0.0,
    -0.002269131411044407,
    0.0
  ],
  "active_indices": [
    1,
    2,
    4,
    7,
    14
  ],
  "active_parameter_count": 5,
  "compression_ratio_active_over_total": 0.3333333333333333,
  "final_loss": -2.9999529031925896,
  "final_expected_cut": 2.9999529031925896,
  "best_expected_cut_over_evolution": 2.999992015984999,
  "final_best_measured_index": 5,
  "final_best_measured_bitstring": "0101",
  "final_best_measured_cut": 3.0,
  "best_measured_cut_over_evolution": 3.0,
  "final_success_probability_ancilla_1": 0.007251212163108442,
  "final_max_postselected_probability": 0.13140200993334356,
  "gap_expected_to_bruteforce": 1.0000470968074104,
  "gap_measured_to_bruteforce": 1.0,
  "approx_ratio_measured": 0.75,
  "n_steps": 15,
  "elapsed_seconds": 22.55386757850647,
  "steps": [
    {
      "visit_idx": 1,
      "j": 1,
      "kept": true,
      "beta": -0.2611751192594254,
      "coefficient": -0.16046899175651802,
      "loss": -2.5,
      "expected_cut": 2.5,
      "best_measured_cut": 0.0,
      "success_probability_ancilla_1": 0.00361676679551501,
      "epochs_run": 7,
      "stop_reason": "loss_plateau_last5",
      "history_path": "benchmark_results_walsh_article/unweighted/coarse_loader/n4/graph03_trainseed01/histories/history_visit001_j001.json",
      "improvement_vs_previous": 2.5
    },
    {
      "visit_idx": 2,
      "j": 2,
      "kept": true,
      "beta": 0.26272033772974235,
      "coefficient": 0.16137619492539332,
      "loss": -2.999992015984999,
      "expected_cut": 2.999992015984999,
      "best_measured_cut": 3.0,
      "success_probability_ancilla_1": 0.0072480352341588224,
      "epochs_run": 7,
      "stop_reason": "loss_plateau_last5",
      "history_path": "benchmark_results_walsh_article/unweighted/coarse_loader/n4/graph03_trainseed01/histories/history_visit002_j002.json",
      "improvement_vs_previous": 0.49999201598499887
    },
    {
      "visit_idx": 3,
      "j": 3,
      "kept": false,
      "beta": 0.0014608126709536196,
      "coefficient": 0.0,
      "loss": -2.999992015984999,
      "expected_cut": 2.999992015984999,
      "best_measured_cut": 3.0,
      "success_probability_ancilla_1": 0.0072480352341588224,
      "epochs_run": 28,
      "stop_reason": "loss_plateau_last5_and_discarded_near_zero",
      "history_path": "benchmark_results_walsh_article/unweighted/coarse_loader/n4/graph03_trainseed01/histories/history_visit003_j003.json",
      "improvement_vs_previous": 0.0
    },
    {
      "visit_idx": 4,
      "j": 4,
      "kept": true,
      "beta": -0.004363519600706569,
      "coefficient": -0.002741662823599812,
      "loss": -2.9999673588019173,
      "expected_cut": 2.9999673588019173,
      "best_measured_cut": 3.0,
      "success_probability_ancilla_1": 0.007249076948945948,
      "epochs_run": 28,
      "stop_reason": "loss_plateau_last5",
      "history_path": "benchmark_results_walsh_article/unweighted/coarse_loader/n4/graph03_trainseed01/histories/history_visit004_j004.json",
      "improvement_vs_previous": -2.4657183081533418e-05
    },
    {
      "visit_idx": 5,
      "j": 5,
      "kept": false,
      "beta": -0.0007574701472975835,
      "coefficient": 0.0,
      "loss": -2.9999673588019173,
      "expected_cut": 2.9999673588019173,
      "best_measured_cut": 3.0,
      "success_probability_ancilla_1": 0.007249076948945948,
      "epochs_run": 30,
      "stop_reason": "loss_plateau_last5_and_discarded_near_zero",
      "history_path": "benchmark_results_walsh_article/unweighted/coarse_loader/n4/graph03_trainseed01/histories/history_visit005_j005.json",
      "improvement_vs_previous": 0.0
    },
    {
      "visit_idx": 6,
      "j": 6,
      "kept": false,
      "beta": 0.0015587543340037395,
      "coefficient": 0.0,
      "loss": -2.9999673588019173,
      "expected_cut": 2.9999673588019173,
      "best_measured_cut": 3.0,
      "success_probability_ancilla_1": 0.007249076948945948,
      "epochs_run": 30,
      "stop_reason": "loss_plateau_last5_and_discarded_near_zero",
      "history_path": "benchmark_results_walsh_article/unweighted/coarse_loader/n4/graph03_trainseed01/histories/history_visit006_j006.json",
      "improvement_vs_previous": 0.0
    },
    {
      "visit_idx": 7,
      "j": 7,
      "kept": true,
      "beta": 0.005162110937870113,
      "coefficient": 0.003243421150368109,
      "loss": -2.9999807485752323,
      "expected_cut": 2.9999807485752323,
      "best_measured_cut": 3.0,
      "success_probability_ancilla_1": 0.0072504985909197335,
      "epochs_run": 29,
      "stop_reason": "loss_plateau_last5",
      "history_path": "benchmark_results_walsh_article/unweighted/coarse_loader/n4/graph03_trainseed01/histories/history_visit007_j007.json",
      "improvement_vs_previous": 1.338977331499791e-05
    },
    {
      "visit_idx": 8,
      "j": 8,
      "kept": false,
      "beta": 0.0011352710149770961,
      "coefficient": 0.0,
      "loss": -2.9999807485752323,
      "expected_cut": 2.9999807485752323,
      "best_measured_cut": 3.0,
      "success_probability_ancilla_1": 0.0072504985909197335,
      "epochs_run": 32,
      "stop_reason": "loss_plateau_last5_and_discarded_near_zero",
      "history_path": "benchmark_results_walsh_article/unweighted/coarse_loader/n4/graph03_trainseed01/histories/history_visit008_j008.json",
      "improvement_vs_previous": 0.0
    },
    {
      "visit_idx": 9,
      "j": 9,
      "kept": false,
      "beta": -0.001094652969560613,
      "coefficient": 0.0,