{
  "0": 0.0,
  "1": -0.16046899175651802,
  "2": 0.16137619492539332,
  "3": 0.0,
  "4": -0.002741662823599812,
  "5": 0.0,
  "6": 0.0,
  "7": 0.003243421150368109,
  "8": 0.0,
  "9": 0.0,
  "10": 0.0,
  "11": 0.0,
  "12": 0.0,
  "13": 0.0,
  "14": -0.002269131411044407,
  "15": 0.0
}