epoch,beta,coefficient,loss,expected_cut,best_measured_cut,success_probability_ancilla_1,max_postselected_probability,grad
0,0.23569520191384882,0.14540898478146866,-2.499999999996169,2.499999999996169,2.0,0.006522954814583067,0.0311830066817977,-1.4161219688775212e-11
1,0.23569583489393042,0.14540936119388798,-2.4999999999961693,2.4999999999961693,2.0,0.006522970068162389,0.031183010414609,-1.4155673997344973e-11
2,0.23569660990473204,0.14540982206715122,-2.4999999999961684,2.4999999999961684,2.0,0.0065229887444511435,0.031183014984849423,-1.4157137679727611e-11
3,0.23569750454954627,0.14541035408259514,-2.4999999999961657,2.4999999999961657,2.0,0.006523010303757438,0.031183020260360107,-1.415644630449156e-11
4,0.23569850454463273,0.14541094874607288,-2.4999999999961657,2.4999999999961657,2.0,0.006523034401895332,0.0311830261568281,-1.4158169090644877e-11
5,0.2356995998251532,0.14541160007228077,-2.4999999999961675,2.4999999999961675,2.0,0.006523060796345867,0.031183032614821075,-1.4165198591406293e-11
6,0.23570078257165664,0.1454123034111738,-2.4999999999961675,2.4999999999961675,2.0,0.006523089298699263,0.031183039588149015,-1.4160134550018194e-11
