{
  "config": {
    "N_VERTICES": 4,
    "PROB_ARESTA": 0.85,
    "COM_PESO": false,
    "PESO_MIN": 1,
    "PESO_MAX": 1,
    "GRAPH_SEED": 104271,
    "GRAPH_EDGES": [
      [
        0,
        1,
        1.0
      ],
      [
        0,
        2,
        1.0
      ],
      [
        0,
        3,
        1.0
      ],
      [
        1,
        3,
        1.0
      ],
      [
        2,
        3,
        1.0
      ]
    ],
    "REVERSE_BITS": false,
    "ER": 1.0,
    "MAX_TERMS": null,
    "A_MAX": 0.7853981633974483,
    "INIT_BETA": 0.35,
    "MAX_EPOCHS": 200,
    "LR": 0.01,
    "FD_EPS": 0.01,
    "LOSS_TOL_LAST5": 0.001,
    "PATIENCE_LAST5": 5,
    "TRAIN_SEED": 5,
    "INIT_BETA_JITTER": 0.05,
    "OPTIMIZER": "adam",
    "ADAM_BETA1": 0.9,
    "ADAM_BETA2": 0.999,
    "ADAM_EPS": 1e-08,
    "COEF_ZERO_TOL": 0.005,
    "IMPROVEMENT_TOL": 0.003,
    "SATURATION_PATIENCE": 40,
    "INDEX_STRATEGY": "ascending",
    "INDEX_RANDOM_SEED": 42,
    "ENABLE_BACKWARD_PRUNING": false,
    "BACKWARD_PASSES": 1,
    "PRUNE_IMPROVEMENT_TOL": 1e-06,
    "OUTDIR": "benchmark_results_walsh_article/unweighted/sparse_threshold/n4/graph01_trainseed05",
    "SHOW_PLOTS": false,
    "name": "sparse_threshold"
  },
  "n_qubits_register": 4,
  "graph_edges": [
    [
      0,
      1,
      1.0
    ],
    [
      0,
      2,
      1.0
    ],
    [
      0,
      3,
      1.0
    ],
    [
      1,
      3,
      1.0
    ],
    [
      2,
      3,
      1.0
    ]
  ],
  "graph_signature": "36d4961c72903175cef8219a78618293792cc3cd1b729b430a90aa47da048173",
  "graph_num_edges": 5,
  "graph_density": 0.8333333333333334,
  "best_cut_bruteforce": 4.0,
  "best_bitstring_bruteforce": "0110",
  "best_index_bruteforce": 6,
  "candidate_order": [
    1,
    2,
    3,
    4,
    5,
    6,
    7,
    8,
    9,
    10,
    11,
    12,
    13,
    14,
    15
  ],
  "total_possible_parameters": 15,
  "visited_parameters": 15,
  "trained_coefficients": {
    "0": 0.0,
    "1": -0.2836348842559704,
    "2": 0.2846069782152435,
    "3": 0.0,
    "4": 0.2010952174684703,
    "5": 0.0,
    "6": 0.0,
    "7": -0.24548410728969444,
    "8": -0.07593770562318501,
    "9": 0.0,
    "10": 0.0,
    "11": 0.12360943913922819,
    "12": 0.0,
    "13": 0.1468606199033885,
    "14": -0.17284139018731648,
    "15": 0.0
  },
  "final_coefficient_vector": [
    0.0,
    -0.2836348842559704,
    0.2846069782152435,
    0.0,
    0.2010952174684703,
    0.0,
    0.0,
    -0.24548410728969444,
    -0.07593770562318501,
    0.0,
    0.0,
    0.12360943913922819,
    0.0,
    0.1468606199033885,
    -0.17284139018731648,
    0.0
  ],
  "active_indices": [
    1,
    2,
    4,
    7,
    8,
    11,
    13,
    14
  ],
  "active_parameter_count": 8,
  "compression_ratio_active_over_total": 0.5333333333333333,
  "final_loss": -3.851216145690165,
  "final_expected_cut": 3.851216145690165,
  "best_expected_cut_over_evolution": 3.851216145690165,
  "final_best_measured_index": 6,
  "final_best_measured_bitstring": "0110",
  "final_best_measured_cut": 4.0,
  "best_measured_cut_over_evolution": 4.0,
  "final_success_probability_ancilla_1": 0.07015693072445903,
  "final_max_postselected_probability": 0.4290747991558713,
  "gap_expected_to_bruteforce": 0.1487838543098352,
  "gap_measured_to_bruteforce": 0.0,
  "approx_ratio_measured": 1.0,
  "n_steps": 15,
  "elapsed_seconds": 33.58111572265625,
  "steps": [
    {
      "visit_idx": 1,
      "j": 1,
      "kept": true,
      "beta": -0.3781906860586477,
      "coefficient": -0.2836348842559704,
      "loss": -2.5,
      "expected_cut": 2.5,
      "best_measured_cut": 0.0,
      "success_probability_ancilla_1": 0.01997771459138463,
      "epochs_run": 5,
      "stop_reason": "loss_plateau_last5",
      "history_path": "benchmark_results_walsh_article/unweighted/sparse_threshold/n4/graph01_trainseed05/histories/history_visit001_j001.json",
      "improvement_vs_previous": 2.5
    },
    {
      "visit_idx": 2,
      "j": 2,
      "kept": true,
      "beta": 0.3796147572660826,
      "coefficient": 0.2846069782152435,
      "loss": -2.9999969934640323,
      "expected_cut": 2.9999969934640323,
      "best_measured_cut": 2.0,
      "success_probability_ancilla_1": 0.039288012907707226,
      "epochs_run": 5,
      "stop_reason": "loss_plateau_last5",
      "history_path": "benchmark_results_walsh_article/unweighted/sparse_threshold/n4/graph01_trainseed05/histories/history_visit002_j002.json",
      "improvement_vs_previous": 0.49999699346403226
    },
    {
      "visit_idx": 3,
      "j": 3,
      "kept": false,
      "beta": -0.0016403242574032362,
      "coefficient": 0.0,
      "loss": -2.9999969934640323,
      "expected_cut": 2.9999969934640323,
      "best_measured_cut": 2.0,
      "success_probability_ancilla_1": 0.039288012907707226,
      "epochs_run": 41,
      "stop_reason": "loss_plateau_last5_and_discarded_near_zero",
      "history_path": "benchmark_results_walsh_article/unweighted/sparse_threshold/n4/graph01_trainseed05/histories/history_visit003_j003.json",
      "improvement_vs_previous": 0.0
    },
    {
      "visit_idx": 4,
      "j": 4,
      "kept": true,
      "beta": 0.26186851218413837,
      "coefficient": 0.2010952174684703,
      "loss": -3.172407119554027,
      "expected_cut": 3.172407119554027,
      "best_measured_cut": 4.0,
      "success_probability_ancilla_1": 0.0485720947588317,
      "epochs_run": 7,
      "stop_reason": "loss_plateau_last5",
      "history_path": "benchmark_results_walsh_article/unweighted/sparse_threshold/n4/graph01_trainseed05/histories/history_visit004_j004.json",
      "improvement_vs_previous": 0.17241012608999462
    },
    {
      "visit_idx": 5,
      "j": 5,
      "kept": false,
      "beta": -0.00016904224757766356,
      "coefficient": 0.0,
      "loss": -3.172407119554027,
      "expected_cut": 3.172407119554027,
      "best_measured_cut": 4.0,
      "success_probability_ancilla_1": 0.0485720947588317,
      "epochs_run": 36,
      "stop_reason": "loss_plateau_last5_and_discarded_near_zero",
      "history_path": "benchmark_results_walsh_article/unweighted/sparse_threshold/n4/graph01_trainseed05/histories/history_visit005_j005.json",
      "improvement_vs_previous": 0.0
    },
    {
      "visit_idx": 6,
      "j": 6,
      "kept": false,
      "beta": 0.001072625210025927,
      "coefficient": 0.0,
      "loss": -3.172407119554027,
      "expected_cut": 3.172407119554027,
      "best_measured_cut": 4.0,
      "success_probability_ancilla_1": 0.0485720947588317,
      "epochs_run": 37,
      "stop_reason": "loss_plateau_last5_and_discarded_near_zero",
      "history_path": "benchmark_results_walsh_article/unweighted/sparse_threshold/n4/graph01_trainseed05/histories/history_visit006_j006.json",
      "improvement_vs_previous": 0.0
    },
    {
      "visit_idx": 7,
      "j": 7,
      "kept": true,
      "beta": -0.32338015826044386,
      "coefficient": -0.24548410728969444,
      "loss": -3.478601928440633,
      "expected_cut": 3.478601928440633,
      "best_measured_cut": 4.0,
      "success_probability_ancilla_1": 0.060198866896589265,
      "epochs_run": 5,
      "stop_reason": "loss_plateau_last5",
      "history_path": "benchmark_results_walsh_article/unweighted/sparse_threshold/n4/graph01_trainseed05/histories/history_visit007_j007.json",
      "improvement_vs_previous": 0.3061948088866062
    },
    {
      "visit_idx": 8,
      "j": 8,
      "kept": true,
      "beta": -0.09698987880820638,
      "coefficient": -0.07593770562318501,
      "loss": -3.505274469826436,
      "expected_cut": 3.505274469826436,
      "best_measured_cut": 4.0,
      "success_probability_ancilla_1": 0.06146632199553733,
      "epochs_run": 52,
      "stop_reason": "loss_plateau_last5",
      "history_path": "benchmark_results_walsh_article/unweighted/sparse_threshold/n4/graph01_trainseed05/histories/history_visit008_j008.json",