{
  "0": 0.0,
  "1": -0.16048157278267625,
  "2": 0.16202600471266054,
  "3": -0.1394747041689989,
  "4": 0.09429569800418226,
  "5": 0.23771040558693174,
  "6": 0.2004815769584233,
  "7": -0.008134921683880955,
  "8": -0.10663241312592506,
  "9": -0.1251807209710679,
  "10": -0.05926945449302503,
  "11": 0.0,
  "12": -0.19253074960885913,
  "13": 0.12661936050643421,
  "14": -0.09682008509087751,
  "15": -0.08196496124731659,
  "16": 0.07215690163395036,
  "17": 0.07604879165081788,
  "18": 0.038780088800800624,
  "19": -0.005095615365310228,
  "20": 0.05028683855570233,
  "21": -0.12446112887913943,
  "22": 0.021251613920349525,
  "23": -0.025508617426527255,
  "24": -0.08926222113975557,
  "25": 0.11616771102019922,
  "26": -0.12061582715273719,
  "27": 0.020719425738068918,
  "28": -0.025778425125908316,
  "29": -0.14088370917757126,
  "30": -0.084249868065043,
  "31": 0.05116016905597282,
  "32": -0.01888877000087472,
  "33": -0.0874874563180527,
  "34": -0.06754943755969733,
  "35": 0.0025565427208776603,
  "36": 0.14285734151027174,
  "37": 0.06117896630614056,
  "38": -0.017221317400699286,
  "39": 0.141870984174531,
  "40": 0.1075899734334942,
  "41": -0.047778221873803824,
  "42": 0.0311869314673557,
  "43": 0.06563658680868045,
  "44": 0.0067793252411826556,
  "45": -0.12263367524316485,
  "46": -0.13587308146145113,
  "47": -0.027489111609728178,
  "48": -0.01271745560142386,
  "49": 0.05960651163241393,
  "50": -0.030964191028274298,
  "51": 0.02761783467022798,
  "52": -0.04516192984408202,
  "53": -0.0204251949482539,
  "54": -0.004387533608077728,
  "55": -0.007764657989514279,
  "56": 0.04042745751083799,
  "57": 0.08103272530736053,
  "58": 0.049753028573602934,
  "59": -0.01669392804671653,
  "60": 0.0,
  "61": -0.07632047019791374,
  "62": 0.08461643127886609,
  "63": -0.060734655033093575
}