{
  "config": {
    "N_VERTICES": 4,
    "PROB_ARESTA": 1.0,
    "COM_PESO": false,
    "PESO_MIN": 1,
    "PESO_MAX": 1,
    "GRAPH_SEED": 10414,
    "GRAPH_EDGES": [
      [
        0,
        1,
        1.0
      ],
      [
        0,
        2,
        1.0
      ],
      [
        0,
        3,
        1.0
      ],
      [
        1,
        2,
        1.0
      ],
      [
        1,
        3,
        1.0
      ],
      [
        2,
        3,
        1.0
      ]
    ],
    "REVERSE_BITS": false,
    "ER": 0.75,
    "MAX_TERMS": null,
    "A_MAX": 0.6283185307179586,
    "INIT_BETA": 0.25,
    "MAX_EPOCHS": 200,
    "LR": 0.01,
    "FD_EPS": 0.01,
    "LOSS_TOL_LAST5": 0.002,
    "PATIENCE_LAST5": 7,
    "TRAIN_SEED": 9,
    "INIT_BETA_JITTER": 0.03,
    "OPTIMIZER": "adam",
    "ADAM_BETA1": 0.9,
    "ADAM_BETA2": 0.999,
    "ADAM_EPS": 1e-08,
    "COEF_ZERO_TOL": 0.002,
    "IMPROVEMENT_TOL": 0.002,
    "SATURATION_PATIENCE": 60,
    "INDEX_STRATEGY": "ascending",
    "INDEX_RANDOM_SEED": 42,
    "ENABLE_BACKWARD_PRUNING": false,
    "BACKWARD_PASSES": 1,
    "PRUNE_IMPROVEMENT_TOL": 1e-06,
    "OUTDIR": "benchmark_results_walsh_article/unweighted/coarse_loader/n4/graph00_trainseed09",
    "SHOW_PLOTS": false,
    "name": "coarse_loader"
  },
  "n_qubits_register": 4,
  "graph_edges": [
    [
      0,
      1,
      1.0
    ],
    [
      0,
      2,
      1.0
    ],
    [
      0,
      3,
      1.0
    ],
    [
      1,
      2,
      1.0
    ],
    [
      1,
      3,
      1.0
    ],
    [
      2,
      3,
      1.0
    ]
  ],
  "graph_signature": "539b127eb8e4096db3ab2abb5616611adf3c9b3f188a9792b883b1dea6c065fa",
  "graph_num_edges": 6,
  "graph_density": 1.0,
  "best_cut_bruteforce": 4.0,
  "best_bitstring_bruteforce": "0011",
  "best_index_bruteforce": 3,
  "candidate_order": [
    1,
    2,
    3,
    4,
    5,
    6,
    7,
    8,
    9,
    10,
    11,
    12,
    13,
    14,
    15
  ],
  "total_possible_parameters": 15,
  "visited_parameters": 15,
  "trained_coefficients": {
    "0": 0.0,
    "1": -0.1569539941741493,
    "2": 0.1548353416417814,
    "3": 0.0,
    "4": 0.002641708142933322,
    "5": 0.0,
    "6": 0.0,
    "7": 0.0,
    "8": 0.0,
    "9": 0.0,
    "10": 0.0,
    "11": 0.0,
    "12": 0.0,
    "13": 0.11353738965761066,
    "14": -0.137683182448858,
    "15": 0.0
  },
  "final_coefficient_vector": [
    0.0,
    -0.1569539941741493,
    0.1548353416417814,
    0.0,
    0.002641708142933322,
    0.0,
    0.0,
    0.0,
    0.0,
    0.0,
    0.0,
    0.0,
    0.0,
    0.11353738965761066,
    -0.137683182448858,
    0.0
  ],
  "active_indices": [
    1,
    2,
    4,
    13,
    14
  ],
  "active_parameter_count": 5,
  "compression_ratio_active_over_total": 0.3333333333333333,
  "final_loss": -3.983342871701769,
  "final_expected_cut": 3.983342871701769,
  "best_expected_cut_over_evolution": 3.983342871701769,
  "final_best_measured_index": 6,
  "final_best_measured_bitstring": "0110",
  "final_best_measured_cut": 4.0,
  "best_measured_cut_over_evolution": 4.0,
  "final_success_probability_ancilla_1": 0.011150453200795454,
  "final_max_postselected_probability": 0.24844179715540227,
  "gap_expected_to_bruteforce": 0.016657128298231072,
  "gap_measured_to_bruteforce": 0.0,
  "approx_ratio_measured": 1.0,
  "n_steps": 15,
  "elapsed_seconds": 4.941200256347656,
  "steps": [
    {
      "visit_idx": 1,
      "j": 1,
      "kept": true,
      "beta": -0.25519953270124884,
      "coefficient": -0.1569539941741493,
      "loss": -3.0,
      "expected_cut": 3.0,
      "best_measured_cut": 0.0,
      "success_probability_ancilla_1": 0.0034602360183271924,
      "epochs_run": 7,
      "stop_reason": "loss_plateau_last5",
      "history_path": "benchmark_results_walsh_article/unweighted/coarse_loader/n4/graph00_trainseed09/histories/history_visit001_j001.json",
      "improvement_vs_previous": 3.0
    },
    {
      "visit_idx": 2,
      "j": 2,
      "kept": true,
      "beta": 0.25160639232339566,
      "coefficient": 0.1548353416417814,
      "loss": -3.499953617234761,
      "expected_cut": 3.499953617234761,
      "best_measured_cut": 3.0,
      "success_probability_ancilla_1": 0.0068044853696291865,
      "epochs_run": 7,
      "stop_reason": "loss_plateau_last5",
      "history_path": "benchmark_results_walsh_article/unweighted/coarse_loader/n4/graph00_trainseed09/histories/history_visit002_j002.json",
      "improvement_vs_previous": 0.49995361723476117
    },
    {
      "visit_idx": 3,
      "j": 3,
      "kept": false,
      "beta": -0.0011904544558093318,
      "coefficient": 0.0,
      "loss": -3.499953617234761,
      "expected_cut": 3.499953617234761,
      "best_measured_cut": 3.0,
      "success_probability_ancilla_1": 0.0068044853696291865,
      "epochs_run": 27,
      "stop_reason": "loss_plateau_last5_and_discarded_near_zero",
      "history_path": "benchmark_results_walsh_article/unweighted/coarse_loader/n4/graph00_trainseed09/histories/history_visit003_j003.json",
      "improvement_vs_previous": 0.0
    },
    {
      "visit_idx": 4,
      "j": 4,
      "kept": true,
      "beta": 0.004204433865660306,
      "coefficient": 0.002641708142933322,
      "loss": -3.4999971733554425,
      "expected_cut": 3.4999971733554425,
      "best_measured_cut": 4.0,
      "success_probability_ancilla_1": 0.006805453382600954,
      "epochs_run": 27,
      "stop_reason": "loss_plateau_last5",
      "history_path": "benchmark_results_walsh_article/unweighted/coarse_loader/n4/graph00_trainseed09/histories/history_visit004_j004.json",
      "improvement_vs_previous": 4.355612068129844e-05
    },
    {
      "visit_idx": 5,
      "j": 5,
      "kept": false,
      "beta": -0.0022846197843813445,
      "coefficient": 0.0,
      "loss": -3.4999971733554425,
      "expected_cut": 3.4999971733554425,
      "best_measured_cut": 4.0,
      "success_probability_ancilla_1": 0.006805453382600954,
      "epochs_run": 31,
      "stop_reason": "loss_plateau_last5_and_discarded_near_zero",
      "history_path": "benchmark_results_walsh_article/unweighted/coarse_loader/n4/graph00_trainseed09/histories/history_visit005_j005.json",
      "improvement_vs_previous": 0.0
    },
    {
      "visit_idx": 6,
      "j": 6,
      "kept": false,
      "beta": 7.533814076908767e-05,
      "coefficient": 0.0,
      "loss": -3.4999971733554425,
      "expected_cut": 3.4999971733554425,
      "best_measured_cut": 4.0,
      "success_probability_ancilla_1": 0.006805453382600954,
      "epochs_run": 31,
      "stop_reason": "loss_plateau_last5_and_discarded_near_zero",
      "history_path": "benchmark_results_walsh_article/unweighted/coarse_loader/n4/graph00_trainseed09/histories/history_visit006_j006.json",
      "improvement_vs_previous": 0.0
    },
    {
      "visit_idx": 7,
      "j": 7,
      "kept": false,
      "beta": -0.00037773930806255483,
      "coefficient": 0.0,
      "loss": -3.4999971733554425,
      "expected_cut": 3.4999971733554425,
      "best_measured_cut": 4.0,
      "success_probability_ancilla_1": 0.006805453382600954,
      "epochs_run": 30,
      "stop_reason": "loss_plateau_last5_and_discarded_near_zero",
      "history_path": "benchmark_results_walsh_article/unweighted/coarse_loader/n4/graph00_trainseed09/histories/history_visit007_j007.json",
      "improvement_vs_previous": 0.0
    },
    {
      "visit_idx": 8,
      "j": 8,
      "kept": false,
      "beta": 0.002016156003817946,
      "coefficient": 0.0,
      "loss": -3.4999971733554425,
      "expected_cut": 3.4999971733554425,
      "best_measured_cut": 4.0,
      "success_probability_ancilla_1": 0.006805453382600954,
      "epochs_run": 32,
      "stop_reason": "loss_plateau_last5_and_discarded_near_zero",
      "history_path": "benchmark_results_walsh_article/unweighted/coarse_loader/n4/graph00_trainseed09/histories/history_visit008_j008.json",
      "improvement_vs_previous": 0.0
    },
    {
      "visit_idx": 9,
      "j": 9,
      "kept": false,