{
  "config": {
    "N_VERTICES": 4,
    "PROB_ARESTA": 0.55,
    "COM_PESO": false,
    "PESO_MIN": 1,
    "PESO_MAX": 1,
    "GRAPH_SEED": 105087,
    "GRAPH_EDGES": [
      [
        0,
        1,
        1.0
      ],
      [
        1,
        2,
        1.0
      ],
      [
        1,
        3,
        1.0
      ]
    ],
    "REVERSE_BITS": false,
    "ER": 1.0,
    "MAX_TERMS": null,
    "A_MAX": 0.7853981633974483,
    "INIT_BETA": 0.35,
    "MAX_EPOCHS": 200,
    "LR": 0.01,
    "FD_EPS": 0.01,
    "LOSS_TOL_LAST5": 0.001,
    "PATIENCE_LAST5": 5,
    "TRAIN_SEED": 4,
    "INIT_BETA_JITTER": 0.05,
    "OPTIMIZER": "adam",
    "ADAM_BETA1": 0.9,
    "ADAM_BETA2": 0.999,
    "ADAM_EPS": 1e-08,
    "COEF_ZERO_TOL": 0.001,
    "IMPROVEMENT_TOL": 0.001,
    "SATURATION_PATIENCE": 100,
    "INDEX_STRATEGY": "ascending",
    "INDEX_RANDOM_SEED": 42,
    "ENABLE_BACKWARD_PRUNING": false,
    "BACKWARD_PASSES": 1,
    "PRUNE_IMPROVEMENT_TOL": 1e-06,
    "OUTDIR": "benchmark_results_walsh_article/unweighted/baseline/n4/graph09_trainseed04",
    "SHOW_PLOTS": false,
    "name": "baseline"
  },
  "n_qubits_register": 4,
  "graph_edges": [
    [
      0,
      1,
      1.0
    ],
    [
      1,
      2,
      1.0
    ],
    [
      1,
      3,
      1.0
    ]
  ],
  "graph_signature": "e05b7736fa85fadb9e519d205bc71874029e7ff2544024339aba6060afa201c5",
  "graph_num_edges": 3,
  "graph_density": 0.5,
  "best_cut_bruteforce": 3.0,
  "best_bitstring_bruteforce": "0100",
  "best_index_bruteforce": 4,
  "candidate_order": [
    1,
    2,
    3,
    4,
    5,
    6,
    7,
    8,
    9,
    10,
    11,
    12,
    13,
    14,
    15
  ],
  "total_possible_parameters": 15,
  "visited_parameters": 15,
  "trained_coefficients": {
    "0": 0.0,
    "1": -0.27519012007977234,
    "2": 0.27374384395789614,
    "3": -0.001104754217965099,
    "4": -0.18618525342252093,
    "5": 0.0,
    "6": 0.0,
    "7": 0.22397199811465673,
    "8": -0.11014651829606377,
    "9": 0.0013619315426797447,
    "10": 0.0,
    "11": 0.1469058357011314,
    "12": 0.0,
    "13": -0.1374425375490248,
    "14": 0.15272316692743867,
    "15": 0.0
  },
  "final_coefficient_vector": [
    0.0,
    -0.27519012007977234,
    0.27374384395789614,
    -0.001104754217965099,
    -0.18618525342252093,
    0.0,
    0.0,
    0.22397199811465673,
    -0.11014651829606377,
    0.0013619315426797447,
    0.0,
    0.1469058357011314,
    0.0,
    -0.1374425375490248,
    0.15272316692743867,
    0.0
  ],
  "active_indices": [
    1,
    2,
    3,
    4,
    7,
    8,
    9,
    11,
    13,
    14
  ],
  "active_parameter_count": 10,
  "compression_ratio_active_over_total": 0.6666666666666666,
  "final_loss": -2.872980170841106,
  "final_expected_cut": 2.872980170841106,
  "best_expected_cut_over_evolution": 2.872980170841106,
  "final_best_measured_index": 11,
  "final_best_measured_bitstring": "1011",
  "final_best_measured_cut": 3.0,
  "best_measured_cut_over_evolution": 3.0,
  "final_success_probability_ancilla_1": 0.06534591758310762,
  "final_max_postselected_probability": 0.4485835824530098,
  "gap_expected_to_bruteforce": 0.1270198291588942,
  "gap_measured_to_bruteforce": 0.0,
  "approx_ratio_measured": 1.0,
  "n_steps": 15,
  "elapsed_seconds": 31.938173055648804,
  "steps": [
    {
      "visit_idx": 1,
      "j": 1,
      "kept": true,
      "beta": -0.36588022347974136,
      "coefficient": -0.27519012007977234,
      "loss": -1.5,
      "expected_cut": 1.5,
      "best_measured_cut": 0.0,
      "success_probability_ancilla_1": 0.018813223145253313,
      "epochs_run": 5,
      "stop_reason": "loss_plateau_last5",
      "history_path": "benchmark_results_walsh_article/unweighted/baseline/n4/graph09_trainseed04/histories/history_visit001_j001.json",
      "improvement_vs_previous": 1.5
    },
    {
      "visit_idx": 2,
      "j": 2,
      "kept": true,
      "beta": 0.36378259632319865,
      "coefficient": 0.27374384395789614,
      "loss": -1.9999928814421688,
      "expected_cut": 1.9999928814421688,
      "best_measured_cut": 3.0,
      "success_probability_ancilla_1": 0.036729951234595715,
      "epochs_run": 6,
      "stop_reason": "loss_plateau_last5",
      "history_path": "benchmark_results_walsh_article/unweighted/baseline/n4/graph09_trainseed04/histories/history_visit002_j002.json",
      "improvement_vs_previous": 0.4999928814421688
    },
    {
      "visit_idx": 3,
      "j": 3,
      "kept": true,
      "beta": -0.0014066176852241367,
      "coefficient": -0.001104754217965099,
      "loss": -1.9999887279688209,
      "expected_cut": 1.9999887279688209,
      "best_measured_cut": 1.0,
      "success_probability_ancilla_1": 0.0367302339409175,
      "epochs_run": 37,
      "stop_reason": "loss_plateau_last5",
      "history_path": "benchmark_results_walsh_article/unweighted/baseline/n4/graph09_trainseed04/histories/history_visit003_j003.json",
      "improvement_vs_previous": -4.153473347923153e-06
    },
    {
      "visit_idx": 4,
      "j": 4,
      "kept": true,
      "beta": -0.24165507587539806,
      "coefficient": -0.18618525342252093,
      "loss": -2.1725405651323473,
      "expected_cut": 2.1725405651323473,
      "best_measured_cut": 2.0,
      "success_probability_ancilla_1": 0.04473667653375461,
      "epochs_run": 69,
      "stop_reason": "loss_plateau_last5",
      "history_path": "benchmark_results_walsh_article/unweighted/baseline/n4/graph09_trainseed04/histories/history_visit004_j004.json",
      "improvement_vs_previous": 0.1725518371635264
    },
    {
      "visit_idx": 5,
      "j": 5,
      "kept": false,
      "beta": -0.0008261134135837209,
      "coefficient": 0.0,
      "loss": -2.1725405651323473,
      "expected_cut": 2.1725405651323473,
      "best_measured_cut": 2.0,
      "success_probability_ancilla_1": 0.04473667653375461,
      "epochs_run": 40,
      "stop_reason": "loss_plateau_last5_and_discarded_near_zero",
      "history_path": "benchmark_results_walsh_article/unweighted/baseline/n4/graph09_trainseed04/histories/history_visit005_j005.json",
      "improvement_vs_previous": 0.0
    },
    {
      "visit_idx": 6,
      "j": 6,
      "kept": false,
      "beta": -0.0008306468525424082,
      "coefficient": 0.0,
      "loss": -2.1725405651323473,
      "expected_cut": 2.1725405651323473,
      "best_measured_cut": 2.0,
      "success_probability_ancilla_1": 0.04473667653375461,
      "epochs_run": 41,
      "stop_reason": "loss_plateau_last5_and_discarded_near_zero",
      "history_path": "benchmark_results_walsh_article/unweighted/baseline/n4/graph09_trainseed04/histories/history_visit006_j006.json",
      "improvement_vs_previous": 0.0
    },
    {
      "visit_idx": 7,
      "j": 7,
      "kept": true,
      "beta": 0.2933007714040928,
      "coefficient": 0.22397199811465673,
      "loss": -2.4731983363723264,
      "expected_cut": 2.4731983363723264,
      "best_measured_cut": 2.0,
      "success_probability_ancilla_1": 0.05459771981675788,
      "epochs_run": 78,
      "stop_reason": "loss_plateau_last5",
      "history_path": "benchmark_results_walsh_article/unweighted/baseline/n4/graph09_trainseed04/histories/history_visit007_j007.json",
      "improvement_vs_previous": 0.30065777123997917
    },
    {
      "visit_idx": 8,
      "j": 8,
      "kept": true,
      "beta": -0.14117334355324834,
      "coefficient": -0.11014651829606377,
      "loss": -2.536136955553811,
      "expected_cut": 2.536136955553811,
      "best_measured_cut": 3.0,
      "success_probability_ancilla_1": 0.05729685640614215,
      "epochs_run": 59,
      "stop_reason": "loss_plateau_last5",
      "history_path": "benchmark_results_walsh_article/unweighted/baseline/n4/graph09_trainseed04/histories/history_visit008_j008.json",
      "improvement_vs_previous": 0.06293861918148469
    },
    {
      "visit_idx": 9,
      "j": 9,
      "kept": true,
      "beta": 0.001734066835465859,
      "coefficient": 0.0013619315426797447,
      "loss": -2.5361344569701685,