{
  "0": 0.0,
  "1": -0.27519012007977234,
  "2": 0.27374384395789614,
  "3": -0.001104754217965099,
  "4": -0.18618525342252093,
  "5": 0.0,
  "6": 0.0,
  "7": 0.22397199811465673,
  "8": -0.11014651829606377,
  "9": 0.0013619315426797447,
  "10": 0.0,
  "11": 0.1469058357011314,
  "12": 0.0,
  "13": -0.1374425375490248,
  "14": 0.15272316692743867,
  "15": 0.0
}