{
  "0": 0.0,
  "1": -0.23491516197745993,
  "2": 0.24931546752641623,
  "3": -0.28255659003438743,
  "4": -0.2195682251424253,
  "5": 0.3902619191262202,
  "6": 0.28339705374363194,
  "7": 0.005016871997433234,
  "8": 0.22377676279961112,
  "9": 0.0,
  "10": 0.0,
  "11": -0.04273695196275521,
  "12": -0.32190139647101923,
  "13": 0.16512878309417095,
  "14": -0.14822541024616118,
  "15": -0.11406959057593906,
  "16": -0.05831461476661857,
  "17": 0.034936169664343666,
  "18": 0.05420243647207365,
  "19": 0.0,
  "20": 0.09257031883150489,
  "21": -0.029325762042814126,
  "22": 0.10634723194331915,
  "23": 0.005513482447249661,
  "24": 0.0,
  "25": 0.12861822689854768,
  "26": -0.12366639764557033,
  "27": 0.052927598372741504,
  "28": 0.08926296531397789,
  "29": -0.22179712446010172,
  "30": -0.15346804538655884,
  "31": -0.039709292027932185,
  "32": -0.018550275177428705,
  "33": -0.05532593223545358,
  "34": -0.11251292481219358,
  "35": 0.025730029459763066,
  "36": 0.18426793293376378,
  "37": 0.0,
  "38": -0.03521795905617376,
  "39": 0.14234588863987974,
  "40": 0.06208864144360337,
  "41": 0.016849529837946194,
  "42": 0.0,
  "43": 0.0945044687465682,
  "44": 0.0,
  "45": -0.1669567325961014,
  "46": -0.08723628467623383,
  "47": 0.0,
  "48": 0.0,
  "49": 0.0,
  "50": -0.04147017602481068,
  "51": 0.043217985340027125,
  "52": 0.02140052249885875,
  "53": -0.02467013565532107,
  "54": -0.07966912311261347,
  "55": 0.02465750846428837,
  "56": -0.03389868204720099,
  "57": 0.0,
  "58": 0.07049780903691126,
  "59": 0.0,
  "60": 0.0,
  "61": -0.04903767966187121,
  "62": 0.0762098257688097,
  "63": 0.0
}