{
  "0": 0.0,
  "1": -0.2770633248050746,
  "2": 0.2774364094521112,
  "3": 0.0,
  "4": -0.0020134596016602737,
  "5": 0.0,
  "6": 0.0017260080865212277,
  "7": 0.0,
  "8": 0.0,
  "9": -0.0012429782204021196,
  "10": 0.0,
  "11": 0.0,
  "12": 0.0,
  "13": 0.0034234088767457326,
  "14": 0.0,
  "15": -0.001488707227861719,
  "16": 0.0,
  "17": 0.0015000788950262879,
  "18": -0.0031867584810281496,
  "19": -0.0018472645224631,
  "20": -0.0011599127035010837,
  "21": 0.001015859984681729,
  "22": 0.002610484328877585,
  "23": 0.004213188884243993,
  "24": 0.0030625953374783317,
  "25": 0.1866583503054557,
  "26": -0.22528049537271871,
  "27": 0.0,
  "28": 0.016079954009580708,
  "29": -0.0014532947093972366,
  "30": -0.0034404077062945453,
  "31": 0.008289608956286942,
  "32": 0.0,
  "33": -0.001164168402314685,
  "34": 0.0,
  "35": 0.0,
  "36": 0.0013957229508938806,
  "37": -0.0013405444590598855,
  "38": 0.001701112243334736,
  "39": 0.0,
  "40": 0.0,
  "41": 0.11236619721530088,
  "42": -0.1478005199355122,
  "43": 0.0,
  "44": 0.014720992430024636,
  "45": 0.0,
  "46": 0.0,
  "47": 0.009029880321701536,
  "48": 0.0,
  "49": -0.10748098142360463,
  "50": 0.17024454663664298,
  "51": 0.0,
  "52": -0.035332392944985344,
  "53": 0.0,
  "54": 0.0,
  "55": -0.018995847814322262,
  "56": 0.004642642344295019,
  "57": -0.00244876276009001,
  "58": 0.0,
  "59": 0.002690794257050135,
  "60": 0.0010621828899804752,
  "61": 0.0,
  "62": -0.001927547639721802,
  "63": 0.0017113029096582093,
  "64": -0.07419169475981774,
  "65": 0.0014978599086469032,
  "66": 0.0,
  "67": 0.09612013845455925,
  "68": -0.0015177617271141116,
  "69": 0.060794022239452135,
  "70": -0.09345802815602644,
  "71": 0.0,
  "72": -0.001418615181803181,
  "73": 0.005264881931982221,
  "74": 0.0012029007311399516,
  "75": 0.0013335905935707932,
  "76": 0.0,
  "77": 0.0018784541929578247,
  "78": 0.0,
  "79": 0.0,
  "80": 0.0,
  "81": 0.03214356533215365,
  "82": -0.06675507590212028,
  "83": 0.0,
  "84": 0.029398554671392307,
  "85": -0.0020280744796690375,
  "86": 0.0020768153340427215,
  "87": 0.013956802170425223,
  "88": 0.07658518277318266,
  "89": 0.001282207160692394,
  "90": 0.0,
  "91": -0.08423491741336192,
  "92": 0.0,
  "93": -0.06694268169487902,
  "94": 0.07827007658458679,
  "95": -0.0024780430097140296,
  "96": -0.0016695034655338612,
  "97": 0.045547932308823987,
  "98": -0.07930800116566744,
  "99": 0.001578021359680601,
  "100": 0.03223949727548564,
  "101": 0.001160161653434215,
  "102": -0.001722512837934195,
  "103": 0.00403526413246192,
  "104": 0.0453866550717922,
  "105": 0.0,
  "106": 0.0,
  "107": -0.04657384954313409,
  "108": 0.0,
  "109": -0.03803621444824608,
  "110": 0.04232181152172827,
  "111": -0.0015627365983324284,
  "112": -0.03203110499508173,
  "113": 0.0014251622177931583,
  "114": 0.0,
  "115": 0.07413958343743395,
  "116": 0.0,
  "117": 0.0057032314727918105,
  "118": -0.07796446807395459,
  "119": -0.0012581587214962205,
  "120": 0.0,
  "121": -0.05556470926259156,
  "122": 0.06987979111128888,
  "123": -0.0017376194558245952,
  "124": -0.019755587351521928,
  "125": 0.0017449985962729557,
  "126": 0.002538170187694279,
  "127": 0.02629311754908971,
  "128": 0.004663369637088559,
  "129": -0.0017954597996725568,
  "130": 0.0,
  "131": -0.010403978319750215,
  "132": 0.0015787970263260037,
  "133": 0.046004361014795984,
  "134": -0.048042957598105084,
  "135": 0.0,
  "136": 0.0,
  "137": 0.03864538311314742,
  "138": -0.044814225693286615,
  "139": 0.0,
  "140": 0.0,
  "141": -0.001694168418625209,
  "142": 0.0,
  "143": 0.0021802253272086344,
  "144": 0.0,
  "145": -0.030693582106162833,
  "146": 0.05939138563269645,
  "147": 0.0,
  "148": -0.019789170011413552,
  "149": -0.0014443045829330987,
  "150": 0.0,
  "151": -0.005935618324408811,
  "152": -0.006022057122901196,
  "153": 0.0,
  "154": 0.0,
  "155": 0.010780321767047348,
  "156": 0.0012749805190715167,
  "157": -0.03413529043639107,
  "158": 0.0495455786097,
  "159": 0.0011126241637829345,
  "160": 0.0016872837327383367,
  "161": -0.01580042002749419,
  "162": 0.040901712478167644,
  "163": 0.0,
  "164": -0.014590381821665652,
  "165": 0.0,
  "166": -0.0021506544008423915,
  "167": -0.006126496336605555,
  "168": 0.0017813999184299323,
  "169": 0.001611150112574623,
  "170": -0.001306073120034947,
  "171": -0.0014219867563229278,
  "172": 0.0,
  "173": -0.02217860375672684,
  "174": 0.03448396910655588,
  "175": 0.002152753825187452,
  "176": -0.025063278620062603,
  "177": -0.0011606510467942815,
  "178": 0.0011178988620811027,
  "179": -0.022649675849534923,
  "180": -0.0010033465077618534,
  "181": 0.06555350555568328,
  "182": -0.016315664612053183,
  "183": 0.0,
  "184": 0.0,
  "185": 0.030727435226699303,
  "186": -0.05004605092692817,
  "187": 0.0,
  "188": 0.0046393603231074465,
  "189": -0.0011338471546837392,
  "190": 0.0,
  "191": -0.013468972393505592,
  "192": 0.0,
  "193": 0.014678333453261978,
  "194": -0.02862712715705608,
  "195": 0.0,
  "196": 0.030389901494442838,
  "197": 0.0,
  "198": 0.0013935764062744831,
  "199": -0.010470350525563452,
  "200": 0.006042328576988753,
  "201": 0.0,
  "202": 0.001215789244561794,
  "203": -0.006322431365153113,
  "204": 0.0,
  "205": -0.0276168282206798,
  "206": 0.023331152964411312,
  "207": 0.0,
  "208": 0.0059833416567874635,
  "209": 0.0013754602467974267,
  "210": 0.0,
  "211": 0.016083531379905907,
  "212": -0.001189603172493535,
  "213": -0.01563833400121534,
  "214": -0.027918947285291436,
  "215": -0.0017669778475234456,
  "216": -0.002967878867609394,
  "217": -0.023201060116597096,
  "218": 0.03134728742176676,
  "219": 0.0,
  "220": -0.02223963505518119,
  "221": 0.003775052470710459,
  "222": 0.0,
  "223": 0.025848969211917452,
  "224": 0.012178701372564587,
  "225": -0.0011465850483828343,
  "226": 0.001963819144718816,
  "227": 0.007369394195259824,
  "228": -0.00151987521760635,
  "229": -0.0265311092430775,
  "230": -0.005786237552614569,
  "231": 0.0,
  "232": -0.001135841925829699,
  "233": -0.019839664496842623,
  "234": 0.027012052341794705,
  "235": 0.0,
  "236": -0.01381412074891538,
  "237": 0.0015435156687285945,
  "238": 0.002642646589711274,
  "239": 0.018221404250832827,
  "240": -0.0011592588119617817,
  "241": 0.0,
  "242": -0.044810811647810915,
  "243": 0.0012059934325059035,
  "244": 0.07168419027926604,
  "245": 0.0,
  "246": 0.0,
  "247": 0.002298528658921173,
  "248": 0.002684825985694582,
  "249": 0.0,
  "250": -0.0011122303758634268,
  "251": 0.0,
  "252": 0.0,
  "253": -0.0069363011317595275,
  "254": -0.013866017216338067,
  "255": -0.0034386040918248577
}