epoch,beta,coefficient,loss,expected_cut,best_measured_cut,success_probability_ancilla_1,max_postselected_probability,grad
0,-0.3247217974300711,-0.2464344871223188,-2.9287493438425884,2.9287493438425884,3.0,0.1338784536487031,0.2372879259199782,-0.07333968717507901
1,-0.31475916494361306,-0.23935831645617947,-2.9293768802487117,2.9293768802487117,3.0,0.13324609573872537,0.23675462547276746,-0.06650966386466504
2,-0.30486811154940013,-0.23229034829640716,-2.9299286670284768,2.9299286670284768,3.0,0.13263280300566715,0.2361841049713339,-0.05942129294334054
3,-0.29509201047781924,-0.22526376615555668,-2.9304016123672385,2.9304016123672385,3.0,0.13204129261740105,0.23557918239925962,-0.05210562295889365
4,-0.2854852874770038,-0.21832042627512382,-2.9307936878409455,2.9307936878409455,3.0,0.131474635143027,0.23494423742614692,-0.04460540281261207
5,-0.2761153585754097,-0.21151240545377167,-2.9311043624702706,2.9311043624702706,3.0,0.13093627163313143,0.23428558829097212,-0.036977619020042055
6,-0.26706419230258704,-0.20490327506393372,-2.9313351030127692,2.9313351030127692,3.0,0.13042999914927228,0.2336118616627679,-0.029296097324393432
7,-0.2584288529479341,-0.1985686044676064,-2.93148988855883,2.93148988855883,3.0,0.12995990188729054,0.232934271804886,-0.021653737368468897
8,-0.25032011762862927,-0.192594987440455,-2.9315756346554727,2.9315756346554727,3.0,0.12953020172028934,0.23226667723015101,-0.014163633709352688
