{
  "config": {
    "N_VERTICES": 4,
    "PROB_ARESTA": 0.55,
    "COM_PESO": false,
    "PESO_MIN": 1,
    "PESO_MAX": 1,
    "GRAPH_SEED": 105087,
    "GRAPH_EDGES": [
      [
        0,
        1,
        1.0
      ],
      [
        1,
        2,
        1.0
      ],
      [
        1,
        3,
        1.0
      ]
    ],
    "REVERSE_BITS": false,
    "ER": 0.75,
    "MAX_TERMS": null,
    "A_MAX": 0.6283185307179586,
    "INIT_BETA": 0.25,
    "MAX_EPOCHS": 200,
    "LR": 0.01,
    "FD_EPS": 0.01,
    "LOSS_TOL_LAST5": 0.002,
    "PATIENCE_LAST5": 7,
    "TRAIN_SEED": 8,
    "INIT_BETA_JITTER": 0.03,
    "OPTIMIZER": "adam",
    "ADAM_BETA1": 0.9,
    "ADAM_BETA2": 0.999,
    "ADAM_EPS": 1e-08,
    "COEF_ZERO_TOL": 0.002,
    "IMPROVEMENT_TOL": 0.002,
    "SATURATION_PATIENCE": 60,
    "INDEX_STRATEGY": "ascending",
    "INDEX_RANDOM_SEED": 42,
    "ENABLE_BACKWARD_PRUNING": false,
    "BACKWARD_PASSES": 1,
    "PRUNE_IMPROVEMENT_TOL": 1e-06,
    "OUTDIR": "benchmark_results_walsh_article/unweighted/coarse_loader/n4/graph09_trainseed08",
    "SHOW_PLOTS": false,
    "name": "coarse_loader"
  },
  "n_qubits_register": 4,
  "graph_edges": [
    [
      0,
      1,
      1.0
    ],
    [
      1,
      2,
      1.0
    ],
    [
      1,
      3,
      1.0
    ]
  ],
  "graph_signature": "e05b7736fa85fadb9e519d205bc71874029e7ff2544024339aba6060afa201c5",
  "graph_num_edges": 3,
  "graph_density": 0.5,
  "best_cut_bruteforce": 3.0,
  "best_bitstring_bruteforce": "0100",
  "best_index_bruteforce": 4,
  "candidate_order": [
    1,
    2,
    3,
    4,
    5,
    6,
    7,
    8,
    9,
    10,
    11,
    12,
    13,
    14,
    15
  ],
  "total_possible_parameters": 15,
  "visited_parameters": 15,
  "trained_coefficients": {
    "0": 0.0,
    "1": -0.17104211174841763,
    "2": 0.17176227845424102,
    "3": 0.0,
    "4": -0.12474676861666233,
    "5": 0.0,
    "6": 0.0,
    "7": 0.1480315487835602,
    "8": -0.07823819385304251,
    "9": 0.0,
    "10": 0.0,
    "11": 0.10396513659231117,
    "12": 0.0,
    "13": -0.09423181215742184,
    "14": 0.10524528169569729,
    "15": 0.0
  },
  "final_coefficient_vector": [
    0.0,
    -0.17104211174841763,
    0.17176227845424102,
    0.0,
    -0.12474676861666233,
    0.0,
    0.0,
    0.1480315487835602,
    -0.07823819385304251,
    0.0,
    0.0,
    0.10396513659231117,
    0.0,
    -0.09423181215742184,
    0.10524528169569729,
    0.0
  ],
  "active_indices": [
    1,
    2,
    4,
    7,
    8,
    11,
    13,
    14
  ],
  "active_parameter_count": 8,
  "compression_ratio_active_over_total": 0.5333333333333333,
  "final_loss": -2.916123836005205,
  "final_expected_cut": 2.916123836005205,
  "best_expected_cut_over_evolution": 2.916123836005205,
  "final_best_measured_index": 4,
  "final_best_measured_bitstring": "0100",
  "final_best_measured_cut": 3.0,
  "best_measured_cut_over_evolution": 3.0,
  "final_success_probability_ancilla_1": 0.01791737677981802,
  "final_max_postselected_probability": 0.46552836370749595,
  "gap_expected_to_bruteforce": 0.08387616399479514,
  "gap_measured_to_bruteforce": 0.0,
  "approx_ratio_measured": 1.0,
  "n_steps": 15,
  "elapsed_seconds": 6.06313943862915,
  "steps": [
    {
      "visit_idx": 1,
      "j": 1,
      "kept": true,
      "beta": -0.27926207383336504,
      "coefficient": -0.17104211174841763,
      "loss": -1.5,
      "expected_cut": 1.5,
      "best_measured_cut": 0.0,
      "success_probability_ancilla_1": 0.004108402501815774,
      "epochs_run": 7,
      "stop_reason": "loss_plateau_last5",
      "history_path": "benchmark_results_walsh_article/unweighted/coarse_loader/n4/graph09_trainseed08/histories/history_visit001_j001.json",
      "improvement_vs_previous": 1.5
    },
    {
      "visit_idx": 2,
      "j": 2,
      "kept": true,
      "beta": 0.2805004082381167,
      "coefficient": 0.17176227845424102,
      "loss": -1.9999955622275984,
      "expected_cut": 1.9999955622275984,
      "best_measured_cut": 3.0,
      "success_probability_ancilla_1": 0.008217384023811931,
      "epochs_run": 7,
      "stop_reason": "loss_plateau_last5",
      "history_path": "benchmark_results_walsh_article/unweighted/coarse_loader/n4/graph09_trainseed08/histories/history_visit002_j002.json",
      "improvement_vs_previous": 0.49999556222759844
    },
    {
      "visit_idx": 3,
      "j": 3,
      "kept": false,
      "beta": -0.0012467112854888688,
      "coefficient": 0.0,
      "loss": -1.9999955622275984,
      "expected_cut": 1.9999955622275984,
      "best_measured_cut": 3.0,
      "success_probability_ancilla_1": 0.008217384023811931,
      "epochs_run": 30,
      "stop_reason": "loss_plateau_last5_and_discarded_near_zero",
      "history_path": "benchmark_results_walsh_article/unweighted/coarse_loader/n4/graph09_trainseed08/histories/history_visit003_j003.json",
      "improvement_vs_previous": 0.0
    },
    {
      "visit_idx": 4,
      "j": 4,
      "kept": true,
      "beta": -0.20121285721212712,
      "coefficient": -0.12474676861666233,
      "loss": -2.18155044032574,
      "expected_cut": 2.18155044032574,
      "best_measured_cut": 3.0,
      "success_probability_ancilla_1": 0.010368220984184318,
      "epochs_run": 53,
      "stop_reason": "loss_plateau_last5",
      "history_path": "benchmark_results_walsh_article/unweighted/coarse_loader/n4/graph09_trainseed08/histories/history_visit004_j004.json",
      "improvement_vs_previous": 0.18155487809814153
    },
    {
      "visit_idx": 5,
      "j": 5,
      "kept": false,
      "beta": -0.0024754037795926952,
      "coefficient": 0.0,
      "loss": -2.18155044032574,
      "expected_cut": 2.18155044032574,
      "best_measured_cut": 3.0,
      "success_probability_ancilla_1": 0.010368220984184318,
      "epochs_run": 29,
      "stop_reason": "loss_plateau_last5_and_discarded_near_zero",
      "history_path": "benchmark_results_walsh_article/unweighted/coarse_loader/n4/graph09_trainseed08/histories/history_visit005_j005.json",
      "improvement_vs_previous": 0.0
    },
    {
      "visit_idx": 6,
      "j": 6,
      "kept": false,
      "beta": 0.0013864242313981253,
      "coefficient": 0.0,
      "loss": -2.18155044032574,
      "expected_cut": 2.18155044032574,
      "best_measured_cut": 3.0,
      "success_probability_ancilla_1": 0.010368220984184318,
      "epochs_run": 28,
      "stop_reason": "loss_plateau_last5_and_discarded_near_zero",
      "history_path": "benchmark_results_walsh_article/unweighted/coarse_loader/n4/graph09_trainseed08/histories/history_visit006_j006.json",
      "improvement_vs_previous": 0.0
    },
    {
      "visit_idx": 7,
      "j": 7,
      "kept": true,
      "beta": 0.2401098737789618,
      "coefficient": 0.1480315487835602,
      "loss": -2.4826459270520127,
      "expected_cut": 2.4826459270520127,
      "best_measured_cut": 3.0,
      "success_probability_ancilla_1": 0.013297728361610958,
      "epochs_run": 61,
      "stop_reason": "loss_plateau_last5",
      "history_path": "benchmark_results_walsh_article/unweighted/coarse_loader/n4/graph09_trainseed08/histories/history_visit007_j007.json",
      "improvement_vs_previous": 0.30109548672627273
    },
    {
      "visit_idx": 8,
      "j": 8,
      "kept": true,
      "beta": -0.12516957693510908,
      "coefficient": -0.07823819385304251,
      "loss": -2.5522232295859086,
      "expected_cut": 2.5522232295859086,
      "best_measured_cut": 3.0,
      "success_probability_ancilla_1": 0.014135390565429163,
      "epochs_run": 46,
      "stop_reason": "loss_plateau_last5",
      "history_path": "benchmark_results_walsh_article/unweighted/coarse_loader/n4/graph09_trainseed08/histories/history_visit008_j008.json",
      "improvement_vs_previous": 0.06957730253389593
    },
    {
      "visit_idx": 9,
      "j": 9,
      "kept": false,
      "beta": -0.002313440687386035,
      "coefficient": 0.0,
      "loss": -2.5522232295859086,
      "expected_cut": 2.5522232295859086,