epoch,beta,coefficient,loss,expected_cut,best_measured_cut,success_probability_ancilla_1,max_postselected_probability,grad
0,0.2888719605608524,0.17661797344896324,-2.4997415952506747,2.4997415952506747,1.0,0.008452752937719386,0.124967699406556,-0.002289038074785047
1,0.28172775116181936,0.1724755720030802,-2.49998254688185,2.49998254688185,1.0,0.008251643776761951,0.12499781836045853,0.05278832836287954
2,0.2747434025845056,0.1684101229781454,-2.4999394545089713,2.4999394545089713,1.0,0.008058885576416461,0.12499243181385401,0.01411100817059966
3,0.2721903177505495,0.16692020104635721,-2.4998503079069563,2.4998503079069563,1.0,0.007989387892354772,0.1249812884886042,-0.0270124671356969
4,0.27356671630678847,0.16772368800907825,-2.499903405141951,2.499903405141951,1.0,0.008026790374645293,0.12498792564297749,-0.04289993799387016
5,0.2768273235418485,0.16962474183586643,-2.499982539323418,2.499982539323418,1.0,0.008115996207171527,0.1249978174156583,-0.03427669842238076
6,0.2805076890120988,0.17176651122710904,-2.499995538452118,2.499995538452118,1.0,0.00821769534478357,0.12499944230674306,-0.014388299101366098
