epoch,beta,coefficient,loss,expected_cut,best_measured_cut,success_probability_ancilla_1,max_postselected_probability,grad
0,-0.3987623192108045,-0.2975790835563044,-3.499999999998406,3.499999999998406,0.0,0.02197544068977985,0.015624999999992884,7.14306815558474e-12
1,-0.39876263874310236,-0.2975792984892267,-3.499999999998406,3.499999999998406,0.0,0.021975472199661544,0.015624999999992884,7.150490517799272e-12
2,-0.3987630300803426,-0.29757956172156524,-3.4999999999984057,3.4999999999984057,0.0,0.02197551079042847,0.01562499999999288,7.151545822346503e-12
3,-0.39876348189570066,-0.2975798656343113,-3.4999999999984075,3.4999999999984075,0.0,0.021975555345124357,0.015624999999992891,7.1515844751491626e-12
4,-0.39876398679201,-0.29758020525173573,-3.4999999999984075,3.4999999999984075,0.0,0.02197560513430608,0.015624999999992891,7.1425720623126164e-12
