{
  "0": 0.0,
  "1": -0.15950490448627053,
  "2": 0.14541048430218326,
  "3": -0.14337617173133513,
  "4": 0.19903061767771693,
  "5": 0.24702870196330126,
  "6": 0.21299036484836517,
  "7": 0.0,
  "8": -0.18499389256191276,
  "9": -0.12126672207364347,
  "10": -0.05992731349999457,
  "11": 0.004076235437550667,
  "12": -0.2003104600363181,
  "13": 0.09949301522538548,
  "14": -0.1092123282271253,
  "15": -0.10027311755338277,
  "16": -0.10691350266532741,
  "17": -0.15685199984778,
  "18": -0.1020630524786832,
  "19": -0.0036313746071481947,
  "20": 0.14976454679936807,
  "21": 0.12291245240409264,
  "22": -0.01354268365858652,
  "23": 0.16708812106929877,
  "24": 0.13511297135450567,
  "25": -0.06445259105341325,
  "26": 0.10108759718058831,
  "27": 0.058035256250257704,
  "28": 0.07695022283822633,
  "29": -0.09058897851850817,
  "30": -0.11643703475439095,
  "31": -0.060574650428931266,
  "32": 0.0033790143060874146,
  "33": 0.031047958972901496,
  "34": 0.040543390843702516,
  "35": -0.006606482750376913,
  "36": -0.15182543582057212,
  "37": -0.05791277163591767,
  "38": -0.0461306921984647,
  "39": -0.1638828846551759,
  "40": 0.11660387049763288,
  "41": 0.0798473744819526,
  "42": 0.08822347577503249,
  "43": 0.09692903049873597,
  "44": -0.019756087374724337,
  "45": 0.09265993482868437,
  "46": 0.09760440371703458,
  "47": -0.021210549915017043,
  "48": 0.09885795118876374,
  "49": 0.027965976707935068,
  "50": 0.032899882435993906,
  "51": 0.08212158798423055,
  "52": -0.03961839959957075,
  "53": -0.13701553864364013,
  "54": -0.11567302434435134,
  "55": -0.04060976181466769,
  "56": 0.005901070807175814,
  "57": -0.06082191728954917,
  "58": -0.05965705323087836,
  "59": 0.0,
  "60": 0.08147958618712939,
  "61": -0.020554532495507264,
  "62": -0.016309701280711544,
  "63": 0.07715916220529999
}