{
  "config": {
    "N_VERTICES": 4,
    "PROB_ARESTA": 0.7,
    "COM_PESO": false,
    "PESO_MIN": 1,
    "PESO_MAX": 1,
    "GRAPH_SEED": 104476,
    "GRAPH_EDGES": [
      [
        0,
        1,
        1.0
      ],
      [
        0,
        2,
        1.0
      ],
      [
        0,
        3,
        1.0
      ],
      [
        1,
        2,
        1.0
      ],
      [
        1,
        3,
        1.0
      ]
    ],
    "REVERSE_BITS": false,
    "ER": 0.75,
    "MAX_TERMS": null,
    "A_MAX": 0.6283185307179586,
    "INIT_BETA": 0.25,
    "MAX_EPOCHS": 200,
    "LR": 0.01,
    "FD_EPS": 0.01,
    "LOSS_TOL_LAST5": 0.002,
    "PATIENCE_LAST5": 7,
    "TRAIN_SEED": 4,
    "INIT_BETA_JITTER": 0.03,
    "OPTIMIZER": "adam",
    "ADAM_BETA1": 0.9,
    "ADAM_BETA2": 0.999,
    "ADAM_EPS": 1e-08,
    "COEF_ZERO_TOL": 0.002,
    "IMPROVEMENT_TOL": 0.002,
    "SATURATION_PATIENCE": 60,
    "INDEX_STRATEGY": "ascending",
    "INDEX_RANDOM_SEED": 42,
    "ENABLE_BACKWARD_PRUNING": false,
    "BACKWARD_PASSES": 1,
    "PRUNE_IMPROVEMENT_TOL": 1e-06,
    "OUTDIR": "benchmark_results_walsh_article/unweighted/coarse_loader/n4/graph03_trainseed04",
    "SHOW_PLOTS": false,
    "name": "coarse_loader"
  },
  "n_qubits_register": 4,
  "graph_edges": [
    [
      0,
      1,
      1.0
    ],
    [
      0,
      2,
      1.0
    ],
    [
      0,
      3,
      1.0
    ],
    [
      1,
      2,
      1.0
    ],
    [
      1,
      3,
      1.0
    ]
  ],
  "graph_signature": "37c67a7d685a1ea528dadea71897f720cb7ad726475a7878001b269ff86755a3",
  "graph_num_edges": 5,
  "graph_density": 0.8333333333333334,
  "best_cut_bruteforce": 4.0,
  "best_bitstring_bruteforce": "0011",
  "best_index_bruteforce": 3,
  "candidate_order": [
    1,
    2,
    3,
    4,
    5,
    6,
    7,
    8,
    9,
    10,
    11,
    12,
    13,
    14,
    15
  ],
  "total_possible_parameters": 15,
  "visited_parameters": 15,
  "trained_coefficients": {
    "0": 0.0,
    "1": -0.15951156743868686,
    "2": 0.1617046489666566,
    "3": 0.0,
    "4": -0.0036937754999351985,
    "5": 0.0,
    "6": 0.0,
    "7": 0.002029882922844804,
    "8": 0.0,
    "9": 0.0,
    "10": 0.0,
    "11": 0.0,
    "12": 0.0,
    "13": 0.0,
    "14": 0.003061940210675485,
    "15": 0.0
  },
  "final_coefficient_vector": [
    0.0,
    -0.15951156743868686,
    0.1617046489666566,
    0.0,
    -0.0036937754999351985,
    0.0,
    0.0,
    0.002029882922844804,
    0.0,
    0.0,
    0.0,
    0.0,
    0.0,
    0.0,
    0.003061940210675485,
    0.0
  ],
  "active_indices": [
    1,
    2,
    4,
    7,
    14
  ],
  "active_parameter_count": 5,
  "compression_ratio_active_over_total": 0.3333333333333333,
  "final_loss": -3.0000051970179618,
  "final_expected_cut": 3.0000051970179618,
  "best_expected_cut_over_evolution": 3.0000051970179618,
  "final_best_measured_index": 4,
  "final_best_measured_bitstring": "0100",
  "final_best_measured_cut": 3.0,
  "best_measured_cut_over_evolution": 3.0,
  "final_success_probability_ancilla_1": 0.0072238822970614215,
  "final_max_postselected_probability": 0.13182156214811575,
  "gap_expected_to_bruteforce": 0.9999948029820382,
  "gap_measured_to_bruteforce": 1.0,
  "approx_ratio_measured": 0.75,
  "n_steps": 15,
  "elapsed_seconds": 4.91630744934082,
  "steps": [
    {
      "visit_idx": 1,
      "j": 1,
      "kept": true,
      "beta": -0.2595456817850685,
      "coefficient": -0.15951156743868686,
      "loss": -2.5,
      "expected_cut": 2.5,
      "best_measured_cut": 0.0,
      "success_probability_ancilla_1": 0.003573788628183561,
      "epochs_run": 7,
      "stop_reason": "loss_plateau_last5",
      "history_path": "benchmark_results_walsh_article/unweighted/coarse_loader/n4/graph03_trainseed04/histories/history_visit001_j001.json",
      "improvement_vs_previous": 2.5
    },
    {
      "visit_idx": 2,
      "j": 2,
      "kept": true,
      "beta": 0.26328008819935544,
      "coefficient": 0.1617046489666566,
      "loss": -2.999953162285403,
      "expected_cut": 2.999953162285403,
      "best_measured_cut": 3.0,
      "success_probability_ancilla_1": 0.007220151322717723,
      "epochs_run": 7,
      "stop_reason": "loss_plateau_last5",
      "history_path": "benchmark_results_walsh_article/unweighted/coarse_loader/n4/graph03_trainseed04/histories/history_visit002_j002.json",
      "improvement_vs_previous": 0.499953162285403
    },
    {
      "visit_idx": 3,
      "j": 3,
      "kept": false,
      "beta": -0.0025105323249642614,
      "coefficient": 0.0,
      "loss": -2.999953162285403,
      "expected_cut": 2.999953162285403,
      "best_measured_cut": 3.0,
      "success_probability_ancilla_1": 0.007220151322717723,
      "epochs_run": 29,
      "stop_reason": "loss_plateau_last5_and_discarded_near_zero",
      "history_path": "benchmark_results_walsh_article/unweighted/coarse_loader/n4/graph03_trainseed04/histories/history_visit003_j003.json",
      "improvement_vs_previous": 0.0
    },
    {
      "visit_idx": 4,
      "j": 4,
      "kept": true,
      "beta": -0.005878894021520598,
      "coefficient": -0.0036937754999351985,
      "loss": -2.9999780741346713,
      "expected_cut": 2.9999780741346713,
      "best_measured_cut": 3.0,
      "success_probability_ancilla_1": 0.007222042299454001,
      "epochs_run": 32,
      "stop_reason": "loss_plateau_last5",
      "history_path": "benchmark_results_walsh_article/unweighted/coarse_loader/n4/graph03_trainseed04/histories/history_visit004_j004.json",
      "improvement_vs_previous": 2.491184926833867e-05
    },
    {
      "visit_idx": 5,
      "j": 5,
      "kept": false,
      "beta": 0.0016945465307570727,
      "coefficient": 0.0,
      "loss": -2.9999780741346713,
      "expected_cut": 2.9999780741346713,
      "best_measured_cut": 3.0,
      "success_probability_ancilla_1": 0.007222042299454001,
      "epochs_run": 30,
      "stop_reason": "loss_plateau_last5_and_discarded_near_zero",
      "history_path": "benchmark_results_walsh_article/unweighted/coarse_loader/n4/graph03_trainseed04/histories/history_visit005_j005.json",
      "improvement_vs_previous": 0.0
    },
    {
      "visit_idx": 6,
      "j": 6,
      "kept": false,
      "beta": -0.002549006342691411,
      "coefficient": 0.0,
      "loss": -2.9999780741346713,
      "expected_cut": 2.9999780741346713,
      "best_measured_cut": 3.0,
      "success_probability_ancilla_1": 0.007222042299454001,
      "epochs_run": 31,
      "stop_reason": "loss_plateau_last5_and_discarded_near_zero",
      "history_path": "benchmark_results_walsh_article/unweighted/coarse_loader/n4/graph03_trainseed04/histories/history_visit006_j006.json",
      "improvement_vs_previous": 0.0
    },
    {
      "visit_idx": 7,
      "j": 7,
      "kept": true,
      "beta": 0.0032306702503885976,
      "coefficient": 0.002029882922844804,
      "loss": -2.999997273776021,
      "expected_cut": 2.999997273776021,
      "best_measured_cut": 3.0,
      "success_probability_ancilla_1": 0.007222582915949773,
      "epochs_run": 31,
      "stop_reason": "loss_plateau_last5",
      "history_path": "benchmark_results_walsh_article/unweighted/coarse_loader/n4/graph03_trainseed04/histories/history_visit007_j007.json",
      "improvement_vs_previous": 1.9199641349665342e-05
    },
    {
      "visit_idx": 8,
      "j": 8,
      "kept": false,
      "beta": -0.0009000630090242904,
      "coefficient": 0.0,
      "loss": -2.999997273776021,
      "expected_cut": 2.999997273776021,
      "best_measured_cut": 3.0,
      "success_probability_ancilla_1": 0.007222582915949773,
      "epochs_run": 30,
      "stop_reason": "loss_plateau_last5_and_discarded_near_zero",
      "history_path": "benchmark_results_walsh_article/unweighted/coarse_loader/n4/graph03_trainseed04/histories/history_visit008_j008.json",
      "improvement_vs_previous": 0.0
    },
    {
      "visit_idx": 9,
      "j": 9,
      "kept": false,
      "beta": -0.0023961258289882078,
      "coefficient": 0.0,