{
  "0": 0.0,
  "1": -0.15951156743868686,
  "2": 0.1617046489666566,
  "3": 0.0,
  "4": -0.0036937754999351985,
  "5": 0.0,
  "6": 0.0,
  "7": 0.002029882922844804,
  "8": 0.0,
  "9": 0.0,
  "10": 0.0,
  "11": 0.0,
  "12": 0.0,
  "13": 0.0,
  "14": 0.003061940210675485,
  "15": 0.0
}