{
  "0": 0.0,
  "1": -0.14130964813855076,
  "2": 0.13767850805844256,
  "3": -0.15997997715386306,
  "4": 0.15625022565027286,
  "5": -0.16805275731967187,
  "6": 0.1436855291446566,
  "7": -0.13744086569869923,
  "8": -0.2877988799374291,
  "9": 0.22379473842386077,
  "10": -0.16047668500858145,
  "11": 0.14175661488435215,
  "12": 0.0269210233011329,
  "13": 0.13357198756628302,
  "14": -0.12165333113959563,
  "15": 0.13760492419947853,
  "16": -0.1419816606400673,
  "17": 0.15512389503362164,
  "18": -0.016985177583257117,
  "19": 0.11339376399365055,
  "20": -0.01613993691854163,
  "21": 0.10699306300811869,
  "22": -0.11374283716431344,
  "23": 0.12892384488706773,
  "24": 0.024500103456615106,
  "25": -0.17089049896368413,
  "26": 0.2299102124097716,
  "27": -0.2003081640633748,
  "28": 0.20373384633427447,
  "29": -0.1805618670603072,
  "30": 0.035154488239875825,
  "31": -0.1276443201412238,
  "32": 0.06722380150856383,
  "33": 0.004947895299785679,
  "34": -0.017437921471738078,
  "35": 0.0,
  "36": -0.075262304520697,
  "37": 0.0,
  "38": -0.010529016800791637,
  "39": -0.005194646523489753,
  "40": 0.07687216535920441,
  "41": 0.06766292266656604,
  "42": -0.030848363896656756,
  "43": 0.041275689200918154,
  "44": -0.051284384506530806,
  "45": -0.027205776452419818,
  "46": 0.028308899989844448,
  "47": -0.0025674971207819944,
  "48": 0.0993952371165235,
  "49": 0.017303407125535287,
  "50": -0.04134891592871311,
  "51": -0.0049603365078848514,
  "52": -0.03373761251760783,
  "53": -0.00916071685897727,
  "54": 0.054145362362615364,
  "55": -0.00736474221285682,
  "56": 0.1025364065128944,
  "57": -0.005795397303187598,
  "58": -0.04542863093863915,
  "59": -0.04980173727789485,
  "60": -0.11388644309188357,
  "61": -0.03976409450734224,
  "62": 0.02046269659107489,
  "63": 0.020453341543218543
}