epoch,beta,coefficient,loss,expected_cut,best_measured_cut,success_probability_ancilla_1,max_postselected_probability,grad
0,0.3791946406589195,0.28432030401831077,-5.844532461265533,5.844532461265533,5.0,0.11150110433306946,0.04570499728767331,0.002572054755573906
1,0.3823904240973692,0.2864988089438209,-5.8445433387702055,5.8445433387702055,5.0,0.11178881320480157,0.04573017332646431,-0.004564959406290591
2,0.3871803822734742,0.2897545236025705,-5.844545910788632,5.844545910788632,5.0,0.11222221980884198,0.04576636985820227,-0.002248069798931904
3,0.3898637189899599,0.29157336241610493,-5.844540270030611,5.844540270030611,5.0,0.11246613675941433,0.045785851261904535,0.001161580677608563
4,0.3893454947893308,0.2912223775028386,-5.844541751374981,5.844541751374981,5.0,0.11241896777167917,0.04578213302975856,0.0030387788879608687
