epoch,beta,coefficient,loss,expected_cut,best_measured_cut,success_probability_ancilla_1,max_postselected_probability,grad
0,-0.31436079303263514,-0.23907446145913785,-6.1674257650691935,6.1674257650691935,6.0,0.1596505263238656,0.06903908529184972,-0.09081117687546451
1,-0.3044031084303871,-0.23195703675450766,-6.168190653279357,6.168190653279357,6.0,0.1589796879938541,0.06901101639886649,-0.08156341617417728
2,-0.29452708336950206,-0.22485650685469774,-6.1688535868309655,6.1688535868309655,6.0,0.15832765580503205,0.06897427002406151,-0.07200665213059528
3,-0.284783139560102,-0.21781147290108327,-6.169411017200378,6.169411017200378,6.0,0.1576977444261663,0.06892908607471993,-0.06218832719802566
4,-0.27523516579851576,-0.21087108895646156,-6.169861078050053,6.169861078050053,6.0,0.1570938024509332,0.0688759899131745,-0.05217355728537248
5,-0.2659628564694463,-0.2040969311255566,-6.17020426389576,6.17020426389576,6.0,0.1565202537029794,0.06881587363177533,-0.04204914719252787
6,-0.2570633473607392,-0.19756434553869148,-6.170444195938939,6.170444195938939,6.0,0.15598208675258046,0.06875007725963837,-0.031927605959094905
7,-0.24865113358295737,-0.1913624900330128,-6.170588361577954,6.170588361577954,6.0,0.1554847503614081,0.06868044986888272,-0.021950273987753496
8,-0.24085492932185082,-0.18559202328583885,-6.170648613479713,6.170648613479713,6.0,0.15503390784459672,0.0686093587484828,-0.01228805686817068
