epoch,beta,coefficient,loss,expected_cut,best_measured_cut,success_probability_ancilla_1,max_postselected_probability,grad
0,-0.33229587443759345,-0.25178467987065684,-5.499999999998774,5.499999999998774,3.0,0.04487308463748908,0.04630039828792892,2.2561201222503264e-12
1,-0.3322959752964028,-0.25178475094388814,-5.4999999999987725,5.4999999999987725,3.0,0.044873092958643994,0.046300398105065976,2.255622698351754e-12
2,-0.3322960987818385,-0.2517848379616544,-5.499999999998771,5.499999999998771,3.0,0.04487310314656601,0.046300397881177395,2.2553774468013877e-12
3,-0.3322962413929986,-0.2517849384569352,-5.4999999999987725,5.4999999999987725,3.0,0.04487311491242139,0.046300397622609374,2.2588573690165685e-12
4,-0.3322964007661159,-0.25178505076402685,-5.4999999999987725,5.4999999999987725,3.0,0.04487312806119352,0.046300397333646354,2.254813575627724e-12
