epoch,beta,coefficient,loss,expected_cut,best_measured_cut,success_probability_ancilla_1,max_postselected_probability,grad
0,-0.22512012599382172,-0.13910514162213897,-0.9999999999963218,0.9999999999963218,0.0,0.002718660276790263,0.062499999999770114,3.1569333480095036e-11
1,-0.2251215372832621,-0.13910598489789391,-0.999999999996322,0.999999999996322,0.0,0.002718693208820568,0.06249999999977013,3.157010388119615e-11
2,-0.22512326527289975,-0.13910701740810183,-0.9999999999963223,0.9999999999963223,0.0,0.002718733531201094,0.06249999999977014,3.157008392014926e-11
3,-0.22512525997658586,-0.13910820928458958,-0.9999999999963216,0.9999999999963216,0.0,0.0027187800776466062,0.062499999999770114,3.156687602762187e-11
4,-0.2251274895311178,-0.13910954148804316,-0.999999999996322,0.999999999996322,0.0,0.00271883210476236,0.06249999999977013,3.157002378754867e-11
5,-0.22512993118352478,-0.13911100042271302,-0.9999999999963225,0.9999999999963225,0.0,0.0027188890817364587,0.062499999999770156,3.156681499577904e-11
6,-0.22513256771526252,-0.13911257579979153,-0.9999999999963225,0.9999999999963225,0.0,0.0027189506069001503,0.062499999999770156,3.1565977945246536e-11
