epoch,beta,coefficient,loss,expected_cut,best_measured_cut,success_probability_ancilla_1,max_postselected_probability,grad
0,-0.2659676612258039,-0.16328035994856246,-0.9999999999989374,0.9999999999989374,1.0,0.009413115723025936,0.18625049100066457,2.9952328331195814e-12
1,-0.26596779512702745,-0.16328043839955467,-0.9999999999989376,0.9999999999989376,1.0,0.009413119275652434,0.18625048521392218,2.9946219120577184e-12
2,-0.2659679590694086,-0.1632805344512645,-0.9999999999989377,0.9999999999989377,1.0,0.009413123625323755,0.18625047812888157,2.994368438372425e-12
3,-0.2659681483283945,-0.16328064533563372,-0.9999999999989375,0.9999999999989375,1.0,0.009413128646690538,0.18625046994970845,2.994842963897447e-12
4,-0.26596835987787726,-0.16328076927970117,-0.9999999999989375,0.9999999999989375,1.0,0.009413134259466015,0.1862504608071683,2.995030817381164e-12
5,-0.26596859155345376,-0.16328090501536735,-0.9999999999989373,0.9999999999989373,1.0,0.009413140406225892,0.18625045079478658,2.9944001221921927e-12
6,-0.2659688417332754,-0.16328105159240847,-0.9999999999989375,0.9999999999989375,1.0,0.009413147043940766,0.18625043998264193,2.99501470994056e-12
