{
  "0": 0.0,
  "1": -0.5080931815077728,
  "2": 0.5137681100323922,
  "3": -0.42908078412614614,
  "4": 0.37478913661732194,
  "5": 0.6633076174947398,
  "6": 0.3957529424129927,
  "7": -0.282113196963365,
  "8": -0.22064778277243532,
  "9": -0.49854565118379296,
  "10": 0.22464011253532618,
  "11": 0.02095938266405618,
  "12": -0.3670664268580986,
  "13": 0.28587179210534314,
  "14": -0.3203689312192347,
  "15": -0.19220428311871499,
  "16": -0.042104287096475866,
  "17": -0.003166726884607567,
  "18": -0.16467533577741947,
  "19": 0.10188340593839416,
  "20": 0.18684355028307761,
  "21": 0.0820981132086715,
  "22": -0.08387609908691866,
  "23": 0.20033624070171327,
  "24": -0.07924273403526648,
  "25": 0.04692724499285784,
  "26": -0.0513391119792508,
  "27": 0.039357467482101983,
  "28": -0.06539715878908353,
  "29": -0.044772271249677725,
  "30": -0.16312600145754577,
  "31": 0.04681266771525531,
  "32": 0.05115786212170595,
  "33": 0.0882546950888175,
  "34": -0.005892520499922672,
  "35": 0.0,
  "36": -0.13890843876816789,
  "37": 0.01022617761323677,
  "38": -0.03494885304926804,
  "39": -0.08814416662343898,
  "40": 0.1970250027517881,
  "41": -0.04082365629808222,
  "42": 0.07034171634298313,
  "43": 0.09107102522281486,
  "44": -0.05635710640469001,
  "45": -0.13303054596568534,
  "46": 0.1436433675935946,
  "47": 0.006083223746859257,
  "48": -0.03441309660826322,
  "49": 0.032673530738641106,
  "50": -0.02514723133655578,
  "51": -0.022547645311779514,
  "52": 0.02129911899124474,
  "53": 0.06397657312016095,
  "54": -0.06000319078237734,
  "55": -0.004090685256409766,
  "56": -0.03782731165329595,
  "57": 0.06806957978040858,
  "58": 0.0010365311064684565,
  "59": -0.013040697852486863,
  "60": -0.06264793823601182,
  "61": -0.004670415832098271,
  "62": 0.010275229008483199,
  "63": -0.032602102902829576
}