{
  "config": {
    "N_VERTICES": 4,
    "PROB_ARESTA": 0.85,
    "COM_PESO": false,
    "PESO_MIN": 1,
    "PESO_MAX": 1,
    "GRAPH_SEED": 104882,
    "GRAPH_EDGES": [
      [
        0,
        1,
        1.0
      ],
      [
        0,
        2,
        1.0
      ],
      [
        0,
        3,
        1.0
      ],
      [
        2,
        3,
        1.0
      ]
    ],
    "REVERSE_BITS": false,
    "ER": 0.75,
    "MAX_TERMS": null,
    "A_MAX": 0.6283185307179586,
    "INIT_BETA": 0.25,
    "MAX_EPOCHS": 200,
    "LR": 0.01,
    "FD_EPS": 0.01,
    "LOSS_TOL_LAST5": 0.002,
    "PATIENCE_LAST5": 7,
    "TRAIN_SEED": 0,
    "INIT_BETA_JITTER": 0.03,
    "OPTIMIZER": "adam",
    "ADAM_BETA1": 0.9,
    "ADAM_BETA2": 0.999,
    "ADAM_EPS": 1e-08,
    "COEF_ZERO_TOL": 0.002,
    "IMPROVEMENT_TOL": 0.002,
    "SATURATION_PATIENCE": 60,
    "INDEX_STRATEGY": "ascending",
    "INDEX_RANDOM_SEED": 42,
    "ENABLE_BACKWARD_PRUNING": false,
    "BACKWARD_PASSES": 1,
    "PRUNE_IMPROVEMENT_TOL": 1e-06,
    "OUTDIR": "benchmark_results_walsh_article/unweighted/coarse_loader/n4/graph07_trainseed00",
    "SHOW_PLOTS": false,
    "name": "coarse_loader"
  },
  "n_qubits_register": 4,
  "graph_edges": [
    [
      0,
      1,
      1.0
    ],
    [
      0,
      2,
      1.0
    ],
    [
      0,
      3,
      1.0
    ],
    [
      2,
      3,
      1.0
    ]
  ],
  "graph_signature": "0c4184843706290033a85b58881df740fdc53f7edeeaffa6a9dd8c38dfc1a494",
  "graph_num_edges": 4,
  "graph_density": 0.6666666666666666,
  "best_cut_bruteforce": 3.0,
  "best_bitstring_bruteforce": "0101",
  "best_index_bruteforce": 5,
  "candidate_order": [
    1,
    2,
    3,
    4,
    5,
    6,
    7,
    8,
    9,
    10,
    11,
    12,
    13,
    14,
    15
  ],
  "total_possible_parameters": 15,
  "visited_parameters": 15,
  "trained_coefficients": {
    "0": 0.0,
    "1": -0.1699616280764457,
    "2": 0.1692133892003497,
    "3": 0.0,
    "4": 0.12314222264395289,
    "5": 0.0,
    "6": 0.0,
    "7": -0.1481426991364411,
    "8": 0.024297395379417976,
    "9": 0.0,
    "10": 0.0,
    "11": -0.024293653531410705,
    "12": 0.0,
    "13": 0.010392220692068924,
    "14": -0.0035660214843250783,
    "15": 0.0
  },
  "final_coefficient_vector": [
    0.0,
    -0.1699616280764457,
    0.1692133892003497,
    0.0,
    0.12314222264395289,
    0.0,
    0.0,
    -0.1481426991364411,
    0.024297395379417976,
    0.0,
    0.0,
    -0.024293653531410705,
    0.0,
    0.010392220692068924,
    -0.0035660214843250783,
    0.0
  ],
  "active_indices": [
    1,
    2,
    4,
    7,
    8,
    11,
    13,
    14
  ],
  "active_parameter_count": 8,
  "compression_ratio_active_over_total": 0.5333333333333333,
  "final_loss": -2.9954107641520302,
  "final_expected_cut": 2.9954107641520302,
  "best_expected_cut_over_evolution": 2.9954107641520302,
  "final_best_measured_index": 7,
  "final_best_measured_bitstring": "0111",
  "final_best_measured_cut": 3.0,
  "best_measured_cut_over_evolution": 3.0,
  "final_success_probability_ancilla_1": 0.013258534975153682,
  "final_max_postselected_probability": 0.2705222906963762,
  "gap_expected_to_bruteforce": 0.004589235847969775,
  "gap_measured_to_bruteforce": 0.0,
  "approx_ratio_measured": 1.0,
  "n_steps": 15,
  "elapsed_seconds": 5.300380229949951,
  "steps": [
    {
      "visit_idx": 1,
      "j": 1,
      "kept": true,
      "beta": -0.2774057339824671,
      "coefficient": -0.1699616280764457,
      "loss": -2.0,
      "expected_cut": 2.0,
      "best_measured_cut": 0.0,
      "success_probability_ancilla_1": 0.004056730462295924,
      "epochs_run": 7,
      "stop_reason": "loss_plateau_last5",
      "history_path": "benchmark_results_walsh_article/unweighted/coarse_loader/n4/graph07_trainseed00/histories/history_visit001_j001.json",
      "improvement_vs_previous": 2.0
    },
    {
      "visit_idx": 2,
      "j": 2,
      "kept": true,
      "beta": 0.2761213042589841,
      "coefficient": 0.1692133892003497,
      "loss": -2.4999951070150392,
      "expected_cut": 2.4999951070150392,
      "best_measured_cut": 1.0,
      "success_probability_ancilla_1": 0.00804524335806046,
      "epochs_run": 7,
      "stop_reason": "loss_plateau_last5",
      "history_path": "benchmark_results_walsh_article/unweighted/coarse_loader/n4/graph07_trainseed00/histories/history_visit002_j002.json",
      "improvement_vs_previous": 0.49999510701503924
    },
    {
      "visit_idx": 3,
      "j": 3,
      "kept": false,
      "beta": -0.0006916574171720201,
      "coefficient": 0.0,
      "loss": -2.4999951070150392,
      "expected_cut": 2.4999951070150392,
      "best_measured_cut": 1.0,
      "success_probability_ancilla_1": 0.00804524335806046,
      "epochs_run": 29,
      "stop_reason": "loss_plateau_last5_and_discarded_near_zero",
      "history_path": "benchmark_results_walsh_article/unweighted/coarse_loader/n4/graph07_trainseed00/histories/history_visit003_j003.json",
      "improvement_vs_previous": 0.0
    },
    {
      "visit_idx": 4,
      "j": 4,
      "kept": true,
      "beta": 0.1985557450914212,
      "coefficient": 0.12314222264395289,
      "loss": -2.6816227395223424,
      "expected_cut": 2.6816227395223424,
      "best_measured_cut": 3.0,
      "success_probability_ancilla_1": 0.010141878917742554,
      "epochs_run": 12,
      "stop_reason": "loss_plateau_last5",
      "history_path": "benchmark_results_walsh_article/unweighted/coarse_loader/n4/graph07_trainseed00/histories/history_visit004_j004.json",
      "improvement_vs_previous": 0.18162763250730318
    },
    {
      "visit_idx": 5,
      "j": 5,
      "kept": false,
      "beta": -0.0012634789850532561,
      "coefficient": 0.0,
      "loss": -2.6816227395223424,
      "expected_cut": 2.6816227395223424,
      "best_measured_cut": 3.0,
      "success_probability_ancilla_1": 0.010141878917742554,
      "epochs_run": 30,
      "stop_reason": "loss_plateau_last5_and_discarded_near_zero",
      "history_path": "benchmark_results_walsh_article/unweighted/coarse_loader/n4/graph07_trainseed00/histories/history_visit005_j005.json",
      "improvement_vs_previous": 0.0
    },
    {
      "visit_idx": 6,
      "j": 6,
      "kept": false,
      "beta": 0.0010280571027923829,
      "coefficient": 0.0,
      "loss": -2.6816227395223424,
      "expected_cut": 2.6816227395223424,
      "best_measured_cut": 3.0,
      "success_probability_ancilla_1": 0.010141878917742554,
      "epochs_run": 32,
      "stop_reason": "loss_plateau_last5_and_discarded_near_zero",
      "history_path": "benchmark_results_walsh_article/unweighted/coarse_loader/n4/graph07_trainseed00/histories/history_visit006_j006.json",
      "improvement_vs_previous": 0.0
    },
    {
      "visit_idx": 7,
      "j": 7,
      "kept": true,
      "beta": -0.24029717968292869,
      "coefficient": -0.1481426991364411,
      "loss": -2.982469909596953,
      "expected_cut": 2.982469909596953,
      "best_measured_cut": 3.0,
      "success_probability_ancilla_1": 0.013080094432753538,
      "epochs_run": 7,
      "stop_reason": "loss_plateau_last5",
      "history_path": "benchmark_results_walsh_article/unweighted/coarse_loader/n4/graph07_trainseed00/histories/history_visit007_j007.json",
      "improvement_vs_previous": 0.3008471700746105
    },
    {
      "visit_idx": 8,
      "j": 8,
      "kept": true,
      "beta": 0.03868979916423905,
      "coefficient": 0.024297395379417976,
      "loss": -2.988423100477587,
      "expected_cut": 2.988423100477587,
      "best_measured_cut": 3.0,
      "success_probability_ancilla_1": 0.013160940236578506,
      "epochs_run": 28,
      "stop_reason": "loss_plateau_last5",
      "history_path": "benchmark_results_walsh_article/unweighted/coarse_loader/n4/graph07_trainseed00/histories/history_visit008_j008.json",
      "improvement_vs_previous": 0.005953190880634285
    },
    {
      "visit_idx": 9,
      "j": 9,
      "kept": false,
      "beta": 0.002058342110576163,