{
  "0": 0.0,
  "1": -0.1699616280764457,
  "2": 0.1692133892003497,
  "3": 0.0,
  "4": 0.12314222264395289,
  "5": 0.0,
  "6": 0.0,
  "7": -0.1481426991364411,
  "8": 0.024297395379417976,
  "9": 0.0,
  "10": 0.0,
  "11": -0.024293653531410705,
  "12": 0.0,
  "13": 0.010392220692068924,
  "14": -0.0035660214843250783,
  "15": 0.0
}