{
  "0": 0.0,
  "1": -0.23491370026143402,
  "2": 0.24931592638264893,
  "3": -0.2825565307050329,
  "4": -0.21956824536443162,
  "5": 0.3902611855370501,
  "6": 0.28339696363584643,
  "7": 0.005016069121765286,
  "8": 0.22377656685953384,
  "9": -0.1450904691874886,
  "10": 0.0,
  "11": -0.04276800030600103,
  "12": -0.32224255765732995,
  "13": 0.16508477653546108,
  "14": -0.14819853798652177,
  "15": -0.11420222495827362,
  "16": 0.08296035773934207,
  "17": -0.16302184109120785,
  "18": -0.12378077350763404,
  "19": 0.0,
  "20": 0.16785090362816668,
  "21": 0.03162475821885072,
  "22": -0.11130058730693634,
  "23": 0.18885636424774857,
  "24": 0.12570049078622214,
  "25": -0.09860340197715352,
  "26": 0.11156408922396666,
  "27": 0.020483909217386298,
  "28": -0.09095022910182377,
  "29": -0.051166304621923495,
  "30": -0.09152238102070263,
  "31": 0.027181623619427737,
  "32": 0.016548164683204754,
  "33": 0.04179347557269589,
  "34": 0.059685097604374654,
  "35": -0.008998385819644942,
  "36": -0.18240013128492316,
  "37": 0.03446010536100363,
  "38": 0.038994072558884874,
  "39": -0.18747398958595618,
  "40": 0.15849746583447652,
  "41": -0.08970696098346079,
  "42": -0.05083173211769044,
  "43": 0.11580885462522145,
  "44": 0.014571379061998778,
  "45": 0.10082554320072541,
  "46": 0.09857288032067882,
  "47": 0.013997575045605072,
  "48": 0.05820130754519283,
  "49": -0.01814504684233339,
  "50": 0.008674527242340057,
  "51": 0.033771898011659744,
  "52": 0.02289991297450834,
  "53": -0.0936419941526494,
  "54": -0.07529383136248226,
  "55": 0.014380753279749896,
  "56": -0.009360572682635132,
  "57": 0.0,
  "58": 0.011152049209422105,
  "59": -0.02306320069070312,
  "60": -0.018562559607205514,
  "61": 0.026450442696648823,
  "62": 0.012606528616506983,
  "63": -0.0093635334408432
}