epoch,beta,coefficient,loss,expected_cut,best_measured_cut,success_probability_ancilla_1,max_postselected_probability,grad
0,0.22340576804520063,0.13808038766586456,-5.298874580577108,5.298874580577108,6.0,0.04328686443297854,0.0951912992371885,0.13355537920295438
1,0.2134622385673775,0.13212159332734286,-5.29995278179541,5.29995278179541,6.0,0.043082348881286425,0.09492982146826721,0.11693576737071779
2,0.2036306509754336,0.12620532801272819,-5.300848958737397,5.300848958737397,6.0,0.042888321435601014,0.09464952881932512,0.09983508564737241
3,0.19398481648983407,0.120378082528089,-5.301558968299667,5.301558968299667,6.0,0.04270601125685532,0.09435321353194291,0.08238191128224306
4,0.18462117098397346,0.1147006647600437,-5.302083355089941,5.302083355089941,6.0,0.042536789168681005,0.09404513095461096,0.06475207306358807
5,0.17566222257696515,0.10925041326411712,-5.302429201087549,5.302429201087549,6.0,0.04238214112954254,0.09373133457948113,0.047179281030319424
6,0.16725705527795284,0.10412158212995917,-5.30261197490184,5.30261197490184,6.0,0.04224359649022896,0.09341988668331411,0.02996377082454394
7,0.1595758925166618,0.099422010057888,-5.302656719529003,5.302656719529003,6.0,0.0421225939236765,0.09312075088273448,0.01347406897969464
8,0.15279599022382306,0.09526433682411327,-5.302597595581454,5.302597595581454,6.0,0.042020286203680826,0.0928451507573782,-0.001865220355963564
