epoch,beta,coefficient,loss,expected_cut,best_measured_cut,success_probability_ancilla_1,max_postselected_probability,grad
0,-0.2287765535285523,-0.1412881594009815,-2.4999999999910862,2.4999999999910862,0.0,0.002804578806892744,0.06249999999977715,7.52033350192594e-11
1,-0.22877991473914042,-0.1412901645211502,-2.499999999991087,2.499999999991087,0.0,0.0028046583364749068,0.06249999999977718,7.520275117099734e-11
2,-0.22878402995729152,-0.1412926194381584,-2.4999999999910862,2.4999999999910862,0.0,0.0028047557079925504,0.062499999999777164,7.51996731148566e-11
3,-0.2287887800898651,-0.14129545310518898,-2.499999999991088,2.499999999991088,0.0,0.002804868104298764,0.06249999999977719,7.518967307549981e-11
4,-0.22879408899308767,-0.14129862009679767,-2.499999999991088,2.499999999991088,0.0,0.0028049937244528293,0.06249999999977719,7.518188683864754e-11
5,-0.228799902631492,-0.141302088176214,-2.499999999991087,2.499999999991087,0.0,0.0028051312906086814,0.06249999999977718,7.51805137222467e-11
6,-0.22880618002160394,-0.1413058328928139,-2.499999999991089,2.499999999991089,0.0,0.0028052798337371214,0.06249999999977722,7.517902286882171e-11
