{
  "config": {
    "N_VERTICES": 4,
    "PROB_ARESTA": 0.55,
    "COM_PESO": false,
    "PESO_MIN": 1,
    "PESO_MAX": 1,
    "GRAPH_SEED": 105087,
    "GRAPH_EDGES": [
      [
        0,
        1,
        1.0
      ],
      [
        1,
        2,
        1.0
      ],
      [
        1,
        3,
        1.0
      ]
    ],
    "REVERSE_BITS": false,
    "ER": 1.25,
    "MAX_TERMS": null,
    "A_MAX": 1.0471975511965976,
    "INIT_BETA": 0.5,
    "MAX_EPOCHS": 200,
    "LR": 0.01,
    "FD_EPS": 0.01,
    "LOSS_TOL_LAST5": 0.0005,
    "PATIENCE_LAST5": 5,
    "TRAIN_SEED": 7,
    "INIT_BETA_JITTER": 0.08,
    "OPTIMIZER": "adam",
    "ADAM_BETA1": 0.9,
    "ADAM_BETA2": 0.999,
    "ADAM_EPS": 1e-08,
    "COEF_ZERO_TOL": 0.0005,
    "IMPROVEMENT_TOL": 0.0005,
    "SATURATION_PATIENCE": 150,
    "INDEX_STRATEGY": "ascending",
    "INDEX_RANDOM_SEED": 42,
    "ENABLE_BACKWARD_PRUNING": false,
    "BACKWARD_PASSES": 1,
    "PRUNE_IMPROVEMENT_TOL": 1e-06,
    "OUTDIR": "benchmark_results_walsh_article/unweighted/aggressive_loader/n4/graph09_trainseed07",
    "SHOW_PLOTS": false,
    "name": "aggressive_loader"
  },
  "n_qubits_register": 4,
  "graph_edges": [
    [
      0,
      1,
      1.0
    ],
    [
      1,
      2,
      1.0
    ],
    [
      1,
      3,
      1.0
    ]
  ],
  "graph_signature": "e05b7736fa85fadb9e519d205bc71874029e7ff2544024339aba6060afa201c5",
  "graph_num_edges": 3,
  "graph_density": 0.5,
  "best_cut_bruteforce": 3.0,
  "best_bitstring_bruteforce": "0100",
  "best_index_bruteforce": 4,
  "candidate_order": [
    1,
    2,
    3,
    4,
    5,
    6,
    7,
    8,
    9,
    10,
    11,
    12,
    13,
    14,
    15
  ],
  "total_possible_parameters": 15,
  "visited_parameters": 15,
  "trained_coefficients": {
    "0": 0.0,
    "1": -0.43765523722019184,
    "2": 0.43934897137634404,
    "3": 0.0,
    "4": -0.27172030225969773,
    "5": 0.0014053003591159314,
    "6": -0.001997459549900441,
    "7": 0.3511853882456099,
    "8": -0.12627099292921168,
    "9": 0.0,
    "10": 0.0,
    "11": 0.17661214632478472,
    "12": 0.0013808511361691304,
    "13": -0.15623915202270722,
    "14": 0.1630086320504318,
    "15": -0.0011068798565077957
  },
  "final_coefficient_vector": [
    0.0,
    -0.43765523722019184,
    0.43934897137634404,
    0.0,
    -0.27172030225969773,
    0.0014053003591159314,
    -0.001997459549900441,
    0.3511853882456099,
    -0.12627099292921168,
    0.0,
    0.0,
    0.17661214632478472,
    0.0013808511361691304,
    -0.15623915202270722,
    0.1630086320504318,
    -0.0011068798565077957
  ],
  "active_indices": [
    1,
    2,
    4,
    5,
    6,
    7,
    8,
    11,
    12,
    13,
    14,
    15
  ],
  "active_parameter_count": 12,
  "compression_ratio_active_over_total": 0.8,
  "final_loss": -2.7025664266824228,
  "final_expected_cut": 2.7025664266824228,
  "best_expected_cut_over_evolution": 2.7025664266824228,
  "final_best_measured_index": 11,
  "final_best_measured_bitstring": "1011",
  "final_best_measured_cut": 3.0,
  "best_measured_cut_over_evolution": 3.0,
  "final_success_probability_ancilla_1": 0.15968134363928932,
  "final_max_postselected_probability": 0.36913723935873843,
  "gap_expected_to_bruteforce": 0.29743357331757725,
  "gap_measured_to_bruteforce": 0.0,
  "approx_ratio_measured": 1.0,
  "n_steps": 15,
  "elapsed_seconds": 12.656023502349854,
  "steps": [
    {
      "visit_idx": 1,
      "j": 1,
      "kept": true,
      "beta": -0.4451812716762946,
      "coefficient": -0.43765523722019184,
      "loss": -1.5,
      "expected_cut": 1.5,
      "best_measured_cut": 0.0,
      "success_probability_ancilla_1": 0.07297358499118818,
      "epochs_run": 5,
      "stop_reason": "loss_plateau_last5",
      "history_path": "benchmark_results_walsh_article/unweighted/aggressive_loader/n4/graph09_trainseed07/histories/history_visit001_j001.json",
      "improvement_vs_previous": 1.5
    },
    {
      "visit_idx": 2,
      "j": 2,
      "kept": true,
      "beta": 0.4471425670334058,
      "coefficient": 0.43934897137634404,
      "loss": -1.9999958731092442,
      "expected_cut": 1.9999958731092442,
      "best_measured_cut": 3.0,
      "success_probability_ancilla_1": 0.13576799219748226,
      "epochs_run": 5,
      "stop_reason": "loss_plateau_last5",
      "history_path": "benchmark_results_walsh_article/unweighted/aggressive_loader/n4/graph09_trainseed07/histories/history_visit002_j002.json",
      "improvement_vs_previous": 0.4999958731092442
    },
    {
      "visit_idx": 3,
      "j": 3,
      "kept": false,
      "beta": 0.00047321055453547565,
      "coefficient": 0.0,
      "loss": -1.9999958731092442,
      "expected_cut": 1.9999958731092442,
      "best_measured_cut": 3.0,
      "success_probability_ancilla_1": 0.13576799219748226,
      "epochs_run": 51,
      "stop_reason": "loss_plateau_last5_and_discarded_near_zero",
      "history_path": "benchmark_results_walsh_article/unweighted/aggressive_loader/n4/graph09_trainseed07/histories/history_visit003_j003.json",
      "improvement_vs_previous": 0.0
    },
    {
      "visit_idx": 4,
      "j": 4,
      "kept": true,
      "beta": -0.26554411323167265,
      "coefficient": -0.27172030225969773,
      "loss": -2.1459257645307734,
      "expected_cut": 2.1459257645307734,
      "best_measured_cut": 3.0,
      "success_probability_ancilla_1": 0.1565761288545114,
      "epochs_run": 89,
      "stop_reason": "loss_plateau_last5",
      "history_path": "benchmark_results_walsh_article/unweighted/aggressive_loader/n4/graph09_trainseed07/histories/history_visit004_j004.json",
      "improvement_vs_previous": 0.14592989142152923
    },
    {
      "visit_idx": 5,
      "j": 5,
      "kept": true,
      "beta": 0.0013419637976581486,
      "coefficient": 0.0014053003591159314,
      "loss": -2.145922582137673,
      "expected_cut": 2.145922582137673,
      "best_measured_cut": 2.0,
      "success_probability_ancilla_1": 0.15657665871155568,
      "epochs_run": 62,
      "stop_reason": "loss_plateau_last5",
      "history_path": "benchmark_results_walsh_article/unweighted/aggressive_loader/n4/graph09_trainseed07/histories/history_visit005_j005.json",
      "improvement_vs_previous": -3.182393100598091e-06
    },
    {
      "visit_idx": 6,
      "j": 6,
      "kept": true,
      "beta": -0.0019074356792345613,
      "coefficient": -0.001997459549900441,
      "loss": -2.145922243677943,
      "expected_cut": 2.145922243677943,
      "best_measured_cut": 2.0,
      "success_probability_ancilla_1": 0.1565771677322007,
      "epochs_run": 62,
      "stop_reason": "loss_plateau_last5",
      "history_path": "benchmark_results_walsh_article/unweighted/aggressive_loader/n4/graph09_trainseed07/histories/history_visit006_j006.json",
      "improvement_vs_previous": -3.3845973002044616e-07
    },
    {
      "visit_idx": 7,
      "j": 7,
      "kept": true,
      "beta": 0.34885233454260123,
      "coefficient": 0.3511853882456099,
      "loss": -2.4521571166007696,
      "expected_cut": 2.4521571166007696,
      "best_measured_cut": 2.0,
      "success_probability_ancilla_1": 0.16991439173531953,
      "epochs_run": 97,
      "stop_reason": "loss_plateau_last5",
      "history_path": "benchmark_results_walsh_article/unweighted/aggressive_loader/n4/graph09_trainseed07/histories/history_visit007_j007.json",
      "improvement_vs_previous": 0.3062348729228268
    },
    {
      "visit_idx": 8,
      "j": 8,
      "kept": true,
      "beta": -0.12116945898739627,
      "coefficient": -0.12627099292921168,
      "loss": -2.4898815004565296,
      "expected_cut": 2.4898815004565296,
      "best_measured_cut": 3.0,
      "success_probability_ancilla_1": 0.17401758515596377,
      "epochs_run": 73,
      "stop_reason": "loss_plateau_last5",
      "history_path": "benchmark_results_walsh_article/unweighted/aggressive_loader/n4/graph09_trainseed07/histories/history_visit008_j008.json",