{
  "0": 0.0,
  "1": -0.43765523722019184,
  "2": 0.43934897137634404,
  "3": 0.0,
  "4": -0.27172030225969773,
  "5": 0.0014053003591159314,
  "6": -0.001997459549900441,
  "7": 0.3511853882456099,
  "8": -0.12627099292921168,
  "9": 0.0,
  "10": 0.0,
  "11": 0.17661214632478472,
  "12": 0.0013808511361691304,
  "13": -0.15623915202270722,
  "14": 0.1630086320504318,
  "15": -0.0011068798565077957
}