epoch,beta,coefficient,loss,expected_cut,best_measured_cut,success_probability_ancilla_1,max_postselected_probability,grad
0,-0.3658803488854659,-0.27519020648133297,-2.9999999999984066,2.9999999999984066,0.0,0.018813234884199177,0.015624999999991701,7.932881584939831e-12
1,-0.36588070349001983,-0.27519045079539306,-2.999999999998405,2.999999999998405,0.0,0.018813268077942293,0.01562499999999169,7.930186608492868e-12
2,-0.3658811378616165,-0.275190750066956,-2.999999999998405,2.999999999998405,0.0,0.01881330873852865,0.015624999999991694,7.94054829830432e-12
3,-0.36588163932621987,-0.2751910955638704,-2.9999999999984057,2.9999999999984057,0.0,0.018813355679584552,0.015624999999991698,7.936133501109811e-12
4,-0.36588219970927427,-0.27519148165402085,-2.9999999999984057,2.9999999999984057,0.0,0.01881340813592225,0.015624999999991701,7.92777800920327e-12
