{
  "0": 0.0,
  "1": 0.0,
  "2": 0.0,
  "3": -0.24341456045984125,
  "4": 0.0,
  "5": 0.3809096228205286,
  "6": 0.0,
  "7": 0.0,
  "8": 0.0,
  "9": 0.17831626552545848,
  "10": 0.0,
  "11": 0.0,
  "12": -0.2905538994878509,
  "13": 0.0,
  "14": 0.0,
  "15": -0.28634795030527044,
  "16": 0.029799602925382047,
  "17": -0.22846986448331666,
  "18": -0.033214295083804114,
  "19": -0.05914397162929933,
  "20": 0.17952452126007556,
  "21": 0.013106282304349189,
  "22": 0.0,
  "23": 0.20078759002804958,
  "24": 0.0,
  "25": 0.048548139105567024,
  "26": -0.09649222580409997,
  "27": 0.18278318632338092,
  "28": 0.0,
  "29": -0.224448234657158,
  "30": -0.11850902754047209,
  "31": 0.0,
  "32": 0.0,
  "33": 0.012830728402896122,
  "34": 0.015835615443805275,
  "35": 0.0,
  "36": -0.004572760235443009,
  "37": 0.0,
  "38": 0.0,
  "39": -0.05940320128979528,
  "40": 0.024010875587051294,
  "41": 0.0,
  "42": 0.0,
  "43": 0.030152967172978044,
  "44": 0.0,
  "45": -0.04011762587758701,
  "46": -0.01608660865827646,
  "47": -0.025893140003082047,
  "48": 0.020582181172179227,
  "49": 0.0,
  "50": 0.0506789897730726,
  "51": 0.01651059630450894,
  "52": 0.020882249602399167,
  "53": 0.0,
  "54": -0.016879653526233433,
  "55": -0.02095745976152649,
  "56": 0.0,
  "57": 0.013758999185928501,
  "58": 0.0,
  "59": 0.005756730664376418,
  "60": -0.025648757249484913,
  "61": 0.0,
  "62": 0.0,
  "63": 0.00398232150814771
}