epoch,beta,coefficient,loss,expected_cut,best_measured_cut,success_probability_ancilla_1,max_postselected_probability,grad
0,0.23441482992798612,0.14464736433452247,-5.3317162774876605,5.3317162774876605,7.0,0.07430666754107793,0.10653589922912235,0.19746083387523997
1,0.22444531304223173,0.13870186607505913,-5.333446389128803,5.333446389128803,7.0,0.07411847269147684,0.10633641810151166,0.1816255869246102
2,0.214532500557006,0.13276417959891093,-5.335003877229649,5.335003877229649,7.0,0.0739389765495363,0.1061240352949662,0.1653795412070023
3,0.20470803684137978,0.1268548171349687,-5.336383119657755,5.336383119657755,7.0,0.07376872571833357,0.10589958575961843,0.14878601901772245
4,0.19500980678949453,0.12099834159988371,-5.3375802356219495,5.3375802356219495,7.0,0.07360825887855298,0.10566426162240862,0.13192329368439645
5,0.18548274461839934,0.1152238846908414,-5.338593601741642,5.338593601741642,7.0,0.07345809359931323,0.10541967537997288,0.11488652683068437
6,0.1761795071039291,0.1095655779120295,-5.33942441994338,5.33942441994338,7.0,0.0733187093253097,0.10516792105337254,0.09778956126407233
7,0.16716084202122228,0.10406278872948506,-5.34007729971785,5.34007729971785,7.0,0.07319052628366021,0.10491162462859481,0.08076629813308227
8,0.15849542171830971,0.09876001532724675,-5.340560788710674,5.340560788710674,7.0,0.07307388065015277,0.10465397106950304,0.06397126040384252
9,0.15025886848732672,0.09370626584266457,-5.340887752520906,5.340887752520906,7.0,0.07296899731841275,0.1043986915213624,0.04757881790473696
10,0.14253170703474682,0.08895375330469116,-5.341075476224158,5.341075476224158,7.0,0.0728759629966905,0.10414999287382001,0.031780469251370964
11,0.13539608122579663,0.08455580208768322,-5.341145352848887,5.341145352848887,7.0,0.07279470384465914,0.10391241517359522,0.01677961964027119
12,0.12893129405634335,0.08056400256629037,-5.341122057554845,5.341122057554845,7.0,0.07272497286350364,0.1043270345029402,0.0027835494140943987
