epoch,beta,coefficient,loss,expected_cut,best_measured_cut,success_probability_ancilla_1,max_postselected_probability,grad
0,0.25634929575207577,0.15763113793244296,-3.99999999999447,3.99999999999447,3.0,0.0072340900680706545,0.03123827788902762,-1.9752852765815525e-11
1,0.2563501788408353,0.1576316578706036,-3.9999999999944698,3.9999999999944698,3.0,0.007234112891850379,0.03123827988807529,-1.975341334853675e-11
2,0.2563512601146937,0.15763229449433822,-3.9999999999944693,3.9999999999944693,3.0,0.007234140837890971,0.031238282335512617,-1.975350619282516e-11
3,0.25635250839762264,0.15763302944790192,-3.999999999994471,3.999999999994471,3.0,0.007234173100481801,0.03123828516063986,-1.9756999424064372e-11
4,0.2563539036057221,0.15763385090629167,-3.9999999999944693,3.9999999999944693,3.0,0.007234209160591517,0.031238288317869744,-1.9751731402050094e-11
5,0.2563554315136986,0.15763475049389164,-3.999999999994471,3.999999999994471,3.0,0.007234248650606123,0.031238291774878944,-1.9749857443483558e-11
6,0.25635708145943753,0.15763572193298797,-3.99999999999447,3.99999999999447,3.0,0.007234291295003081,0.03123829550741094,-1.9755951264296914e-11
