epoch,beta,coefficient,loss,expected_cut,best_measured_cut,success_probability_ancilla_1,max_postselected_probability,grad
0,-0.25423503287571475,-0.1563856595617272,-3.999999999996234,3.999999999996234,2.0,0.010619721558284674,0.04674347726801287,9.047733844257073e-12
1,-0.2542354372157079,-0.15638589787760987,-3.9999999999962332,3.9999999999962332,2.0,0.010619731864925614,0.0467434780255906,9.04053309254681e-12
2,-0.2542359322640144,-0.1563861896564339,-3.999999999996233,3.999999999996233,2.0,0.010619744483743178,0.04674347895305488,9.042125311907085e-12
3,-0.2542365036895587,-0.15638652645150394,-3.9999999999962323,3.9999999999962323,2.0,0.010619759049447395,0.04674348002352034,9.04002089686392e-12
4,-0.2542371424144041,-0.1563869029122982,-3.9999999999962337,3.9999999999962337,2.0,0.010619775330650746,0.04674348121994477,9.0432329314282e-12
5,-0.2542378418869953,-0.1563873151773313,-3.9999999999962337,3.9999999999962337,2.0,0.010619793160363144,0.046743482530019885,9.040347088785013e-12
6,-0.25423859718737024,-0.15638776034677074,-3.9999999999962323,3.9999999999962323,2.0,0.010619812413183775,0.046743483944494756,9.040616538939428e-12
