{
  "0": 0.0,
  "1": -0.1710422453114408,
  "2": 0.17082004394923947,
  "3": -0.15222665220460124,
  "4": 0.20324660932983196,
  "5": 0.2716102695868418,
  "6": 0.22953978505326686,
  "7": -0.023441248986565754,
  "8": -0.20243434713893035,
  "9": -0.1412280059590898,
  "10": -0.06611050122121409,
  "11": 0.01296702308968635,
  "12": -0.2106006285669162,
  "13": 0.12189776522873491,
  "14": -0.10702435151591896,
  "15": -0.10554409196939617,
  "16": -0.10655728272177757,
  "17": -0.17550885529516846,
  "18": -0.108257111365722,
  "19": 0.005129323693624134,
  "20": 0.1692908815910589,
  "21": 0.12198237891392381,
  "22": -0.024295932709913,
  "23": 0.17824122661506273,
  "24": 0.14077219228329585,
  "25": -0.07931710354644157,
  "26": 0.10327455926165992,
  "27": 0.0618972262575482,
  "28": 0.09097123384069171,
  "29": -0.08914779771838872,
  "30": -0.12258585514722557,
  "31": -0.06257888541740729,
  "32": 0.003320590993887111,
  "33": 0.02927790758011749,
  "34": 0.04442638503903282,
  "35": -0.009929982006763148,
  "36": -0.16181197910409,
  "37": -0.05163304761958014,
  "38": -0.036614088889927184,
  "39": -0.1782583601011717,
  "40": 0.136120567707215,
  "41": 0.076593964597407,
  "42": 0.08414377187348232,
  "43": 0.11078202104278505,
  "44": -0.022906079982745232,
  "45": 0.09228481497716044,
  "46": 0.09935272680087914,
  "47": -0.028731887905518203,
  "48": 0.1038947191304008,
  "49": 0.025164444096515085,
  "50": 0.03016581283537133,
  "51": 0.08775410473066998,
  "52": -0.03789730294665418,
  "53": -0.15136529973219998,
  "54": -0.1241623213499932,
  "55": -0.0382929557057967,
  "56": 0.007394415275636008,
  "57": -0.05895880108842779,
  "58": -0.05720320940504385,
  "59": 0.0,
  "60": 0.08030796171951537,
  "61": -0.018334031452502526,
  "62": -0.00874924903782965,
  "63": 0.07376947214019886
}