epoch,beta,coefficient,loss,expected_cut,best_measured_cut,success_probability_ancilla_1,max_postselected_probability,grad
0,-0.37704357696853974,-0.2828511215328153,-1.713577119966712,1.713577119966712,2.0,0.14498542501820358,0.38909988880358454,0.10147093932500283
1,-0.38698538243489616,-0.28962220671038236,-1.7143955098324557,1.7143955098324557,2.0,0.14546696826966227,0.38867036913572794,0.08858527031244498
2,-0.39681934511348826,-0.2962711835829826,-1.7150846135605726,1.7150846135605726,2.0,0.14595564497973695,0.38820154818725994,0.07610667601242004
3,-0.4064864753005246,-0.3027594623007865,-1.7156485084922433,1.7156485084922433,2.0,0.14644760009718916,0.38769972878900133,0.06409688934187573
4,-0.4159179700985061,-0.30904316557679457,-1.7160932534680278,1.7160932534680278,2.0,0.14693823126603792,0.38717257684365786,0.05262033800890481
5,-0.42503539410011837,-0.3150734557892558,-1.7164270668803123,1.7164270668803123,2.0,0.14742218481105765,0.3866291438260481,0.041743243679820026
6,-0.4337518909481299,-0.32079748456935897,-1.71666039862765,1.71666039862765,2.0,0.1478934210463965,0.38607977709327185,0.03153216448026514
7,-0.4419747446895708,-0.32616012303474573,-1.7168058330227887,1.7168058330227887,2.0,0.14834537277918133,0.38553587667009753,0.022051873252335725
8,-0.449609448460172,-0.33110652292976717,-1.7168777649094136,1.7168777649094136,2.0,0.14877121099099366,0.3850094717660778,0.013362555521684055
