epoch,beta,coefficient,loss,expected_cut,best_measured_cut,success_probability_ancilla_1,max_postselected_probability,grad
0,0.2293347888112106,0.14162113141632676,-6.551560167725581,6.551560167725581,8.0,0.03728412327117683,0.13010309863369715,0.06837811358363217
1,0.21975358103150516,0.1358947312188376,-6.551827323440602,6.551827323440602,8.0,0.03709606522357344,0.12992641602497942,0.041229055189206054
2,0.21132981642313625,0.13084042397135837,-6.551847140289011,6.551847140289011,8.0,0.03693717296650543,0.12974529380287209,0.014408425837991502
3,0.20517719169369966,0.12713755328779203,-6.5517315161165115,6.5517315161165115,8.0,0.03682498882720378,0.12959749227359485,-0.009798976262812054
4,0.2020170151530125,0.12523204154574752,-6.551628755509352,6.551628755509352,8.0,0.036768650528600996,0.12951642598000407,-0.02783527899356179
5,0.2015869590338283,0.12497254145025748,-6.551612476682573,6.551612476682573,8.0,0.03676105135076436,0.12950512207466622,-0.03721199379625024
6,0.20316203198765173,0.12592273886432626,-6.551669412896816,6.551669412896816,8.0,0.036788962352102,0.1295462044257371,-0.038493828963968864
