epoch,beta,coefficient,loss,expected_cut,best_measured_cut,success_probability_ancilla_1,max_postselected_probability,grad
0,0.2186088689172993,0.13520896298727347,-6.285183251209291,6.285183251209291,8.0,0.031534092269228105,0.08310821546860774,0.23354039488495038
1,0.20864408121255437,0.12922520305584176,-6.28719529915713,6.28719529915713,8.0,0.031324000071721224,0.08283090150893671,0.21270275501726085
2,0.198746797637104,0.12325764926223765,-6.28897467868664,6.28897467868664,8.0,0.031123877927612884,0.08252903703288818,0.19096921190026667
3,0.18895786084079874,0.11733258212245627,-6.290510908455776,6.290510908455776,8.0,0.030934472813610635,0.0822041166883251,0.16844659050699637
4,0.17932838738903134,0.11148285631784235,-6.2917967625813676,6.2917967625813676,8.0,0.03075656296788086,0.08185852913194429,0.14527859231179696
5,0.1699214994399734,0.1057490057769005,-6.292829546710745,6.292829546710745,8.0,0.030590942805783443,0.08149576060716696,0.121652325231301
6,0.16081372809321864,0.10018014252044478,-6.293612546039146,6.293612546039146,8.0,0.03043839805267177,0.08112059259917645,0.09780455320641038
7,0.15209555260452262,0.09483431025631268,-6.294156500846026,6.294156500846026,8.0,0.030299668318697837,0.08073925145278692,0.07402645457161984
8,0.14387032678548847,0.0897778182407115,-6.294480830792225,6.294480830792225,8.0,0.030175395743677932,0.08035944511531132,0.050664962682384906
9,0.13625076047888404,0.08508302667210385,-6.294614183855074,6.294614183855074,5.0,0.030066061894997942,0.08016278814027304,0.028118077047909817
10,0.1293523738081706,0.08082421094019034,-6.294593810150207,6.294593810150207,5.0,0.029971920988779953,0.08101693348240582,0.006821332466054121
11,0.12328409315479325,0.07707160573561475,-6.294463376152285,6.294463376152285,5.0,0.029892944089640498,0.0817646642094286,-0.012776415224865102
