epoch,beta,coefficient,loss,expected_cut,best_measured_cut,success_probability_ancilla_1,max_postselected_probability,grad
0,0.26253981007238053,0.16127024357425104,-6.119444241603569,6.119444241603569,7.0,0.02725742351245039,0.08177565236337253,0.19444450597911714
1,0.25257463231189936,0.1554066243302335,-6.121120738082108,6.121120738082108,7.0,0.02700194265687442,0.08344134277314401,0.17723680328084962
2,0.2426770672867611,0.1495541059450582,-6.122601572815246,6.122601572815246,7.0,0.02675606722406588,0.08511059244711305,0.1590634479010299
3,0.2328894698154065,0.14373942831932235,-6.123875560463435,6.123875560463435,7.0,0.02652081115438639,0.08677414093550612,0.14000082289083296
4,0.22326598116954277,0.13799679621746405,-6.124934292886924,6.124934292886924,7.0,0.026297308089296253,0.088420487356538,0.12016333602016542
5,0.21387487486114776,0.13236937487034597,-6.125773495600463,6.125773495600463,7.0,0.02608681351160628,0.09003553630174946,0.09971234284890533
6,0.2048006009299259,0.12691060512440383,-6.12639464290192,6.12639464290192,7.0,0.025890693517033242,0.09160232890299064,0.07886552777243887
7,0.19614478526305898,0.12168487285621583,-6.126806684534477,6.126806684534477,7.0,0.02571039105829284,0.0931009919427547,0.05790532314111364
8,0.18802507173680677,0.11676683317532871,-6.127027552682012,6.127027552682012,7.0,0.025547359489592726,0.09450909326877777,0.037183782593132514
9,0.18057051202370372,0.11223856951032057,-6.127084900673754,6.127084900673754,7.0,0.02540295675903488,0.09580260826019503,0.017120014432287032
10,0.17391259367970022,0.10818400193750007,-6.12701539694339,6.12701539694339,7.0,0.025278304842517287,0.09695761642257497,-0.0018144404688152352
11,0.16817228148900132,0.10468075900957916,-6.126862061376719,6.126862061376719,7.0,0.02517413764351318,0.0979526129758335,-0.019125722188789142
