epoch,beta,coefficient,loss,expected_cut,best_measured_cut,success_probability_ancilla_1,max_postselected_probability,grad
0,-0.2690737653134546,-0.16509871257272063,-6.386243079449802,6.386243079449802,8.0,0.033540941662613455,0.09370058989235283,-0.09110564118692932
1,-0.2592588933280763,-0.15934297424788962,-6.3867885401098885,6.3867885401098885,8.0,0.033299009488849875,0.0935707145336318,-0.06754351007969155
2,-0.24988788019790492,-0.153820711110274,-6.387084428729091,6.387084428729091,8.0,0.03307506582210773,0.09342371258432584,-0.04344747727113477
3,-0.24138447327326037,-0.14878772264071485,-6.387155989495089,6.387155989495089,8.0,0.03287793998954046,0.09327034149710173,-0.019560412314865955
4,-0.23432534484492884,-0.1445941179341664,-6.387068730283911,6.387068730283911,8.0,0.032718773344359534,0.09312824491926859,0.0028433794641740846
5,-0.229255375399172,-0.14157376860442308,-6.386922005056402,6.386922005056402,8.0,0.03260700058968905,0.09301776973363914,0.021955639752897507
6,-0.22640478748450313,-0.13987253601664773,-6.386808136801662,6.386808136801662,8.0,0.03254509968584787,0.09295252558516388,0.03596313458517758
