epoch,beta,coefficient,loss,expected_cut,best_measured_cut,success_probability_ancilla_1,max_postselected_probability,grad
0,0.23392968353181795,0.14435866090330612,-5.499999999990406,5.499999999990406,4.0,0.005732557303047543,0.031247314095909726,-4.013660947940306e-11
1,0.23393147782544232,0.1443597287795136,-5.499999999990408,5.499999999990408,4.0,0.005732600331081441,0.031247311948628422,-4.014088812185288e-11
2,0.23393367452371244,0.14436103614617585,-5.499999999990406,5.499999999990406,4.0,0.005732653009357865,0.031247309318634474,-4.012817396325116e-11
3,0.2339362102378116,0.14436254527672815,-5.499999999990406,5.499999999990406,4.0,0.005732713817982687,0.03124730628118886,-4.012976951299401e-11
4,0.2339390445707472,0.14436423212823576,-5.499999999990404,5.499999999990404,4.0,0.005732781788411954,0.03124730288405238,-4.0139887920265266e-11
5,0.2339421487242069,0.14436607956074196,-5.499999999990405,5.499999999990405,4.0,0.0057328562302410135,0.031247299161113462,-4.014450284744267e-11
6,0.23394550064528513,0.14436807444883396,-5.499999999990406,5.499999999990406,4.0,0.0057329366148214204,0.03124729513819392,-4.013533132901479e-11
