epoch,beta,coefficient,loss,expected_cut,best_measured_cut,success_probability_ancilla_1,max_postselected_probability,grad
0,-0.43320600138479126,-0.42725358986714584,-5.9999999999991385,5.9999999999991385,0.0,0.06962802854205996,0.015624999999997755,3.4347027302328135e-12
1,-0.43320615501618015,-0.42725372396879907,-5.999999999999137,5.999999999999137,0.0,0.06962807120635407,0.015624999999997752,3.4375745763678345e-12
2,-0.4332063431726981,-0.4272538882066983,-5.9999999999991385,5.9999999999991385,0.0,0.06962812345847845,0.015624999999997755,3.4384393799313904e-12
3,-0.4332065605285053,-0.4272540779320167,-5.999999999999135,5.999999999999135,0.0,0.06962818381942236,0.015624999999997748,3.444997294095311e-12
4,-0.43320680357407787,-0.42725429008135174,-5.9999999999991385,5.9999999999991385,0.0,0.06962825131457626,0.015624999999997759,3.4449011990483863e-12
