{
  "0": 0.0,
  "1": -0.42764204258444555,
  "2": 0.45555296437087367,
  "3": -0.5182984752171641,
  "4": -0.6295505096628814,
  "5": 0.49156333976170985,
  "6": 0.08285151656861851,
  "7": 0.39518571013623455,
  "8": 0.17891614293497438,
  "9": 0.010960690027902353,
  "10": -0.06511331547568633,
  "11": 0.01648114690978553,
  "12": -0.0012404503790736767,
  "13": -0.0009240322582442306,
  "14": 0.006073853269499286,
  "15": 0.004132035131487926,
  "16": 0.002084351701062554,
  "17": 0.24101155532605809,
  "18": 0.28331085190307154,
  "19": 0.023165194923775813,
  "20": -0.37413975109123343,
  "21": 0.07985205818418205,
  "22": 0.0028493093660348634,
  "23": -0.25094391975344804,
  "24": 0.1354771430122763,
  "25": -0.09803113048092224,
  "26": -0.010222234944538038,
  "27": -0.07777889538439826,
  "28": 0.008834820349668851,
  "29": 0.1448407201236723,
  "30": -0.16660979253895583,
  "31": -0.023557122960755555,
  "32": 0.05951239942210144,
  "33": 0.0031720276576262616,
  "34": -0.033226155007854016,
  "35": -0.02790175342686654,
  "36": 0.07575502152126583,
  "37": 0.07479371461840079,
  "38": 0.0,
  "39": -0.04168596076171388,
  "40": 0.07742511987567201,
  "41": -0.0668718577573079,
  "42": -0.0339000991197534,
  "43": -0.057922321503261855,
  "44": -0.08623011867704543,
  "45": 0.10331262298100419,
  "46": -0.14292125574874165,
  "47": 0.046117420199565475,
  "48": 0.09995074375178561,
  "49": -0.09187928367136478,
  "50": 0.03146056181407001,
  "51": -0.05613841108464139,
  "52": -0.0011124777510679725,
  "53": 0.06869753570334289,
  "54": -0.06664138310365395,
  "55": 0.07754442393098637,
  "56": -0.07168245818622455,
  "57": -0.04918636362438987,
  "58": -0.0053925906904146,
  "59": 0.08983141334336278,
  "60": 0.04947850830305598,
  "61": -0.0396942696356598,
  "62": 0.1020822965355959,
  "63": 0.01517566178709427
}