{
  "config": {
    "N_VERTICES": 4,
    "PROB_ARESTA": 0.55,
    "COM_PESO": false,
    "PESO_MIN": 1,
    "PESO_MAX": 1,
    "GRAPH_SEED": 104577,
    "GRAPH_EDGES": [
      [
        0,
        2,
        1.0
      ],
      [
        2,
        3,
        1.0
      ]
    ],
    "REVERSE_BITS": false,
    "ER": 1.0,
    "MAX_TERMS": null,
    "A_MAX": 0.7853981633974483,
    "INIT_BETA": 0.35,
    "MAX_EPOCHS": 200,
    "LR": 0.01,
    "FD_EPS": 0.01,
    "LOSS_TOL_LAST5": 0.001,
    "PATIENCE_LAST5": 5,
    "TRAIN_SEED": 2,
    "INIT_BETA_JITTER": 0.05,
    "OPTIMIZER": "adam",
    "ADAM_BETA1": 0.9,
    "ADAM_BETA2": 0.999,
    "ADAM_EPS": 1e-08,
    "COEF_ZERO_TOL": 0.001,
    "IMPROVEMENT_TOL": 0.001,
    "SATURATION_PATIENCE": 100,
    "INDEX_STRATEGY": "ascending",
    "INDEX_RANDOM_SEED": 42,
    "ENABLE_BACKWARD_PRUNING": false,
    "BACKWARD_PASSES": 1,
    "PRUNE_IMPROVEMENT_TOL": 1e-06,
    "OUTDIR": "benchmark_results_walsh_article/unweighted/baseline/n4/graph04_trainseed02",
    "SHOW_PLOTS": false,
    "name": "baseline"
  },
  "n_qubits_register": 4,
  "graph_edges": [
    [
      0,
      2,
      1.0
    ],
    [
      2,
      3,
      1.0
    ]
  ],
  "graph_signature": "ab3e1e60a1be6f27a830f37b39d70bd64af7163327db0f23a1fcb2724d77253c",
  "graph_num_edges": 2,
  "graph_density": 0.3333333333333333,
  "best_cut_bruteforce": 2.0,
  "best_bitstring_bruteforce": "0010",
  "best_index_bruteforce": 2,
  "candidate_order": [
    1,
    2,
    3,
    4,
    5,
    6,
    7,
    8,
    9,
    10,
    11,
    12,
    13,
    14,
    15
  ],
  "total_possible_parameters": 15,
  "visited_parameters": 15,
  "trained_coefficients": {
    "0": 0.0,
    "1": -0.23471443635076453,
    "2": 0.26000952416994366,
    "3": -0.2517846516285322,
    "4": 0.40309416072992754,
    "5": -0.020567168828470917,
    "6": 0.31572135964246534,
    "7": -0.27561816735321903,
    "8": -0.22811788585040735,
    "9": -0.06209817259806718,
    "10": -0.15414723920155227,
    "11": 0.12467840181799202,
    "12": 0.11472865478966326,
    "13": 0.21607014848697376,
    "14": -0.17238320959156292,
    "15": 0.18116331988495477
  },
  "final_coefficient_vector": [
    0.0,
    -0.23471443635076453,
    0.26000952416994366,
    -0.2517846516285322,
    0.40309416072992754,
    -0.020567168828470917,
    0.31572135964246534,
    -0.27561816735321903,
    -0.22811788585040735,
    -0.06209817259806718,
    -0.15414723920155227,
    0.12467840181799202,
    0.11472865478966326,
    0.21607014848697376,
    -0.17238320959156292,
    0.18116331988495477
  ],
  "active_indices": [
    1,
    2,
    3,
    4,
    5,
    6,
    7,
    8,
    9,
    10,
    11,
    12,
    13,
    14,
    15
  ],
  "active_parameter_count": 15,
  "compression_ratio_active_over_total": 1.0,
  "final_loss": -1.8562617221643427,
  "final_expected_cut": 1.8562617221643427,
  "best_expected_cut_over_evolution": 1.8562617221643427,
  "final_best_measured_index": 9,
  "final_best_measured_bitstring": "1001",
  "final_best_measured_cut": 2.0,
  "best_measured_cut_over_evolution": 2.0,
  "final_success_probability_ancilla_1": 0.12666809988751998,
  "final_max_postselected_probability": 0.46549637803386357,
  "gap_expected_to_bruteforce": 0.1437382778356573,
  "gap_measured_to_bruteforce": 0.0,
  "approx_ratio_measured": 1.0,
  "n_steps": 15,
  "elapsed_seconds": 12.957140684127808,
  "steps": [
    {
      "visit_idx": 1,
      "j": 1,
      "kept": true,
      "beta": -0.30825382292152237,
      "coefficient": -0.23471443635076453,
      "loss": -1.0,
      "expected_cut": 1.0,
      "best_measured_cut": 0.0,
      "success_probability_ancilla_1": 0.013709603414118246,
      "epochs_run": 5,
      "stop_reason": "loss_plateau_last5",
      "history_path": "benchmark_results_walsh_article/unweighted/baseline/n4/graph04_trainseed02/histories/history_visit001_j001.json",
      "improvement_vs_previous": 1.0
    },
    {
      "visit_idx": 2,
      "j": 2,
      "kept": true,
      "beta": 0.3440119830175252,
      "coefficient": 0.26000952416994366,
      "loss": -1.0,
      "expected_cut": 1.0,
      "best_measured_cut": 0.0,
      "success_probability_ancilla_1": 0.030055024969418795,
      "epochs_run": 5,
      "stop_reason": "loss_plateau_last5",
      "history_path": "benchmark_results_walsh_article/unweighted/baseline/n4/graph04_trainseed02/histories/history_visit002_j002.json",
      "improvement_vs_previous": 0.0
    },
    {
      "visit_idx": 3,
      "j": 3,
      "kept": true,
      "beta": -0.3322958343596783,
      "coefficient": -0.2517846516285322,
      "loss": -1.0,
      "expected_cut": 1.0,
      "best_measured_cut": 1.0,
      "success_probability_ancilla_1": 0.04487269592749192,
      "epochs_run": 5,
      "stop_reason": "loss_plateau_last5",
      "history_path": "benchmark_results_walsh_article/unweighted/baseline/n4/graph04_trainseed02/histories/history_visit003_j003.json",
      "improvement_vs_previous": 0.0
    },
    {
      "visit_idx": 4,
      "j": 4,
      "kept": true,
      "beta": 0.5671123588565278,
      "coefficient": 0.40309416072992754,
      "loss": -1.2623877118392381,
      "expected_cut": 1.2623877118392381,
      "best_measured_cut": 1.0,
      "success_probability_ancilla_1": 0.08135039204175398,
      "epochs_run": 20,
      "stop_reason": "loss_plateau_last5",
      "history_path": "benchmark_results_walsh_article/unweighted/baseline/n4/graph04_trainseed02/histories/history_visit004_j004.json",
      "improvement_vs_previous": 0.26238771183923815
    },
    {
      "visit_idx": 5,
      "j": 5,
      "kept": true,
      "beta": -0.026192921083668993,
      "coefficient": -0.020567168828470917,
      "loss": -1.2619903051929933,
      "expected_cut": 1.2619903051929933,
      "best_measured_cut": 1.0,
      "success_probability_ancilla_1": 0.08118766761862732,
      "epochs_run": 35,
      "stop_reason": "loss_plateau_last5",
      "history_path": "benchmark_results_walsh_article/unweighted/baseline/n4/graph04_trainseed02/histories/history_visit005_j005.json",
      "improvement_vs_previous": -0.00039740664624488
    },
    {
      "visit_idx": 6,
      "j": 6,
      "kept": true,
      "beta": 0.42601894143590613,
      "coefficient": 0.31572135964246534,
      "loss": -1.3741626859262763,
      "expected_cut": 1.3741626859262763,
      "best_measured_cut": 1.0,
      "success_probability_ancilla_1": 0.09830920266488163,
      "epochs_run": 5,
      "stop_reason": "loss_plateau_last5",
      "history_path": "benchmark_results_walsh_article/unweighted/baseline/n4/graph04_trainseed02/histories/history_visit006_j006.json",
      "improvement_vs_previous": 0.11217238073328306
    },
    {
      "visit_idx": 7,
      "j": 7,
      "kept": true,
      "beta": -0.3665016390008925,
      "coefficient": -0.27561816735321903,
      "loss": -1.4617303421977397,
      "expected_cut": 1.4617303421977397,
      "best_measured_cut": 1.0,
      "success_probability_ancilla_1": 0.10766509308841485,
      "epochs_run": 5,
      "stop_reason": "loss_plateau_last5",
      "history_path": "benchmark_results_walsh_article/unweighted/baseline/n4/graph04_trainseed02/histories/history_visit007_j007.json",
      "improvement_vs_previous": 0.08756765627146335
    },
    {
      "visit_idx": 8,
      "j": 8,
      "kept": true,
      "beta": -0.29905624828968524,
      "coefficient": -0.22811788585040735,
      "loss": -1.5535537552311385,
      "expected_cut": 1.5535537552311385,
      "best_measured_cut": 2.0,
      "success_probability_ancilla_1": 0.11782901929412207,
      "epochs_run": 84,
      "stop_reason": "loss_plateau_last5",
      "history_path": "benchmark_results_walsh_article/unweighted/baseline/n4/graph04_trainseed02/histories/history_visit008_j008.json",
      "improvement_vs_previous": 0.0918234130333988
    },
    {
      "visit_idx": 9,
      "j": 9,
      "kept": true,
      "beta": -0.07923122740061717,
      "coefficient": -0.06209817259806718,