epoch,beta,coefficient,loss,expected_cut,best_measured_cut,success_probability_ancilla_1,max_postselected_probability,grad
0,0.3440119856963356,0.2600095260432917,-2.4999999999991687,2.4999999999991687,2.0,0.030055042079445236,0.031166845294747333,-2.4209038889749258e-12
1,0.3440120939235077,0.2600096017288083,-2.4999999999991678,2.4999999999991678,2.0,0.03005505154167073,0.03116684482333499,-2.420449184591526e-12
2,0.34401222643219664,0.26000969439488836,-2.4999999999991678,2.4999999999991678,2.0,0.03005506312681492,0.031166844246156462,-2.420242463455311e-12
3,0.3440123793675214,0.26000980134572915,-2.4999999999991687,2.4999999999991687,2.0,0.030055076497849696,0.03116684358000189,-2.4186600905095716e-12
4,0.3440125503193622,0.2600099208958801,-2.4999999999991678,2.4999999999991678,2.0,0.030055091444061356,0.031166842835368372,-2.4204343366458816e-12
