{
  "0": 0.0,
  "1": -0.23926265324637067,
  "2": 0.23206384402851618,
  "3": -0.27612214133890284,
  "4": 0.30260910328170737,
  "5": 0.3955027610804515,
  "6": 0.33021667307669295,
  "7": -0.06301540763850581,
  "8": -0.26079427855382775,
  "9": -0.17473482899181686,
  "10": -0.032514409453893604,
  "11": 0.03436033088204141,
  "12": -0.3165437737262317,
  "13": 0.13599302376684339,
  "14": -0.15574091509848634,
  "15": -0.1333757064444271,
  "16": 0.0,
  "17": -0.11378985467715622,
  "18": -0.10979327338275513,
  "19": 0.0,
  "20": 0.2628340334500411,
  "21": 0.03178028079711661,
  "22": -0.02273188729448914,
  "23": 0.21977292471575494,
  "24": 0.03132431853517825,
  "25": -0.005347641389616164,
  "26": -0.02903579163656749,
  "27": 0.06561719002353031,
  "28": 0.014999113684934293,
  "29": -0.22557246020733152,
  "30": -0.19261580642314213,
  "31": 0.0,
  "32": -0.05104988714540141,
  "33": 0.05657465775512522,
  "34": -0.01867953859817761,
  "35": 0.08184301211996546,
  "36": -0.05125563932493462,
  "37": 0.014870971847741003,
  "38": -0.08563245118426367,
  "39": -0.1065246463657704,
  "40": 0.07887096333021638,
  "41": -0.03301855517583712,
  "42": 0.13489437478910796,
  "43": 0.12668937961438245,
  "44": 0.06985865715106573,
  "45": -0.04830621691656729,
  "46": 0.07284736407601812,
  "47": -0.1181871060020159,
  "48": 0.005744753887346217,
  "49": 0.005644467786120484,
  "50": 0.0,
  "51": -0.015966765744110205,
  "52": 0.01321575227326218,
  "53": -0.04560750259815887,
  "54": -0.045893010232481594,
  "55": -0.01703572068075244,
  "56": 0.0,
  "57": 0.033474857950011754,
  "58": 0.04750125459886069,
  "59": 0.00748212900707128,
  "60": 0.03048810331277759,
  "61": -0.007861395329712879,
  "62": -0.01070429722559269,
  "63": 0.02514341287525356
}