epoch,beta,coefficient,loss,expected_cut,best_measured_cut,success_probability_ancilla_1,max_postselected_probability,grad
0,-0.3204623503041928,-0.24341446377508943,-2.499999999999471,2.499999999999471,2.0,0.04722320381618645,0.1848595483550642,8.938940232891772e-13
1,-0.3204623903017988,-0.24341449217170763,-2.499999999999471,2.499999999999471,2.0,0.04722320700915903,0.18485954888398579,8.952371174497319e-13
2,-0.32046243928487367,-0.24341452694762994,-2.4999999999994706,2.4999999999994706,2.0,0.04722321091943382,0.18485954953172812,8.950217980898559e-13
3,-0.32046249584144315,-0.24341456710041343,-2.4999999999994706,2.4999999999994706,2.0,0.047223215434294405,0.18485955027961873,8.95298573152149e-13
4,-0.3204625590434013,-0.24341461197114148,-2.4999999999994706,2.4999999999994706,2.0,0.04722322047965114,0.18485955111538374,8.940811813195028e-13
