{
  "0": 0.0,
  "1": -0.2975809318682348,
  "2": 0.2992024956160952,
  "3": 0.0,
  "4": 0.0,
  "5": 0.0,
  "6": 0.0,
  "7": 0.0,
  "8": 0.0,
  "9": 0.0,
  "10": 0.0,
  "11": 0.0,
  "12": 0.0,
  "13": 0.19759724524900416,
  "14": -0.23817181981291574,
  "15": 0.0,
  "16": 0.0,
  "17": 0.0,
  "18": 0.0,
  "19": 0.0,
  "20": 0.0,
  "21": 0.047843805380816826,
  "22": -0.05182326962073744,
  "23": 0.0,
  "24": 0.0,
  "25": 0.02587021101522901,
  "26": -0.017129900092996152,
  "27": 0.0,
  "28": 0.017847643827784487,
  "29": 0.0,
  "30": 0.0,
  "31": 0.008852088218216342,
  "32": 0.0,
  "33": 0.0,
  "34": 0.0,
  "35": 0.0,
  "36": 0.0,
  "37": 0.027583201090395918,
  "38": -0.020162238526039624,
  "39": 0.0,
  "40": 0.0,
  "41": 0.019567626268242985,
  "42": -0.017901991063946576,
  "43": 0.0,
  "44": 0.008706792200789924,
  "45": 0.0,
  "46": 0.0,
  "47": 0.00572584241733969,
  "48": 0.0,
  "49": 0.06119488232750812,
  "50": -0.09585662281029374,
  "51": 0.0,
  "52": 0.0,
  "53": 0.0,
  "54": 0.0,
  "55": 0.007385740626614917,
  "56": 0.0,
  "57": 0.0,
  "58": 0.0,
  "59": 0.0,
  "60": 0.0,
  "61": -0.1647856784987073,
  "62": 0.19318405142941816,
  "63": 0.0
}