{
  "config": {
    "N_VERTICES": 4,
    "PROB_ARESTA": 0.55,
    "COM_PESO": false,
    "PESO_MIN": 1,
    "PESO_MAX": 1,
    "GRAPH_SEED": 105087,
    "GRAPH_EDGES": [
      [
        0,
        1,
        1.0
      ],
      [
        1,
        2,
        1.0
      ],
      [
        1,
        3,
        1.0
      ]
    ],
    "REVERSE_BITS": false,
    "ER": 0.75,
    "MAX_TERMS": null,
    "A_MAX": 0.6283185307179586,
    "INIT_BETA": 0.25,
    "MAX_EPOCHS": 200,
    "LR": 0.01,
    "FD_EPS": 0.01,
    "LOSS_TOL_LAST5": 0.002,
    "PATIENCE_LAST5": 7,
    "TRAIN_SEED": 0,
    "INIT_BETA_JITTER": 0.03,
    "OPTIMIZER": "adam",
    "ADAM_BETA1": 0.9,
    "ADAM_BETA2": 0.999,
    "ADAM_EPS": 1e-08,
    "COEF_ZERO_TOL": 0.002,
    "IMPROVEMENT_TOL": 0.002,
    "SATURATION_PATIENCE": 60,
    "INDEX_STRATEGY": "ascending",
    "INDEX_RANDOM_SEED": 42,
    "ENABLE_BACKWARD_PRUNING": false,
    "BACKWARD_PASSES": 1,
    "PRUNE_IMPROVEMENT_TOL": 1e-06,
    "OUTDIR": "benchmark_results_walsh_article/unweighted/coarse_loader/n4/graph09_trainseed00",
    "SHOW_PLOTS": false,
    "name": "coarse_loader"
  },
  "n_qubits_register": 4,
  "graph_edges": [
    [
      0,
      1,
      1.0
    ],
    [
      1,
      2,
      1.0
    ],
    [
      1,
      3,
      1.0
    ]
  ],
  "graph_signature": "e05b7736fa85fadb9e519d205bc71874029e7ff2544024339aba6060afa201c5",
  "graph_num_edges": 3,
  "graph_density": 0.5,
  "best_cut_bruteforce": 3.0,
  "best_bitstring_bruteforce": "0100",
  "best_index_bruteforce": 4,
  "candidate_order": [
    1,
    2,
    3,
    4,
    5,
    6,
    7,
    8,
    9,
    10,
    11,
    12,
    13,
    14,
    15
  ],
  "total_possible_parameters": 15,
  "visited_parameters": 15,
  "trained_coefficients": {
    "0": 0.0,
    "1": -0.16995953740942624,
    "2": 0.16921004899163855,
    "3": 0.0,
    "4": -0.12353209401077024,
    "5": 0.0,
    "6": 0.0,
    "7": 0.14730584042725392,
    "8": -0.07835246881602105,
    "9": 0.0,
    "10": 0.0,
    "11": 0.10338743757926983,
    "12": 0.0,
    "13": -0.09598194796274377,
    "14": 0.10336637659614528,
    "15": 0.0
  },
  "final_coefficient_vector": [
    0.0,
    -0.16995953740942624,
    0.16921004899163855,
    0.0,
    -0.12353209401077024,
    0.0,
    0.0,
    0.14730584042725392,
    -0.07835246881602105,
    0.0,
    0.0,
    0.10338743757926983,
    0.0,
    -0.09598194796274377,
    0.10336637659614528,
    0.0
  ],
  "active_indices": [
    1,
    2,
    4,
    7,
    8,
    11,
    13,
    14
  ],
  "active_parameter_count": 8,
  "compression_ratio_active_over_total": 0.5333333333333333,
  "final_loss": -2.9195249414964346,
  "final_expected_cut": 2.9195249414964346,
  "best_expected_cut_over_evolution": 2.9195249414964346,
  "final_best_measured_index": 4,
  "final_best_measured_bitstring": "0100",
  "final_best_measured_cut": 3.0,
  "best_measured_cut_over_evolution": 3.0,
  "final_success_probability_ancilla_1": 0.01766753852698051,
  "final_max_postselected_probability": 0.4665607668710476,
  "gap_expected_to_bruteforce": 0.0804750585035654,
  "gap_measured_to_bruteforce": 0.0,
  "approx_ratio_measured": 1.0,
  "n_steps": 15,
  "elapsed_seconds": 12.305418968200684,
  "steps": [
    {
      "visit_idx": 1,
      "j": 1,
      "kept": true,
      "beta": -0.2774021438935603,
      "coefficient": -0.16995953740942624,
      "loss": -1.5,
      "expected_cut": 1.5,
      "best_measured_cut": 0.0,
      "success_probability_ancilla_1": 0.00405663079587744,
      "epochs_run": 7,
      "stop_reason": "loss_plateau_last5",
      "history_path": "benchmark_results_walsh_article/unweighted/coarse_loader/n4/graph09_trainseed00/histories/history_visit001_j001.json",
      "improvement_vs_previous": 1.5
    },
    {
      "visit_idx": 2,
      "j": 2,
      "kept": true,
      "beta": 0.27611557243861057,
      "coefficient": 0.16921004899163855,
      "loss": -1.9999950905027588,
      "expected_cut": 1.9999950905027588,
      "best_measured_cut": 3.0,
      "success_probability_ancilla_1": 0.008044987242608763,
      "epochs_run": 7,
      "stop_reason": "loss_plateau_last5",
      "history_path": "benchmark_results_walsh_article/unweighted/coarse_loader/n4/graph09_trainseed00/histories/history_visit002_j002.json",
      "improvement_vs_previous": 0.4999950905027588
    },
    {
      "visit_idx": 3,
      "j": 3,
      "kept": false,
      "beta": -0.0006913162584304628,
      "coefficient": 0.0,
      "loss": -1.9999950905027588,
      "expected_cut": 1.9999950905027588,
      "best_measured_cut": 3.0,
      "success_probability_ancilla_1": 0.008044987242608763,
      "epochs_run": 29,
      "stop_reason": "loss_plateau_last5_and_discarded_near_zero",
      "history_path": "benchmark_results_walsh_article/unweighted/coarse_loader/n4/graph09_trainseed00/histories/history_visit003_j003.json",
      "improvement_vs_previous": 0.0
    },
    {
      "visit_idx": 4,
      "j": 4,
      "kept": true,
      "beta": -0.19920111233529778,
      "coefficient": -0.12353209401077024,
      "loss": -2.180344869943849,
      "expected_cut": 2.180344869943849,
      "best_measured_cut": 3.0,
      "success_probability_ancilla_1": 0.010154911405423723,
      "epochs_run": 53,
      "stop_reason": "loss_plateau_last5",
      "history_path": "benchmark_results_walsh_article/unweighted/coarse_loader/n4/graph09_trainseed00/histories/history_visit004_j004.json",
      "improvement_vs_previous": 0.18034977944108999
    },
    {
      "visit_idx": 5,
      "j": 5,
      "kept": false,
      "beta": -0.0012763938838668406,
      "coefficient": 0.0,
      "loss": -2.180344869943849,
      "expected_cut": 2.180344869943849,
      "best_measured_cut": 3.0,
      "success_probability_ancilla_1": 0.010154911405423723,
      "epochs_run": 30,
      "stop_reason": "loss_plateau_last5_and_discarded_near_zero",
      "history_path": "benchmark_results_walsh_article/unweighted/coarse_loader/n4/graph09_trainseed00/histories/history_visit005_j005.json",
      "improvement_vs_previous": 0.0
    },
    {
      "visit_idx": 6,
      "j": 6,
      "kept": false,
      "beta": 0.0010434821297158475,
      "coefficient": 0.0,
      "loss": -2.180344869943849,
      "expected_cut": 2.180344869943849,
      "best_measured_cut": 3.0,
      "success_probability_ancilla_1": 0.010154911405423723,
      "epochs_run": 32,
      "stop_reason": "loss_plateau_last5_and_discarded_near_zero",
      "history_path": "benchmark_results_walsh_article/unweighted/coarse_loader/n4/graph09_trainseed00/histories/history_visit006_j006.json",
      "improvement_vs_previous": 0.0
    },
    {
      "visit_idx": 7,
      "j": 7,
      "kept": true,
      "beta": 0.2388873461441842,
      "coefficient": 0.14730584042725392,
      "loss": -2.4829599055155898,
      "expected_cut": 2.4829599055155898,
      "best_measured_cut": 3.0,
      "success_probability_ancilla_1": 0.01305926021479301,
      "epochs_run": 60,
      "stop_reason": "loss_plateau_last5",
      "history_path": "benchmark_results_walsh_article/unweighted/coarse_loader/n4/graph09_trainseed00/histories/history_visit007_j007.json",
      "improvement_vs_previous": 0.30261503557174096
    },
    {
      "visit_idx": 8,
      "j": 8,
      "kept": true,
      "beta": -0.12535431985267773,
      "coefficient": -0.07835246881602105,
      "loss": -2.5518044191644487,
      "expected_cut": 2.5518044191644487,
      "best_measured_cut": 3.0,
      "success_probability_ancilla_1": 0.01389978211172934,
      "epochs_run": 47,
      "stop_reason": "loss_plateau_last5",
      "history_path": "benchmark_results_walsh_article/unweighted/coarse_loader/n4/graph09_trainseed00/histories/history_visit008_j008.json",
      "improvement_vs_previous": 0.06884451364885891
    },
    {
      "visit_idx": 9,
      "j": 9,
      "kept": false,
      "beta": 0.0016815303497519874,
      "coefficient": 0.0,
      "loss": -2.5518044191644487,
      "expected_cut": 2.5518044191644487,