epoch,beta,coefficient,loss,expected_cut,best_measured_cut,success_probability_ancilla_1,max_postselected_probability,grad
0,0.3086021046611774,0.2349635204248443,-4.765916571172175,4.765916571172175,4.0,0.20671775252794164,0.05705575808369452,0.0482455006876023
1,0.2987072386269151,0.22786687304234252,-4.7662604527342385,4.7662604527342385,4.0,0.20631410652874937,0.056935698145197826,0.039285186014155274
2,0.2890365057400576,0.22089148339118084,-4.766508439016846,4.766508439016846,4.0,0.20593177110730287,0.05681231649306294,0.030183286951000678
3,0.2797641033571468,0.21416766382496627,-4.7666624786903355,4.7666624786903355,4.0,0.20557676795867363,0.05668834441310851,0.021066780288364916
4,0.27113132431899106,0.2078770029798145,-4.7667306205740605,4.7667306205740605,4.0,0.205256686474191,0.056567882551490103,0.012126633264466958
