{
  "0": 0.26418873473357224,
  "1": -0.26418873473357224,
  "2": 0.26418873473357224,
  "3": -0.26418873473357224,
  "4": 0.26418873473357224,
  "5": -0.26418873473357224,
  "6": 0.26418873473357224,
  "7": -0.26418873473357224,
  "8": 0.26418873473357224,
  "9": -0.26418873473357224,
  "10": 0.26418873473357224,
  "11": -0.26418873473357224,
  "12": 0.26418873473357224,
  "13": -0.26418873473357224,
  "14": 0.26418873473357224,
  "15": -0.26418873473357224,
  "16": 0.26418873473357224,
  "17": -0.26418873473357224,
  "18": 0.26418873473357224,
  "19": -0.26418873473357224,
  "20": 0.26418873473357224,
  "21": -0.26418873473357224,
  "22": 0.26418873473357224,
  "23": -0.26418873473357224,
  "24": 0.26418873473357224,
  "25": -0.26418873473357224,
  "26": 0.26418873473357224,
  "27": -0.26418873473357224,
  "28": 0.26418873473357224,
  "29": -0.26418873473357224,
  "30": 0.26418873473357224,
  "31": -0.26418873473357224,
  "32": 0.26418873473357224,
  "33": -0.26418873473357224,
  "34": 0.26418873473357224,
  "35": -0.26418873473357224,
  "36": 0.26418873473357224,
  "37": -0.26418873473357224,
  "38": 0.26418873473357224,
  "39": -0.26418873473357224,
  "40": 0.26418873473357224,
  "41": -0.26418873473357224,
  "42": 0.26418873473357224,
  "43": -0.26418873473357224,
  "44": 0.26418873473357224,
  "45": -0.26418873473357224,
  "46": 0.26418873473357224,
  "47": -0.26418873473357224,
  "48": 0.26418873473357224,
  "49": -0.26418873473357224,
  "50": 0.26418873473357224,
  "51": -0.26418873473357224,
  "52": 0.26418873473357224,
  "53": -0.26418873473357224,
  "54": 0.26418873473357224,
  "55": -0.26418873473357224,
  "56": 0.26418873473357224,
  "57": -0.26418873473357224,
  "58": 0.26418873473357224,
  "59": -0.26418873473357224,
  "60": 0.26418873473357224,
  "61": -0.26418873473357224,
  "62": 0.26418873473357224,
  "63": -0.26418873473357224
}