epoch,beta,coefficient,loss,expected_cut,best_measured_cut,success_probability_ancilla_1,max_postselected_probability,grad
0,0.5681058693669261,0.5382248390714006,-2.9999855970984637,2.9999855970984637,3.0,0.1953258254973775,0.12499819963732078,0.005815474022806979
1,0.5686752512718722,0.5386634580381228,-2.9999887414977673,2.9999887414977673,3.0,0.19545897107557883,0.12499859268723372,-0.005865813871837716
2,0.5724435207982426,0.5415598376850685,-2.999999789278989,2.999999789278989,3.0,0.19634048186258143,0.12499997365988644,-0.005179574015367752
3,0.5759404321679155,0.5442375665430251,-2.999995128841945,2.999995128841945,3.0,0.19715898765873907,0.12499939110525583,-0.0007026960316246952
4,0.5769638582472222,0.5450194088169782,-2.9999910991515084,2.9999910991515084,3.0,0.19739861503475198,0.12499888739395117,0.003352335163751773
