epoch,beta,coefficient,loss,expected_cut,best_measured_cut,success_probability_ancilla_1,max_postselected_probability,grad
0,-0.5730436711618304,-0.5420200875556801,-2.4999999999997735,2.4999999999997735,0.0,0.1104367351344347,0.06249999999999434,6.15363449822509e-13
1,-0.5730436986565914,-0.5420201086346154,-2.4999999999997735,2.4999999999997735,0.0,0.11043674339298631,0.06249999999999435,6.145911846135812e-13
2,-0.5730437323501878,-0.5420201344659041,-2.4999999999997726,2.4999999999997726,0.0,0.11043675351347103,0.06249999999999434,6.163414731837761e-13
3,-0.573043771279442,-0.5420201643111234,-2.4999999999997735,2.4999999999997735,0.0,0.11043676520658086,0.06249999999999434,6.172628090533231e-13
4,-0.5730438147897011,-0.5420201976683813,-2.4999999999997735,2.4999999999997735,0.0,0.1104367782756789,0.06249999999999434,6.158116442062863e-13
