{
  "config": {
    "N_VERTICES": 4,
    "PROB_ARESTA": 0.85,
    "COM_PESO": false,
    "PESO_MIN": 1,
    "PESO_MAX": 1,
    "GRAPH_SEED": 104781,
    "GRAPH_EDGES": [
      [
        0,
        2,
        1.0
      ],
      [
        0,
        3,
        1.0
      ],
      [
        1,
        2,
        1.0
      ],
      [
        1,
        3,
        1.0
      ],
      [
        2,
        3,
        1.0
      ]
    ],
    "REVERSE_BITS": false,
    "ER": 0.75,
    "MAX_TERMS": null,
    "A_MAX": 0.6283185307179586,
    "INIT_BETA": 0.25,
    "MAX_EPOCHS": 200,
    "LR": 0.01,
    "FD_EPS": 0.01,
    "LOSS_TOL_LAST5": 0.002,
    "PATIENCE_LAST5": 7,
    "TRAIN_SEED": 7,
    "INIT_BETA_JITTER": 0.03,
    "OPTIMIZER": "adam",
    "ADAM_BETA1": 0.9,
    "ADAM_BETA2": 0.999,
    "ADAM_EPS": 1e-08,
    "COEF_ZERO_TOL": 0.002,
    "IMPROVEMENT_TOL": 0.002,
    "SATURATION_PATIENCE": 60,
    "INDEX_STRATEGY": "ascending",
    "INDEX_RANDOM_SEED": 42,
    "ENABLE_BACKWARD_PRUNING": false,
    "BACKWARD_PASSES": 1,
    "PRUNE_IMPROVEMENT_TOL": 1e-06,
    "OUTDIR": "benchmark_results_walsh_article/unweighted/coarse_loader/n4/graph06_trainseed07",
    "SHOW_PLOTS": false,
    "name": "coarse_loader"
  },
  "n_qubits_register": 4,
  "graph_edges": [
    [
      0,
      2,
      1.0
    ],
    [
      0,
      3,
      1.0
    ],
    [
      1,
      2,
      1.0
    ],
    [
      1,
      3,
      1.0
    ],
    [
      2,
      3,
      1.0
    ]
  ],
  "graph_signature": "d0a2f764541f34d9979e15c4cf98ceeae9b64c9a96b6d443de24544368e1cb36",
  "graph_num_edges": 5,
  "graph_density": 0.8333333333333334,
  "best_cut_bruteforce": 4.0,
  "best_bitstring_bruteforce": "0011",
  "best_index_bruteforce": 3,
  "candidate_order": [
    1,
    2,
    3,
    4,
    5,
    6,
    7,
    8,
    9,
    10,
    11,
    12,
    13,
    14,
    15
  ],
  "total_possible_parameters": 15,
  "visited_parameters": 15,
  "trained_coefficients": {
    "0": 0.0,
    "1": -0.1417045496503046,
    "2": 0.14436252883968947,
    "3": -0.140330776901999,
    "4": 0.11961865348426809,
    "5": 0.23320369417539116,
    "6": 0.1937539696843242,
    "7": -0.012074691308738058,
    "8": -0.12823653471854038,
    "9": -0.10916341471445119,
    "10": -0.04972351908533162,
    "11": 0.006639710433084854,
    "12": -0.1932276460790382,
    "13": 0.1073354354800026,
    "14": -0.08774345316307285,
    "15": -0.08710803891510809
  },
  "final_coefficient_vector": [
    0.0,
    -0.1417045496503046,
    0.14436252883968947,
    -0.140330776901999,
    0.11961865348426809,
    0.23320369417539116,
    0.1937539696843242,
    -0.012074691308738058,
    -0.12823653471854038,
    -0.10916341471445119,
    -0.04972351908533162,
    0.006639710433084854,
    -0.1932276460790382,
    0.1073354354800026,
    -0.08774345316307285,
    -0.08710803891510809
  ],
  "active_indices": [
    1,
    2,
    3,
    4,
    5,
    6,
    7,
    8,
    9,
    10,
    11,
    12,
    13,
    14,
    15
  ],
  "active_parameter_count": 15,
  "compression_ratio_active_over_total": 1.0,
  "final_loss": -3.183960779851111,
  "final_expected_cut": 3.183960779851111,
  "best_expected_cut_over_evolution": 3.183960779851111,
  "final_best_measured_index": 1,
  "final_best_measured_bitstring": "0001",
  "final_best_measured_cut": 3.0,
  "best_measured_cut_over_evolution": 3.0,
  "final_success_probability_ancilla_1": 0.035867580844500466,
  "final_max_postselected_probability": 0.20687602793339743,
  "gap_expected_to_bruteforce": 0.8160392201488889,
  "gap_measured_to_bruteforce": 1.0,
  "approx_ratio_measured": 0.75,
  "n_steps": 15,
  "elapsed_seconds": 13.75515365600586,
  "steps": [
    {
      "visit_idx": 1,
      "j": 1,
      "kept": true,
      "beta": -0.22947466340448028,
      "coefficient": -0.1417045496503046,
      "loss": -2.5,
      "expected_cut": 2.5,
      "best_measured_cut": 0.0,
      "success_probability_ancilla_1": 0.0028211183252729952,
      "epochs_run": 7,
      "stop_reason": "loss_plateau_last5",
      "history_path": "benchmark_results_walsh_article/unweighted/coarse_loader/n4/graph06_trainseed07/histories/history_visit001_j001.json",
      "improvement_vs_previous": 2.5
    },
    {
      "visit_idx": 2,
      "j": 2,
      "kept": true,
      "beta": 0.2339361826194888,
      "coefficient": 0.14436252883968947,
      "loss": -2.5,
      "expected_cut": 2.5,
      "best_measured_cut": 2.0,
      "success_probability_ancilla_1": 0.005732437780547204,
      "epochs_run": 7,
      "stop_reason": "loss_plateau_last5",
      "history_path": "benchmark_results_walsh_article/unweighted/coarse_loader/n4/graph06_trainseed07/histories/history_visit002_j002.json",
      "improvement_vs_previous": 0.0
    },
    {
      "visit_idx": 3,
      "j": 3,
      "kept": true,
      "beta": -0.22717225884260933,
      "coefficient": -0.140330776901999,
      "loss": -2.4999999999999996,
      "expected_cut": 2.4999999999999996,
      "best_measured_cut": 2.0,
      "success_probability_ancilla_1": 0.00846745186414206,
      "epochs_run": 7,
      "stop_reason": "loss_plateau_last5",
      "history_path": "benchmark_results_walsh_article/unweighted/coarse_loader/n4/graph06_trainseed07/histories/history_visit003_j003.json",
      "improvement_vs_previous": -4.440892098500626e-16
    },
    {
      "visit_idx": 4,
      "j": 4,
      "kept": true,
      "beta": 0.19273039280677862,
      "coefficient": 0.11961865348426809,
      "loss": -2.4957484724787418,
      "expected_cut": 2.4957484724787418,
      "best_measured_cut": 2.0,
      "success_probability_ancilla_1": 0.010444199931414253,
      "epochs_run": 7,
      "stop_reason": "loss_plateau_last5",
      "history_path": "benchmark_results_walsh_article/unweighted/coarse_loader/n4/graph06_trainseed07/histories/history_visit004_j004.json",
      "improvement_vs_previous": -0.004251527521257792
    },
    {
      "visit_idx": 5,
      "j": 5,
      "kept": true,
      "beta": 0.3897622027326148,
      "coefficient": 0.23320369417539116,
      "loss": -2.7504318986323764,
      "expected_cut": 2.7504318986323764,
      "best_measured_cut": 3.0,
      "success_probability_ancilla_1": 0.018001119502834152,
      "epochs_run": 77,
      "stop_reason": "loss_plateau_last5",
      "history_path": "benchmark_results_walsh_article/unweighted/coarse_loader/n4/graph06_trainseed07/histories/history_visit005_j005.json",
      "improvement_vs_previous": 0.2546834261536346
    },
    {
      "visit_idx": 6,
      "j": 6,
      "kept": true,
      "beta": 0.31874203527159256,
      "coefficient": 0.1937539696843242,
      "loss": -2.8537966084990574,
      "expected_cut": 2.8537966084990574,
      "best_measured_cut": 3.0,
      "success_probability_ancilla_1": 0.023153530588871908,
      "epochs_run": 7,
      "stop_reason": "loss_plateau_last5",
      "history_path": "benchmark_results_walsh_article/unweighted/coarse_loader/n4/graph06_trainseed07/histories/history_visit006_j006.json",
      "improvement_vs_previous": 0.103364709866681
    },
    {
      "visit_idx": 7,
      "j": 7,
      "kept": true,
      "beta": -0.0192198343465928,
      "coefficient": -0.012074691308738058,
      "loss": -2.85385097479299,
      "expected_cut": 2.85385097479299,
      "best_measured_cut": 3.0,
      "success_probability_ancilla_1": 0.023179970333829278,
      "epochs_run": 26,
      "stop_reason": "loss_plateau_last5",
      "history_path": "benchmark_results_walsh_article/unweighted/coarse_loader/n4/graph06_trainseed07/histories/history_visit007_j007.json",
      "improvement_vs_previous": 5.436629393251735e-05
    },
    {
      "visit_idx": 8,
      "j": 8,
      "kept": true,
      "beta": -0.20700162167058095,
      "coefficient": -0.12823653471854038,
      "loss": -2.907529473857419,
      "expected_cut": 2.907529473857419,
      "best_measured_cut": 3.0,
      "success_probability_ancilla_1": 0.025383585593958927,
      "epochs_run": 55,