epoch,beta,coefficient,loss,expected_cut,best_measured_cut,success_probability_ancilla_1,max_postselected_probability,grad
0,-0.5614370478387714,-0.5330684624908726,-1.4683037891740507,1.4683037891740507,2.0,0.2607246708563409,0.18428789569513362,0.0212239844982461
1,-0.5709913162641396,-0.5404449729224565,-1.4683848147626621,1.4683848147626621,2.0,0.2606610560998234,0.1833980027455253,0.012535551513217577
2,-0.579397545926884,-0.5468752708211584,-1.468393148244102,1.468393148244102,2.0,0.2606222019357435,0.1826058644869013,0.00446322179579701
3,-0.5856839791746361,-0.5516473161250658,-1.4683618019394906,1.4683618019394906,2.0,0.2606033647788067,0.18200824673774585,-0.002450952385707866
4,-0.5892138548784384,-0.5543130463408595,-1.4683303698903267,1.4683303698903267,2.0,0.2605965502777809,0.18167082320951192,-0.007505019368879932
