{
  "config": {
    "N_VERTICES": 4,
    "PROB_ARESTA": 0.55,
    "COM_PESO": false,
    "PESO_MIN": 1,
    "PESO_MAX": 1,
    "GRAPH_SEED": 105087,
    "GRAPH_EDGES": [
      [
        0,
        1,
        1.0
      ],
      [
        1,
        2,
        1.0
      ],
      [
        1,
        3,
        1.0
      ]
    ],
    "REVERSE_BITS": false,
    "ER": 1.0,
    "MAX_TERMS": null,
    "A_MAX": 0.7853981633974483,
    "INIT_BETA": 0.35,
    "MAX_EPOCHS": 200,
    "LR": 0.01,
    "FD_EPS": 0.01,
    "LOSS_TOL_LAST5": 0.001,
    "PATIENCE_LAST5": 5,
    "TRAIN_SEED": 5,
    "INIT_BETA_JITTER": 0.05,
    "OPTIMIZER": "adam",
    "ADAM_BETA1": 0.9,
    "ADAM_BETA2": 0.999,
    "ADAM_EPS": 1e-08,
    "COEF_ZERO_TOL": 0.005,
    "IMPROVEMENT_TOL": 0.003,
    "SATURATION_PATIENCE": 40,
    "INDEX_STRATEGY": "ascending",
    "INDEX_RANDOM_SEED": 42,
    "ENABLE_BACKWARD_PRUNING": false,
    "BACKWARD_PASSES": 1,
    "PRUNE_IMPROVEMENT_TOL": 1e-06,
    "OUTDIR": "benchmark_results_walsh_article/unweighted/sparse_threshold/n4/graph09_trainseed05",
    "SHOW_PLOTS": false,
    "name": "sparse_threshold"
  },
  "n_qubits_register": 4,
  "graph_edges": [
    [
      0,
      1,
      1.0
    ],
    [
      1,
      2,
      1.0
    ],
    [
      1,
      3,
      1.0
    ]
  ],
  "graph_signature": "e05b7736fa85fadb9e519d205bc71874029e7ff2544024339aba6060afa201c5",
  "graph_num_edges": 3,
  "graph_density": 0.5,
  "best_cut_bruteforce": 3.0,
  "best_bitstring_bruteforce": "0100",
  "best_index_bruteforce": 4,
  "candidate_order": [
    1,
    2,
    3,
    4,
    5,
    6,
    7,
    8,
    9,
    10,
    11,
    12,
    13,
    14,
    15
  ],
  "total_possible_parameters": 15,
  "visited_parameters": 15,
  "trained_coefficients": {
    "0": 0.0,
    "1": -0.28363523157617127,
    "2": 0.28460701773591907,
    "3": 0.0,
    "4": -0.1906959034083084,
    "5": 0.0,
    "6": 0.0,
    "7": 0.22882671519319397,
    "8": -0.11448897849519511,
    "9": 0.0,
    "10": 0.0,
    "11": 0.15056183030004644,
    "12": 0.0,
    "13": -0.13793647869646009,
    "14": 0.15396821483163525,
    "15": 0.0
  },
  "final_coefficient_vector": [
    0.0,
    -0.28363523157617127,
    0.28460701773591907,
    0.0,
    -0.1906959034083084,
    0.0,
    0.0,
    0.22882671519319397,
    -0.11448897849519511,
    0.0,
    0.0,
    0.15056183030004644,
    0.0,
    -0.13793647869646009,
    0.15396821483163525,
    0.0
  ],
  "active_indices": [
    1,
    2,
    4,
    7,
    8,
    11,
    13,
    14
  ],
  "active_parameter_count": 8,
  "compression_ratio_active_over_total": 0.5333333333333333,
  "final_loss": -2.8682928358823245,
  "final_expected_cut": 2.8682928358823245,
  "best_expected_cut_over_evolution": 2.8682928358823245,
  "final_best_measured_index": 4,
  "final_best_measured_bitstring": "0100",
  "final_best_measured_cut": 3.0,
  "best_measured_cut_over_evolution": 3.0,
  "final_success_probability_ancilla_1": 0.06838199225118081,
  "final_max_postselected_probability": 0.44507651354954986,
  "gap_expected_to_bruteforce": 0.13170716411767547,
  "gap_measured_to_bruteforce": 0.0,
  "approx_ratio_measured": 1.0,
  "n_steps": 15,
  "elapsed_seconds": 7.5987708568573,
  "steps": [
    {
      "visit_idx": 1,
      "j": 1,
      "kept": true,
      "beta": -0.378191194604362,
      "coefficient": -0.28363523157617127,
      "loss": -1.5,
      "expected_cut": 1.5,
      "best_measured_cut": 0.0,
      "success_probability_ancilla_1": 0.01997776318969611,
      "epochs_run": 5,
      "stop_reason": "loss_plateau_last5",
      "history_path": "benchmark_results_walsh_article/unweighted/sparse_threshold/n4/graph09_trainseed05/histories/history_visit001_j001.json",
      "improvement_vs_previous": 1.5
    },
    {
      "visit_idx": 2,
      "j": 2,
      "kept": true,
      "beta": 0.37961481519183854,
      "coefficient": 0.28460701773591907,
      "loss": -1.9999969953716579,
      "expected_cut": 1.9999969953716579,
      "best_measured_cut": 3.0,
      "success_probability_ancilla_1": 0.03928806487763709,
      "epochs_run": 5,
      "stop_reason": "loss_plateau_last5",
      "history_path": "benchmark_results_walsh_article/unweighted/sparse_threshold/n4/graph09_trainseed05/histories/history_visit002_j002.json",
      "improvement_vs_previous": 0.49999699537165787
    },
    {
      "visit_idx": 3,
      "j": 3,
      "kept": false,
      "beta": -0.0016403518458742283,
      "coefficient": 0.0,
      "loss": -1.9999969953716579,
      "expected_cut": 1.9999969953716579,
      "best_measured_cut": 3.0,
      "success_probability_ancilla_1": 0.03928806487763709,
      "epochs_run": 41,
      "stop_reason": "loss_plateau_last5_and_discarded_near_zero",
      "history_path": "benchmark_results_walsh_article/unweighted/sparse_threshold/n4/graph09_trainseed05/histories/history_visit003_j003.json",
      "improvement_vs_previous": 0.0
    },
    {
      "visit_idx": 4,
      "j": 4,
      "kept": true,
      "beta": -0.2477490423851493,
      "coefficient": -0.1906959034083084,
      "loss": -2.1729937703573468,
      "expected_cut": 2.1729937703573468,
      "best_measured_cut": 3.0,
      "success_probability_ancilla_1": 0.047639588325756196,
      "epochs_run": 67,
      "stop_reason": "loss_plateau_last5",
      "history_path": "benchmark_results_walsh_article/unweighted/sparse_threshold/n4/graph09_trainseed05/histories/history_visit004_j004.json",
      "improvement_vs_previous": 0.17299677498568888
    },
    {
      "visit_idx": 5,
      "j": 5,
      "kept": false,
      "beta": 9.024016212462807e-05,
      "coefficient": 0.0,
      "loss": -2.1729937703573468,
      "expected_cut": 2.1729937703573468,
      "best_measured_cut": 3.0,
      "success_probability_ancilla_1": 0.047639588325756196,
      "epochs_run": 36,
      "stop_reason": "loss_plateau_last5_and_discarded_near_zero",
      "history_path": "benchmark_results_walsh_article/unweighted/sparse_threshold/n4/graph09_trainseed05/histories/history_visit005_j005.json",
      "improvement_vs_previous": 0.0
    },
    {
      "visit_idx": 6,
      "j": 6,
      "kept": false,
      "beta": 0.0007912236777964515,
      "coefficient": 0.0,
      "loss": -2.1729937703573468,
      "expected_cut": 2.1729937703573468,
      "best_measured_cut": 3.0,
      "success_probability_ancilla_1": 0.047639588325756196,
      "epochs_run": 37,
      "stop_reason": "loss_plateau_last5_and_discarded_near_zero",
      "history_path": "benchmark_results_walsh_article/unweighted/sparse_threshold/n4/graph09_trainseed05/histories/history_visit006_j006.json",
      "improvement_vs_previous": 0.0
    },
    {
      "visit_idx": 7,
      "j": 7,
      "kept": true,
      "beta": 0.3000421911696488,
      "coefficient": 0.22882671519319397,
      "loss": -2.4713000677034858,
      "expected_cut": 2.4713000677034858,
      "best_measured_cut": 3.0,
      "success_probability_ancilla_1": 0.05774200074765712,
      "epochs_run": 77,
      "stop_reason": "loss_plateau_last5",
      "history_path": "benchmark_results_walsh_article/unweighted/sparse_threshold/n4/graph09_trainseed05/histories/history_visit007_j007.json",
      "improvement_vs_previous": 0.298306297346139
    },
    {
      "visit_idx": 8,
      "j": 8,
      "kept": true,
      "beta": -0.14681778633496356,
      "coefficient": -0.11448897849519511,
      "loss": -2.5348384943063356,
      "expected_cut": 2.5348384943063356,
      "best_measured_cut": 3.0,
      "success_probability_ancilla_1": 0.0606373344516864,
      "epochs_run": 59,
      "stop_reason": "loss_plateau_last5",
      "history_path": "benchmark_results_walsh_article/unweighted/sparse_threshold/n4/graph09_trainseed05/histories/history_visit008_j008.json",
      "improvement_vs_previous": 0.0635384266028498
    },
    {
      "visit_idx": 9,
      "j": 9,
      "kept": false,
      "beta": 9.00381605584903e-05,
      "coefficient": 0.0,
      "loss": -2.5348384943063356,
      "expected_cut": 2.5348384943063356,