{
  "0": 0.0,
  "1": -0.28363523157617127,
  "2": 0.28460701773591907,
  "3": 0.0,
  "4": -0.1906959034083084,
  "5": 0.0,
  "6": 0.0,
  "7": 0.22882671519319397,
  "8": -0.11448897849519511,
  "9": 0.0,
  "10": 0.0,
  "11": 0.15056183030004644,
  "12": 0.0,
  "13": -0.13793647869646009,
  "14": 0.15396821483163525,
  "15": 0.0
}