epoch,beta,coefficient,loss,expected_cut,best_measured_cut,success_probability_ancilla_1,max_postselected_probability,grad
0,0.2648870502428169,0.16264706635777276,-6.9858156080404274,6.9858156080404274,7.0,0.05365048191240129,0.10552612777561182,-0.25388501608341496
1,0.2748550464935601,0.16847522941891008,-6.988032625051139,6.988032625051139,7.0,0.05387851789584912,0.10568920307545109,-0.23277154710612785
2,0.28476627680071664,0.17423939796453755,-6.990035009385885,6.990035009385885,7.0,0.054112434032694265,0.10583347135527975,-0.2121237668855273
3,0.29459330543834017,0.17992340284615405,-6.991825688178659,6.991825688178659,7.0,0.05435125739508988,0.10595930826142907,-0.1920112110599433
4,0.30430604819035306,0.1855099623862018,-6.993409289224173,6.993409289224173,7.0,0.05459387822086508,0.10606724639167678,-0.17250165145433197
5,0.31387187253012055,0.1909807944651048,-6.994792189984048,6.994792189984048,7.0,0.05483905109595747,0.10615797860486074,-0.15366016853947642
6,0.32325580385435976,0.19631678213871837,-6.995982526336798,6.995982526336798,7.0,0.055085400755661,0.10623235744564997,-0.13554818551533582
7,0.3324208546512292,0.2014981979662623,-6.996990153014866,6.996990153014866,7.0,0.0553314333208578,0.10629138995713408,-0.1182224904860048
8,0.3413284887540692,0.20650498921034333,-6.997826548849202,6.997826548849202,7.0,0.05557555359852687,0.10633622727818848,-0.10173427866466583
9,0.3499392250292067,0.21131712174766318,-6.9985046621706495,6.9985046621706495,7.0,0.05581608875548443,0.10636814864645619,-0.08612825264074826
10,0.35821337411744714,0.2159149751328036,-6.999038695085297,6.999038695085297,7.0,0.05605131822232028,0.10638853975704912,-0.07144182352034487
11,0.3661118889340985,0.2202797752923966,-6.9994438297321135,6.9994438297321135,7.0,0.05627950912840367,0.10639886584811786,-0.05770445786154069
12,0.3735972959652664,0.22439404558279782,-6.999735904684593,6.999735904684593,7.0,0.056498955966518175,0.1064006403605475,-0.04493721347391554
13,0.38063466199791707,0.22824205240167342,-6.999931054770641,6.999931054770641,7.0,0.05670802262170172,0.10639539049129004,-0.03315250034905134
14,0.38719254205695103,0.23181021918214068,-7.0000453319860725,7.0000453319860725,7.0,0.05690518447110365,0.10638462135500884,-0.022354090913984628
15,0.3932438509968093,0.2350874831449247,-7.000094328079468,7.000094328079468,7.0,0.05708906805982732,0.1063697807139153,-0.0125373870970916
