epoch,beta,coefficient,loss,expected_cut,best_measured_cut,success_probability_ancilla_1,max_postselected_probability,grad
0,0.25799001927764537,0.1585967523034503,-7.610375408506506,7.610375408506506,9.0,0.07275609779349948,0.17867200914391962,0.15067423112393813
1,0.24805241279700888,0.15273608561414748,-7.611572324352972,7.611572324352972,9.0,0.0726024439033573,0.17869576272808327,0.13062297893317462
2,0.2382386731796015,0.14692061060432346,-7.612552517039994,7.612552517039994,9.0,0.07245813705545347,0.17869794012810158,0.11017866698755453
3,0.228630710029532,0.1412011539773526,-7.613313382263906,7.613313382263906,9.0,0.07232414587252908,0.17867917133101072,0.08950150141766397
4,0.21933545684948466,0.1356442828121659,-7.61385835229025,7.61385835229025,9.0,0.07220150070556047,0.17864097159107303,0.06880828253588812
5,0.2104880987476009,0.1303344020895376,-7.6141991345939966,7.6141991345939966,9.0,0.07209124930923849,0.17858600358513385,0.04838494569247464
6,0.2022512749770941,0.12537337752017186,-7.614357786417154,7.614357786417154,9.0,0.07199437363177674,0.17851828005543027,0.02859565873504783
7,0.19480676108056477,0.12087549063249248,-7.614367675307212,7.614367675307212,9.0,0.07191166320228382,0.1784431731253804,0.009881596046232606
8,0.18833713275259062,0.11695612419575947,-7.614272063479446,7.614272063479446,9.0,0.07184356302115263,0.17836707518052242,-0.007259839654637914
