epoch,beta,coefficient,loss,expected_cut,best_measured_cut,success_probability_ancilla_1,max_postselected_probability,grad
0,-0.2234797329977877,-0.13812461604629503,-6.84400516409906,6.84400516409906,7.0,0.051526905300737114,0.09533116431406569,-0.08537328673969616
1,-0.21358016380810535,-0.13219240995401232,-6.844620347354703,6.844620347354703,7.0,0.05134008088827419,0.09504998220116682,-0.06995527892929332
2,-0.2038937288702842,-0.12636394735662718,-6.845069921720024,6.845069921720024,7.0,0.05116517325668527,0.09475680084978794,-0.05425928191940798
3,-0.19458438264455155,-0.12074093156176509,-6.845356472943581,6.845356472943581,7.0,0.051004559366331984,0.09445804445068004,-0.03850200265829799
4,-0.18587870631084225,-0.11546429051083246,-6.845492553471248,6.845492553471248,7.0,0.05086110195555574,0.09416347922082595,-0.023003647050784937
5,-0.17806278408020607,-0.11071251594362398,-6.845504074492978,6.845504074492978,7.0,0.05073793366981599,0.0938864473557856,-0.00821217142695665
6,-0.17144762962143087,-0.10668049950848471,-6.845430735013425,6.845430735013425,7.0,0.05063789683329923,0.09364264430472478,0.005299593252901025
