epoch,beta,coefficient,loss,expected_cut,best_measured_cut,success_probability_ancilla_1,max_postselected_probability,grad
0,0.22273222482993424,0.1376775669452339,-5.999999999988999,5.999999999988999,4.0,0.005454586158818532,0.03124461872826214,-4.636748627850375e-11
1,0.22273429746483484,0.1376788066923399,-5.999999999988997,5.999999999988997,4.0,0.0054546338100699,0.03124462242523222,-4.636604206874636e-11
2,0.222736835316497,0.1376803247074395,-5.999999999988999,5.999999999988999,4.0,0.005454692157486581,0.031244626950233678,-4.6374419158561006e-11
3,0.2227397649406143,0.1376820770589991,-5.9999999999889955,5.9999999999889955,4.0,0.00545475951280911,0.03124463217133292,-4.6370256542257833e-11
4,0.22274303930680053,0.13768403561499912,-5.999999999989001,5.999999999989001,4.0,0.0054548347950444725,0.031244638003735333,-4.6362710117746235e-11
5,0.22274662507501833,0.13768618043231667,-5.999999999989001,5.999999999989001,4.0,0.005454917237946103,0.031244644387078514,-4.636124041372985e-11
6,0.22275049704603297,0.1376884964372587,-5.999999999989001,5.999999999989001,4.0,0.005455006262427646,0.03124465127552869,-4.6365161855933284e-11
