epoch,beta,coefficient,loss,expected_cut,best_measured_cut,success_probability_ancilla_1,max_postselected_probability,grad
0,0.3440120468319488,0.2600095687967006,-4.499999999998502,4.499999999998502,2.0,0.03005544323882549,0.031166869278659727,-4.354223148649874e-12
1,0.3440122417140922,0.260009705081835,-4.499999999998503,4.499999999998503,2.0,0.030055460277223313,0.031166868429918677,-4.363055924100736e-12
2,0.3440124801927837,0.2600098718549179,-4.4999999999985025,4.4999999999985025,2.0,0.030055481127243128,0.031166867391303,-4.351866943150689e-12
3,0.3440127555574757,0.2600100644231113,-4.499999999998503,4.499999999998503,2.0,0.0300555052021915,0.031166866192035528,-4.359718796785584e-12
4,0.34401306322950326,0.26001027958444756,-4.499999999998505,4.499999999998505,2.0,0.030055532101763767,0.03116686485205443,-4.350494898150821e-12
