epoch,beta,coefficient,loss,expected_cut,best_measured_cut,success_probability_ancilla_1,max_postselected_probability,grad
0,-0.33229586132462136,-0.2517846706302014,-4.499999999998996,4.499999999998996,2.0,0.04487318929431192,0.046300397122875446,1.841446162327998e-12
1,-0.3322959437959819,-0.25178472874615776,-4.499999999998996,4.499999999998996,2.0,0.04487319609844516,0.04630039697335928,1.8474234365671913e-12
2,-0.33229604476437985,-0.2517847998966108,-4.499999999998999,4.499999999998999,2.0,0.04487320442864073,0.0463003967903075,1.8439713059037623e-12
3,-0.33229616125942946,-0.25178488198838556,-4.499999999998998,4.499999999998998,2.0,0.04487321403983383,0.04630039657910441,1.840886235102524e-12
4,-0.3322962914739724,-0.2517849737480107,-4.4999999999989955,4.4999999999989955,2.0,0.0448732247829293,0.04630039634302555,1.843459033484657e-12
