{
  "config": {
    "N_VERTICES": 4,
    "PROB_ARESTA": 0.4,
    "COM_PESO": false,
    "PESO_MIN": 1,
    "PESO_MAX": 1,
    "GRAPH_SEED": 104678,
    "GRAPH_EDGES": [
      [
        1,
        2,
        1.0
      ],
      [
        1,
        3,
        1.0
      ],
      [
        2,
        3,
        1.0
      ]
    ],
    "REVERSE_BITS": false,
    "ER": 1.0,
    "MAX_TERMS": null,
    "A_MAX": 0.7853981633974483,
    "INIT_BETA": 0.35,
    "MAX_EPOCHS": 200,
    "LR": 0.01,
    "FD_EPS": 0.01,
    "LOSS_TOL_LAST5": 0.001,
    "PATIENCE_LAST5": 5,
    "TRAIN_SEED": 8,
    "INIT_BETA_JITTER": 0.05,
    "OPTIMIZER": "adam",
    "ADAM_BETA1": 0.9,
    "ADAM_BETA2": 0.999,
    "ADAM_EPS": 1e-08,
    "COEF_ZERO_TOL": 0.005,
    "IMPROVEMENT_TOL": 0.003,
    "SATURATION_PATIENCE": 40,
    "INDEX_STRATEGY": "ascending",
    "INDEX_RANDOM_SEED": 42,
    "ENABLE_BACKWARD_PRUNING": false,
    "BACKWARD_PASSES": 1,
    "PRUNE_IMPROVEMENT_TOL": 1e-06,
    "OUTDIR": "benchmark_results_walsh_article/unweighted/sparse_threshold/n4/graph05_trainseed08",
    "SHOW_PLOTS": false,
    "name": "sparse_threshold"
  },
  "n_qubits_register": 4,
  "graph_edges": [
    [
      1,
      2,
      1.0
    ],
    [
      1,
      3,
      1.0
    ],
    [
      2,
      3,
      1.0
    ]
  ],
  "graph_signature": "be861fe0b30163c15a2bc45387e42148d677589ca12d320c9ad2ad740a6f1fe8",
  "graph_num_edges": 3,
  "graph_density": 0.5,
  "best_cut_bruteforce": 2.0,
  "best_bitstring_bruteforce": "0001",
  "best_index_bruteforce": 1,
  "candidate_order": [
    1,
    2,
    3,
    4,
    5,
    6,
    7,
    8,
    9,
    10,
    11,
    12,
    13,
    14,
    15
  ],
  "total_possible_parameters": 15,
  "visited_parameters": 15,
  "trained_coefficients": {
    "0": 0.0,
    "1": -0.2975789967456282,
    "2": 0.29714844473094143,
    "3": -0.2609222781656437,
    "4": -0.39218915769266627,
    "5": 0.26375499690093296,
    "6": 0.02881303243465474,
    "7": 0.25654931585905066,
    "8": 0.10553641927517836,
    "9": -0.020621431968145323,
    "10": -0.01181518276248976,
    "11": 0.02124862723356149,
    "12": 0.0,
    "13": 0.0,
    "14": 0.0072193151338129586,
    "15": 0.0
  },
  "final_coefficient_vector": [
    0.0,
    -0.2975789967456282,
    0.29714844473094143,
    -0.2609222781656437,
    -0.39218915769266627,
    0.26375499690093296,
    0.02881303243465474,
    0.25654931585905066,
    0.10553641927517836,
    -0.020621431968145323,
    -0.01181518276248976,
    0.02124862723356149,
    0.0,
    0.0,
    0.0072193151338129586,
    0.0
  ],
  "active_indices": [
    1,
    2,
    3,
    4,
    5,
    6,
    7,
    8,
    9,
    10,
    11,
    14
  ],
  "active_parameter_count": 12,
  "compression_ratio_active_over_total": 0.8,
  "final_loss": -1.9985543955192877,
  "final_expected_cut": 1.9985543955192877,
  "best_expected_cut_over_evolution": 1.9987780043447234,
  "final_best_measured_index": 10,
  "final_best_measured_bitstring": "1010",
  "final_best_measured_cut": 2.0,
  "best_measured_cut_over_evolution": 2.0,
  "final_success_probability_ancilla_1": 0.11326651578415782,
  "final_max_postselected_probability": 0.34533403312664646,
  "gap_expected_to_bruteforce": 0.0014456044807122925,
  "gap_measured_to_bruteforce": 0.0,
  "approx_ratio_measured": 1.0,
  "n_steps": 15,
  "elapsed_seconds": 11.594799757003784,
  "steps": [
    {
      "visit_idx": 1,
      "j": 1,
      "kept": true,
      "beta": -0.3987621901528183,
      "coefficient": -0.2975789967456282,
      "loss": -1.5,
      "expected_cut": 1.5,
      "best_measured_cut": 0.0,
      "success_probability_ancilla_1": 0.02197542796305208,
      "epochs_run": 5,
      "stop_reason": "loss_plateau_last5",
      "history_path": "benchmark_results_walsh_article/unweighted/sparse_threshold/n4/graph05_trainseed08/histories/history_visit001_j001.json",
      "improvement_vs_previous": 1.5
    },
    {
      "visit_idx": 2,
      "j": 2,
      "kept": true,
      "beta": 0.39812226070438056,
      "coefficient": 0.29714844473094143,
      "loss": -1.4999999999999998,
      "expected_cut": 1.4999999999999998,
      "best_measured_cut": 2.0,
      "success_probability_ancilla_1": 0.04292471329303295,
      "epochs_run": 5,
      "stop_reason": "loss_plateau_last5",
      "history_path": "benchmark_results_walsh_article/unweighted/sparse_threshold/n4/graph05_trainseed08/histories/history_visit002_j002.json",
      "improvement_vs_previous": -2.220446049250313e-16
    },
    {
      "visit_idx": 3,
      "j": 3,
      "kept": true,
      "beta": -0.3453177485479357,
      "coefficient": -0.2609222781656437,
      "loss": -1.5,
      "expected_cut": 1.5,
      "best_measured_cut": 0.0,
      "success_probability_ancilla_1": 0.0583955839677606,
      "epochs_run": 5,
      "stop_reason": "loss_plateau_last5",
      "history_path": "benchmark_results_walsh_article/unweighted/sparse_threshold/n4/graph05_trainseed08/histories/history_visit003_j003.json",
      "improvement_vs_previous": 2.220446049250313e-16
    },
    {
      "visit_idx": 4,
      "j": 4,
      "kept": true,
      "beta": -0.5484408447725162,
      "coefficient": -0.39218915769266627,
      "loss": -1.7811267473128325,
      "expected_cut": 1.7811267473128325,
      "best_measured_cut": 2.0,
      "success_probability_ancilla_1": 0.09192459715694189,
      "epochs_run": 114,
      "stop_reason": "loss_plateau_last5",
      "history_path": "benchmark_results_walsh_article/unweighted/sparse_threshold/n4/graph05_trainseed08/histories/history_visit004_j004.json",
      "improvement_vs_previous": 0.2811267473128325
    },
    {
      "visit_idx": 5,
      "j": 5,
      "kept": true,
      "beta": 0.3493774193503424,
      "coefficient": 0.26375499690093296,
      "loss": -1.8821997592796915,
      "expected_cut": 1.8821997592796915,
      "best_measured_cut": 2.0,
      "success_probability_ancilla_1": 0.10243887283315925,
      "epochs_run": 84,
      "stop_reason": "loss_plateau_last5",
      "history_path": "benchmark_results_walsh_article/unweighted/sparse_threshold/n4/graph05_trainseed08/histories/history_visit005_j005.json",
      "improvement_vs_previous": 0.10107301196685903
    },
    {
      "visit_idx": 6,
      "j": 6,
      "kept": true,
      "beta": 0.036702363562458436,
      "coefficient": 0.02881303243465474,
      "loss": -1.8822040172299195,
      "expected_cut": 1.8822040172299195,
      "best_measured_cut": 2.0,
      "success_probability_ancilla_1": 0.10327613767020746,
      "epochs_run": 31,
      "stop_reason": "loss_plateau_last5",
      "history_path": "benchmark_results_walsh_article/unweighted/sparse_threshold/n4/graph05_trainseed08/histories/history_visit006_j006.json",
      "improvement_vs_previous": 4.257950227959384e-06
    },
    {
      "visit_idx": 7,
      "j": 7,
      "kept": true,
      "beta": 0.33907207933551686,
      "coefficient": 0.25654931585905066,
      "loss": -1.98697852082702,
      "expected_cut": 1.98697852082702,
      "best_measured_cut": 2.0,
      "success_probability_ancilla_1": 0.11072644310386295,
      "epochs_run": 89,
      "stop_reason": "loss_plateau_last5",
      "history_path": "benchmark_results_walsh_article/unweighted/sparse_threshold/n4/graph05_trainseed08/histories/history_visit007_j007.json",
      "improvement_vs_previous": 0.10477450359710061
    },
    {
      "visit_idx": 8,
      "j": 8,
      "kept": true,
      "beta": 0.13519077231190374,
      "coefficient": 0.10553641927517836,
      "loss": -1.997087115121818,
      "expected_cut": 1.997087115121818,
      "best_measured_cut": 2.0,
      "success_probability_ancilla_1": 0.11289228367582463,
      "epochs_run": 23,
      "stop_reason": "loss_plateau_last5",
      "history_path": "benchmark_results_walsh_article/unweighted/sparse_threshold/n4/graph05_trainseed08/histories/history_visit008_j008.json",
      "improvement_vs_previous": 0.010108594294797824
    },
    {
      "visit_idx": 9,
      "j": 9,
      "kept": true,