epoch,beta,coefficient,loss,expected_cut,best_measured_cut,success_probability_ancilla_1,max_postselected_probability,grad
0,-0.4314084448627228,-0.42568339007144884,-3.440624265015422,3.440624265015422,3.0,0.21225974199937986,0.23882514342137112,-0.033464149334413405
1,-0.42321804761320303,-0.4184999310511279,-3.440597677194989,3.440597677194989,3.0,0.21147756139151874,0.23866600047817013,-0.007646536942055898
2,-0.4198230469049817,-0.41550845605635256,-3.4405335840516758,3.4405335840516758,3.0,0.21115868799662574,0.23858946124657293,0.014251317404232963
3,-0.4205850498031557,-0.41618059190207407,-3.4405507130950626,3.4405507130950626,3.0,0.21122998204797522,0.23860718620796018,0.023525214035040383
4,-0.4235561132071614,-0.4187973713619393,-3.4406023400110257,3.4406023400110257,3.0,0.21150948733514136,0.23867327984013076,0.021433697800327382
