epoch,beta,coefficient,loss,expected_cut,best_measured_cut,success_probability_ancilla_1,max_postselected_probability,grad
0,0.23139816061278784,0.14285114750084826,-4.8481953059957394,4.8481953059957394,6.0,0.048907265701093355,0.07188869423325703,-0.012933986801150628
1,0.23524577210287012,0.14514169584457481,-4.848165057786989,4.848165057786989,6.0,0.04899231264226146,0.07199282496828688,0.004553610209935855
2,0.23351772109057853,0.1441134576195606,-4.848181785791311,4.848181785791311,6.0,0.048953970003820714,0.07194633492385707,0.011157771168065534
3,0.22978636745792763,0.1418904243858759,-4.84820040080071,4.84820040080071,6.0,0.048871990793695044,0.07184440551729723,0.008200397695559069
4,0.22615237870282426,0.13972179383661204,-4.84819533831091,4.84819533831091,6.0,0.0487932261890317,0.07174309984119726,0.0017662635837976891
5,0.22429020569057057,0.1386091552415882,-4.848183802583697,4.848183802583697,6.0,0.04875327847328038,0.07169040636833164,-0.004562684378151333
6,0.22461756626696144,0.13880481790693783,-4.848186271452318,4.848186271452318,6.0,0.04876028069495241,0.07169970803293825,-0.007829503122469434
