epoch,beta,coefficient,loss,expected_cut,best_measured_cut,success_probability_ancilla_1,max_postselected_probability,grad
0,-0.23632147221046537,-0.14578135314919693,-4.7625322775772245,4.7625322775772245,5.0,0.045124244730688406,0.08947734134856225,0.011659780937480137
1,-0.23934261117665234,-0.14757614041480763,-4.762508666418574,4.762508666418574,5.0,0.04518919750025596,0.08955255494300374,-0.0052965311163218325
2,-0.23714779496877347,-0.1462725032901977,-4.762527330468959,4.762527330468959,5.0,0.04514193738643542,0.08949809268458862,-0.010326828070813327
3,-0.2332948426902251,-0.1439807793207754,-4.76254062703981,4.76254062703981,5.0,0.04505991075404418,0.08940017668626699,-0.006676718670249548
4,-0.22997274619620076,-0.14200155288274202,-4.7625320014275285,4.7625320014275285,5.0,0.04499015079463905,0.08931337783413204,-0.00021359054773647905
5,-0.22876018720568517,-0.14127839607649395,-4.762524182764855,4.762524182764855,5.0,0.04496491243694724,0.08928114645680309,0.005415035240231093
6,-0.22967501741296473,-0.1418240273530134,-4.7625303137596875,4.7625303137596875,5.0,0.044983942712145925,0.08930549111316195,0.007482231007881259
