epoch,beta,coefficient,loss,expected_cut,best_measured_cut,success_probability_ancilla_1,max_postselected_probability,grad
0,-0.24391826772879374,-0.15028957416361463,-4.678645480013174,4.678645480013174,6.0,0.04303279346481831,0.06312353504525872,-0.1476136973077291
1,-0.2339533517760955,-0.14437274701918407,-4.679918079295112,4.679918079295112,6.0,0.04279580293330847,0.06286024659022073,-0.1344795664653581
2,-0.22405530348508748,-0.13846873731417736,-4.681045020807527,4.681045020807527,6.0,0.04256830001620383,0.06258377154966391,-0.12084650926480249
3,-0.21426400920508024,-0.1326030044010645,-4.682020290237263,4.682020290237263,5.0,0.04235115396317361,0.06294242957971155,-0.10677652416412313
4,-0.20462903322149414,-0.12680720033394555,-4.682839796654717,4.682839796654717,5.0,0.042145296107791434,0.06385722988140174,-0.09235226017873129
5,-0.19521120791563143,-0.12112018803683934,-4.68350210354218,4.68350210354218,5.0,0.04195171149254875,0.06475284751775616,-0.07768078159298382
6,-0.18608393369376675,-0.11558887935243709,-4.684009259453035,4.684009259453035,5.0,0.04177142086668684,0.06562147830202483,-0.06289725913883168
7,-0.1773337204392949,-0.11026859739948615,-4.684367651015286,4.684367651015286,5.0,0.041605449030461684,0.06645416708763399,-0.04816795105495201
8,-0.16905931423734052,-0.10522254779914078,-4.684588728181182,4.684588728181182,5.0,0.041454775974332364,0.06724094850341929,-0.033691443089211154
9,-0.16136866613652165,-0.10051992631470798,-4.6846893705716175,4.6846893705716175,5.0,0.04132026984708457,0.067971190094154,-0.01969671778361139
10,-0.15437318270286768,-0.09623230319291308,-4.684691614973776,4.684691614973776,5.0,0.04120260628682594,0.06863417749310322,-0.006436444924069417
