epoch,beta,coefficient,loss,expected_cut,best_measured_cut,success_probability_ancilla_1,max_postselected_probability,grad
0,-0.22600666001440364,-0.13963476081933882,-5.6562570021622705,5.6562570021622705,7.0,0.07180068344187086,0.15213614722758967,-0.05950974350084116
1,-0.21638927257092194,-0.13387829712892912,-5.65650581360443,5.65650581360443,7.0,0.07166199389491489,0.15199843200941873,-0.03691995551779849
2,-0.20779711169790444,-0.12871545809748308,-5.6565462127497295,5.6565462127497295,7.0,0.07154439781965233,0.15185936466798905,-0.014751675913370588
3,-0.2012168340940342,-0.1247491688667193,-5.656459298179023,5.656459298179023,7.0,0.071458419218843,0.15174251583433798,0.005401054010912341
4,-0.1974179095779962,-0.12245460728961546,-5.656362060962891,5.656362060962891,7.0,0.07141041066268254,0.15167093924359218,0.02104519904379751
5,-0.19633823318744995,-0.12180185651571471,-5.656328098950245,5.656328098950245,7.0,0.07139698521388606,0.151650044279988,0.030156251764212442
6,-0.19737441383579835,-0.12242831593321603,-5.656360747018568,5.656360747018568,7.0,0.07140986792993503,0.15167010220511526,0.032755966178881775
