epoch,beta,coefficient,loss,expected_cut,best_measured_cut,success_probability_ancilla_1,max_postselected_probability,grad
0,-0.5138195875359106,-0.4952363614088529,-7.49999999999919,7.49999999999919,0.0,0.09278364406005676,0.015624999999998314,2.567794079126558e-12
1,-0.5138197022117446,-0.49523645463943006,-7.4999999999991935,7.4999999999991935,0.0,0.09278367787117772,0.01562499999999832,2.5622959243623396e-12
2,-0.5138198428240957,-0.4952365689561838,-7.499999999999192,7.499999999999192,0.0,0.09278371932944614,0.01562499999999832,2.574760640709922e-12
3,-0.5138200051411529,-0.49523670091867683,-7.499999999999192,7.499999999999192,0.0,0.09278376718715269,0.015624999999998317,2.568148903606934e-12
4,-0.5138201867372382,-0.4952368485548443,-7.49999999999919,7.49999999999919,0.0,0.0927838207291094,0.015624999999998314,2.578037244577418e-12
