{
  "0": 0.0,
  "1": -0.4361127458806021,
  "2": 0.4220702141582144,
  "3": -0.5063454333654772,
  "4": 0.6891218499678855,
  "5": -0.01894812989113206,
  "6": 0.5207798561647193,
  "7": -0.4257930743467486,
  "8": 0.0,
  "9": 0.0074325636908170005,
  "10": 0.3239169767225175,
  "11": -0.07232887118626218,
  "12": -0.015462337819044032,
  "13": -0.0085527338654809,
  "14": -0.08021557851804366,
  "15": -0.4577510165918098,
  "16": 0.0050550457351848785,
  "17": -0.0072349993096076735,
  "18": 0.007417625964109726,
  "19": -0.008953841907247836,
  "20": 0.012039104606587626,
  "21": -0.012227548107825925,
  "22": 0.010975949521709886,
  "23": -0.012169252592340635,
  "24": 0.00906738486295134,
  "25": -0.00907821459393262,
  "26": 0.01169425916662459,
  "27": -0.011492808332620291,
  "28": 0.013073254377225466,
  "29": -0.014286684951780461,
  "30": 0.016279344913389393,
  "31": -0.01717155954163066,
  "32": 0.03840486148864371,
  "33": 0.06438263875021812,
  "34": 0.15223445347928719,
  "35": -0.0550157443551341,
  "36": -0.0731773930312677,
  "37": -0.18464215344262952,
  "38": 0.03950317092638693,
  "39": -0.14564488281075713,
  "40": 0.05631062471790972,
  "41": 0.039131488010012684,
  "42": 0.11194830959783172,
  "43": -0.07615837158566224,
  "44": -0.08343351897096479,
  "45": 0.000913175042653398,
  "46": 0.1810525307983257,
  "47": -0.00354852869154231,
  "48": -0.0029294441054826884,
  "49": 0.002237982437228621,
  "50": -0.001990999098069691,
  "51": 0.004231424463984107,
  "52": -0.0037362181835121073,
  "53": 0.005691862644741471,
  "54": -0.006336286751170302,
  "55": 0.007091480627305865,
  "56": -0.0012746014693240761,
  "57": 0.004100150428488827,
  "58": -0.0036425452899690484,
  "59": 0.006722535442038785,
  "60": -0.007601753023148322,
  "61": 0.008219311695288063,
  "62": -0.007904999119873926,
  "63": 0.005996444295136909
}