{
  "0": 0.0,
  "1": -0.28363593360104195,
  "2": 0.2715325885289122,
  "3": -0.26909315212756746,
  "4": 0.27029817061338135,
  "5": 0.40012245059801427,
  "6": 0.3299886751242929,
  "7": -0.06274726507111852,
  "8": 0.051197691512937855,
  "9": -0.38409364701479953,
  "10": 0.025371758962616443,
  "11": -0.21473921764469034,
  "12": -0.006914525939876265,
  "13": 0.031014976452214252,
  "14": -0.008990259808765827,
  "15": 0.11218448495864135,
  "16": -0.03256375366750195,
  "17": -0.08841934114997775,
  "18": -0.06784669795894427,
  "19": -0.0500021259241906,
  "20": -0.07282193228195294,
  "21": 0.004711105940853099,
  "22": 0.0032262926639830187,
  "23": -0.04344936459194941,
  "24": 0.3444573616382101,
  "25": 0.07610484077338016,
  "26": 0.008487137563160366,
  "27": 0.05440203867632828,
  "28": -0.12316643099978844,
  "29": -0.15124295261140602,
  "30": -0.24596465620392746,
  "31": 0.1216453310958885,
  "32": -0.1601121159039839,
  "33": 0.07741718335049443,
  "34": -0.06765686528865976,
  "35": 0.17655016013784838,
  "36": -0.11019184436824092,
  "37": 0.11288985168987631,
  "38": -0.20351677137800275,
  "39": -0.07087603166695723,
  "40": -0.06304772297628769,
  "41": 0.1084092839740588,
  "42": -0.05401571686043508,
  "43": 0.17248300312770315,
  "44": -0.059544417970317974,
  "45": -0.00720525978732737,
  "46": -0.007178737221093322,
  "47": 0.04752021249705927,
  "48": 0.016692429875333575,
  "49": 0.03038799781050726,
  "50": -0.005928733426239243,
  "51": 0.07539236643974905,
  "52": -0.021307200186212485,
  "53": -0.028170578634666,
  "54": 0.023461309217236125,
  "55": 0.0,
  "56": 0.10782886163461249,
  "57": 0.14551487024476623,
  "58": -0.0383178709681996,
  "59": -0.07348754789291628,
  "60": 0.0,
  "61": -0.13245684914500366,
  "62": 0.07728739816791226,
  "63": -0.07659658377766972
}