{
  "0": 0.0,
  "1": -0.23472294373826716,
  "2": 0.23326439561559814,
  "3": -0.001056190009585845,
  "4": 0.0,
  "5": 0.0026498206206056907,
  "6": -0.003227980876387366,
  "7": 0.0,
  "8": 0.0020804656580713098,
  "9": 0.0,
  "10": 0.0023947828059052607,
  "11": -0.0023453144837354612,
  "12": -0.0023859867263794415,
  "13": 0.16554107722348657,
  "14": -0.1972784581781367,
  "15": 0.0018384340870696908,
  "16": 0.0,
  "17": 0.0,
  "18": 0.0018183871055469049,
  "19": 0.0,
  "20": 0.0,
  "21": 0.036446139264628453,
  "22": -0.03583144438535185,
  "23": -0.0017964621084306958,
  "24": 0.0,
  "25": 0.017977684889474512,
  "26": -0.009064675901681973,
  "27": -0.0020672328997513143,
  "28": 0.010867843422764069,
  "29": 0.0023852365189345128,
  "30": 0.0021596163129462592,
  "31": 0.007351267305449634,
  "32": 0.0,
  "33": 0.0,
  "34": 0.0,
  "35": 0.0014811348131751397,
  "36": 0.0,
  "37": 0.01612696277964957,
  "38": -0.011131149138991813,
  "39": 0.0,
  "40": -0.0015254538067063451,
  "41": 0.014950793989257295,
  "42": -0.014194283834456095,
  "43": 0.0,
  "44": 0.006479296700108033,
  "45": -0.001677414197993569,
  "46": 0.0,
  "47": 0.007555381376455979,
  "48": 0.0017930510217141198,
  "49": 0.05981081637555021,
  "50": -0.09406839925334426,
  "51": 0.0,
  "52": 0.005127380952321803,
  "53": 0.0,
  "54": 0.0,
  "55": 0.004603731002080866,
  "56": 0.001294864460411262,
  "57": 0.0,
  "58": -0.002933469013268958,
  "59": 0.0015067083540882,
  "60": 0.0,
  "61": -0.1370776703264342,
  "62": 0.16077715285492022,
  "63": 0.0,
  "64": 0.0013131238246751726,
  "65": 0.0,
  "66": 0.0014742921158928555,
  "67": 0.0,
  "68": 0.0,
  "69": 0.006031546727330094,
  "70": 0.0015958038677594797,
  "71": 0.0,
  "72": 0.0,
  "73": 0.01053328035256687,
  "74": -0.01018121373350801,
  "75": 0.0,
  "76": 0.002758458276845152,
  "77": -0.0018775792077264206,
  "78": -0.0012761550762247712,
  "79": 0.002631888917746842,
  "80": -0.001923414749383121,
  "81": 0.03543304120496151,
  "82": -0.04142520753068809,
  "83": 0.0,
  "84": -0.00832034273487871,
  "85": 0.0,
  "86": 0.0,
  "87": -0.004196982529700074,
  "88": -0.003804344585889465,
  "89": 0.0024821896217865837,
  "90": 0.0,
  "91": -0.002665602925254832,
  "92": -0.0013270052142940597,
  "93": -0.049415842132766036,
  "94": 0.0613242678498165,
  "95": 0.0,
  "96": -0.001292947706589478,
  "97": 0.029975218015845916,
  "98": -0.032020501053418776,
  "99": -0.0012619406663038183,
  "100": -0.006875806574195753,
  "101": 0.002384677037575508,
  "102": 0.0,
  "103": -0.004396071552333097,
  "104": -0.0012898912689037595,
  "105": 0.0022072940683000924,
  "106": 0.0,
  "107": 0.0,
  "108": 0.003527963963874208,
  "109": -0.023040134269514286,
  "110": 0.02042487469376266,
  "111": -0.0022856884465873887,
  "112": 0.017864169363862308,
  "113": 0.0,
  "114": 0.001119293792381578,
  "115": 0.009907624747213,
  "116": -0.00189938979748111,
  "117": 0.002737617999146421,
  "118": -0.01510626181266625,
  "119": 0.0,
  "120": -0.00126314902173308,
  "121": 0.0058628537558473685,
  "122": -0.018619891610093,
  "123": 0.0021653870367939463,
  "124": -0.01033952160695033,
  "125": -0.001920096692261586,
  "126": 0.0,
  "127": -0.005531481635982382,
  "128": -0.002527071244886167,
  "129": 0.0,
  "130": 0.0,
  "131": 0.0,
  "132": 0.0,
  "133": 0.005750251408399088,
  "134": 0.0,
  "135": 0.0,
  "136": 0.0,
  "137": 0.007499815906804251,
  "138": -0.001618094072421686,
  "139": 0.0,
  "140": 0.001265300926544955,
  "141": 0.0,
  "142": 0.0012943589333155546,
  "143": 0.0017379045945264135,
  "144": -0.0016454277503356082,
  "145": 0.02613658718887434,
  "146": -0.0252707742886587,
  "147": 0.0,
  "148": -0.0047626537241709736,
  "149": 0.0,
  "150": 0.0,
  "151": -0.0027278136632251614,
  "152": -0.006118709082083045,
  "153": -0.0015198361543980758,
  "154": 0.0,
  "155": -0.005596963217170757,
  "156": 0.0,
  "157": -0.026155467551537064,
  "158": 0.02551602836378076,
  "159": -0.0019850650814177695,
  "160": 0.0012196892891464274,
  "161": 0.02144991703113907,
  "162": -0.0225898040592982,
  "163": 0.0,
  "164": -0.001897313319926947,
  "165": 0.0,
  "166": 0.0,
  "167": -0.005029271062526653,
  "168": -0.0018746893320340289,
  "169": 0.0015805486092524948,
  "170": 0.0,
  "171": 0.0,
  "172": 0.0,
  "173": -0.015416396344423442,
  "174": 0.010818789836174958,
  "175": 0.0,
  "176": 0.00934565426804826,
  "177": 0.0,
  "178": -0.0018936385614644166,
  "179": 0.006670284492289332,
  "180": 0.0,
  "181": 0.0,
  "182": -0.002652146443971926,
  "183": 0.0032559605128349056,
  "184": 0.001992821010216499,
  "185": 0.0063430863785908604,
  "186": -0.004957663657813044,
  "187": 0.0,
  "188": -0.00872243851807508,
  "189": -0.00180719893450252,
  "190": -0.0010769199727078053,
  "191": -0.0050910795374246795,
  "192": 0.0013417679655849922,
  "193": 0.017934735884499096,
  "194": -0.027608733287047955,
  "195": 0.0,
  "196": 0.006462698951179369,
  "197": -0.0014349416270925184,
  "198": -0.0013201336467305303,
  "199": 0.0,
  "200": 0.0011627377407273933,
  "201": 0.0,
  "202": -0.002009537955565577,
  "203": 0.0017336580712690812,
  "204": 0.0033658501700994043,
  "205": -0.026833230617639196,
  "206": 0.02972962452979981,
  "207": 0.002066964330996784,
  "208": 0.0,
  "209": 0.0,
  "210": 0.0014455799230550887,
  "211": 0.004907864506006821,
  "212": 0.0,
  "213": -0.0056128536866414955,
  "214": 0.012827893063927807,
  "215": 0.0,
  "216": -0.0017470721481851982,
  "217": -0.003716369590192015,
  "218": 0.007119281156248534,
  "219": 0.0,
  "220": -0.0014722830316683197,
  "221": 0.0015687121912006797,
  "222": -0.001980422468777898,
  "223": -0.004151141224294692,
  "224": -0.0023233617264076956,
  "225": 0.0,
  "226": 0.0010548043022166173,
  "227": 0.0012669808631832655,
  "228": -0.002380726271578074,
  "229": -0.006365119905127944,
  "230": 0.020004681693734205,
  "231": 0.0,
  "232": -0.0026355406142823173,
  "233": -0.01125781983370203,
  "234": 0.016460838040818958,
  "235": 0.0,
  "236": 0.0,
  "237": 0.0,
  "238": 0.001871908102790989,
  "239": -0.0015401675707003848,
  "240": 0.0,
  "241": -0.05872675316439453,
  "242": 0.06304441349465892,
  "243": 0.0,
  "244": -0.0010154650476796089,
  "245": 0.0,
  "246": 0.0,
  "247": -0.0022134862393578007,
  "248": 0.0013008364669137417,
  "249": 0.0,
  "250": 0.00119073258306383,
  "251": -0.00132406490603891,
  "252": 0.0,
  "253": 0.1039393397684551,
  "254": -0.11668850707282945,
  "255": -0.0010220675602896515
}