epoch,beta,coefficient,loss,expected_cut,best_measured_cut,success_probability_ancilla_1,max_postselected_probability,grad
0,0.32381631651486054,0.24579315724870318,-1.7907232247452114,1.7907232247452114,2.0,0.14022094445534622,0.42645594170289974,0.06506182443057407
1,0.3139413134096851,0.238775492003322,-1.7911662787314693,1.7911662787314693,2.0,0.1399321656671664,0.42669353707668484,0.05164651167156591
2,0.3043408678867606,0.23191241614312244,-1.7914663818696608,1.7914663818696608,2.0,0.13966689896182263,0.42686471797275205,0.03802501326605127
3,0.29524112809464254,0.225371243925167,-1.7916290130790524,1.7916290130790524,2.0,0.13942987092305303,0.4269711758676421,0.024438063340377958
4,0.28695803378720697,0.21938730377482393,-1.7916717220324503,1.7916717220324503,2.0,0.13922654691738479,0.4270198218118902,0.011258159398401886
