epoch,beta,coefficient,loss,expected_cut,best_measured_cut,success_probability_ancilla_1,max_postselected_probability,grad
0,-0.3322958548784638,-0.25178466608772,-3.9999999999991083,3.9999999999991083,2.0,0.04487301181914962,0.046300391223021896,1.637598517961663e-12
1,-0.3322959280899211,-0.2517847176784038,-3.9999999999991087,3.9999999999991087,2.0,0.04487301785931543,0.04630039109028092,1.6373721142452916e-12
2,-0.33229601780003365,-0.25178478089536444,-3.9999999999991083,3.9999999999991083,2.0,0.04487302526067125,0.046300390927624745,1.6408118367914095e-12
3,-0.3322961214004918,-0.2517848539005753,-3.999999999999108,3.999999999999108,2.0,0.04487303380802437,0.04630039073978193,1.6407865977320198e-12
4,-0.3322962372137264,-0.25178493551188447,-3.99999999999911,3.99999999999911,2.0,0.04487304336297091,0.04630039052979354,1.640095144628842e-12
