epoch,beta,coefficient,loss,expected_cut,best_measured_cut,success_probability_ancilla_1,max_postselected_probability,grad
0,0.3075112879107818,0.23418321721380744,-2.9999999999994738,2.9999999999994738,1.0,0.05713571649988221,0.06037185709347741,-6.961746824202332e-13
1,0.30751131905224194,0.2341832394977467,-2.999999999999476,2.999999999999476,1.0,0.05713571885417654,0.06037185713339291,-6.968318075347019e-13
2,0.3075113571641579,0.23418326676954457,-2.9999999999994746,2.9999999999994746,1.0,0.05713572173543756,0.06037185718224241,-6.955866071864407e-13
3,0.3075114011244837,0.23418329822629655,-2.999999999999476,2.999999999999476,1.0,0.057135725058838724,0.060371857238587734,-6.941897895225445e-13
4,0.307511450214003,0.23418333335335176,-2.9999999999994755,2.9999999999994755,1.0,0.05713572877000741,0.060371857301506814,-6.928556718819078e-13
