epoch,beta,coefficient,loss,expected_cut,best_measured_cut,success_probability_ancilla_1,max_postselected_probability,grad
0,-0.35863745782782547,-0.2701874185524818,-2.999999999998347,2.999999999998347,0.0,0.01813955549007634,0.015624999999991392,8.423518738183658e-12
1,-0.35863783447249864,-0.27018767936008825,-2.9999999999983453,2.9999999999983453,0.0,0.018139590296440557,0.015624999999991382,8.425296732779957e-12
2,-0.3586382957473736,-0.2701879987697864,-2.999999999998347,2.999999999998347,0.0,0.018139632923655617,0.015624999999991392,8.429427977646848e-12
3,-0.35863882814446685,-0.2701883674279249,-2.999999999998346,2.999999999998346,0.0,0.018139682123443128,0.015624999999991385,8.42082966038237e-12
4,-0.35863942334150756,-0.27018877957170007,-2.999999999998346,2.999999999998346,0.0,0.018139737126744642,0.015624999999991385,8.431165360639523e-12
