epoch,beta,coefficient,loss,expected_cut,best_measured_cut,success_probability_ancilla_1,max_postselected_probability,grad
0,-0.4336511067733016,-0.42764204258444555,-5.499999999999215,5.499999999999215,0.0,0.0697516650617134,0.01562499999999777,3.141774659078802e-12
1,-0.43365124706107194,-0.42764216499424346,-5.4999999999992095,5.4999999999992095,0.0,0.06975170403822714,0.015624999999997755,3.134143877087879e-12
2,-0.43365141907575444,-0.4276423150877248,-5.4999999999992095,5.4999999999992095,0.0,0.06975175182951841,0.015624999999997755,3.1497111148911422e-12
3,-0.43365161767450267,-0.42764248837742636,-5.499999999999209,5.499999999999209,0.0,0.06975180700674108,0.015624999999997755,3.143446511208516e-12
4,-0.43365183968855064,-0.4276426820983932,-5.499999999999211,5.499999999999211,0.0,0.06975186868951255,0.015624999999997759,3.144274247942269e-12
