epoch,beta,coefficient,loss,expected_cut,best_measured_cut,success_probability_ancilla_1,max_postselected_probability,grad
0,-0.5425801857660155,-0.5182984752171641,-5.4999999999997415,5.4999999999997415,2.0,0.21106835714073488,0.043679669586652,2.658957879019503e-13
1,-0.5425801976277242,-0.5182984845958807,-5.499999999999739,5.499999999999739,2.0,0.2110683597043954,0.043679669482950226,2.647685771123535e-13
2,-0.5425802122078378,-0.5182984961239627,-5.499999999999738,5.499999999999738,2.0,0.2110683628555823,0.04367966935548265,2.680836792442543e-13
3,-0.5425802290833607,-0.5182985094669595,-5.499999999999739,5.499999999999739,2.0,0.21106836650287375,0.0436796692079473,2.687268896522179e-13
4,-0.5425802479273182,-0.5182985243663416,-5.49999999999974,5.49999999999974,2.0,0.21106837057560146,0.04367966904320277,2.6594019493021754e-13
