epoch,beta,coefficient,loss,expected_cut,best_measured_cut,success_probability_ancilla_1,max_postselected_probability,grad
0,0.4641300988106283,0.45390188083838057,-1.3385495512666359,1.3385495512666359,2.0,0.2796185401787309,0.22350352498766593,-0.06698936815685466
1,0.47408141537760934,0.4623284163918981,-1.3391046964658357,1.3391046964658357,2.0,0.2798343737799935,0.22330549923727466,-0.05946224531186275
2,0.4839437462922019,0.4706068725704062,-1.3395838007493648,1.3395838007493648,2.0,0.2800702012221028,0.22308025099965034,-0.05213812230977223
3,0.4936701256028864,0.4786996615414688,-1.3399886492542836,1.3399886492542836,2.0,0.28032350386253513,0.22283079242129583,-0.04504883203954631
4,0.5032066495313346,0.4865649267974057,-1.340321978082392,1.340321978082392,2.0,0.28059122617483306,0.2225607820383848,-0.03822718285306363
5,0.5124925142712838,0.49415678401883584,-1.340587552899445,1.340587552899445,2.0,0.2808697572408514,0.22227454177342834,-0.03170655095977512
6,0.5214605777084838,0.5014259416105714,-1.3407902117857886,1.3407902117857886,2.0,0.28115494301827126,0.2219770374859347,-0.025520298853500656
7,0.5300386100098676,0.5083207955660588,-1.3409358526785984,1.3409358526785984,2.0,0.2814421412661175,0.22167380967602218,-0.019700994979973768
8,0.5381513521505443,0.5147890523815781,-1.3410313456439278,1.3410313456439278,2.0,0.2817263291697784,0.2213708432257824,-0.014279428872715156
9,0.5457233975331108,0.5207798551631144,-1.3410843552516658,1.3410843552516658,2.0,0.28200226815579976,0.22107437158630594,-0.009283451537033749
