{
  "config": {
    "N_VERTICES": 4,
    "PROB_ARESTA": 0.85,
    "COM_PESO": false,
    "PESO_MIN": 1,
    "PESO_MAX": 1,
    "GRAPH_SEED": 104375,
    "GRAPH_EDGES": [
      [
        0,
        1,
        1.0
      ],
      [
        0,
        3,
        1.0
      ],
      [
        1,
        2,
        1.0
      ],
      [
        1,
        3,
        1.0
      ],
      [
        2,
        3,
        1.0
      ]
    ],
    "REVERSE_BITS": false,
    "ER": 1.0,
    "MAX_TERMS": null,
    "A_MAX": 0.7853981633974483,
    "INIT_BETA": 0.35,
    "MAX_EPOCHS": 200,
    "LR": 0.01,
    "FD_EPS": 0.01,
    "LOSS_TOL_LAST5": 0.001,
    "PATIENCE_LAST5": 5,
    "TRAIN_SEED": 7,
    "INIT_BETA_JITTER": 0.05,
    "OPTIMIZER": "adam",
    "ADAM_BETA1": 0.9,
    "ADAM_BETA2": 0.999,
    "ADAM_EPS": 1e-08,
    "COEF_ZERO_TOL": 0.001,
    "IMPROVEMENT_TOL": 0.001,
    "SATURATION_PATIENCE": 100,
    "INDEX_STRATEGY": "ascending",
    "INDEX_RANDOM_SEED": 42,
    "ENABLE_BACKWARD_PRUNING": true,
    "BACKWARD_PASSES": 2,
    "PRUNE_IMPROVEMENT_TOL": 0.0001,
    "OUTDIR": "benchmark_results_walsh_article/unweighted/with_pruning/n4/graph02_trainseed07",
    "SHOW_PLOTS": false,
    "name": "with_pruning"
  },
  "n_qubits_register": 4,
  "graph_edges": [
    [
      0,
      1,
      1.0
    ],
    [
      0,
      3,
      1.0
    ],
    [
      1,
      2,
      1.0
    ],
    [
      1,
      3,
      1.0
    ],
    [
      2,
      3,
      1.0
    ]
  ],
  "graph_signature": "088078414915f783002f6e924a47ca164ddb929b0c303d60c8d30a073f7782ae",
  "graph_num_edges": 5,
  "graph_density": 0.8333333333333334,
  "best_cut_bruteforce": 4.0,
  "best_bitstring_bruteforce": "0101",
  "best_index_bruteforce": 5,
  "candidate_order": [
    1,
    2,
    3,
    4,
    5,
    6,
    7,
    8,
    9,
    10,
    11,
    12,
    13,
    14,
    15
  ],
  "total_possible_parameters": 15,
  "visited_parameters": 15,
  "trained_coefficients": {
    "0": 0.0,
    "1": -0.24005587596209557,
    "2": 0.23963857122026974,
    "3": 0.0,
    "4": -0.16841708996224514,
    "5": 0.0,
    "6": 0.0,
    "7": 0.20179038505840502,
    "8": 0.0709213889035735,
    "9": 0.0,
    "10": 0.0,
    "11": -0.11430475621581764,
    "12": 0.0,
    "13": 0.12336019853049957,
    "14": -0.16242491355885116,
    "15": 0.0
  },
  "final_coefficient_vector": [
    0.0,
    -0.24005587596209557,
    0.23963857122026974,
    0.0,
    -0.16841708996224514,
    0.0,
    0.0,
    0.20179038505840502,
    0.0709213889035735,
    0.0,
    0.0,
    -0.11430475621581764,
    0.0,
    0.12336019853049957,
    -0.16242491355885116,
    0.0
  ],
  "active_indices": [
    1,
    2,
    4,
    7,
    8,
    11,
    13,
    14
  ],
  "active_parameter_count": 8,
  "compression_ratio_active_over_total": 0.5333333333333333,
  "final_loss": -3.875488195277895,
  "final_expected_cut": 3.875488195277895,
  "best_expected_cut_over_evolution": 3.8754509835217212,
  "final_best_measured_index": 5,
  "final_best_measured_bitstring": "0101",
  "final_best_measured_cut": 4.0,
  "best_measured_cut_over_evolution": 4.0,
  "final_success_probability_ancilla_1": 0.05341804517975071,
  "final_max_postselected_probability": 0.44034116880204366,
  "gap_expected_to_bruteforce": 0.12451180472210499,
  "gap_measured_to_bruteforce": 0.0,
  "approx_ratio_measured": 1.0,
  "n_steps": 15,
  "elapsed_seconds": 10.421609163284302,
  "steps": [
    {
      "visit_idx": 1,
      "j": 1,
      "kept": true,
      "beta": -0.3157385554294666,
      "coefficient": -0.24005587596209557,
      "loss": -2.5,
      "expected_cut": 2.5,
      "best_measured_cut": 0.0,
      "success_probability_ancilla_1": 0.01433765426361305,
      "epochs_run": 5,
      "stop_reason": "loss_plateau_last5",
      "history_path": "benchmark_results_walsh_article/unweighted/with_pruning/n4/graph02_trainseed07/histories/history_visit001_j001.json",
      "improvement_vs_previous": 2.5
    },
    {
      "visit_idx": 2,
      "j": 2,
      "kept": true,
      "beta": 0.3151525790842021,
      "coefficient": 0.23963857122026974,
      "loss": -2.9999992285269053,
      "expected_cut": 2.9999992285269053,
      "best_measured_cut": 3.0,
      "success_probability_ancilla_1": 0.028216026943091062,
      "epochs_run": 5,
      "stop_reason": "loss_plateau_last5",
      "history_path": "benchmark_results_walsh_article/unweighted/with_pruning/n4/graph02_trainseed07/histories/history_visit002_j002.json",
      "improvement_vs_previous": 0.49999922852690526
    },
    {
      "visit_idx": 3,
      "j": 3,
      "kept": true,
      "beta": -0.002437242112092379,
      "coefficient": -0.001914201688379286,
      "loss": -2.999982996399783,
      "expected_cut": 2.999982996399783,
      "best_measured_cut": 2.0,
      "success_probability_ancilla_1": 0.02821689129072012,
      "epochs_run": 36,
      "stop_reason": "loss_plateau_last5",
      "history_path": "benchmark_results_walsh_article/unweighted/with_pruning/n4/graph02_trainseed07/histories/history_visit003_j003.json",
      "improvement_vs_previous": -1.6232127122428608e-05
    },
    {
      "visit_idx": 4,
      "j": 4,
      "kept": true,
      "beta": -0.2178158248230966,
      "coefficient": -0.16841708996224514,
      "loss": -3.1754977350311773,
      "expected_cut": 3.1754977350311773,
      "best_measured_cut": 4.0,
      "success_probability_ancilla_1": 0.03489199363085403,
      "epochs_run": 63,
      "stop_reason": "loss_plateau_last5",
      "history_path": "benchmark_results_walsh_article/unweighted/with_pruning/n4/graph02_trainseed07/histories/history_visit004_j004.json",
      "improvement_vs_previous": 0.17551473863139444
    },
    {
      "visit_idx": 5,
      "j": 5,
      "kept": false,
      "beta": -0.0004700537868076067,
      "coefficient": 0.0,
      "loss": -3.1754977350311773,
      "expected_cut": 3.1754977350311773,
      "best_measured_cut": 4.0,
      "success_probability_ancilla_1": 0.03489199363085403,
      "epochs_run": 42,
      "stop_reason": "loss_plateau_last5_and_discarded_near_zero",
      "history_path": "benchmark_results_walsh_article/unweighted/with_pruning/n4/graph02_trainseed07/histories/history_visit005_j005.json",
      "improvement_vs_previous": 0.0
    },
    {
      "visit_idx": 6,
      "j": 6,
      "kept": true,
      "beta": 0.0013846870362803137,
      "coefficient": 0.0010875299601134116,
      "loss": -3.175492636886692,
      "expected_cut": 3.175492636886692,
      "best_measured_cut": 4.0,
      "success_probability_ancilla_1": 0.03489230897432258,
      "epochs_run": 42,
      "stop_reason": "loss_plateau_last5",
      "history_path": "benchmark_results_walsh_article/unweighted/with_pruning/n4/graph02_trainseed07/histories/history_visit006_j006.json",
      "improvement_vs_previous": -5.098144485238265e-06
    },
    {
      "visit_idx": 7,
      "j": 7,
      "kept": true,
      "beta": 0.2628159541484809,
      "coefficient": 0.20179038505840502,
      "loss": -3.4779451665869807,
      "expected_cut": 3.4779451665869807,
      "best_measured_cut": 4.0,
      "success_probability_ancilla_1": 0.04338178528385506,
      "epochs_run": 70,
      "stop_reason": "loss_plateau_last5",
      "history_path": "benchmark_results_walsh_article/unweighted/with_pruning/n4/graph02_trainseed07/histories/history_visit007_j007.json",
      "improvement_vs_previous": 0.3024525297002887
    },
    {
      "visit_idx": 8,
      "j": 8,
      "kept": true,
      "beta": 0.09054656217871726,
      "coefficient": 0.0709213889035735,
      "loss": -3.5077168257675835,
      "expected_cut": 3.5077168257675835,
      "best_measured_cut": 4.0,
      "success_probability_ancilla_1": 0.044529663083417964,
      "epochs_run": 29,
      "stop_reason": "loss_plateau_last5",
      "history_path": "benchmark_results_walsh_article/unweighted/with_pruning/n4/graph02_trainseed07/histories/history_visit008_j008.json",