epoch,beta,coefficient,loss,expected_cut,best_measured_cut,success_probability_ancilla_1,max_postselected_probability,grad
0,-0.43320596520386767,-0.4272535582855656,-3.9999999999994253,3.9999999999994253,0.0,0.06962801849441655,0.015624999999997755,2.290540750149154e-12
1,-0.433206067603422,-0.4272536476680174,-3.9999999999994253,3.9999999999994253,0.0,0.06962804693134249,0.015624999999997759,2.2901208358010656e-12
2,-0.4332061930275112,-0.4272537571480989,-3.9999999999994262,3.9999999999994262,0.0,0.06962808176231387,0.015624999999997762,2.2924187074510775e-12
3,-0.4332063378561418,-0.4272538835659875,-3.9999999999994227,3.9999999999994227,0.0,0.06962812198204069,0.015624999999997748,2.2931538143109956e-12
4,-0.4332064998992598,-0.42725402501002524,-3.9999999999994253,3.9999999999994253,0.0,0.06962816698233465,0.015624999999997755,2.300999463720871e-12
