epoch,beta,coefficient,loss,expected_cut,best_measured_cut,success_probability_ancilla_1,max_postselected_probability,grad
0,-0.47167329141643477,-0.46029600956760164,-3.999999999999803,3.999999999999803,3.0,0.20097430418481052,0.04405284211953562,2.0450851751223648e-13
1,-0.4716733004919968,-0.46029601723531066,-3.9999999999998033,3.9999999999998033,3.0,0.20097430604364908,0.04405284208134733,2.0161701397726674e-13
2,-0.4716733115529411,-0.4602960265804181,-3.9999999999997993,3.9999999999997993,3.0,0.20097430830912996,0.04405284203480486,2.0043616908236572e-13
3,-0.4716733243459348,-0.4602960373888893,-3.999999999999802,3.999999999999802,3.0,0.20097431092936555,0.044052841980974325,2.0335749802876105e-13
4,-0.47167333864457783,-0.460296049469445,-3.9999999999998015,3.9999999999998015,3.0,0.2009743138579854,0.04405284192080822,2.023816816549208e-13
