epoch,beta,coefficient,loss,expected_cut,best_measured_cut,success_probability_ancilla_1,max_postselected_probability,grad
0,0.3604650544785221,0.27145214146774416,-6.314977898205672,6.314977898205672,4.0,0.11054308065054322,0.03754848284599995,-0.06255447833582442
1,0.37040482182337525,0.27830250539607815,-6.315479903778503,6.315479903778503,4.0,0.11135191659486131,0.037701068607932764,-0.05442592602536465
2,0.38023383505372554,0.2850292581134309,-6.315901507773511,6.315901507773511,4.0,0.11216390527335422,0.03784424206265745,-0.04663101976555991
3,0.3898929159125219,0.29159313300509243,-6.3162460149775015,6.3162460149775015,4.0,0.1129731501649701,0.03797765455131922,-0.03920309404235634
4,0.39931412817568196,0.29795017945190966,-6.316517869920171,6.316517869920171,4.0,0.1137727909346004,0.038101001694003545,-0.032175050577781535
5,0.4084213126273248,0.3040523005406778,-6.31672270365166,6.31672270365166,4.0,0.11455504740693455,0.03821403834335309,-0.025578663949700143
6,0.41713156423724557,0.30984835719722376,-6.3168673134243924,6.3168673134243924,4.0,0.11531135923916166,0.03831659553987946,-0.01944366739485992
