epoch,beta,coefficient,loss,expected_cut,best_measured_cut,success_probability_ancilla_1,max_postselected_probability,grad
0,-0.3685968645930769,-0.2770600367494814,-5.999999999996854,5.999999999996854,0.0,0.019068120395683102,0.015624999999991812,1.553350287853718e-11
1,-0.36859755846710807,-0.2770605138997616,-5.999999999996856,5.999999999996856,0.0,0.01906818565295512,0.015624999999991812,1.5508706803530937e-11
2,-0.36859840801205823,-0.2770610980985817,-5.999999999996854,5.999999999996854,0.0,0.01906826555082804,0.015624999999991809,1.5518074101479317e-11
3,-0.36859938866583986,-0.2770617724553796,-5.999999999996854,5.999999999996854,0.0,0.01906835777934874,0.015624999999991809,1.551640857225207e-11
4,-0.3686004847829057,-0.27706252621115657,-5.999999999996856,5.999999999996856,0.0,0.019068460867142995,0.015624999999991812,1.5518622892502152e-11
