{
  "0": 0.0,
  "1": -0.29548493414806903,
  "2": 0.2976151434105468,
  "3": -0.2490647824166729,
  "4": 0.43949864034406144,
  "5": -0.01980821724671391,
  "6": 0.30303245496249653,
  "7": -0.30432984327915386,
  "8": 0.16655572700304733,
  "9": 0.07334159707690233,
  "10": 0.13471283277066873,
  "11": -0.1693968605951149,
  "12": -0.1051528050477507,
  "13": -0.3315147387828278,
  "14": 0.23887956426194729,
  "15": -0.21924914298148912
}