epoch,beta,coefficient,loss,expected_cut,best_measured_cut,success_probability_ancilla_1,max_postselected_probability,grad
0,0.21172471005271,0.1310777641239628,-3.178380665992155,3.178380665992155,4.0,0.009626972069735704,0.18548575537915674,0.2250994611336774
1,0.20192378088034407,0.12517578684144923,-3.179679055609765,3.179679055609765,4.0,0.009417695992066393,0.1847442543461558,0.16448387371146195
2,0.19263977070071345,0.119563776715433,-3.180297786925657,3.180297786925657,4.0,0.00922761723974725,0.18388829178936636,0.09954727392465892
3,0.18443873477553785,0.11458985301751143,-3.180311826670229,3.180311826670229,4.0,0.009066418123444945,0.1830011223510217,0.03290669182271517
4,0.17809234594533663,0.1107305134235745,-3.179958499596247,3.179958499596247,4.0,0.008946048328620629,0.18222651448854418,-0.030135355816997597
5,0.17419175645313043,0.10835419689154517,-3.1795765608040636,3.1795765608040636,4.0,0.008873979286531757,0.1817111067787759,-0.08160010379927209
6,0.17275190358185724,0.10747619804424668,-3.179403012674639,3.179403012674639,4.0,0.008847745957629827,0.18151314484832962,-0.11438150796277889
