epoch,beta,coefficient,loss,expected_cut,best_measured_cut,success_probability_ancilla_1,max_postselected_probability,grad
0,0.2538251307241285,0.15614404071050345,-2.999812755127061,2.999812755127061,2.0,0.0070165479132572066,0.12497659439123886,0.017568969376455235
1,0.25871905164042386,0.15902555314409147,-2.9999795561005262,2.9999795561005262,2.0,0.007143039867508168,0.12499744451291574,-0.05175641926675888
2,0.2642093224044032,0.16224970209263884,-2.999969325935824,2.999969325935824,2.0,0.007287301503810572,0.12499616574232099,-0.016759135261299463
3,0.2665260619501411,0.16360747220870597,-2.999905619343144,2.999905619343144,2.0,0.007348915856295008,0.12498820241823327,0.0200655154452681
4,0.265499602585608,0.16300609710581418,-2.999938071415429,2.999938071415429,2.0,0.00732156297943536,0.12499225892727002,0.03485892579074245
5,0.26271457890496575,0.16137281523336527,-2.9999920347731406,2.9999920347731406,2.0,0.007247780729204092,0.12499900434698735,0.02835804731630306
6,0.25961923259337977,0.15955480150593798,-2.9999918414366995,2.9999918414366995,2.0,0.007166522926278283,0.12499898017993635,0.010288797759006416
