{
  "config": {
    "N_VERTICES": 4,
    "PROB_ARESTA": 0.55,
    "COM_PESO": false,
    "PESO_MIN": 1,
    "PESO_MAX": 1,
    "GRAPH_SEED": 105087,
    "GRAPH_EDGES": [
      [
        0,
        1,
        1.0
      ],
      [
        1,
        2,
        1.0
      ],
      [
        1,
        3,
        1.0
      ]
    ],
    "REVERSE_BITS": false,
    "ER": 1.0,
    "MAX_TERMS": null,
    "A_MAX": 0.7853981633974483,
    "INIT_BETA": 0.35,
    "MAX_EPOCHS": 200,
    "LR": 0.01,
    "FD_EPS": 0.01,
    "LOSS_TOL_LAST5": 0.001,
    "PATIENCE_LAST5": 5,
    "TRAIN_SEED": 9,
    "INIT_BETA_JITTER": 0.05,
    "OPTIMIZER": "adam",
    "ADAM_BETA1": 0.9,
    "ADAM_BETA2": 0.999,
    "ADAM_EPS": 1e-08,
    "COEF_ZERO_TOL": 0.005,
    "IMPROVEMENT_TOL": 0.003,
    "SATURATION_PATIENCE": 40,
    "INDEX_STRATEGY": "ascending",
    "INDEX_RANDOM_SEED": 42,
    "ENABLE_BACKWARD_PRUNING": false,
    "BACKWARD_PASSES": 1,
    "PRUNE_IMPROVEMENT_TOL": 1e-06,
    "OUTDIR": "benchmark_results_walsh_article/unweighted/sparse_threshold/n4/graph09_trainseed09",
    "SHOW_PLOTS": false,
    "name": "sparse_threshold"
  },
  "n_qubits_register": 4,
  "graph_edges": [
    [
      0,
      1,
      1.0
    ],
    [
      1,
      2,
      1.0
    ],
    [
      1,
      3,
      1.0
    ]
  ],
  "graph_signature": "e05b7736fa85fadb9e519d205bc71874029e7ff2544024339aba6060afa201c5",
  "graph_num_edges": 3,
  "graph_density": 0.5,
  "best_cut_bruteforce": 3.0,
  "best_bitstring_bruteforce": "0100",
  "best_index_bruteforce": 4,
  "candidate_order": [
    1,
    2,
    3,
    4,
    5,
    6,
    7,
    8,
    9,
    10,
    11,
    12,
    13,
    14,
    15
  ],
  "total_possible_parameters": 15,
  "visited_parameters": 15,
  "trained_coefficients": {
    "0": 0.0,
    "1": -0.27018732628373565,
    "2": 0.2695990400939915,
    "3": 0.0,
    "4": -0.18227909942717663,
    "5": 0.0,
    "6": 0.0,
    "7": 0.21970702578793083,
    "8": -0.10964024455300148,
    "9": 0.0,
    "10": 0.0,
    "11": 0.1459371963799536,
    "12": 0.0,
    "13": -0.13715863643484266,
    "14": 0.14896941582305334,
    "15": 0.0
  },
  "final_coefficient_vector": [
    0.0,
    -0.27018732628373565,
    0.2695990400939915,
    0.0,
    -0.18227909942717663,
    0.0,
    0.0,
    0.21970702578793083,
    -0.10964024455300148,
    0.0,
    0.0,
    0.1459371963799536,
    0.0,
    -0.13715863643484266,
    0.14896941582305334,
    0.0
  ],
  "active_indices": [
    1,
    2,
    4,
    7,
    8,
    11,
    13,
    14
  ],
  "active_parameter_count": 8,
  "compression_ratio_active_over_total": 0.5333333333333333,
  "final_loss": -2.8760842876227914,
  "final_expected_cut": 2.8760842876227914,
  "best_expected_cut_over_evolution": 2.8760842876227914,
  "final_best_measured_index": 4,
  "final_best_measured_bitstring": "0100",
  "final_best_measured_cut": 3.0,
  "best_measured_cut_over_evolution": 3.0,
  "final_success_probability_ancilla_1": 0.06358465515505794,
  "final_max_postselected_probability": 0.4486108780633864,
  "gap_expected_to_bruteforce": 0.12391571237720855,
  "gap_measured_to_bruteforce": 0.0,
  "approx_ratio_measured": 1.0,
  "n_steps": 15,
  "elapsed_seconds": 7.610016584396362,
  "steps": [
    {
      "visit_idx": 1,
      "j": 1,
      "kept": true,
      "beta": -0.35863732457816244,
      "coefficient": -0.27018732628373565,
      "loss": -1.5,
      "expected_cut": 1.5,
      "best_measured_cut": 0.0,
      "success_probability_ancilla_1": 0.018139543176257822,
      "epochs_run": 5,
      "stop_reason": "loss_plateau_last5",
      "history_path": "benchmark_results_walsh_article/unweighted/sparse_threshold/n4/graph09_trainseed09/histories/history_visit001_j001.json",
      "improvement_vs_previous": 1.5
    },
    {
      "visit_idx": 2,
      "j": 2,
      "kept": true,
      "beta": 0.35778800071246997,
      "coefficient": 0.2695990400939915,
      "loss": -1.9999987829633028,
      "expected_cut": 1.9999987829633028,
      "best_measured_cut": 3.0,
      "success_probability_ancilla_1": 0.03554541862892785,
      "epochs_run": 6,
      "stop_reason": "loss_plateau_last5",
      "history_path": "benchmark_results_walsh_article/unweighted/sparse_threshold/n4/graph09_trainseed09/histories/history_visit002_j002.json",
      "improvement_vs_previous": 0.4999987829633028
    },
    {
      "visit_idx": 3,
      "j": 3,
      "kept": false,
      "beta": -0.0013137732736289128,
      "coefficient": 0.0,
      "loss": -1.9999987829633028,
      "expected_cut": 1.9999987829633028,
      "best_measured_cut": 3.0,
      "success_probability_ancilla_1": 0.03554541862892785,
      "epochs_run": 35,
      "stop_reason": "loss_plateau_last5_and_discarded_near_zero",
      "history_path": "benchmark_results_walsh_article/unweighted/sparse_threshold/n4/graph09_trainseed09/histories/history_visit003_j003.json",
      "improvement_vs_previous": 0.0
    },
    {
      "visit_idx": 4,
      "j": 4,
      "kept": true,
      "beta": -0.23639199779424347,
      "coefficient": -0.18227909942717663,
      "loss": -2.1732313506205925,
      "expected_cut": 2.1732313506205925,
      "best_measured_cut": 3.0,
      "success_probability_ancilla_1": 0.04323998577225366,
      "epochs_run": 64,
      "stop_reason": "loss_plateau_last5",
      "history_path": "benchmark_results_walsh_article/unweighted/sparse_threshold/n4/graph09_trainseed09/histories/history_visit004_j004.json",
      "improvement_vs_previous": 0.17323256765728967
    },
    {
      "visit_idx": 5,
      "j": 5,
      "kept": false,
      "beta": 0.0017543130882394205,
      "coefficient": 0.0,
      "loss": -2.1732313506205925,
      "expected_cut": 2.1732313506205925,
      "best_measured_cut": 3.0,
      "success_probability_ancilla_1": 0.04323998577225366,
      "epochs_run": 41,
      "stop_reason": "loss_plateau_last5_and_discarded_near_zero",
      "history_path": "benchmark_results_walsh_article/unweighted/sparse_threshold/n4/graph09_trainseed09/histories/history_visit005_j005.json",
      "improvement_vs_previous": 0.0
    },
    {
      "visit_idx": 6,
      "j": 6,
      "kept": false,
      "beta": -0.0012931923136170346,
      "coefficient": 0.0,
      "loss": -2.1732313506205925,
      "expected_cut": 2.1732313506205925,
      "best_measured_cut": 3.0,
      "success_probability_ancilla_1": 0.04323998577225366,
      "epochs_run": 42,
      "stop_reason": "loss_plateau_last5_and_discarded_near_zero",
      "history_path": "benchmark_results_walsh_article/unweighted/sparse_threshold/n4/graph09_trainseed09/histories/history_visit006_j006.json",
      "improvement_vs_previous": 0.0
    },
    {
      "visit_idx": 7,
      "j": 7,
      "kept": true,
      "beta": 0.28739962244158357,
      "coefficient": 0.21970702578793083,
      "loss": -2.4726430863232105,
      "expected_cut": 2.4726430863232105,
      "best_measured_cut": 3.0,
      "success_probability_ancilla_1": 0.05281559515709608,
      "epochs_run": 76,
      "stop_reason": "loss_plateau_last5",
      "history_path": "benchmark_results_walsh_article/unweighted/sparse_threshold/n4/graph09_trainseed09/histories/history_visit007_j007.json",
      "improvement_vs_previous": 0.29941173570261803
    },
    {
      "visit_idx": 8,
      "j": 8,
      "kept": true,
      "beta": -0.14051586378828348,
      "coefficient": -0.10964024455300148,
      "loss": -2.5364463709847147,
      "expected_cut": 2.5364463709847147,
      "best_measured_cut": 3.0,
      "success_probability_ancilla_1": 0.05550070185243535,
      "epochs_run": 61,
      "stop_reason": "loss_plateau_last5",
      "history_path": "benchmark_results_walsh_article/unweighted/sparse_threshold/n4/graph09_trainseed09/histories/history_visit008_j008.json",
      "improvement_vs_previous": 0.0638032846615042
    },
    {
      "visit_idx": 9,
      "j": 9,
      "kept": false,
      "beta": 0.0009377934676936765,
      "coefficient": 0.0,
      "loss": -2.5364463709847147,