{
  "0": 0.0,
  "1": -0.27018732628373565,
  "2": 0.2695990400939915,
  "3": 0.0,
  "4": -0.18227909942717663,
  "5": 0.0,
  "6": 0.0,
  "7": 0.21970702578793083,
  "8": -0.10964024455300148,
  "9": 0.0,
  "10": 0.0,
  "11": 0.1459371963799536,
  "12": 0.0,
  "13": -0.13715863643484266,
  "14": 0.14896941582305334,
  "15": 0.0
}