epoch,beta,coefficient,loss,expected_cut,best_measured_cut,success_probability_ancilla_1,max_postselected_probability,grad
0,-0.37661262346517493,-0.28255650490936135,-0.9999999999997891,0.9999999999997891,2.0,0.04745372474674017,0.18429478840970115,3.989736210779884e-13
1,-0.37661264130289046,-0.28255651710581076,-0.9999999999997891,0.9999999999997891,2.0,0.04745372634917271,0.18429478775903282,3.9895517071404013e-13
2,-0.376612663148618,-0.28255653204271824,-0.9999999999997894,0.9999999999997894,2.0,0.04745372831166089,0.18429478696216375,3.991890046012095e-13
3,-0.37661268836516676,-0.2825565492844076,-0.9999999999997891,0.9999999999997891,2.0,0.047453730576963345,0.18429478604233637,3.9891576536471524e-13
4,-0.37661271655369755,-0.28255656855817457,-0.9999999999997893,0.9999999999997893,2.0,0.04745373310925088,0.1842947850140995,3.9916106101908376e-13
