epoch,beta,coefficient,loss,expected_cut,best_measured_cut,success_probability_ancilla_1,max_postselected_probability,grad
0,0.30014729039384086,0.2289022507633986,-4.769393763409998,4.769393763409998,4.0,0.18624734966381815,0.057508497505001095,0.07006705943110862
1,0.29021538316300793,0.22174385051130496,-4.769941658423782,4.769941658423782,4.0,0.1857999257943202,0.057367069497836466,0.060188778513593215
2,0.28042050104329597,0.21464477782211422,-4.7703824797897365,4.7703824797897365,4.0,0.18537211082104146,0.05722045351735145,0.05009509767656812
3,0.2708564252661194,0.20767620819428392,-4.770715071085808,4.770715071085808,4.0,0.18496758192697632,0.057070373822739814,0.03987149479655254
4,0.26164771516512364,0.20093316333176484,-4.770941752363608,4.770941752363608,4.0,0.1845907082400749,0.05691934656729028,0.029637927019231725
5,0.25295349432575825,0.19453760844869808,-4.77106969377985,4.77106969377985,4.0,0.1842465074127987,0.0567708332721033,0.019557475355375716
6,0.24496489233356147,0.1886367600850996,-4.77111211516543,4.77111211516543,4.0,0.18394038613644353,0.05662926542440997,0.009842446700494544
