epoch,beta,coefficient,loss,expected_cut,best_measured_cut,success_probability_ancilla_1,max_postselected_probability,grad
0,-0.35863754656092617,-0.2701874799957241,-3.9999999999977964,3.9999999999977964,0.0,0.018139563690048453,0.015624999999991392,1.122968015051781e-11
1,-0.35863804842891267,-0.27018782751417847,-3.9999999999977955,3.9999999999977955,0.0,0.018139610068521213,0.015624999999991389,1.1221698529321243e-11
2,-0.3586386629399181,-0.2701882530321205,-3.9999999999977947,3.9999999999977947,0.0,0.018139666856584042,0.015624999999991385,1.1226040865839341e-11
3,-0.35863937236149696,-0.27018874427063394,-3.9999999999977947,3.9999999999977947,0.0,0.018139732415581644,0.015624999999991385,1.1227290828615844e-11
4,-0.35864016546946564,-0.27018929345745,-3.9999999999977955,3.9999999999977955,0.0,0.01813980570829748,0.015624999999991389,1.1235161354585571e-11
