{
  "config": {
    "N_VERTICES": 4,
    "PROB_ARESTA": 0.7,
    "COM_PESO": false,
    "PESO_MIN": 1,
    "PESO_MAX": 1,
    "GRAPH_SEED": 104476,
    "GRAPH_EDGES": [
      [
        0,
        1,
        1.0
      ],
      [
        0,
        2,
        1.0
      ],
      [
        0,
        3,
        1.0
      ],
      [
        1,
        2,
        1.0
      ],
      [
        1,
        3,
        1.0
      ]
    ],
    "REVERSE_BITS": false,
    "ER": 1.0,
    "MAX_TERMS": null,
    "A_MAX": 0.7853981633974483,
    "INIT_BETA": 0.35,
    "MAX_EPOCHS": 200,
    "LR": 0.01,
    "FD_EPS": 0.01,
    "LOSS_TOL_LAST5": 0.001,
    "PATIENCE_LAST5": 5,
    "TRAIN_SEED": 6,
    "INIT_BETA_JITTER": 0.05,
    "OPTIMIZER": "adam",
    "ADAM_BETA1": 0.9,
    "ADAM_BETA2": 0.999,
    "ADAM_EPS": 1e-08,
    "COEF_ZERO_TOL": 0.001,
    "IMPROVEMENT_TOL": 0.001,
    "SATURATION_PATIENCE": 100,
    "INDEX_STRATEGY": "ascending",
    "INDEX_RANDOM_SEED": 42,
    "ENABLE_BACKWARD_PRUNING": false,
    "BACKWARD_PASSES": 1,
    "PRUNE_IMPROVEMENT_TOL": 1e-06,
    "OUTDIR": "benchmark_results_walsh_article/unweighted/baseline/n4/graph03_trainseed06",
    "SHOW_PLOTS": false,
    "name": "baseline"
  },
  "n_qubits_register": 4,
  "graph_edges": [
    [
      0,
      1,
      1.0
    ],
    [
      0,
      2,
      1.0
    ],
    [
      0,
      3,
      1.0
    ],
    [
      1,
      2,
      1.0
    ],
    [
      1,
      3,
      1.0
    ]
  ],
  "graph_signature": "37c67a7d685a1ea528dadea71897f720cb7ad726475a7878001b269ff86755a3",
  "graph_num_edges": 5,
  "graph_density": 0.8333333333333334,
  "best_cut_bruteforce": 4.0,
  "best_bitstring_bruteforce": "0011",
  "best_index_bruteforce": 3,
  "candidate_order": [
    1,
    2,
    3,
    4,
    5,
    6,
    7,
    8,
    9,
    10,
    11,
    12,
    13,
    14,
    15
  ],
  "total_possible_parameters": 15,
  "visited_parameters": 15,
  "trained_coefficients": {
    "0": 0.0,
    "1": -0.23926198246073382,
    "2": 0.23921014131211463,
    "3": 0.0012099972756434096,
    "4": -0.0010376404371099895,
    "5": 0.0,
    "6": -0.002979849289074195,
    "7": 0.001878295534701294,
    "8": 0.0015991860522023798,
    "9": 0.0,
    "10": -0.002639579925071212,
    "11": -0.0011358422298803385,
    "12": 0.0037014775273288237,
    "13": 0.0,
    "14": 0.0,
    "15": 0.0022220849636308605
  },
  "final_coefficient_vector": [
    0.0,
    -0.23926198246073382,
    0.23921014131211463,
    0.0012099972756434096,
    -0.0010376404371099895,
    0.0,
    -0.002979849289074195,
    0.001878295534701294,
    0.0015991860522023798,
    0.0,
    -0.002639579925071212,
    -0.0011358422298803385,
    0.0037014775273288237,
    0.0,
    0.0,
    0.0022220849636308605
  ],
  "active_indices": [
    1,
    2,
    3,
    4,
    6,
    7,
    8,
    10,
    11,
    12,
    15
  ],
  "active_parameter_count": 11,
  "compression_ratio_active_over_total": 0.7333333333333333,
  "final_loss": -3.000120096772263,
  "final_expected_cut": 3.000120096772263,
  "best_expected_cut_over_evolution": 3.000120096772263,
  "final_best_measured_index": 5,
  "final_best_measured_bitstring": "0101",
  "final_best_measured_cut": 3.0,
  "best_measured_cut_over_evolution": 3.0,
  "final_success_probability_ancilla_1": 0.02808574572854035,
  "final_max_postselected_probability": 0.12908278989243768,
  "gap_expected_to_bruteforce": 0.999879903227737,
  "gap_measured_to_bruteforce": 1.0,
  "approx_ratio_measured": 0.75,
  "n_steps": 15,
  "elapsed_seconds": 8.854714155197144,
  "steps": [
    {
      "visit_idx": 1,
      "j": 1,
      "kept": true,
      "beta": -0.31462395564763146,
      "coefficient": -0.23926198246073382,
      "loss": -2.5,
      "expected_cut": 2.5,
      "best_measured_cut": 0.0,
      "success_probability_ancilla_1": 0.014243430492861869,
      "epochs_run": 5,
      "stop_reason": "loss_plateau_last5",
      "history_path": "benchmark_results_walsh_article/unweighted/baseline/n4/graph03_trainseed06/histories/history_visit001_j001.json",
      "improvement_vs_previous": 2.5
    },
    {
      "visit_idx": 2,
      "j": 2,
      "kept": true,
      "beta": 0.3145511987658391,
      "coefficient": 0.23921014131211463,
      "loss": -2.999999988034323,
      "expected_cut": 2.999999988034323,
      "best_measured_cut": 3.0,
      "success_probability_ancilla_1": 0.02807514317932433,
      "epochs_run": 5,
      "stop_reason": "loss_plateau_last5",
      "history_path": "benchmark_results_walsh_article/unweighted/baseline/n4/graph03_trainseed06/histories/history_visit002_j002.json",
      "improvement_vs_previous": 0.4999999880343231
    },
    {
      "visit_idx": 3,
      "j": 3,
      "kept": true,
      "beta": 0.001540617599256464,
      "coefficient": 0.0012099972756434096,
      "loss": -2.999993469478174,
      "expected_cut": 2.999993469478174,
      "best_measured_cut": 3.0,
      "success_probability_ancilla_1": 0.028075488650317927,
      "epochs_run": 41,
      "stop_reason": "loss_plateau_last5",
      "history_path": "benchmark_results_walsh_article/unweighted/baseline/n4/graph03_trainseed06/histories/history_visit003_j003.json",
      "improvement_vs_previous": -6.518556149082144e-06
    },
    {
      "visit_idx": 4,
      "j": 4,
      "kept": true,
      "beta": -0.0013211656064329282,
      "coefficient": -0.0010376404371099895,
      "loss": -2.999988196828865,
      "expected_cut": 2.999988196828865,
      "best_measured_cut": 3.0,
      "success_probability_ancilla_1": 0.028075742710307612,
      "epochs_run": 40,
      "stop_reason": "loss_plateau_last5",
      "history_path": "benchmark_results_walsh_article/unweighted/baseline/n4/graph03_trainseed06/histories/history_visit004_j004.json",
      "improvement_vs_previous": -5.2726493091626025e-06
    },
    {
      "visit_idx": 5,
      "j": 5,
      "kept": false,
      "beta": 0.000597916398124055,
      "coefficient": 0.0,
      "loss": -2.999988196828865,
      "expected_cut": 2.999988196828865,
      "best_measured_cut": 3.0,
      "success_probability_ancilla_1": 0.028075742710307612,
      "epochs_run": 43,
      "stop_reason": "loss_plateau_last5_and_discarded_near_zero",
      "history_path": "benchmark_results_walsh_article/unweighted/baseline/n4/graph03_trainseed06/histories/history_visit005_j005.json",
      "improvement_vs_previous": 0.0
    },
    {
      "visit_idx": 6,
      "j": 6,
      "kept": true,
      "beta": -0.0037940801574126402,
      "coefficient": -0.002979849289074195,
      "loss": -2.999980770673009,
      "expected_cut": 2.999980770673009,
      "best_measured_cut": 3.0,
      "success_probability_ancilla_1": 0.028077838365596092,
      "epochs_run": 37,
      "stop_reason": "loss_plateau_last5",
      "history_path": "benchmark_results_walsh_article/unweighted/baseline/n4/graph03_trainseed06/histories/history_visit006_j006.json",
      "improvement_vs_previous": -7.42615585602735e-06
    },
    {
      "visit_idx": 7,
      "j": 7,
      "kept": true,
      "beta": 0.002391524710825259,
      "coefficient": 0.001878295534701294,
      "loss": -2.999983285315544,
      "expected_cut": 2.999983285315544,
      "best_measured_cut": 3.0,
      "success_probability_ancilla_1": 0.02807861689611032,
      "epochs_run": 35,
      "stop_reason": "loss_plateau_last5",
      "history_path": "benchmark_results_walsh_article/unweighted/baseline/n4/graph03_trainseed06/histories/history_visit007_j007.json",
      "improvement_vs_previous": 2.514642535089706e-06
    },
    {
      "visit_idx": 8,
      "j": 8,
      "kept": true,
      "beta": 0.002036149734943274,
      "coefficient": 0.0015991860522023798,
      "loss": -2.999972639037971,
      "expected_cut": 2.999972639037971,
      "best_measured_cut": 3.0,
      "success_probability_ancilla_1": 0.02807922034091742,
      "epochs_run": 35,
      "stop_reason": "loss_plateau_last5",