{
  "config": {
    "N_VERTICES": 4,
    "PROB_ARESTA": 0.55,
    "COM_PESO": false,
    "PESO_MIN": 1,
    "PESO_MAX": 1,
    "GRAPH_SEED": 105087,
    "GRAPH_EDGES": [
      [
        0,
        1,
        1.0
      ],
      [
        1,
        2,
        1.0
      ],
      [
        1,
        3,
        1.0
      ]
    ],
    "REVERSE_BITS": false,
    "ER": 1.0,
    "MAX_TERMS": null,
    "A_MAX": 0.7853981633974483,
    "INIT_BETA": 0.35,
    "MAX_EPOCHS": 200,
    "LR": 0.01,
    "FD_EPS": 0.01,
    "LOSS_TOL_LAST5": 0.001,
    "PATIENCE_LAST5": 5,
    "TRAIN_SEED": 7,
    "INIT_BETA_JITTER": 0.05,
    "OPTIMIZER": "adam",
    "ADAM_BETA1": 0.9,
    "ADAM_BETA2": 0.999,
    "ADAM_EPS": 1e-08,
    "COEF_ZERO_TOL": 0.001,
    "IMPROVEMENT_TOL": 0.001,
    "SATURATION_PATIENCE": 100,
    "INDEX_STRATEGY": "ascending",
    "INDEX_RANDOM_SEED": 42,
    "ENABLE_BACKWARD_PRUNING": true,
    "BACKWARD_PASSES": 2,
    "PRUNE_IMPROVEMENT_TOL": 0.0001,
    "OUTDIR": "benchmark_results_walsh_article/unweighted/with_pruning/n4/graph09_trainseed07",
    "SHOW_PLOTS": false,
    "name": "with_pruning"
  },
  "n_qubits_register": 4,
  "graph_edges": [
    [
      0,
      1,
      1.0
    ],
    [
      1,
      2,
      1.0
    ],
    [
      1,
      3,
      1.0
    ]
  ],
  "graph_signature": "e05b7736fa85fadb9e519d205bc71874029e7ff2544024339aba6060afa201c5",
  "graph_num_edges": 3,
  "graph_density": 0.5,
  "best_cut_bruteforce": 3.0,
  "best_bitstring_bruteforce": "0100",
  "best_index_bruteforce": 4,
  "candidate_order": [
    1,
    2,
    3,
    4,
    5,
    6,
    7,
    8,
    9,
    10,
    11,
    12,
    13,
    14,
    15
  ],
  "total_possible_parameters": 15,
  "visited_parameters": 15,
  "trained_coefficients": {
    "0": 0.0,
    "1": -0.24005578324783317,
    "2": 0.23963833107569862,
    "3": 0.0,
    "4": -0.16841705098976387,
    "5": 0.0,
    "6": 0.0,
    "7": 0.20179036864204478,
    "8": -0.10124888694487422,
    "9": 0.0,
    "10": 0.0,
    "11": 0.13402382396181658,
    "12": 0.0,
    "13": -0.12399282813043912,
    "14": 0.135127466840686,
    "15": 0.0
  },
  "final_coefficient_vector": [
    0.0,
    -0.24005578324783317,
    0.23963833107569862,
    0.0,
    -0.16841705098976387,
    0.0,
    0.0,
    0.20179036864204478,
    -0.10124888694487422,
    0.0,
    0.0,
    0.13402382396181658,
    0.0,
    -0.12399282813043912,
    0.135127466840686,
    0.0
  ],
  "active_indices": [
    1,
    2,
    4,
    7,
    8,
    11,
    13,
    14
  ],
  "active_parameter_count": 8,
  "compression_ratio_active_over_total": 0.5333333333333333,
  "final_loss": -2.8893627613810406,
  "final_expected_cut": 2.8893627613810406,
  "best_expected_cut_over_evolution": 2.8893295584714576,
  "final_best_measured_index": 4,
  "final_best_measured_bitstring": "0100",
  "final_best_measured_cut": 3.0,
  "best_measured_cut_over_evolution": 3.0,
  "final_success_probability_ancilla_1": 0.053445212496696495,
  "final_max_postselected_probability": 0.45340237267456407,
  "gap_expected_to_bruteforce": 0.11063723861895935,
  "gap_measured_to_bruteforce": 0.0,
  "approx_ratio_measured": 1.0,
  "n_steps": 15,
  "elapsed_seconds": 21.09537148475647,
  "steps": [
    {
      "visit_idx": 1,
      "j": 1,
      "kept": true,
      "beta": -0.3157384252174587,
      "coefficient": -0.24005578324783317,
      "loss": -1.5,
      "expected_cut": 1.5,
      "best_measured_cut": 0.0,
      "success_probability_ancilla_1": 0.014337643241887306,
      "epochs_run": 5,
      "stop_reason": "loss_plateau_last5",
      "history_path": "benchmark_results_walsh_article/unweighted/with_pruning/n4/graph09_trainseed07/histories/history_visit001_j001.json",
      "improvement_vs_previous": 1.5
    },
    {
      "visit_idx": 2,
      "j": 2,
      "kept": true,
      "beta": 0.3151522419352589,
      "coefficient": 0.23963833107569862,
      "loss": -1.9999992279806484,
      "expected_cut": 1.9999992279806484,
      "best_measured_cut": 3.0,
      "success_probability_ancilla_1": 0.02821598855422244,
      "epochs_run": 5,
      "stop_reason": "loss_plateau_last5",
      "history_path": "benchmark_results_walsh_article/unweighted/with_pruning/n4/graph09_trainseed07/histories/history_visit002_j002.json",
      "improvement_vs_previous": 0.49999922798064844
    },
    {
      "visit_idx": 3,
      "j": 3,
      "kept": true,
      "beta": -0.0024372173643867545,
      "coefficient": -0.0019141822516921963,
      "loss": -1.999982996161089,
      "expected_cut": 1.999982996161089,
      "best_measured_cut": 1.0,
      "success_probability_ancilla_1": 0.028216852884368853,
      "epochs_run": 36,
      "stop_reason": "loss_plateau_last5",
      "history_path": "benchmark_results_walsh_article/unweighted/with_pruning/n4/graph09_trainseed07/histories/history_visit003_j003.json",
      "improvement_vs_previous": -1.6231819559342497e-05
    },
    {
      "visit_idx": 4,
      "j": 4,
      "kept": true,
      "beta": -0.2178157728101056,
      "coefficient": -0.16841705098976387,
      "loss": -2.1754976582973486,
      "expected_cut": 2.1754976582973486,
      "best_measured_cut": 2.0,
      "success_probability_ancilla_1": 0.03489195268590904,
      "epochs_run": 63,
      "stop_reason": "loss_plateau_last5",
      "history_path": "benchmark_results_walsh_article/unweighted/with_pruning/n4/graph09_trainseed07/histories/history_visit004_j004.json",
      "improvement_vs_previous": 0.17551466213625955
    },
    {
      "visit_idx": 5,
      "j": 5,
      "kept": false,
      "beta": -0.0004700335302317395,
      "coefficient": 0.0,
      "loss": -2.1754976582973486,
      "expected_cut": 2.1754976582973486,
      "best_measured_cut": 2.0,
      "success_probability_ancilla_1": 0.03489195268590904,
      "epochs_run": 42,
      "stop_reason": "loss_plateau_last5_and_discarded_near_zero",
      "history_path": "benchmark_results_walsh_article/unweighted/with_pruning/n4/graph09_trainseed07/histories/history_visit005_j005.json",
      "improvement_vs_previous": 0.0
    },
    {
      "visit_idx": 6,
      "j": 6,
      "kept": true,
      "beta": 0.0013846584611968346,
      "coefficient": 0.001087507517338358,
      "loss": -2.175492560363212,
      "expected_cut": 2.175492560363212,
      "best_measured_cut": 2.0,
      "success_probability_ancilla_1": 0.03489226801678705,
      "epochs_run": 42,
      "stop_reason": "loss_plateau_last5",
      "history_path": "benchmark_results_walsh_article/unweighted/with_pruning/n4/graph09_trainseed07/histories/history_visit006_j006.json",
      "improvement_vs_previous": -5.09793413661086e-06
    },
    {
      "visit_idx": 7,
      "j": 7,
      "kept": true,
      "beta": 0.2628159317692286,
      "coefficient": 0.20179036864204478,
      "loss": -2.4779452414452154,
      "expected_cut": 2.4779452414452154,
      "best_measured_cut": 2.0,
      "success_probability_ancilla_1": 0.04338174520956315,
      "epochs_run": 70,
      "stop_reason": "loss_plateau_last5",
      "history_path": "benchmark_results_walsh_article/unweighted/with_pruning/n4/graph09_trainseed07/histories/history_visit007_j007.json",
      "improvement_vs_previous": 0.3024526810820034
    },
    {
      "visit_idx": 8,
      "j": 8,
      "kept": true,
      "beta": -0.1296354274747591,
      "coefficient": -0.10124888694487422,
      "loss": -2.541952855332859,
      "expected_cut": 2.541952855332859,
      "best_measured_cut": 3.0,
      "success_probability_ancilla_1": 0.045720220306807446,
      "epochs_run": 55,
      "stop_reason": "loss_plateau_last5",
      "history_path": "benchmark_results_walsh_article/unweighted/with_pruning/n4/graph09_trainseed07/histories/history_visit008_j008.json",
      "improvement_vs_previous": 0.06400761388764353
    },
    {
      "visit_idx": 9,
      "j": 9,
      "kept": true,
      "beta": 0.001948987340689834,
      "coefficient": 0.0015307291396785948,
      "loss": -2.5419549527182648,
      "expected_cut": 2.5419549527182648,