{
  "0": 0.0,
  "1": -0.2392621366756667,
  "2": 0.2320633031552928,
  "3": -0.27612212633510314,
  "4": 0.3974338118937029,
  "5": 0.0,
  "6": 0.3184334097920709,
  "7": -0.24492626919332103,
  "8": -0.22613527592464583,
  "9": 0.0,
  "10": -0.1549675015759813,
  "11": 0.10806569217209494,
  "12": 0.0,
  "13": 0.21871742193350147,
  "14": -0.1528376418428013,
  "15": 0.19485984283519914
}