{
  "0": 0.0,
  "1": -0.275190918974894,
  "2": 0.2474510128383885,
  "3": -0.24341452691958024,
  "4": 0.40688712220770457,
  "5": -0.01580112302376615,
  "6": 0.28748578849450485,
  "7": -0.25494489428341877,
  "8": -0.12690745432179815,
  "9": 0.11410055102313373,
  "10": 0.08217885829002523,
  "11": 0.12713384693274998,
  "12": -0.2085761916689574,
  "13": 0.1847800648561026,
  "14": -0.2511690791585914,
  "15": -0.06479021216319324,
  "16": 0.009780559865011428,
  "17": -0.009647852323582,
  "18": 0.012709179394716682,
  "19": -0.011115763300772016,
  "20": 0.011282662958659425,
  "21": -0.015285786375345665,
  "22": 0.01652321731746972,
  "23": -0.017791645733778283,
  "24": 0.0050612396255181585,
  "25": -0.008710497498168,
  "26": 0.007810612572551439,
  "27": -0.0074088203516047505,
  "28": 0.005374065280149531,
  "29": -0.008632802034888148,
  "30": 0.009431732708713393,
  "31": -0.010346519068459058,
  "32": 0.01228271438178312,
  "33": 0.10300131016562566,
  "34": 0.021582230649289887,
  "35": 0.0,
  "36": -0.11705522564873484,
  "37": -0.10469069282015861,
  "38": 0.0,
  "39": -0.057147665973426943,
  "40": -0.027708833150973538,
  "41": 0.05966286000469503,
  "42": -0.036211627491115866,
  "43": -0.07398460812933645,
  "44": -0.11476471035387156,
  "45": 0.09989010492507265,
  "46": 0.11968421556795239,
  "47": 0.12373246943875736,
  "48": 0.0,
  "49": 0.0,
  "50": 0.0,
  "51": 0.0,
  "52": 0.0,
  "53": 0.0,
  "54": 0.0,
  "55": 0.0,
  "56": 0.006060663406592337,
  "57": -0.006820725896692068,
  "58": 0.0,
  "59": 0.0,
  "60": 0.007579752176547,
  "61": -0.006788868018690429,
  "62": 0.0,
  "63": 0.0
}