epoch,beta,coefficient,loss,expected_cut,best_measured_cut,success_probability_ancilla_1,max_postselected_probability,grad
0,-0.23819428399490486,-0.14689424475845422,-5.369059039493472,5.369059039493472,7.0,0.06890472446977307,0.14335114829591925,0.08127247367825019
1,-0.24801673486383066,-0.15271499298073288,-5.369558243971746,5.369558243971746,7.0,0.06909279399431648,0.14343673058528328,0.06074050595529241
2,-0.2574500144757565,-0.15827903154674078,-5.369856750470779,5.369856750470779,7.0,0.06928024621394518,0.1435016612667096,0.040972908464239816
3,-0.2661859220817828,-0.16340822890631088,-5.369978362846168,5.369978362846168,7.0,0.0694596929686444,0.14354700163874498,0.02238052241399855
4,-0.2738304288080032,-0.16787756562197723,-5.369965102506884,5.369965102506884,7.0,0.0696212489844573,0.14357523114623957,0.005519768895232253
5,-0.27998083087081993,-0.17146017189445406,-5.36987484680438,5.36987484680438,7.0,0.06975424361436178,0.14359032327024074,-0.00894295602931155
6,-0.2843578265680259,-0.17400246996721067,-5.369768065782104,5.369768065782104,7.0,0.06985050388852956,0.1435969862985331,-0.020376058208374542
