epoch,beta,coefficient,loss,expected_cut,best_measured_cut,success_probability_ancilla_1,max_postselected_probability,grad
0,0.2201021796287943,0.1361035005074226,-5.432643103470963,5.432643103470963,7.0,0.07311942561510279,0.11150581596104857,0.1962724055438836
1,0.21013849237933338,0.1301241745595751,-5.434329384031395,5.434329384031395,7.0,0.07295222552852046,0.11224111926843668,0.17836305694087337
2,0.2002431179881152,0.12416136879367512,-5.43582121315519,5.43582121315519,7.0,0.07279404004505405,0.1129643780110358,0.16004486436105675
3,0.19045536306118052,0.11824042455788872,-5.437113257028021,5.437113257028021,7.0,0.07264541930735571,0.11367233405057303,0.14140255533007465
4,0.18082305434664828,0.11239217624178333,-5.43820264854954,5.43820264854954,7.0,0.07250689609025943,0.11436127875158349,0.12254158967788406
5,0.17140369206216627,0.10665368836650059,-5.439089737070554,5.439089737070554,7.0,0.0723789669569612,0.11502702687639332,0.10359112992946555
6,0.16226529693208938,0.1010687980802749,-5.439778902105068,5.439778902105068,7.0,0.07226206772450922,0.11566491764771697,0.08470670143817627
7,0.15348660221775495,0.09568824163646134,-5.44027934706712,5.44027934706712,7.0,0.07215654324107709,0.1162698614155426,0.06607196061585086
8,0.14515613438976954,0.0905690748643732,-5.440605728982673,5.440605728982673,7.0,0.07206261291743025,0.11683645341351108,0.047898714004816864
9,0.13736969515151715,0.085773077501762,-5.440778419497401,5.440778419497401,7.0,0.07198033568423498,0.11735917367922263,0.030424093422034552
10,0.13022589751438998,0.08136391936735027,-5.4408231628028005,5.4408231628028005,7.0,0.07190958068478442,0.11783268006997814,0.013903752086440284
11,0.12381979659304794,0.07740311185474735,-5.440769941757734,5.440769941757734,7.0,0.07185001196254764,0.11825217733917127,-0.0013996749474166953
