epoch,beta,coefficient,loss,expected_cut,best_measured_cut,success_probability_ancilla_1,max_postselected_probability,grad
0,-0.22877797910940104,-0.14128900982736248,-3.9999999999857376,3.9999999999857376,0.0,0.002804612537429425,0.015624999999944288,1.203120361021386e-10
1,-0.22878335558618948,-0.14129221714507298,-3.9999999999857376,3.9999999999857376,0.0,0.002804739751375032,0.015624999999944288,1.2032038490883385e-10
2,-0.22878993765516828,-0.14129614364386905,-3.9999999999857385,3.9999999999857385,0.0,0.0028048954945885936,0.015624999999944291,1.2030141363728827e-10
3,-0.22879753512589843,-0.14130067586081305,-3.9999999999857394,3.9999999999857394,0.0,0.0028050752687633677,0.015624999999944295,1.2030129849482407e-10
4,-0.22880602631735034,-0.14130574120214837,-3.999999999985743,3.999999999985743,0.0,0.002805276196561022,0.015624999999944308,1.2029900623527224e-10
5,-0.22881532415540728,-0.1413112877188283,-3.999999999985743,3.999999999985743,0.0,0.0028054962194574338,0.015624999999944308,1.2026216522859838e-10
6,-0.22882536327353012,-0.1413172764114276,-3.9999999999857456,3.9999999999857456,0.0,0.002805733792540991,0.015624999999944319,1.2026899389933265e-10
