epoch,beta,coefficient,loss,expected_cut,best_measured_cut,success_probability_ancilla_1,max_postselected_probability,grad
0,0.26295905389057367,0.16151628191644332,-5.392284663052646,5.392284663052646,7.0,0.07291614408449754,0.1240820136427373,0.1935602095691713
1,0.2529911905357888,0.15565231864709306,-5.393970705218105,5.393970705218105,7.0,0.07268057334722665,0.12495081688904015,0.17741493765476207
2,0.2430835840091439,0.1497950337197286,-5.395479831587258,5.395479831587258,7.0,0.0724535220485101,0.12580960390288956,0.16079376073210008
3,0.23327062222707728,0.14396636019422254,-5.396805792918936,5.396805792918936,7.0,0.07223577031060818,0.1266548477822611,0.1437623657363405
4,0.2235940139628443,0.13819294912362245,-5.397944270539493,5.397944270539493,7.0,0.07202814179101089,0.12748250226754287,0.12640456603607564
5,0.2141038442695144,0.13250684878636146,-5.39889351458951,5.39889351458951,7.0,0.07183149629745492,0.12828795898712228,0.1088251605344021
6,0.20485946120575638,0.1269460788817912,-5.399655059633061,5.399655059633061,7.0,0.07164671650599881,0.12906602607306095,0.09115271396997604
7,0.1959299487949877,0.1215549446413314,-5.400234466520738,5.400234466520738,7.0,0.07147468671702162,0.12981094544505603,0.07354186015611726
8,0.18739384532400347,0.11638387464442658,-5.400641994795004,5.400641994795004,7.0,0.0713162617798497,0.13051647080094617,0.056174508026228816
9,0.17933770150075767,0.1114885243000899,-5.400893057574699,5.400893057574699,7.0,0.07117222535425219,0.1311760297750579,0.03925909667719297
10,0.17185310284983205,0.10692790447200803,-5.401008267971315,5.401008267971315,7.0,0.07104323891868475,0.13178298774073224,0.02302689122977137
11,0.16503197807730657,0.10276141813686622,-5.40101288316083,5.40101288316083,7.0,0.0709297863675715,0.1323310134462181,0.0077243915092175845
12,0.15896041394863855,0.09904493953014797,-5.400935523825112,5.400935523825112,7.0,0.07083212282619145,0.13281451786771167,-0.006398581197048866
