epoch,beta,coefficient,loss,expected_cut,best_measured_cut,success_probability_ancilla_1,max_postselected_probability,grad
0,0.2427987877395951,0.14962625015357653,-4.339409154316959,4.339409154316959,4.0,0.026434571090228346,0.04738536273847811,-0.18583639728863993
1,0.252763092178178,0.15551778797980237,-4.341012681278169,4.341012681278169,4.0,0.026675537097432516,0.0476625473660808,-0.16909008065661935
2,0.26266408582429,0.16134318183867238,-4.34244787164228,4.34244787164228,4.0,0.02692288417105833,0.04792022718114395,-0.15283890876445028
3,0.272471274373972,0.16708426022116565,-4.343718596282322,4.343718596282322,4.0,0.027175486456598556,0.04815840817855846,-0.13714716078621242
4,0.28215142997525605,0.17272168948534866,-4.344830194413784,4.344830194413784,4.0,0.027432058483469832,0.048377250040964936,-0.12207382031302665
5,0.29166883992702275,0.17823517325238403,-4.345789445420389,4.345789445420389,4.0,0.02769116083507165,0.048577068860964676,-0.10767158094078241
6,0.3009856895808365,0.18360371881009432,-4.346604497330427,4.346604497330427,4.0,0.027951212361452253,0.0487583358522371,-0.09398595518581815
7,0.3100625872990356,0.1888059699908826,-4.347284749174583,4.347284749174583,4.0,0.028210509580784415,0.0489216715826892,-0.0810545306101504
8,0.3188592295601604,0.19382060052749409,-4.3478406870506685,4.3478406870506685,4.0,0.02846725347573907,0.04906783547156007,-0.06890641419914247
9,0.3273351920804635,0.19862675564676013,-4.348283676921245,4.348283676921245,4.0,0.02871958331207815,0.0491977105723146,-0.05756190078568491
10,0.3354508194396996,0.2032045234439241,-4.348625720712556,4.348625720712556,4.0,0.02896561644264658,0.04931228399808593,-0.04703239219783562
11,0.34316817299933805,0.20753541237747172,-4.34887918574492,4.34887918574492,4.0,0.029203492394297384,0.04941262370277682,-0.03732058076044535
12,0.35045198701599695,0.2116028080512767,-4.3490565203935505,4.3490565203935505,4.0,0.029431418971973006,0.04949985266227937,-0.028420894534043135
13,0.3572705777635299,0.21539238210781328,-4.349169970654806,4.349169970654806,4.0,0.02964771775626654,0.04957512175559258,-0.020320183732739704
