epoch,beta,coefficient,loss,expected_cut,best_measured_cut,success_probability_ancilla_1,max_postselected_probability,grad
0,0.2242197115522381,0.13856701735733326,-5.538130158939158,5.538130158939158,7.0,0.07510104850899574,0.12299257612788735,0.129005948230226
1,0.21429469092060793,0.13262142354134093,-5.539120997977525,5.539120997977525,7.0,0.07493668347773938,0.12280505870388013,0.10963555374526891
2,0.20452153371001663,0.1267424061444912,-5.539903716568563,5.539903716568563,7.0,0.07478246961930765,0.12260484016739136,0.08995545858287185
3,0.19500551705656569,0.12099574623513011,-5.54047802835737,5.54047802835737,7.0,0.07463971745517387,0.12239488490478959,0.07015353518639394
4,0.18588676010850572,0.1154691799640761,-5.540851228053222,5.540851228053222,7.0,0.07450988594807448,0.12217967755362168,0.05048940160992561
5,0.17734325798609568,0.11027440543741088,-5.541040961273824,5.541040961273824,7.0,0.07439451389287173,0.1219655056954306,0.03131068986764294
6,0.16958506781227417,0.10554359575870532,-5.541077283925235,5.541077283925235,7.0,0.0742950668107697,0.12176044697308203,0.013061291875358757
7,0.16283388936986573,0.10141677947724287,-5.541002303445418,5.541002303445418,7.0,0.07421269288894675,0.12157377871232489,-0.0037314955511154766
