{
  "0": 0.0,
  "1": -0.23926273290526864,
  "2": 0.23921014131692606,
  "3": 0.0012099361722292662,
  "4": -0.0010372180183218277,
  "5": 0.0,
  "6": -0.0029797735763893657,
  "7": 0.001878396299601209,
  "8": 0.0015995341500529975,
  "9": 0.0,
  "10": -0.0026394765880463,
  "11": -0.0011357086927428037,
  "12": 0.003701446195701118,
  "13": 0.0,
  "14": 0.0,
  "15": 0.0022219697153297376,
  "16": -0.0024660049648523343,
  "17": -0.0016987362142828705,
  "18": 0.002794883217512213,
  "19": 0.004072678591011782,
  "20": 0.0,
  "21": -0.0034364580733747,
  "22": 0.002009052346646255,
  "23": -0.0021719704223134052,
  "24": 0.0,
  "25": 0.16752381326292218,
  "26": -0.20302636106457392,
  "27": 0.0,
  "28": 0.01879830898577164,
  "29": -0.0011291027113126632,
  "30": 0.0,
  "31": 0.008981849335829045,
  "32": 0.0,
  "33": 0.0,
  "34": 0.0,
  "35": 0.0011766012722052913,
  "36": 0.0010821036295934688,
  "37": -0.002018501376382318,
  "38": 0.0,
  "39": 0.0,
  "40": 0.0,
  "41": 0.10150329615604674,
  "42": -0.13428853443866728,
  "43": 0.0015016327853185974,
  "44": 0.015015751951557821,
  "45": -0.0049132707592201615,
  "46": -0.0010813727821718689,
  "47": 0.006998535112314921,
  "48": 0.0,
  "49": -0.10324819267203772,
  "50": 0.15212690336272083,
  "51": -0.0016810502681663246,
  "52": -0.027346608140976118,
  "53": 0.003329764175933182,
  "54": 0.001096254400246428,
  "55": -0.011834195108381882,
  "56": 0.00828638186994655,
  "57": 0.001925780407334011,
  "58": -0.002451567671768536,
  "59": 0.0020947584697661803,
  "60": 0.0021399263206965755,
  "61": -0.006858067100961135,
  "62": -0.005901835223874922,
  "63": 0.0,
  "64": -0.06854262036379573,
  "65": 0.0,
  "66": 0.0,
  "67": 0.0876818994137478,
  "68": -0.0012512343176812382,
  "69": 0.05809011697630988,
  "70": -0.08576509193635924,
  "71": 0.0,
  "72": -0.0017965775205032396,
  "73": 0.0,
  "74": 0.010175046620842,
  "75": 0.0,
  "76": -0.003983789665320965,
  "77": 0.00228560440471764,
  "78": 0.002394239372240558,
  "79": -0.001045994814411895,
  "80": 0.0,
  "81": 0.0352394720697994,
  "82": -0.06461851020087109,
  "83": 0.0,
  "84": 0.022371262334341165,
  "85": 0.0012883033077469084,
  "86": 0.0,
  "87": 0.011263391927160752,
  "88": 0.06945879623781274,
  "89": 0.0,
  "90": 0.0,
  "91": -0.0842282924801068,
  "92": -0.0027131302492367187,
  "93": -0.0560944541180115,
  "94": 0.07570462480082425,
  "95": 0.0,
  "96": 0.0015774508106164485,
  "97": 0.04597927623483986,
  "98": -0.07581123963236544,
  "99": 0.0,
  "100": 0.02741205224327191,
  "101": 0.0,
  "102": 0.0,
  "103": 0.0023578830908548053,
  "104": 0.039968344796638744,
  "105": 0.001700106264868857,
  "106": 0.0,
  "107": -0.0453723910258424,
  "108": -0.0036829773742714116,
  "109": -0.031219408532861734,
  "110": 0.0439055596579218,
  "111": 0.0,
  "112": -0.033731989416737045,
  "113": 0.0,
  "114": -0.0013705812944767198,
  "115": 0.07288795829341754,
  "116": 0.0,
  "117": 0.011380125215100522,
  "118": -0.07452087999476721,
  "119": 0.0,
  "120": 0.0,
  "121": -0.04995719651246982,
  "122": 0.07047037108924063,
  "123": 0.0,
  "124": -0.02393561626058483,
  "125": 0.0013075917412237196,
  "126": 0.0,
  "127": 0.019721262826498664,
  "128": 0.005702701047248323,
  "129": 0.001384568231704035,
  "130": 0.0,
  "131": -0.012348955573432251,
  "132": 0.0,
  "133": 0.04070980226143865,
  "134": -0.041010572748770215,
  "135": 0.0,
  "136": 0.0,
  "137": 0.037038296016738435,
  "138": -0.044378999566340394,
  "139": 0.0,
  "140": 0.003171288746264281,
  "141": 0.0,
  "142": 0.0,
  "143": 0.0021124092745169673,
  "144": 0.0,
  "145": -0.03309885745687931,
  "146": 0.05963199871898093,
  "147": 0.0010196996690095578,
  "148": -0.016032217403619882,
  "149": 0.0014031792719716256,
  "150": 0.0,
  "151": -0.0069580942109648955,
  "152": -0.005949750697670565,
  "153": 0.0010136194438059333,
  "154": 0.0,
  "155": 0.01235811471419996,
  "156": 0.0013930509438939388,
  "157": -0.03673684444257424,
  "158": 0.03989195598371086,
  "159": 0.0016617647102930466,
  "160": 0.0,
  "161": -0.017846683703681036,
  "162": 0.04140419100837347,
  "163": 0.0,
  "164": -0.015545233073110286,
  "165": 0.0010070758310577117,
  "166": 0.0,
  "167": -0.0038375565798742855,
  "168": 0.0,
  "169": 0.0,
  "170": 0.0,
  "171": 0.0015831744759944911,
  "172": 0.00124210074621453,
  "173": -0.022433961860266874,
  "174": 0.029627955902840262,
  "175": 0.0016940868543583163,
  "176": -0.019139339414183755,
  "177": 0.0,
  "178": 0.0016217710142265229,
  "179": -0.02511339673030311,
  "180": -0.0026821453812581808,
  "181": 0.0595913870502335,
  "182": -0.01363374668160998,
  "183": -0.002720969741165506,
  "184": -0.0018748629911075113,
  "185": 0.03235748145079404,
  "186": -0.05044785369864073,
  "187": 0.0,
  "188": 0.010240655508419494,
  "189": -0.0014224395663467815,
  "190": -0.0010613454648818943,
  "191": -0.008314629764237618,
  "192": 0.0,
  "193": 0.014091963449711966,
  "194": -0.02956685098184036,
  "195": -0.0018547036679661527,
  "196": 0.028022197429189457,
  "197": 0.0,
  "198": 0.0,
  "199": -0.01059040927106825,
  "200": 0.008341688339894371,
  "201": 0.0,
  "202": 0.0,
  "203": -0.009879206183026476,
  "204": 0.0,
  "205": -0.018709185160676024,
  "206": 0.020389539378406117,
  "207": -0.00243580037584957,
  "208": 0.002169019426334419,
  "209": -0.001854330240421244,
  "210": 0.0,
  "211": 0.020463354379539386,
  "212": 0.0,
  "213": -0.012704680485086082,
  "214": -0.025049619893154847,
  "215": 0.0,
  "216": 0.0019547687637508936,
  "217": -0.021108566511633998,
  "218": 0.03375242881965363,
  "219": 0.0,
  "220": -0.026466645238906534,
  "221": 0.0011235888537479634,
  "222": 0.0018973557358211762,
  "223": 0.023557813399210464,
  "224": 0.00855552413419977,
  "225": 0.0,
  "226": 0.0,
  "227": 0.01073181229157315,
  "228": 0.0,
  "229": -0.025123603632710354,
  "230": -0.003793996999969185,
  "231": 0.0,
  "232": -0.0010794088720658193,
  "233": -0.01789927568070801,
  "234": 0.029136492823290828,
  "235": 0.0,
  "236": -0.019717680667857188,
  "237": 0.0014407394605213922,
  "238": 0.0,
  "239": 0.01539389491081471,
  "240": 0.0,
  "241": 0.0,
  "242": -0.04616419094337502,
  "243": 0.0022993538342405214,
  "244": 0.06713616854150685,
  "245": -0.0012442665363138427,
  "246": 0.0,
  "247": -0.0014281726526827704,
  "248": 0.004906579665409866,
  "249": 0.0,
  "250": 0.0,
  "251": -0.010945844099311135,
  "252": 0.0011468086981117184,
  "253": 0.0010701875382646995,
  "254": -0.006630688635578628,
  "255": 0.0
}