epoch,beta,coefficient,loss,expected_cut,best_measured_cut,success_probability_ancilla_1,max_postselected_probability,grad
0,0.35544555434061526,0.26797476256656255,-1.3967729069994073,1.3967729069994073,1.0,0.09130752538150176,0.2919870316488295,0.0014885960836553034
1,0.36168628786092477,0.2722963627272186,-1.3968081473998382,1.3968081473998382,1.0,0.09174313851639035,0.29205717033650636,-0.008944008728300097
2,0.3679742455971479,0.2766317916874344,-1.3968027754487744,1.3968027754487744,1.0,0.09218780689514616,0.292103497016277,-0.0023789686501000133
3,0.37038992478340294,0.2782922743104746,-1.396790038212032,1.396790038212032,1.0,0.09236014681921606,0.2921149341691503,0.004057847634303018
4,0.369187307192445,0.2774659767427759,-1.3967971116451945,1.3967971116451945,1.0,0.09227424565490369,0.2921096768899568,0.006483231014061708
