epoch,beta,coefficient,loss,expected_cut,best_measured_cut,success_probability_ancilla_1,max_postselected_probability,grad
0,-0.24719073340747616,-0.15222656245747046,-1.499999999998681,1.499999999998681,0.0,0.01137433680789901,0.18648640915236145,2.882554129850491e-12
1,-0.2471908622696344,-0.1522266386714031,-1.499999999998681,1.499999999998681,0.0,0.01137434001060046,0.18648641351491277,2.881887417246516e-12
2,-0.24719102003436852,-0.15222673197940093,-1.499999999998681,1.499999999998681,0.0,0.01137434393163977,0.18648641885591555,2.8812813267785534e-12
3,-0.24719120217769264,-0.15222683970580497,-1.499999999998681,1.499999999998681,0.0,0.011374348458580144,0.18648642502219834,2.8828576755971767e-12
4,-0.2471914057653427,-0.15222696011517772,-1.4999999999986813,1.4999999999986813,0.0,0.011374353518495237,0.1864864319144091,2.8819523164884755e-12
5,-0.24719162873058848,-0.15222709198517376,-1.4999999999986815,1.4999999999986815,0.0,0.011374359060020106,0.18648643946256585,2.88224308352228e-12
6,-0.2471918695010771,-0.15222723438584118,-1.4999999999986806,1.4999999999986806,0.0,0.01137436504407692,0.18648644761342345,2.8822014200108573e-12
