epoch,beta,coefficient,loss,expected_cut,best_measured_cut,success_probability_ancilla_1,max_postselected_probability,grad
0,0.22273112546930116,0.13767690936192759,-1.4999999999972495,1.4999999999972495,2.0,0.005453117773784334,0.12497889017721522,-1.159627807848812e-11
1,0.222731644001127,0.13767721952212944,-1.4999999999972495,1.4999999999972495,2.0,0.005453129695122759,0.12497889384151993,-1.1599977759252774e-11
2,0.22273227891257869,0.13767759929479606,-1.4999999999972493,1.4999999999972493,2.0,0.00545314429212702,0.12497889832779849,-1.1598641494896491e-11
3,0.222733011846724,0.1376780376996644,-1.4999999999972484,1.4999999999972484,2.0,0.005453161142778051,0.12497890350609513,-1.159794243049285e-11
4,0.22273383105160047,0.13767852770724037,-1.499999999997249,1.499999999997249,2.0,0.005453179976908336,0.12497890929313556,-1.1596596362058593e-11
5,0.22273472817958614,0.13767906432433935,-1.4999999999972495,1.4999999999972495,2.0,0.005453200602617808,0.12497891562970581,-1.1595741266922819e-11
6,0.2227356969227764,0.13767964377783554,-1.4999999999972493,1.4999999999972493,2.0,0.005453222874900521,0.12497892247100799,-1.1596351050090952e-11
