epoch,beta,coefficient,loss,expected_cut,best_measured_cut,success_probability_ancilla_1,max_postselected_probability,grad
0,-0.26034029655057395,-0.15997856616088454,-1.4999999999983342,1.4999999999983342,0.0,0.009008632839161087,0.18629044782617946,4.823048496917785e-12
1,-0.2603405121619333,-0.15997869285104652,-1.499999999998335,1.499999999998335,0.0,0.00900863846376998,0.18629043807564497,4.8220563200694264e-12
2,-0.26034077614407963,-0.1599788479631746,-1.499999999998335,1.499999999998335,0.0,0.00900864535022278,0.18629042613758484,4.82156252461347e-12
3,-0.2603410808728572,-0.15997902701741365,-1.499999999998335,1.499999999998335,0.0,0.00900865329963243,0.1862904123567496,4.8214023946373075e-12
4,-0.26034142147402406,-0.15997922714971893,-1.4999999999983347,1.4999999999983347,0.0,0.009008662184848236,0.1862903969535318,4.821390750365663e-12
5,-0.2603417944902278,-0.15997944632858985,-1.4999999999983347,1.4999999999983347,0.0,0.00900867191568157,0.1862903800842491,4.821857118638968e-12
6,-0.2603421973104168,-0.15997968301980028,-1.499999999998335,1.499999999998335,0.0,0.009008682424021069,0.1862903618669472,4.822976171850668e-12
