{
  "0": 0.0,
  "1": -0.23491402387091995,
  "2": 0.24931543318182672,
  "3": -0.2825565221258522,
  "4": 0.2328250029539849,
  "5": -0.28333602597508256,
  "6": 0.2375108746859858,
  "7": -0.2964689987786862,
  "8": -0.4116903373798672,
  "9": 0.36889682615049696,
  "10": -0.22517934063984604,
  "11": 0.2936746489902659,
  "12": 0.0,
  "13": 0.1928852340965819,
  "14": -0.20379598983558034,
  "15": 0.2436271757948015,
  "16": 0.05953984045885245,
  "17": 0.0,
  "18": 0.2487941324483189,
  "19": 0.0,
  "20": 0.21847468908881706,
  "21": -0.00429762396583892,
  "22": 0.037862654244742694,
  "23": 0.0,
  "24": -0.35203407757242133,
  "25": 0.03798908875383073,
  "26": 0.0,
  "27": 0.0,
  "28": 0.0,
  "29": 0.0,
  "30": -0.3047368496049008,
  "31": 0.041297890392670095,
  "32": 0.09755876497131698,
  "33": 0.0,
  "34": 0.0,
  "35": -0.09493638381038251,
  "36": -0.12432377273782409,
  "37": -0.01894612757000381,
  "38": 0.02703765752787292,
  "39": -0.057593424783046555,
  "40": 0.14473965643890963,
  "41": 0.08204133999825568,
  "42": -0.06259859202843407,
  "43": 0.07951648298486357,
  "44": -0.050189611432565576,
  "45": 0.0,
  "46": 0.0,
  "47": 0.05736888278902763,
  "48": 0.11017195518920683,
  "49": 0.0402727056716631,
  "50": -0.08968066339457667,
  "51": 0.024209227203323434,
  "52": -0.07901293205377648,
  "53": 0.052782230572858274,
  "54": 0.0,
  "55": 0.07485720304238916,
  "56": 0.14214539412266852,
  "57": -0.04447884173605341,
  "58": 0.02814019132263361,
  "59": -0.16127145325834377,
  "60": -0.11631397280495047,
  "61": -0.09225176510347725,
  "62": 0.0647611675185862,
  "63": 0.0
}