{
  "0": 0.0,
  "1": -0.5080932509868397,
  "2": 0.5137681154297707,
  "3": -0.4290807873935801,
  "4": 0.4197145961100138,
  "5": -0.48157836185946684,
  "6": 0.48454061667702414,
  "7": -0.440941875177348,
  "8": 0.599921163999611,
  "9": -0.27003497938360554,
  "10": 0.19194292013113448,
  "11": -0.3897705578189915,
  "12": 0.6580376130314187,
  "13": -0.026607456404116853,
  "14": 0.021636572645996333,
  "15": -0.10626153124748663,
  "16": -0.33399367943572666,
  "17": 0.21961364157148427,
  "18": 0.0998629853537664,
  "19": 0.2502215665394129,
  "20": 0.15825297195716298,
  "21": 0.10046019926603922,
  "22": -0.1112073949801227,
  "23": 0.09013315518921963,
  "24": -0.19312705172830102,
  "25": -0.1720128059020595,
  "26": 0.09145581015493005,
  "27": -0.19630736038571264,
  "28": 0.09292521195610101,
  "29": -0.1553800115159773,
  "30": -0.16430946072651542,
  "31": -0.12870755813611842,
  "32": -0.0011914215290680836,
  "33": 0.07767516921012249,
  "34": 0.0871159255219043,
  "35": -0.005817858295312943,
  "36": -0.16582301561980664,
  "37": -0.08617795948805146,
  "38": 0.13212323092210757,
  "39": -0.09940796492972767,
  "40": 0.2771608267574613,
  "41": -0.07648969968314012,
  "42": -0.002205765230604726,
  "43": 0.0674308689091079,
  "44": -0.07313668463153103,
  "45": -0.07770264293471817,
  "46": -0.16937789341053577,
  "47": 0.06669040696427153,
  "48": 0.010436609239787155,
  "49": 0.17108946756196272,
  "50": -0.1233347189172919,
  "51": 0.025538981643640275,
  "52": -0.007070088321560725,
  "53": -0.019520084706035036,
  "54": 0.06401115235381488,
  "55": -0.01858075505891217,
  "56": 0.052074356812483985,
  "57": 0.00596636066132219,
  "58": 0.0353826841532621,
  "59": 0.0011697491809054108,
  "60": -0.11026587121515136,
  "61": -0.026092634731691777,
  "62": 0.06745644481390291,
  "63": 0.07116866415466538
}