epoch,beta,coefficient,loss,expected_cut,best_measured_cut,success_probability_ancilla_1,max_postselected_probability,grad
0,-0.44518123468921483,-0.4376552052526905,-3.999999999999452,3.999999999999452,0.0,0.0729735745980288,0.01562499999999786,2.1144802377147756e-12
1,-0.44518132921462905,-0.4376552869499006,-3.9999999999994538,3.9999999999994538,0.0,0.072973601159134,0.01562499999999787,2.1139499035435632e-12
2,-0.44518144481271066,-0.43765538685996175,-3.999999999999451,3.999999999999451,0.0,0.0729736336415425,0.015624999999997856,2.107159348679673e-12
3,-0.44518157834967065,-0.43765550227437255,-3.9999999999994493,3.9999999999994493,0.0,0.07297367116467889,0.015624999999997849,2.1164672992848093e-12
4,-0.44518172767705727,-0.43765563133624635,-3.999999999999453,3.999999999999453,0.0,0.0729737131248421,0.015624999999997863,2.116847615877481e-12
