epoch,beta,coefficient,loss,expected_cut,best_measured_cut,success_probability_ancilla_1,max_postselected_probability,grad
0,-0.22495671060615954,-0.1390074938554313,-4.499999999983425,4.499999999983425,0.0,0.0027148482320319897,0.015624999999942449,1.4239241824258206e-10
1,-0.2249630725152216,-0.13901129550355917,-4.499999999983425,4.499999999983425,0.0,0.0027149965936469765,0.015624999999942449,1.423740898457544e-10
2,-0.22497086072232264,-0.13901594944154624,-4.499999999983423,4.499999999983423,0.0,0.0027151782218924263,0.015624999999942442,1.4236053989201913e-10
3,-0.22497985017070277,-0.13902132117594626,-4.499999999983428,4.499999999983428,0.0,0.0027153878709576967,0.01562499999994246,1.4235986907186505e-10
4,-0.22498989613005682,-0.1390273242137165,-4.49999999998343,4.49999999998343,0.0,0.0027156221682003716,0.015624999999942466,1.4231370984842386e-10
5,-0.22500089627381367,-0.13903389740086688,-4.49999999998343,4.49999999998343,0.0,0.0027158787298095974,0.015624999999942466,1.42304780501313e-10
6,-0.22501277327559466,-0.1390409945226873,-4.499999999983432,4.499999999983432,0.0,0.002716155754964524,0.015624999999942473,1.423141612197155e-10
