epoch,beta,coefficient,loss,expected_cut,best_measured_cut,success_probability_ancilla_1,max_postselected_probability,grad
0,0.2571043507980353,0.15807560921418334,-5.272764518259244,5.272764518259244,6.0,0.04655318921446643,0.09765684669168131,0.11481616565032027
1,0.24716139393808917,0.15220920986662684,-5.2736897942415055,5.2736897942415055,6.0,0.04632366043312032,0.09746734567055436,0.10043095607872284
2,0.23733191763208136,0.1463819164936619,-5.274457042804746,5.274457042804746,6.0,0.04610435644134092,0.09726026487232993,0.08559898696106821
3,0.22769147879771975,0.1406407030880562,-5.2750623879034,5.2750623879034,6.0,0.045896770649874005,0.0970377327632534,0.07043000841636861
4,0.21833938693836874,0.13504747391339952,-5.275506124679182,5.275506124679182,6.0,0.045702632234498636,0.09680315000263265,0.055077284826832926
5,0.20940247825920277,0.1296814903970657,-5.275794444152613,5.275794444152613,6.0,0.045523895189681085,0.09656150808632331,0.03974822696952969
6,0.20103568973563338,0.12463983520869439,-5.27594117434624,5.27594117434624,6.0,0.04536266823687801,0.09631960443798566,0.024713420911845398
7,0.19341606584841656,0.12003380555463167,-5.275968898066008,5.275968898066008,6.0,0.045221054159528026,0.09608597137060604,0.010309211470973047
8,0.1867271556122746,0.11597930365024295,-5.2759084859439795,5.2759084859439795,6.0,0.045100888276852366,0.0958703104574245,-0.003073381815085884
