epoch,beta,coefficient,loss,expected_cut,best_measured_cut,success_probability_ancilla_1,max_postselected_probability,grad
0,0.21729888085501933,0.13442376753658625,-5.583886405072025,5.583886405072025,5.0,0.05605209367782012,0.1392387270829725,0.027041080053748435
1,0.2087946542400558,0.1293158062139576,-5.583882042771881,5.583882042771881,5.0,0.05588373752621249,0.13912263573544142,0.007817390894899022
2,0.20445429381017563,0.1267018765799568,-5.583824665359122,5.583824665359122,5.0,0.055800104600763914,0.13905667709350428,-0.00889823238944422
3,0.20437265339238006,0.12665266547275317,-5.583823225516415,5.583823225516415,5.0,0.05579854645873843,0.13905539265903497,-0.017554591334774546
4,0.20681517020202406,0.1281242594184455,-5.583860534545476,5.583860534545476,5.0,0.0558454021565241,0.1390931202518141,-0.01771820476452531
5,0.21046086667395472,0.130318027819804,-5.58389411739678,5.58389411739678,5.0,0.05591625640730695,0.13914674716964448,-0.012835804544900598
6,0.2143057906794748,0.13262808699575104,-5.583901065575081,5.583901065575081,5.0,0.055992166067288206,0.13919984118267065,-0.005597338053890841
