epoch,beta,coefficient,loss,expected_cut,best_measured_cut,success_probability_ancilla_1,max_postselected_probability,grad
0,0.22081129825095808,0.13652808126795515,-5.695465682337518,5.695465682337518,6.0,0.060867585741395384,0.13673639699650167,0.1355680332251824
1,0.2108747334926518,0.13056686025309788,-5.696539351057453,5.696539351057453,6.0,0.06066879495737485,0.1366098495354658,0.11732730717802971
2,0.20106464180743686,0.12465731039558264,-5.697415359856333,5.697415359856333,6.0,0.06048039522302877,0.13646386200502297,0.09869452213452244
3,0.1914655418290721,0.11885254440409847,-5.698091171580529,5.698091171580529,6.0,0.06030374169404771,0.13630043358681226,0.07982149434754676
4,0.18218835559568217,0.11322236841280074,-5.698570002532718,5.698570002532718,6.0,0.06014036294754514,0.13612285787275488,0.06091512807597473
5,0.17337381530190718,0.1078554829560255,-5.698862995919296,5.698862995919296,6.0,0.05999192581293303,0.13593603602729606,0.04224981287053926
6,0.16519136164097914,0.10285888054346916,-5.698991212251387,5.698991212251387,6.0,0.05986013806585426,0.135746653875949,0.024176259177064344
7,0.15782965107180597,0.09835199157363414,-5.698986465302573,5.698986465302573,6.0,0.05974656872907175,0.13556302174001483,0.007119647811500944
8,0.15147609483612923,0.09445392466154708,-5.698889740528837,5.698889740528837,6.0,0.05965239784894723,0.13539437920816214,-0.00844235775060683
