{
  "config": {
    "N_VERTICES": 4,
    "PROB_ARESTA": 0.85,
    "COM_PESO": false,
    "PESO_MIN": 1,
    "PESO_MAX": 1,
    "GRAPH_SEED": 104882,
    "GRAPH_EDGES": [
      [
        0,
        1,
        1.0
      ],
      [
        0,
        2,
        1.0
      ],
      [
        0,
        3,
        1.0
      ],
      [
        2,
        3,
        1.0
      ]
    ],
    "REVERSE_BITS": false,
    "ER": 1.0,
    "MAX_TERMS": null,
    "A_MAX": 0.7853981633974483,
    "INIT_BETA": 0.35,
    "MAX_EPOCHS": 200,
    "LR": 0.01,
    "FD_EPS": 0.01,
    "LOSS_TOL_LAST5": 0.001,
    "PATIENCE_LAST5": 5,
    "TRAIN_SEED": 8,
    "INIT_BETA_JITTER": 0.05,
    "OPTIMIZER": "adam",
    "ADAM_BETA1": 0.9,
    "ADAM_BETA2": 0.999,
    "ADAM_EPS": 1e-08,
    "COEF_ZERO_TOL": 0.005,
    "IMPROVEMENT_TOL": 0.003,
    "SATURATION_PATIENCE": 40,
    "INDEX_STRATEGY": "ascending",
    "INDEX_RANDOM_SEED": 42,
    "ENABLE_BACKWARD_PRUNING": false,
    "BACKWARD_PASSES": 1,
    "PRUNE_IMPROVEMENT_TOL": 1e-06,
    "OUTDIR": "benchmark_results_walsh_article/unweighted/sparse_threshold/n4/graph07_trainseed08",
    "SHOW_PLOTS": false,
    "name": "sparse_threshold"
  },
  "n_qubits_register": 4,
  "graph_edges": [
    [
      0,
      1,
      1.0
    ],
    [
      0,
      2,
      1.0
    ],
    [
      0,
      3,
      1.0
    ],
    [
      2,
      3,
      1.0
    ]
  ],
  "graph_signature": "0c4184843706290033a85b58881df740fdc53f7edeeaffa6a9dd8c38dfc1a494",
  "graph_num_edges": 4,
  "graph_density": 0.6666666666666666,
  "best_cut_bruteforce": 3.0,
  "best_bitstring_bruteforce": "0101",
  "best_index_bruteforce": 5,
  "candidate_order": [
    1,
    2,
    3,
    4,
    5,
    6,
    7,
    8,
    9,
    10,
    11,
    12,
    13,
    14,
    15
  ],
  "total_possible_parameters": 15,
  "visited_parameters": 15,
  "trained_coefficients": {
    "0": 0.0,
    "1": -0.2975794652986166,
    "2": 0.2992012377574117,
    "3": 0.0,
    "4": 0.2114279632343583,
    "5": 0.0,
    "6": 0.0,
    "7": -0.2601106691252256,
    "8": 0.044769222319451706,
    "9": 0.0,
    "10": 0.0,
    "11": -0.04171765950258874,
    "12": 0.0,
    "13": 0.018723773025625452,
    "14": -0.006627405673634507,
    "15": 0.0
  },
  "final_coefficient_vector": [
    0.0,
    -0.2975794652986166,
    0.2992012377574117,
    0.0,
    0.2114279632343583,
    0.0,
    0.0,
    -0.2601106691252256,
    0.044769222319451706,
    0.0,
    0.0,
    -0.04171765950258874,
    0.0,
    0.018723773025625452,
    -0.006627405673634507,
    0.0
  ],
  "active_indices": [
    1,
    2,
    4,
    7,
    8,
    11,
    13,
    14
  ],
  "active_parameter_count": 8,
  "compression_ratio_active_over_total": 0.5333333333333333,
  "final_loss": -2.994165222240503,
  "final_expected_cut": 2.994165222240503,
  "best_expected_cut_over_evolution": 2.994165222240503,
  "final_best_measured_index": 7,
  "final_best_measured_bitstring": "0111",
  "final_best_measured_cut": 3.0,
  "best_measured_cut_over_evolution": 3.0,
  "final_success_probability_ancilla_1": 0.06698256006813041,
  "final_max_postselected_probability": 0.2672558466516819,
  "gap_expected_to_bruteforce": 0.005834777759496923,
  "gap_measured_to_bruteforce": 0.0,
  "approx_ratio_measured": 1.0,
  "n_steps": 15,
  "elapsed_seconds": 32.34803104400635,
  "steps": [
    {
      "visit_idx": 1,
      "j": 1,
      "kept": true,
      "beta": -0.398762886732096,
      "coefficient": -0.2975794652986166,
      "loss": -2.0,
      "expected_cut": 2.0,
      "best_measured_cut": 0.0,
      "success_probability_ancilla_1": 0.021975496654488454,
      "epochs_run": 5,
      "stop_reason": "loss_plateau_last5",
      "history_path": "benchmark_results_walsh_article/unweighted/sparse_threshold/n4/graph07_trainseed08/histories/history_visit001_j001.json",
      "improvement_vs_previous": 2.0
    },
    {
      "visit_idx": 2,
      "j": 2,
      "kept": true,
      "beta": 0.40117612182580464,
      "coefficient": 0.2992012377574117,
      "loss": -2.499992391925297,
      "expected_cut": 2.499992391925297,
      "best_measured_cut": 1.0,
      "success_probability_ancilla_1": 0.043213057086687545,
      "epochs_run": 5,
      "stop_reason": "loss_plateau_last5",
      "history_path": "benchmark_results_walsh_article/unweighted/sparse_threshold/n4/graph07_trainseed08/histories/history_visit002_j002.json",
      "improvement_vs_previous": 0.4999923919252969
    },
    {
      "visit_idx": 3,
      "j": 3,
      "kept": false,
      "beta": -0.0025369335564060505,
      "coefficient": 0.0,
      "loss": -2.499992391925297,
      "expected_cut": 2.499992391925297,
      "best_measured_cut": 1.0,
      "success_probability_ancilla_1": 0.043213057086687545,
      "epochs_run": 39,
      "stop_reason": "loss_plateau_last5_and_discarded_near_zero",
      "history_path": "benchmark_results_walsh_article/unweighted/sparse_threshold/n4/graph07_trainseed08/histories/history_visit003_j003.json",
      "improvement_vs_previous": 0.0
    },
    {
      "visit_idx": 4,
      "j": 4,
      "kept": true,
      "beta": 0.27599943965771084,
      "coefficient": 0.2114279632343583,
      "loss": -2.671063004248083,
      "expected_cut": 2.671063004248083,
      "best_measured_cut": 3.0,
      "success_probability_ancilla_1": 0.053384676996135756,
      "epochs_run": 13,
      "stop_reason": "loss_plateau_last5",
      "history_path": "benchmark_results_walsh_article/unweighted/sparse_threshold/n4/graph07_trainseed08/histories/history_visit004_j004.json",
      "improvement_vs_previous": 0.1710706123227861
    },
    {
      "visit_idx": 5,
      "j": 5,
      "kept": false,
      "beta": -0.0012592096733286071,
      "coefficient": 0.0,
      "loss": -2.671063004248083,
      "expected_cut": 2.671063004248083,
      "best_measured_cut": 3.0,
      "success_probability_ancilla_1": 0.053384676996135756,
      "epochs_run": 38,
      "stop_reason": "loss_plateau_last5_and_discarded_near_zero",
      "history_path": "benchmark_results_walsh_article/unweighted/sparse_threshold/n4/graph07_trainseed08/histories/history_visit005_j005.json",
      "improvement_vs_previous": 0.0
    },
    {
      "visit_idx": 6,
      "j": 6,
      "kept": false,
      "beta": 0.0008413644365523089,
      "coefficient": 0.0,
      "loss": -2.671063004248083,
      "expected_cut": 2.671063004248083,
      "best_measured_cut": 3.0,
      "success_probability_ancilla_1": 0.053384676996135756,
      "epochs_run": 36,
      "stop_reason": "loss_plateau_last5_and_discarded_near_zero",
      "history_path": "benchmark_results_walsh_article/unweighted/sparse_threshold/n4/graph07_trainseed08/histories/history_visit006_j006.json",
      "improvement_vs_previous": 0.0
    },
    {
      "visit_idx": 7,
      "j": 7,
      "kept": true,
      "beta": -0.3441566230595359,
      "coefficient": -0.2601106691252256,
      "loss": -2.9786006034979304,
      "expected_cut": 2.9786006034979304,
      "best_measured_cut": 3.0,
      "success_probability_ancilla_1": 0.06607585958925695,
      "epochs_run": 6,
      "stop_reason": "loss_plateau_last5",
      "history_path": "benchmark_results_walsh_article/unweighted/sparse_threshold/n4/graph07_trainseed08/histories/history_visit007_j007.json",
      "improvement_vs_previous": 0.30753759924984747
    },
    {
      "visit_idx": 8,
      "j": 8,
      "kept": true,
      "beta": 0.05706380220021256,
      "coefficient": 0.044769222319451706,
      "loss": -2.985692975013429,
      "expected_cut": 2.985692975013429,
      "best_measured_cut": 3.0,
      "success_probability_ancilla_1": 0.06651064041022411,
      "epochs_run": 34,
      "stop_reason": "loss_plateau_last5",
      "history_path": "benchmark_results_walsh_article/unweighted/sparse_threshold/n4/graph07_trainseed08/histories/history_visit008_j008.json",
      "improvement_vs_previous": 0.0070923715154984635
    },
    {
      "visit_idx": 9,
      "j": 9,
      "kept": false,
      "beta": -0.003010103377768096,