epoch,beta,coefficient,loss,expected_cut,best_measured_cut,success_probability_ancilla_1,max_postselected_probability,grad
0,0.3145511987725916,0.23921014131692606,-10.999999987681509,10.999999987681509,7.0,0.028075229570296508,0.007812499903789632,-0.04801886397162844
1,0.3213033161846959,0.244011358478649,-10.9999015593704,10.9999015593704,7.0,0.02863325264620037,0.007811730932608561,-0.0003337259440396645
2,0.32244855318143234,0.24482371495666666,-10.999865446421994,10.999865446421994,7.0,0.0287287441732196,0.0078114488001989855,0.029133627493107304
3,0.3202442273543363,0.24325959518475573,-10.999930045552421,10.999930045552421,7.0,0.02854516090147935,0.007811953480905679,0.0339227955330947
4,0.316579597185067,0.24065456502316093,-10.999991425892132,10.999991425892132,7.0,0.028241964689464855,0.007812433014809993,0.024651580734865366
