epoch,beta,coefficient,loss,expected_cut,best_measured_cut,success_probability_ancilla_1,max_postselected_probability,grad
0,-0.5451048084461613,-0.520292127393685,-1.499999999999853,1.499999999999853,0.0,0.10206862196534851,0.06249999999999388,4.2958727322431296e-13
1,-0.545104827642704,-0.52029214253389,-1.4999999999998535,1.4999999999998535,0.0,0.10206862769475285,0.062499999999993894,4.291477028813344e-13
2,-0.5451048511557951,-0.5202921610785322,-1.4999999999998535,1.4999999999998535,0.0,0.10206863471247529,0.062499999999993894,4.297574607481149e-13
3,-0.545104878287617,-0.5202921824772461,-1.499999999999853,1.499999999999853,0.0,0.10206864281024493,0.062499999999993894,4.288532133712615e-13
4,-0.5451049086212415,-0.5202922064012029,-1.4999999999998528,1.4999999999998528,0.0,0.10206865186362536,0.062499999999993866,4.2971575520803585e-13
