epoch,beta,coefficient,loss,expected_cut,best_measured_cut,success_probability_ancilla_1,max_postselected_probability,grad
0,-0.36859657810239504,-0.27705983974087434,-2.499999999998689,2.499999999998689,0.0,0.019068093451909712,0.015624999999991809,6.47324156657322e-12
1,-0.36859686730442914,-0.2770600386139737,-2.499999999998689,2.499999999998689,0.0,0.019068120650679456,0.015624999999991805,6.464343642746766e-12
2,-0.3685972213366743,-0.2770602820682569,-2.499999999998688,2.499999999998688,0.0,0.019068153946596104,0.015624999999991802,6.4648148988110484e-12
3,-0.3685976300056282,-0.27706056309401617,-2.499999999998689,2.499999999998689,0.0,0.019068192380994366,0.015624999999991805,6.465661076747202e-12
4,-0.368598086841166,-0.27706087724196754,-2.499999999998689,2.499999999998689,0.0,0.01906823534538366,0.015624999999991805,6.4694112029745664e-12
