epoch,beta,coefficient,loss,expected_cut,best_measured_cut,success_probability_ancilla_1,max_postselected_probability,grad
0,-0.32811874417945475,-0.24883720788335364,-2.974473705414228,2.974473705414228,2.0,0.1077001676722332,0.08626869187106834,0.07577237200601998
1,-0.33803514777497046,-0.2558215619071677,-2.9750455633855095,2.9750455633855095,2.0,0.10823521656820033,0.08633691883362134,0.06357398509768504
2,-0.3477903879081494,-0.26264852796717636,-2.9754960592937247,2.9754960592937247,2.0,0.10877667823376574,0.08638762486952557,0.051819387332955866
3,-0.3572869844271756,-0.26925184903717825,-2.9758310459204407,2.9758310459204407,2.0,0.10931775004749733,0.08642183260240976,0.040597596010356236
4,-0.36640629982144957,-0.27555250734759,-2.9760595115608233,2.9760595115608233,2.0,0.10984990408847062,0.08644105382746119,0.030006511117389747
5,-0.3750101897980845,-0.2814602177761111,-2.9761939226647494,2.9761939226647494,2.0,0.11036293958146973,0.08644733587707097,0.020151197413566864
6,-0.38294727332602074,-0.28687788423200694,-2.9762501798180803,2.9762501798180803,2.0,0.110845372744764,0.08644324440911441,0.011139745063761067
