epoch,beta,coefficient,loss,expected_cut,best_measured_cut,success_probability_ancilla_1,max_postselected_probability,grad
0,0.34264074229437874,0.2590501520115756,-5.540392961607978,5.540392961607978,5.0,0.2018980317869528,0.07591644336146779,0.17700281151133837
1,0.33266131801810717,0.25204217064846807,-5.542000868247303,5.542000868247303,5.0,0.20139344159763492,0.07603141480077505,0.16651645053224687
2,0.32271949268753947,0.24501581702795422,-5.543493118143251,5.543493118143251,5.0,0.20090225135236436,0.0761398466102113,0.15566357064381667
3,0.3128352472689765,0.23798681651705744,-5.544864547689299,5.544864547689299,5.0,0.2004256507082223,0.07624138573529268,0.14446958383613082
4,0.3030318897980992,0.23097362249167752,-5.546110661971133,5.546110661971133,5.0,0.1999648728793089,0.07633570823843397,0.13296681483532333
5,0.2933364508109779,0.22399774154621693,-5.547227852250161,5.547227852250161,5.0,0.19952118611144118,0.0764225308253522,0.12119538624340448
6,0.2837800636488019,0.21708404743567647,-5.548213641464949,5.548213641464949,5.0,0.1990958817217357,0.0765016240518064,0.10920410798530998
7,0.2743982926001666,0.21026105431664893,-5.549066952547417,5.549066952547417,5.0,0.19869025794161846,0.07657282701045899,0.09705131951972862
8,0.26523135601117087,0.20356110720706266,-5.5497883890296915,5.5497883890296915,5.0,0.198305598810108,0.07663606303048515,0.0848056076216558
9,0.25632417425512516,0.1970204337444148,-5.550380510286232,5.550380510286232,5.0,0.19794314751794348,0.07669135555364706,0.07254629259839136
10,0.24772615685079458,0.19067898868683578,-5.550848075149862,5.550848075149862,5.0,0.1976040739740777,0.07673884289116135,0.060363543760563694
11,0.23949063439926477,0.1845800154074939,-5.551198218664765,5.551198218664765,5.0,0.19728943702426927,0.07677879006573472,0.04835795684851176
12,0.23167384689155177,0.17876925286837667,-5.551440519580458,5.551440519580458,5.0,0.19700014272674532,0.07681159550969403,0.03663941215802669
13,0.22433342859884295,0.17329373886863614,-5.551586914150474,5.551586914150474,5.0,0.19673690131801605,0.07683779019325673,0.025325046474324524
14,0.21752638696325838,0.16820020546725048,-5.551651418727545,5.551651418727545,5.0,0.19650018677112197,0.07685802700533294,0.0145362299262516
