{
  "config": {
    "N_VERTICES": 4,
    "PROB_ARESTA": 0.55,
    "COM_PESO": false,
    "PESO_MIN": 1,
    "PESO_MAX": 1,
    "GRAPH_SEED": 104577,
    "GRAPH_EDGES": [
      [
        0,
        2,
        1.0
      ],
      [
        2,
        3,
        1.0
      ]
    ],
    "REVERSE_BITS": false,
    "ER": 1.0,
    "MAX_TERMS": null,
    "A_MAX": 0.7853981633974483,
    "INIT_BETA": 0.35,
    "MAX_EPOCHS": 200,
    "LR": 0.01,
    "FD_EPS": 0.01,
    "LOSS_TOL_LAST5": 0.001,
    "PATIENCE_LAST5": 5,
    "TRAIN_SEED": 0,
    "INIT_BETA_JITTER": 0.05,
    "OPTIMIZER": "adam",
    "ADAM_BETA1": 0.9,
    "ADAM_BETA2": 0.999,
    "ADAM_EPS": 1e-08,
    "COEF_ZERO_TOL": 0.005,
    "IMPROVEMENT_TOL": 0.003,
    "SATURATION_PATIENCE": 40,
    "INDEX_STRATEGY": "ascending",
    "INDEX_RANDOM_SEED": 42,
    "ENABLE_BACKWARD_PRUNING": false,
    "BACKWARD_PASSES": 1,
    "PRUNE_IMPROVEMENT_TOL": 1e-06,
    "OUTDIR": "benchmark_results_walsh_article/unweighted/sparse_threshold/n4/graph04_trainseed00",
    "SHOW_PLOTS": false,
    "name": "sparse_threshold"
  },
  "n_qubits_register": 4,
  "graph_edges": [
    [
      0,
      2,
      1.0
    ],
    [
      2,
      3,
      1.0
    ]
  ],
  "graph_signature": "ab3e1e60a1be6f27a830f37b39d70bd64af7163327db0f23a1fcb2724d77253c",
  "graph_num_edges": 2,
  "graph_density": 0.3333333333333333,
  "best_cut_bruteforce": 2.0,
  "best_bitstring_bruteforce": "0010",
  "best_index_bruteforce": 2,
  "candidate_order": [
    1,
    2,
    3,
    4,
    5,
    6,
    7,
    8,
    9,
    10,
    11,
    12,
    13,
    14,
    15
  ],
  "total_possible_parameters": 15,
  "visited_parameters": 15,
  "trained_coefficients": {
    "0": 0.0,
    "1": -0.29548503378431984,
    "2": 0.29761516799169896,
    "3": -0.24906478240564736,
    "4": 0.43949865254722864,
    "5": -0.019808216960397935,
    "6": 0.3030324521253689,
    "7": -0.3043298447084961,
    "8": -0.22837471112931418,
    "9": -0.07659825556616884,
    "10": -0.1277262813733881,
    "11": 0.1220548221062686,
    "12": 0.14133009017159673,
    "13": 0.23246024498847112,
    "14": -0.1792757720495194,
    "15": 0.15985726932963715
  },
  "final_coefficient_vector": [
    0.0,
    -0.29548503378431984,
    0.29761516799169896,
    -0.24906478240564736,
    0.43949865254722864,
    -0.019808216960397935,
    0.3030324521253689,
    -0.3043298447084961,
    -0.22837471112931418,
    -0.07659825556616884,
    -0.1277262813733881,
    0.1220548221062686,
    0.14133009017159673,
    0.23246024498847112,
    -0.1792757720495194,
    0.15985726932963715
  ],
  "active_indices": [
    1,
    2,
    3,
    4,
    5,
    6,
    7,
    8,
    9,
    10,
    11,
    12,
    13,
    14,
    15
  ],
  "active_parameter_count": 15,
  "compression_ratio_active_over_total": 1.0,
  "final_loss": -1.83745568524497,
  "final_expected_cut": 1.83745568524497,
  "best_expected_cut_over_evolution": 1.83745568524497,
  "final_best_measured_index": 9,
  "final_best_measured_bitstring": "1001",
  "final_best_measured_cut": 2.0,
  "best_measured_cut_over_evolution": 2.0,
  "final_success_probability_ancilla_1": 0.14045560200096593,
  "final_max_postselected_probability": 0.4273359751925072,
  "gap_expected_to_bruteforce": 0.16254431475503006,
  "gap_measured_to_bruteforce": 0.0,
  "approx_ratio_measured": 1.0,
  "n_steps": 15,
  "elapsed_seconds": 13.06948709487915,
  "steps": [
    {
      "visit_idx": 1,
      "j": 1,
      "kept": true,
      "beta": -0.3956528361034494,
      "coefficient": -0.29548503378431984,
      "loss": -1.0,
      "expected_cut": 1.0,
      "best_measured_cut": 0.0,
      "success_probability_ancilla_1": 0.021669494435391345,
      "epochs_run": 5,
      "stop_reason": "loss_plateau_last5",
      "history_path": "benchmark_results_walsh_article/unweighted/sparse_threshold/n4/graph04_trainseed00/histories/history_visit001_j001.json",
      "improvement_vs_previous": 1.0
    },
    {
      "visit_idx": 2,
      "j": 2,
      "kept": true,
      "beta": 0.39881596560155214,
      "coefficient": 0.29761516799169896,
      "loss": -1.0,
      "expected_cut": 1.0,
      "best_measured_cut": 0.0,
      "success_probability_ancilla_1": 0.04269760287244186,
      "epochs_run": 5,
      "stop_reason": "loss_plateau_last5",
      "history_path": "benchmark_results_walsh_article/unweighted/sparse_threshold/n4/graph04_trainseed00/histories/history_visit002_j002.json",
      "improvement_vs_previous": 0.0
    },
    {
      "visit_idx": 3,
      "j": 3,
      "kept": true,
      "beta": -0.32844086545000406,
      "coefficient": -0.24906478240564736,
      "loss": -1.0000000000000002,
      "expected_cut": 1.0000000000000002,
      "best_measured_cut": 1.0,
      "success_probability_ancilla_1": 0.05680841168466624,
      "epochs_run": 5,
      "stop_reason": "loss_plateau_last5",
      "history_path": "benchmark_results_walsh_article/unweighted/sparse_threshold/n4/graph04_trainseed00/histories/history_visit003_j003.json",
      "improvement_vs_previous": 2.220446049250313e-16
    },
    {
      "visit_idx": 4,
      "j": 4,
      "kept": true,
      "beta": 0.6322317928717511,
      "coefficient": 0.43949865254722864,
      "loss": -1.2901152150466189,
      "expected_cut": 1.2901152150466189,
      "best_measured_cut": 1.0,
      "success_probability_ancilla_1": 0.09892708298693176,
      "epochs_run": 30,
      "stop_reason": "loss_plateau_last5",
      "history_path": "benchmark_results_walsh_article/unweighted/sparse_threshold/n4/graph04_trainseed00/histories/history_visit004_j004.json",
      "improvement_vs_previous": 0.29011521504661864
    },
    {
      "visit_idx": 5,
      "j": 5,
      "kept": true,
      "beta": -0.02522595461822649,
      "coefficient": -0.019808216960397935,
      "loss": -1.2897277756429317,
      "expected_cut": 1.2897277756429317,
      "best_measured_cut": 1.0,
      "success_probability_ancilla_1": 0.09871437858398925,
      "epochs_run": 36,
      "stop_reason": "loss_plateau_last5",
      "history_path": "benchmark_results_walsh_article/unweighted/sparse_threshold/n4/graph04_trainseed00/histories/history_visit005_j005.json",
      "improvement_vs_previous": -0.0003874394036871287
    },
    {
      "visit_idx": 6,
      "j": 6,
      "kept": true,
      "beta": 0.4068947860025595,
      "coefficient": 0.3030324521253689,
      "loss": -1.3766555120641448,
      "expected_cut": 1.3766555120641448,
      "best_measured_cut": 1.0,
      "success_probability_ancilla_1": 0.11242134913098718,
      "epochs_run": 5,
      "stop_reason": "loss_plateau_last5",
      "history_path": "benchmark_results_walsh_article/unweighted/sparse_threshold/n4/graph04_trainseed00/histories/history_visit006_j006.json",
      "improvement_vs_previous": 0.0869277364212131
    },
    {
      "visit_idx": 7,
      "j": 7,
      "kept": true,
      "beta": -0.4088370577602631,
      "coefficient": -0.3043298447084961,
      "loss": -1.4753712010141173,
      "expected_cut": 1.4753712010141173,
      "best_measured_cut": 1.0,
      "success_probability_ancilla_1": 0.12188969299920148,
      "epochs_run": 5,
      "stop_reason": "loss_plateau_last5",
      "history_path": "benchmark_results_walsh_article/unweighted/sparse_threshold/n4/graph04_trainseed00/histories/history_visit007_j007.json",
      "improvement_vs_previous": 0.09871568894997251
    },
    {
      "visit_idx": 8,
      "j": 8,
      "kept": true,
      "beta": -0.29941341289578316,
      "coefficient": -0.22837471112931418,
      "loss": -1.5594551170344726,
      "expected_cut": 1.5594551170344726,
      "best_measured_cut": 2.0,
      "success_probability_ancilla_1": 0.13170708582057844,
      "epochs_run": 86,
      "stop_reason": "loss_plateau_last5",
      "history_path": "benchmark_results_walsh_article/unweighted/sparse_threshold/n4/graph04_trainseed00/histories/history_visit008_j008.json",
      "improvement_vs_previous": 0.08408391602035525
    },
    {
      "visit_idx": 9,
      "j": 9,