{
  "0": 0.0,
  "1": -0.29548503378431984,
  "2": 0.29761516799169896,
  "3": -0.24906478240564736,
  "4": 0.43949865254722864,
  "5": -0.019808216960397935,
  "6": 0.3030324521253689,
  "7": -0.3043298447084961,
  "8": -0.22837471112931418,
  "9": -0.07659825556616884,
  "10": -0.1277262813733881,
  "11": 0.1220548221062686,
  "12": 0.14133009017159673,
  "13": 0.23246024498847112,
  "14": -0.1792757720495194,
  "15": 0.15985726932963715
}