{
  "config": {
    "N_VERTICES": 4,
    "PROB_ARESTA": 0.85,
    "COM_PESO": false,
    "PESO_MIN": 1,
    "PESO_MAX": 1,
    "GRAPH_SEED": 104271,
    "GRAPH_EDGES": [
      [
        0,
        1,
        1.0
      ],
      [
        0,
        2,
        1.0
      ],
      [
        0,
        3,
        1.0
      ],
      [
        1,
        3,
        1.0
      ],
      [
        2,
        3,
        1.0
      ]
    ],
    "REVERSE_BITS": false,
    "ER": 0.75,
    "MAX_TERMS": null,
    "A_MAX": 0.6283185307179586,
    "INIT_BETA": 0.25,
    "MAX_EPOCHS": 200,
    "LR": 0.01,
    "FD_EPS": 0.01,
    "LOSS_TOL_LAST5": 0.002,
    "PATIENCE_LAST5": 7,
    "TRAIN_SEED": 4,
    "INIT_BETA_JITTER": 0.03,
    "OPTIMIZER": "adam",
    "ADAM_BETA1": 0.9,
    "ADAM_BETA2": 0.999,
    "ADAM_EPS": 1e-08,
    "COEF_ZERO_TOL": 0.002,
    "IMPROVEMENT_TOL": 0.002,
    "SATURATION_PATIENCE": 60,
    "INDEX_STRATEGY": "ascending",
    "INDEX_RANDOM_SEED": 42,
    "ENABLE_BACKWARD_PRUNING": false,
    "BACKWARD_PASSES": 1,
    "PRUNE_IMPROVEMENT_TOL": 1e-06,
    "OUTDIR": "benchmark_results_walsh_article/unweighted/coarse_loader/n4/graph01_trainseed04",
    "SHOW_PLOTS": false,
    "name": "coarse_loader"
  },
  "n_qubits_register": 4,
  "graph_edges": [
    [
      0,
      1,
      1.0
    ],
    [
      0,
      2,
      1.0
    ],
    [
      0,
      3,
      1.0
    ],
    [
      1,
      3,
      1.0
    ],
    [
      2,
      3,
      1.0
    ]
  ],
  "graph_signature": "36d4961c72903175cef8219a78618293792cc3cd1b729b430a90aa47da048173",
  "graph_num_edges": 5,
  "graph_density": 0.8333333333333334,
  "best_cut_bruteforce": 4.0,
  "best_bitstring_bruteforce": "0110",
  "best_index_bruteforce": 6,
  "candidate_order": [
    1,
    2,
    3,
    4,
    5,
    6,
    7,
    8,
    9,
    10,
    11,
    12,
    13,
    14,
    15
  ],
  "total_possible_parameters": 15,
  "visited_parameters": 15,
  "trained_coefficients": {
    "0": 0.0,
    "1": -0.159503518872745,
    "2": 0.16170303460023144,
    "3": 0.0,
    "4": 0.11501789935345975,
    "5": 0.0,
    "6": 0.0,
    "7": -0.13926152991060398,
    "8": -0.055388972326571785,
    "9": 0.0,
    "10": 0.0,
    "11": 0.0841743532410384,
    "12": 0.0,
    "13": 0.09488642251906541,
    "14": -0.11230179463501003,
    "15": 0.0
  },
  "final_coefficient_vector": [
    0.0,
    -0.159503518872745,
    0.16170303460023144,
    0.0,
    0.11501789935345975,
    0.0,
    0.0,
    -0.13926152991060398,
    -0.055388972326571785,
    0.0,
    0.0,
    0.0841743532410384,
    0.0,
    0.09488642251906541,
    -0.11230179463501003,
    0.0
  ],
  "active_indices": [
    1,
    2,
    4,
    7,
    8,
    11,
    13,
    14
  ],
  "active_parameter_count": 8,
  "compression_ratio_active_over_total": 0.5333333333333333,
  "final_loss": -3.907421602463624,
  "final_expected_cut": 3.907421602463624,
  "best_expected_cut_over_evolution": 3.907421602463624,
  "final_best_measured_index": 6,
  "final_best_measured_bitstring": "0110",
  "final_best_measured_cut": 4.0,
  "best_measured_cut_over_evolution": 4.0,
  "final_success_probability_ancilla_1": 0.015720584922243708,
  "final_max_postselected_probability": 0.4568517820941668,
  "gap_expected_to_bruteforce": 0.09257839753637587,
  "gap_measured_to_bruteforce": 0.0,
  "approx_ratio_measured": 1.0,
  "n_steps": 15,
  "elapsed_seconds": 6.36978554725647,
  "steps": [
    {
      "visit_idx": 1,
      "j": 1,
      "kept": true,
      "beta": -0.2595319896793694,
      "coefficient": -0.159503518872745,
      "loss": -2.5,
      "expected_cut": 2.5,
      "best_measured_cut": 0.0,
      "success_probability_ancilla_1": 0.0035734284180981247,
      "epochs_run": 7,
      "stop_reason": "loss_plateau_last5",
      "history_path": "benchmark_results_walsh_article/unweighted/coarse_loader/n4/graph01_trainseed04/histories/history_visit001_j001.json",
      "improvement_vs_previous": 2.5
    },
    {
      "visit_idx": 2,
      "j": 2,
      "kept": true,
      "beta": 0.26327733660640107,
      "coefficient": 0.16170303460023144,
      "loss": -2.999952884243646,
      "expected_cut": 2.999952884243646,
      "best_measured_cut": 2.0,
      "success_probability_ancilla_1": 0.00721972104164076,
      "epochs_run": 7,
      "stop_reason": "loss_plateau_last5",
      "history_path": "benchmark_results_walsh_article/unweighted/coarse_loader/n4/graph01_trainseed04/histories/history_visit002_j002.json",
      "improvement_vs_previous": 0.4999528842436458
    },
    {
      "visit_idx": 3,
      "j": 3,
      "kept": false,
      "beta": -0.0025098964491543276,
      "coefficient": 0.0,
      "loss": -2.999952884243646,
      "expected_cut": 2.999952884243646,
      "best_measured_cut": 2.0,
      "success_probability_ancilla_1": 0.00721972104164076,
      "epochs_run": 29,
      "stop_reason": "loss_plateau_last5_and_discarded_near_zero",
      "history_path": "benchmark_results_walsh_article/unweighted/coarse_loader/n4/graph01_trainseed04/histories/history_visit003_j003.json",
      "improvement_vs_previous": 0.0
    },
    {
      "visit_idx": 4,
      "j": 4,
      "kept": true,
      "beta": 0.18514352110826204,
      "coefficient": 0.11501789935345975,
      "loss": -3.1791543832787825,
      "expected_cut": 3.1791543832787825,
      "best_measured_cut": 4.0,
      "success_probability_ancilla_1": 0.00905206661814132,
      "epochs_run": 11,
      "stop_reason": "loss_plateau_last5",
      "history_path": "benchmark_results_walsh_article/unweighted/coarse_loader/n4/graph01_trainseed04/histories/history_visit004_j004.json",
      "improvement_vs_previous": 0.1792014990351367
    },
    {
      "visit_idx": 5,
      "j": 5,
      "kept": false,
      "beta": -0.0009200762013003433,
      "coefficient": 0.0,
      "loss": -3.1791543832787825,
      "expected_cut": 3.1791543832787825,
      "best_measured_cut": 4.0,
      "success_probability_ancilla_1": 0.00905206661814132,
      "epochs_run": 30,
      "stop_reason": "loss_plateau_last5_and_discarded_near_zero",
      "history_path": "benchmark_results_walsh_article/unweighted/coarse_loader/n4/graph01_trainseed04/histories/history_visit005_j005.json",
      "improvement_vs_previous": 0.0
    },
    {
      "visit_idx": 6,
      "j": 6,
      "kept": false,
      "beta": 0.0002836591592753502,
      "coefficient": 0.0,
      "loss": -3.1791543832787825,
      "expected_cut": 3.1791543832787825,
      "best_measured_cut": 4.0,
      "success_probability_ancilla_1": 0.00905206661814132,
      "epochs_run": 31,
      "stop_reason": "loss_plateau_last5_and_discarded_near_zero",
      "history_path": "benchmark_results_walsh_article/unweighted/coarse_loader/n4/graph01_trainseed04/histories/history_visit006_j006.json",
      "improvement_vs_previous": 0.0
    },
    {
      "visit_idx": 7,
      "j": 7,
      "kept": true,
      "beta": -0.22538186939692323,
      "coefficient": -0.13926152991060398,
      "loss": -3.4814631410748627,
      "expected_cut": 3.4814631410748627,
      "best_measured_cut": 4.0,
      "success_probability_ancilla_1": 0.011662664011368472,
      "epochs_run": 7,
      "stop_reason": "loss_plateau_last5",
      "history_path": "benchmark_results_walsh_article/unweighted/coarse_loader/n4/graph01_trainseed04/histories/history_visit007_j007.json",
      "improvement_vs_previous": 0.30230875779608013
    },
    {
      "visit_idx": 8,
      "j": 8,
      "kept": true,
      "beta": -0.0883837123114987,
      "coefficient": -0.055388972326571785,
      "loss": -3.5191145103450587,
      "expected_cut": 3.5191145103450587,
      "best_measured_cut": 4.0,
      "success_probability_ancilla_1": 0.012083969016919435,
      "epochs_run": 41,
      "stop_reason": "loss_plateau_last5",
      "history_path": "benchmark_results_walsh_article/unweighted/coarse_loader/n4/graph01_trainseed04/histories/history_visit008_j008.json",
      "improvement_vs_previous": 0.03765136927019608
    },
    {
      "visit_idx": 9,