{
  "0": 0.0,
  "1": -0.159503518872745,
  "2": 0.16170303460023144,
  "3": 0.0,
  "4": 0.11501789935345975,
  "5": 0.0,
  "6": 0.0,
  "7": -0.13926152991060398,
  "8": -0.055388972326571785,
  "9": 0.0,
  "10": 0.0,
  "11": 0.0841743532410384,
  "12": 0.0,
  "13": 0.09488642251906541,
  "14": -0.11230179463501003,
  "15": 0.0
}