epoch,beta,coefficient,loss,expected_cut,best_measured_cut,success_probability_ancilla_1,max_postselected_probability,grad
0,-0.5451048310043678,-0.5202921451852154,-3.9999999999996065,3.9999999999996065,0.0,0.10206862869807584,0.015624999999998463,1.1429439459634966e-12
1,-0.54510488231027,-0.5202921856498897,-3.9999999999996065,3.9999999999996065,0.0,0.10206864401084687,0.015624999999998463,1.1516529857895807e-12
2,-0.5451049451408323,-0.5202922352039953,-3.999999999999609,3.999999999999609,0.0,0.10206866276327077,0.015624999999998473,1.1480079615137235e-12
3,-0.5451050176097184,-0.5202922923597879,-3.999999999999609,3.999999999999609,0.0,0.10206868439235156,0.015624999999998473,1.144255189429655e-12
4,-0.5451050985353577,-0.5202923561853683,-3.9999999999996048,3.9999999999996048,0.0,0.10206870854543745,0.015624999999998456,1.142254074736878e-12
