epoch,beta,coefficient,loss,expected_cut,best_measured_cut,success_probability_ancilla_1,max_postselected_probability,grad
0,0.23219870343347138,0.14332805655777792,-2.999999999995258,2.999999999995258,1.0,0.006326015956307039,0.031185579969134344,-1.784401644495674e-11
1,0.2321995010701618,0.14332853164880033,-2.999999999995257,2.999999999995257,1.0,0.006326034938608282,0.031185584656911253,-1.783939162329342e-11
2,0.23220047770449542,0.1433291133547598,-2.999999999995259,2.999999999995259,1.0,0.00632605818080354,0.031185590396418886,-1.7841314309045374e-11
3,0.2322016050670518,0.14332978483760672,-2.999999999995257,2.999999999995257,1.0,0.006326085010171805,0.03118559702138296,-1.783828518976801e-11
4,0.23220286510355076,0.14333053534367066,-2.9999999999952567,2.9999999999952567,1.0,0.006326114997092785,0.0311856044255679,-1.7836990878339795e-11
5,0.23220424506455667,0.14333135727897178,-2.999999999995259,2.999999999995259,1.0,0.006326147838191335,0.031185612533916832,-1.7840992908064473e-11
6,0.23220573521644117,0.14333224484581658,-2.9999999999952585,2.9999999999952585,1.0,0.006326183301862666,0.031185621289098128,-1.7840739420383766e-11
