epoch,beta,coefficient,loss,expected_cut,best_measured_cut,success_probability_ancilla_1,max_postselected_probability,grad
0,0.23400955087290967,0.144406193203554,-4.286665592981729,4.286665592981729,6.0,0.055348869696337906,0.28155964137605566,0.25272925614249075
1,0.22403952523115783,0.138459304996804,-4.288883427022256,4.288883427022256,6.0,0.05514839256359201,0.2826464147308616,0.23271434151299608
2,0.21412550153131843,0.1325198511839235,-4.290881448568988,4.290881448568988,6.0,0.05495699891940521,0.283691332105475,0.21207340338501954
3,0.20429909865273932,0.1266083268532896,-4.292651444889081,4.292651444889081,6.0,0.05477527421980807,0.2846902062235599,0.19088838578159062
4,0.19459841638003,0.12074942358137464,-4.294187455534892,4.294187455534892,6.0,0.054603802465416025,0.28563880605589176,0.16926243544741207
5,0.18506892505565511,0.11497259925729962,-4.295486489204887,4.295486489204887,6.0,0.05444315306382422,0.28653294252134187,0.14732277891061038
6,0.1757642250911169,0.10931256457314731,-4.296549321200194,4.296549321200194,6.0,0.05429386334785301,0.28736858221875466,0.12522342009232013
7,0.16674649295869992,0.10380956947486862,-4.297381320763154,4.297381320763154,6.0,0.05415641625212217,0.2881419922196687,0.10314726516670922
8,0.1580863596897196,0.09850932793889298,-4.2979932158469945,4.2979932158469945,6.0,0.05403121325377913,0.28884991521117004,0.0813070900461722
9,0.1498619152287153,0.09346238582239619,-4.2984016534337135,4.2984016534337135,6.0,0.053918543783875825,0.2894897675018866,0.05994456953368972
10,0.1421565373328702,0.08872273969353907,-4.298629370016672,4.298629370016672,6.0,0.053818553924188745,0.29005984252669603,0.0393264579509085
11,0.13505535661261403,0.08434558599937894,-4.298704774133545,4.298704774133545,6.0,0.05373121904637599,0.29055949116389795,0.019737069164005087
12,0.12864042272232606,0.08038424073163049,-4.298660791539197,4.298660791539197,6.0,0.05365632643863441,0.29098924158011674,0.0014665910559928678
13,0.12298500520417255,0.07688650398277508,-4.298532953081532,4.298532953081532,6.0,0.053593473896244644,0.29135082153734587,-0.015204431592303216
