{
  "0": 0.0,
  "1": -0.1413057397378645,
  "2": 0.13767810117041757,
  "3": -0.1599787154721176,
  "4": 0.19577210546593704,
  "5": 0.2564938376968939,
  "6": 0.21539265301263025,
  "7": -0.011194102588601283,
  "8": -0.1803671608367823,
  "9": -0.1054512410152107,
  "10": -0.04623401730284337,
  "11": 0.005659690365099759,
  "12": -0.21143884155379503,
  "13": 0.08476143334651881,
  "14": -0.09442814823127137,
  "15": -0.10593254032991267,
  "16": -0.0038930240335616094,
  "17": -0.09572068765014134,
  "18": -0.08720668850545957,
  "19": -0.00214050878869038,
  "20": 0.2140357026684495,
  "21": 0.025925997929786403,
  "22": -0.015053295254074325,
  "23": 0.18338513986946361,
  "24": 0.060759236940181496,
  "25": 0.0060857943301485876,
  "26": -0.010151960337483727,
  "27": 0.085442818835697,
  "28": 0.0,
  "29": -0.22897087416587028,
  "30": -0.18417787161580365,
  "31": -0.005845051852137065,
  "32": -0.03816862723771574,
  "33": 0.04142175974076032,
  "34": -0.009009871250149872,
  "35": 0.04654968058393994,
  "36": -0.058886507727814036,
  "37": 0.003367830056795153,
  "38": -0.0603279948508881,
  "39": -0.08046579621935496,
  "40": 0.04657572971545542,
  "41": -0.004617444215946536,
  "42": 0.08651600278746278,
  "43": 0.06253687171223873,
  "44": 0.037242381659680274,
  "45": 0.011341768321566456,
  "46": 0.07278249955856642,
  "47": -0.05562504664352134,
  "48": 0.016516919576446416,
  "49": 0.0,
  "50": -0.005103618850222953,
  "51": 0.014904181074879045,
  "52": 0.008072390770440556,
  "53": -0.07230241202808216,
  "54": -0.07049088789614305,
  "55": -0.011192311200449,
  "56": 0.009072325600637103,
  "57": -0.004679513392358996,
  "58": 0.003635694421385173,
  "59": 0.007496633244835087,
  "60": 0.08464707188776582,
  "61": 0.0,
  "62": -0.004415143008673649,
  "63": 0.08631911670211918
}