{
  "0": 0.0,
  "1": -0.156944860095567,
  "2": 0.15483490311543052,
  "3": 0.0,
  "4": 0.1156179501793333,
  "5": 0.0,
  "6": 0.0,
  "7": -0.1364392962541283,
  "8": -0.05378104018534178,
  "9": 0.0,
  "10": 0.0,
  "11": 0.08420430978193563,
  "12": 0.0,
  "13": 0.09272846188205906,
  "14": -0.10963713520080627,
  "15": 0.0
}