epoch,beta,coefficient,loss,expected_cut,best_measured_cut,success_probability_ancilla_1,max_postselected_probability,grad
0,-0.308532228532656,-0.23491355058782443,-2.49999999999818,2.49999999999818,0.0,0.013732766581099336,0.062499999999954495,1.1033366138630321e-11
1,-0.30853272182647956,-0.234913903359566,-2.4999999999981792,2.4999999999981792,0.0,0.013732807636512852,0.06249999999995448,1.1033977938593763e-11
2,-0.30853332584008986,-0.2349143353107746,-2.4999999999981783,2.4999999999981783,0.0,0.013732857906878851,0.06249999999995447,1.1034294634474198e-11
3,-0.3085340230709542,-0.23491483392470014,-2.4999999999981792,2.4999999999981792,0.0,0.013732915935546805,0.06249999999995448,1.1031563788687332e-11
4,-0.3085348024456956,-0.2349153912823094,-2.4999999999981792,2.4999999999981792,0.0,0.013732980800945338,0.06249999999995448,1.1036020528468091e-11
