{
  "0": 0.0,
  "1": -0.2836354413268684,
  "2": 0.27153248154989834,
  "3": -0.26909310260002123,
  "4": -0.3785580156087025,
  "5": 0.27511088378100096,
  "6": 0.030091840465580316,
  "7": 0.2474977889254502,
  "8": 0.11289054723126074,
  "9": -0.024046509609183343,
  "10": -0.01399411936360665,
  "11": 0.018053867871882068,
  "12": 0.0015440249169101157,
  "13": 0.0017019319315613563,
  "14": 0.007649152374051286,
  "15": 0.0,
  "16": -0.04978764144391259,
  "17": 0.1922469433780923,
  "18": 0.21003353767963207,
  "19": 0.0,
  "20": -0.26992139294116546,
  "21": 0.06992056969657869,
  "22": 0.06582011023946674,
  "23": -0.22202785793704416,
  "24": 0.06306158685124104,
  "25": 0.01798675041695516,
  "26": -0.12080839656047322,
  "27": 0.07309182796945338,
  "28": 0.17205577455600696,
  "29": -0.08809057487197451,
  "30": 0.0,
  "31": -0.18322323508268792,
  "32": 0.11515516924674936,
  "33": -0.060664913331539484,
  "34": 0.0,
  "35": -0.06212324395351701,
  "36": 0.0,
  "37": 0.10631125603734858,
  "38": -0.10188197647731122,
  "39": 0.07393678992481184,
  "40": 0.0,
  "41": 0.02616373319879264,
  "42": -0.08813953951918661,
  "43": 0.048664720763771124,
  "44": 0.0,
  "45": -0.07171137983539162,
  "46": 0.0,
  "47": -0.08389182094377019,
  "48": -0.012041846436440875,
  "49": 0.035513008356218824,
  "50": -0.03120430367823347,
  "51": 0.006453685695610245,
  "52": 0.045232364613956015,
  "53": 0.0,
  "54": 0.0,
  "55": -0.04066743293624699,
  "56": -0.04696666253745617,
  "57": -0.09037755736959947,
  "58": -0.08673909007120449,
  "59": 0.09612580165670351,
  "60": 0.08933741517452572,
  "61": -0.05508462599292421,
  "62": 0.08988531976857295,
  "63": 0.07114611895770107
}