epoch,beta,coefficient,loss,expected_cut,best_measured_cut,success_probability_ancilla_1,max_postselected_probability,grad
0,-0.3658802653261517,-0.2751901489109543,-1.9999999999989369,1.9999999999989369,0.0,0.01881322706240072,0.06249999999996679,5.290393566627752e-12
1,-0.3658805018363515,-0.275190311860844,-1.999999999998937,1.999999999998937,0.0,0.01881324920158867,0.06249999999996679,5.28960129914742e-12
2,-0.3658807913312323,-0.27519051131587907,-1.999999999998937,1.999999999998937,0.0,0.018813276300565857,0.06249999999996679,5.28523285091264e-12
3,-0.3658811255084846,-0.275190741555947,-1.9999999999989369,1.9999999999989369,0.0,0.018813307582178248,0.06249999999996678,5.287268563980855e-12
4,-0.3658814990389682,-0.2751909989093784,-1.9999999999989369,1.9999999999989369,0.0,0.018813342547583326,0.06249999999996678,5.288167841224243e-12
