{
  "0": 0.0,
  "1": -0.15951179089477144,
  "2": 0.1454127333476285,
  "3": -0.1433751535346628,
  "4": 0.19903067467184762,
  "5": 0.2470274556371001,
  "6": 0.21299028164943845,
  "7": 0.0,
  "8": -0.1849928239742677,
  "9": -0.12126690139382178,
  "10": -0.0599278810582799,
  "11": 0.004077890774363719,
  "12": -0.20031079369436525,
  "13": 0.09949475552365207,
  "14": -0.10921406573512461,
  "15": -0.10027307628108267,
  "16": 0.1194818413184349,
  "17": 0.06834941508847578,
  "18": 0.03690914630169433,
  "19": -0.012783917385011206,
  "20": 0.060948678404474856,
  "21": -0.1325223920894892,
  "22": 0.004269055370177685,
  "23": -0.011885541822026176,
  "24": -0.08657964929285589,
  "25": 0.09640328618517202,
  "26": -0.12152419229950497,
  "27": 0.02148154542736141,
  "28": -0.07772328172462137,
  "29": -0.15724676673746377,
  "30": -0.09954028830321711,
  "31": 0.06884298805231727,
  "32": -0.03872769945207429,
  "33": -0.08641670523737878,
  "34": -0.06462345823516613,
  "35": -0.0022552732058275897,
  "36": 0.13866833596916237,
  "37": 0.08118657973632812,
  "38": 0.011315709522766233,
  "39": 0.14273381827111156,
  "40": 0.10528985899051001,
  "41": -0.03339138948154762,
  "42": 0.03314734777831053,
  "43": 0.06832165175690114,
  "44": 0.002275418190720989,
  "45": -0.1241607161711454,
  "46": -0.13833853423463788,
  "47": -0.056641082703079534,
  "48": -0.012629123320416501,
  "49": 0.06333687722649341,
  "50": -0.016363111207411216,
  "51": 0.02210753081950571,
  "52": -0.07155247298843574,
  "53": -0.015070368866583856,
  "54": 0.0057088216807733355,
  "55": -0.005849906042533738,
  "56": 0.07458251582124586,
  "57": 0.08596546801187122,
  "58": 0.05076513128563741,
  "59": -0.027544953038840667,
  "60": -0.006760793852656947,
  "61": -0.06890400651676863,
  "62": 0.07991424677547036,
  "63": -0.06459204169113261
}