{
  "config": {
    "N_VERTICES": 4,
    "PROB_ARESTA": 0.4,
    "COM_PESO": false,
    "PESO_MIN": 1,
    "PESO_MAX": 1,
    "GRAPH_SEED": 104678,
    "GRAPH_EDGES": [
      [
        1,
        2,
        1.0
      ],
      [
        1,
        3,
        1.0
      ],
      [
        2,
        3,
        1.0
      ]
    ],
    "REVERSE_BITS": false,
    "ER": 1.25,
    "MAX_TERMS": null,
    "A_MAX": 1.0471975511965976,
    "INIT_BETA": 0.5,
    "MAX_EPOCHS": 200,
    "LR": 0.01,
    "FD_EPS": 0.01,
    "LOSS_TOL_LAST5": 0.0005,
    "PATIENCE_LAST5": 5,
    "TRAIN_SEED": 7,
    "INIT_BETA_JITTER": 0.08,
    "OPTIMIZER": "adam",
    "ADAM_BETA1": 0.9,
    "ADAM_BETA2": 0.999,
    "ADAM_EPS": 1e-08,
    "COEF_ZERO_TOL": 0.0005,
    "IMPROVEMENT_TOL": 0.0005,
    "SATURATION_PATIENCE": 150,
    "INDEX_STRATEGY": "ascending",
    "INDEX_RANDOM_SEED": 42,
    "ENABLE_BACKWARD_PRUNING": false,
    "BACKWARD_PASSES": 1,
    "PRUNE_IMPROVEMENT_TOL": 1e-06,
    "OUTDIR": "benchmark_results_walsh_article/unweighted/aggressive_loader/n4/graph05_trainseed07",
    "SHOW_PLOTS": false,
    "name": "aggressive_loader"
  },
  "n_qubits_register": 4,
  "graph_edges": [
    [
      1,
      2,
      1.0
    ],
    [
      1,
      3,
      1.0
    ],
    [
      2,
      3,
      1.0
    ]
  ],
  "graph_signature": "be861fe0b30163c15a2bc45387e42148d677589ca12d320c9ad2ad740a6f1fe8",
  "graph_num_edges": 3,
  "graph_density": 0.5,
  "best_cut_bruteforce": 2.0,
  "best_bitstring_bruteforce": "0001",
  "best_index_bruteforce": 1,
  "candidate_order": [
    1,
    2,
    3,
    4,
    5,
    6,
    7,
    8,
    9,
    10,
    11,
    12,
    13,
    14,
    15
  ],
  "total_possible_parameters": 15,
  "visited_parameters": 15,
  "trained_coefficients": {
    "0": 0.0,
    "1": -0.4376553287663182,
    "2": 0.44794125615176944,
    "3": -0.4324071156406742,
    "4": -0.6076029227960033,
    "5": 0.4174483620423105,
    "6": 0.08871226522259001,
    "7": 0.40376088506200597,
    "8": 0.16630650514408044,
    "9": 0.0,
    "10": -0.06854327580926123,
    "11": 0.018776122177970467,
    "12": -0.0056092445656714665,
    "13": 0.0009406812808280087,
    "14": 0.0048232005409882105,
    "15": 0.0017796506567916033
  },
  "final_coefficient_vector": [
    0.0,
    -0.4376553287663182,
    0.44794125615176944,
    -0.4324071156406742,
    -0.6076029227960033,
    0.4174483620423105,
    0.08871226522259001,
    0.40376088506200597,
    0.16630650514408044,
    0.0,
    -0.06854327580926123,
    0.018776122177970467,
    -0.0056092445656714665,
    0.0009406812808280087,
    0.0048232005409882105,
    0.0017796506567916033
  ],
  "active_indices": [
    1,
    2,
    3,
    4,
    5,
    6,
    7,
    8,
    10,
    11,
    12,
    13,
    14,
    15
  ],
  "active_parameter_count": 14,
  "compression_ratio_active_over_total": 0.9333333333333333,
  "final_loss": -1.999479519706452,
  "final_expected_cut": 1.999479519706452,
  "best_expected_cut_over_evolution": 1.9995060484861051,
  "final_best_measured_index": 11,
  "final_best_measured_bitstring": "1011",
  "final_best_measured_cut": 2.0,
  "best_measured_cut_over_evolution": 2.0,
  "final_success_probability_ancilla_1": 0.26940710230191445,
  "final_max_postselected_probability": 0.2316389577655128,
  "gap_expected_to_bruteforce": 0.000520480293547898,
  "gap_measured_to_bruteforce": 0.0,
  "approx_ratio_measured": 1.0,
  "n_steps": 15,
  "elapsed_seconds": 41.27600336074829,
  "steps": [
    {
      "visit_idx": 1,
      "j": 1,
      "kept": true,
      "beta": -0.4451813775971189,
      "coefficient": -0.4376553287663182,
      "loss": -1.5,
      "expected_cut": 1.5,
      "best_measured_cut": 0.0,
      "success_probability_ancilla_1": 0.07297361475434018,
      "epochs_run": 5,
      "stop_reason": "loss_plateau_last5",
      "history_path": "benchmark_results_walsh_article/unweighted/aggressive_loader/n4/graph05_trainseed07/histories/history_visit001_j001.json",
      "improvement_vs_previous": 1.5
    },
    {
      "visit_idx": 2,
      "j": 2,
      "kept": true,
      "beta": 0.4571424755537875,
      "coefficient": 0.44794125615176944,
      "loss": -1.5,
      "expected_cut": 1.5,
      "best_measured_cut": 2.0,
      "success_probability_ancilla_1": 0.1381830574162504,
      "epochs_run": 5,
      "stop_reason": "loss_plateau_last5",
      "history_path": "benchmark_results_walsh_article/unweighted/aggressive_loader/n4/graph05_trainseed07/histories/history_visit002_j002.json",
      "improvement_vs_previous": 0.0
    },
    {
      "visit_idx": 3,
      "j": 3,
      "kept": true,
      "beta": -0.43912437976578117,
      "coefficient": -0.4324071156406742,
      "loss": -1.4999999999999998,
      "expected_cut": 1.4999999999999998,
      "best_measured_cut": 0.0,
      "success_probability_ancilla_1": 0.18976117360973951,
      "epochs_run": 5,
      "stop_reason": "loss_plateau_last5",
      "history_path": "benchmark_results_walsh_article/unweighted/aggressive_loader/n4/graph05_trainseed07/histories/history_visit003_j003.json",
      "improvement_vs_previous": -2.220446049250313e-16
    },
    {
      "visit_idx": 4,
      "j": 4,
      "kept": true,
      "beta": -0.6627913589281471,
      "coefficient": -0.6076029227960033,
      "loss": -1.7434466227471235,
      "expected_cut": 1.7434466227471235,
      "best_measured_cut": 2.0,
      "success_probability_ancilla_1": 0.27502167017829254,
      "epochs_run": 148,
      "stop_reason": "loss_plateau_last5",
      "history_path": "benchmark_results_walsh_article/unweighted/aggressive_loader/n4/graph05_trainseed07/histories/history_visit004_j004.json",
      "improvement_vs_previous": 0.2434466227471237
    },
    {
      "visit_idx": 5,
      "j": 5,
      "kept": true,
      "beta": 0.42202358356276204,
      "coefficient": 0.4174483620423105,
      "loss": -1.8461287842013485,
      "expected_cut": 1.8461287842013485,
      "best_measured_cut": 2.0,
      "success_probability_ancilla_1": 0.26490671773257757,
      "epochs_run": 112,
      "stop_reason": "loss_plateau_last5",
      "history_path": "benchmark_results_walsh_article/unweighted/aggressive_loader/n4/graph05_trainseed07/histories/history_visit005_j005.json",
      "improvement_vs_previous": 0.10268216145422504
    },
    {
      "visit_idx": 6,
      "j": 6,
      "kept": true,
      "beta": 0.08491749895173611,
      "coefficient": 0.08871226522259001,
      "loss": -1.848876194969363,
      "expected_cut": 1.848876194969363,
      "best_measured_cut": 2.0,
      "success_probability_ancilla_1": 0.2785796409352469,
      "epochs_run": 52,
      "stop_reason": "loss_plateau_last5",
      "history_path": "benchmark_results_walsh_article/unweighted/aggressive_loader/n4/graph05_trainseed07/histories/history_visit006_j006.json",
      "improvement_vs_previous": 0.0027474107680145465
    },
    {
      "visit_idx": 7,
      "j": 7,
      "kept": true,
      "beta": 0.40657800315625836,
      "coefficient": 0.40376088506200597,
      "loss": -1.9743151686981797,
      "expected_cut": 1.9743151686981797,
      "best_measured_cut": 2.0,
      "success_probability_ancilla_1": 0.2621322934574777,
      "epochs_run": 109,
      "stop_reason": "loss_plateau_last5",
      "history_path": "benchmark_results_walsh_article/unweighted/aggressive_loader/n4/graph05_trainseed07/histories/history_visit007_j007.json",
      "improvement_vs_previous": 0.12543897372881663
    },
    {
      "visit_idx": 8,
      "j": 8,
      "kept": true,
      "beta": 0.16016671016025263,
      "coefficient": 0.16630650514408044,
      "loss": -1.9932264569014246,
      "expected_cut": 1.9932264569014246,
      "best_measured_cut": 2.0,
      "success_probability_ancilla_1": 0.2672535839275875,
      "epochs_run": 38,
      "stop_reason": "loss_plateau_last5",
      "history_path": "benchmark_results_walsh_article/unweighted/aggressive_loader/n4/graph05_trainseed07/histories/history_visit008_j008.json",