{
  "config": {
    "N_VERTICES": 4,
    "PROB_ARESTA": 0.85,
    "COM_PESO": false,
    "PESO_MIN": 1,
    "PESO_MAX": 1,
    "GRAPH_SEED": 104375,
    "GRAPH_EDGES": [
      [
        0,
        1,
        1.0
      ],
      [
        0,
        3,
        1.0
      ],
      [
        1,
        2,
        1.0
      ],
      [
        1,
        3,
        1.0
      ],
      [
        2,
        3,
        1.0
      ]
    ],
    "REVERSE_BITS": false,
    "ER": 1.25,
    "MAX_TERMS": null,
    "A_MAX": 1.0471975511965976,
    "INIT_BETA": 0.5,
    "MAX_EPOCHS": 200,
    "LR": 0.01,
    "FD_EPS": 0.01,
    "LOSS_TOL_LAST5": 0.0005,
    "PATIENCE_LAST5": 5,
    "TRAIN_SEED": 3,
    "INIT_BETA_JITTER": 0.08,
    "OPTIMIZER": "adam",
    "ADAM_BETA1": 0.9,
    "ADAM_BETA2": 0.999,
    "ADAM_EPS": 1e-08,
    "COEF_ZERO_TOL": 0.0005,
    "IMPROVEMENT_TOL": 0.0005,
    "SATURATION_PATIENCE": 150,
    "INDEX_STRATEGY": "ascending",
    "INDEX_RANDOM_SEED": 42,
    "ENABLE_BACKWARD_PRUNING": false,
    "BACKWARD_PASSES": 1,
    "PRUNE_IMPROVEMENT_TOL": 1e-06,
    "OUTDIR": "benchmark_results_walsh_article/unweighted/aggressive_loader/n4/graph02_trainseed03",
    "SHOW_PLOTS": false,
    "name": "aggressive_loader"
  },
  "n_qubits_register": 4,
  "graph_edges": [
    [
      0,
      1,
      1.0
    ],
    [
      0,
      3,
      1.0
    ],
    [
      1,
      2,
      1.0
    ],
    [
      1,
      3,
      1.0
    ],
    [
      2,
      3,
      1.0
    ]
  ],
  "graph_signature": "088078414915f783002f6e924a47ca164ddb929b0c303d60c8d30a073f7782ae",
  "graph_num_edges": 5,
  "graph_density": 0.8333333333333334,
  "best_cut_bruteforce": 4.0,
  "best_bitstring_bruteforce": "0101",
  "best_index_bruteforce": 5,
  "candidate_order": [
    1,
    2,
    3,
    4,
    5,
    6,
    7,
    8,
    9,
    10,
    11,
    12,
    13,
    14,
    15
  ],
  "total_possible_parameters": 15,
  "visited_parameters": 15,
  "trained_coefficients": {
    "0": 0.0,
    "1": -0.4276419952522675,
    "2": 0.4306123320442977,
    "3": 0.0007303935544467008,
    "4": -0.26634059877100347,
    "5": 0.0,
    "6": -0.0007116141269188958,
    "7": 0.3451063042187904,
    "8": 0.04809635388431621,
    "9": -0.001044512659379524,
    "10": 0.0019324728105127931,
    "11": -0.11222830890197442,
    "12": -0.0018807758031861774,
    "13": 0.1356148670431929,
    "14": -0.22820251880247233,
    "15": 0.0012176842201404182
  },
  "final_coefficient_vector": [
    0.0,
    -0.4276419952522675,
    0.4306123320442977,
    0.0007303935544467008,
    -0.26634059877100347,
    0.0,
    -0.0007116141269188958,
    0.3451063042187904,
    0.04809635388431621,
    -0.001044512659379524,
    0.0019324728105127931,
    -0.11222830890197442,
    -0.0018807758031861774,
    0.1356148670431929,
    -0.22820251880247233,
    0.0012176842201404182
  ],
  "active_indices": [
    1,
    2,
    3,
    4,
    6,
    7,
    8,
    9,
    10,
    11,
    12,
    13,
    14,
    15
  ],
  "active_parameter_count": 14,
  "compression_ratio_active_over_total": 0.9333333333333333,
  "final_loss": -3.676369077282976,
  "final_expected_cut": 3.676369077282976,
  "best_expected_cut_over_evolution": 3.676369077282976,
  "final_best_measured_index": 10,
  "final_best_measured_bitstring": "1010",
  "final_best_measured_cut": 4.0,
  "best_measured_cut_over_evolution": 4.0,
  "final_success_probability_ancilla_1": 0.1644902985787021,
  "final_max_postselected_probability": 0.34216849995651605,
  "gap_expected_to_bruteforce": 0.3236309227170242,
  "gap_measured_to_bruteforce": 0.0,
  "approx_ratio_measured": 1.0,
  "n_steps": 15,
  "elapsed_seconds": 39.77249789237976,
  "steps": [
    {
      "visit_idx": 1,
      "j": 1,
      "kept": true,
      "beta": -0.4336510525282549,
      "coefficient": -0.4276419952522675,
      "loss": -2.5,
      "expected_cut": 2.5,
      "best_measured_cut": 0.0,
      "success_probability_ancilla_1": 0.06975164999067349,
      "epochs_run": 5,
      "stop_reason": "loss_plateau_last5",
      "history_path": "benchmark_results_walsh_article/unweighted/aggressive_loader/n4/graph02_trainseed03/histories/history_visit001_j001.json",
      "improvement_vs_previous": 2.5
    },
    {
      "visit_idx": 2,
      "j": 2,
      "kept": true,
      "beta": 0.4370599592539968,
      "coefficient": 0.4306123320442977,
      "loss": -2.9999868042533464,
      "expected_cut": 2.9999868042533464,
      "best_measured_cut": 3.0,
      "success_probability_ancilla_1": 0.1305891095309525,
      "epochs_run": 6,
      "stop_reason": "loss_plateau_last5",
      "history_path": "benchmark_results_walsh_article/unweighted/aggressive_loader/n4/graph02_trainseed03/histories/history_visit002_j002.json",
      "improvement_vs_previous": 0.4999868042533464
    },
    {
      "visit_idx": 3,
      "j": 3,
      "kept": true,
      "beta": 0.0006974745806562258,
      "coefficient": 0.0007303935544467008,
      "loss": -2.9999860063965684,
      "expected_cut": 2.9999860063965684,
      "best_measured_cut": 3.0,
      "success_probability_ancilla_1": 0.1305892634929578,
      "epochs_run": 60,
      "stop_reason": "loss_plateau_last5",
      "history_path": "benchmark_results_walsh_article/unweighted/aggressive_loader/n4/graph02_trainseed03/histories/history_visit003_j003.json",
      "improvement_vs_previous": -7.978567779787227e-07
    },
    {
      "visit_idx": 4,
      "j": 4,
      "kept": true,
      "beta": -0.26004383982949314,
      "coefficient": -0.26634059877100347,
      "loss": -3.1478874672301735,
      "expected_cut": 3.1478874672301735,
      "best_measured_cut": 3.0,
      "success_probability_ancilla_1": 0.15087352302014817,
      "epochs_run": 82,
      "stop_reason": "loss_plateau_last5",
      "history_path": "benchmark_results_walsh_article/unweighted/aggressive_loader/n4/graph02_trainseed03/histories/history_visit004_j004.json",
      "improvement_vs_previous": 0.14790146083360511
    },
    {
      "visit_idx": 5,
      "j": 5,
      "kept": false,
      "beta": 0.00028967371686584517,
      "coefficient": 0.0,
      "loss": -3.1478874672301735,
      "expected_cut": 3.1478874672301735,
      "best_measured_cut": 3.0,
      "success_probability_ancilla_1": 0.15087352302014817,
      "epochs_run": 62,
      "stop_reason": "loss_plateau_last5_and_discarded_near_zero",
      "history_path": "benchmark_results_walsh_article/unweighted/aggressive_loader/n4/graph02_trainseed03/histories/history_visit005_j005.json",
      "improvement_vs_previous": 0.0
    },
    {
      "visit_idx": 6,
      "j": 6,
      "kept": true,
      "beta": -0.0006795415398377922,
      "coefficient": -0.0007116141269188958,
      "loss": -3.147886894679259,
      "expected_cut": 3.147886894679259,
      "best_measured_cut": 3.0,
      "success_probability_ancilla_1": 0.15087371918931414,
      "epochs_run": 52,
      "stop_reason": "loss_plateau_last5",
      "history_path": "benchmark_results_walsh_article/unweighted/aggressive_loader/n4/graph02_trainseed03/histories/history_visit006_j006.json",
      "improvement_vs_previous": -5.725509146792263e-07
    },
    {
      "visit_idx": 7,
      "j": 7,
      "kept": true,
      "beta": 0.34232586349037886,
      "coefficient": 0.3451063042187904,
      "loss": -3.4529353684373536,
      "expected_cut": 3.4529353684373536,
      "best_measured_cut": 3.0,
      "success_probability_ancilla_1": 0.1650135508864174,
      "epochs_run": 98,
      "stop_reason": "loss_plateau_last5",
      "history_path": "benchmark_results_walsh_article/unweighted/aggressive_loader/n4/graph02_trainseed03/histories/history_visit007_j007.json",
      "improvement_vs_previous": 0.30504847375809474
    },
    {
      "visit_idx": 8,
      "j": 8,
      "kept": true,
      "beta": 0.045960970286764866,
      "coefficient": 0.04809635388431621,
      "loss": -3.4579349654637666,
      "expected_cut": 3.4579349654637666,
      "best_measured_cut": 4.0,