{
  "config": {
    "N_VERTICES": 4,
    "PROB_ARESTA": 0.55,
    "COM_PESO": false,
    "PESO_MIN": 1,
    "PESO_MAX": 1,
    "GRAPH_SEED": 104577,
    "GRAPH_EDGES": [
      [
        0,
        2,
        1.0
      ],
      [
        2,
        3,
        1.0
      ]
    ],
    "REVERSE_BITS": false,
    "ER": 1.25,
    "MAX_TERMS": null,
    "A_MAX": 1.0471975511965976,
    "INIT_BETA": 0.5,
    "MAX_EPOCHS": 200,
    "LR": 0.01,
    "FD_EPS": 0.01,
    "LOSS_TOL_LAST5": 0.0005,
    "PATIENCE_LAST5": 5,
    "TRAIN_SEED": 8,
    "INIT_BETA_JITTER": 0.08,
    "OPTIMIZER": "adam",
    "ADAM_BETA1": 0.9,
    "ADAM_BETA2": 0.999,
    "ADAM_EPS": 1e-08,
    "COEF_ZERO_TOL": 0.0005,
    "IMPROVEMENT_TOL": 0.0005,
    "SATURATION_PATIENCE": 150,
    "INDEX_STRATEGY": "ascending",
    "INDEX_RANDOM_SEED": 42,
    "ENABLE_BACKWARD_PRUNING": false,
    "BACKWARD_PASSES": 1,
    "PRUNE_IMPROVEMENT_TOL": 1e-06,
    "OUTDIR": "benchmark_results_walsh_article/unweighted/aggressive_loader/n4/graph04_trainseed08",
    "SHOW_PLOTS": false,
    "name": "aggressive_loader"
  },
  "n_qubits_register": 4,
  "graph_edges": [
    [
      0,
      2,
      1.0
    ],
    [
      2,
      3,
      1.0
    ]
  ],
  "graph_signature": "ab3e1e60a1be6f27a830f37b39d70bd64af7163327db0f23a1fcb2724d77253c",
  "graph_num_edges": 2,
  "graph_density": 0.3333333333333333,
  "best_cut_bruteforce": 2.0,
  "best_bitstring_bruteforce": "0010",
  "best_index_bruteforce": 2,
  "candidate_order": [
    1,
    2,
    3,
    4,
    5,
    6,
    7,
    8,
    9,
    10,
    11,
    12,
    13,
    14,
    15
  ],
  "total_possible_parameters": 15,
  "visited_parameters": 15,
  "trained_coefficients": {
    "0": 0.0,
    "1": -0.545824880821963,
    "2": 0.5450436293490077,
    "3": -0.4777367968190169,
    "4": 0.7514554845950847,
    "5": 0.004954060114685382,
    "6": 0.4677139648989241,
    "7": -0.5468752704687664,
    "8": -0.11819130250355143,
    "9": -0.32782311340858356,
    "10": 0.02501111957474549,
    "11": -0.020426324020128752,
    "12": 0.475769974253708,
    "13": 0.011753588099733873,
    "14": 0.040564292326708766,
    "15": -0.06373520017499014
  },
  "final_coefficient_vector": [
    0.0,
    -0.545824880821963,
    0.5450436293490077,
    -0.4777367968190169,
    0.7514554845950847,
    0.004954060114685382,
    0.4677139648989241,
    -0.5468752704687664,
    -0.11819130250355143,
    -0.32782311340858356,
    0.02501111957474549,
    -0.020426324020128752,
    0.475769974253708,
    0.011753588099733873,
    0.040564292326708766,
    -0.06373520017499014
  ],
  "active_indices": [
    1,
    2,
    3,
    4,
    5,
    6,
    7,
    8,
    9,
    10,
    11,
    12,
    13,
    14,
    15
  ],
  "active_parameter_count": 15,
  "compression_ratio_active_over_total": 1.0,
  "final_loss": -1.8289283440648594,
  "final_expected_cut": 1.8289283440648594,
  "best_expected_cut_over_evolution": 1.8289283440648594,
  "final_best_measured_index": 9,
  "final_best_measured_bitstring": "1001",
  "final_best_measured_cut": 2.0,
  "best_measured_cut_over_evolution": 2.0,
  "final_success_probability_ancilla_1": 0.2541098022749102,
  "final_max_postselected_probability": 0.24595200843741707,
  "gap_expected_to_bruteforce": 0.17107165593514062,
  "gap_measured_to_bruteforce": 0.0,
  "approx_ratio_measured": 1.0,
  "n_steps": 15,
  "elapsed_seconds": 11.582029342651367,
  "steps": [
    {
      "visit_idx": 1,
      "j": 1,
      "kept": true,
      "beta": -0.5780193569115468,
      "coefficient": -0.545824880821963,
      "loss": -1.0000000000000002,
      "expected_cut": 1.0000000000000002,
      "best_measured_cut": 0.0,
      "success_probability_ancilla_1": 0.11193182171844102,
      "epochs_run": 5,
      "stop_reason": "loss_plateau_last5",
      "history_path": "benchmark_results_walsh_article/unweighted/aggressive_loader/n4/graph04_trainseed08/histories/history_visit001_j001.json",
      "improvement_vs_previous": 1.0000000000000002
    },
    {
      "visit_idx": 2,
      "j": 2,
      "kept": true,
      "beta": 0.5769955801635571,
      "coefficient": 0.5450436293490077,
      "loss": -1.0,
      "expected_cut": 1.0,
      "best_measured_cut": 0.0,
      "success_probability_ancilla_1": 0.1985673541749601,
      "epochs_run": 5,
      "stop_reason": "loss_plateau_last5",
      "history_path": "benchmark_results_walsh_article/unweighted/aggressive_loader/n4/graph04_trainseed08/histories/history_visit002_j002.json",
      "improvement_vs_previous": -2.220446049250313e-16
    },
    {
      "visit_idx": 3,
      "j": 3,
      "kept": true,
      "beta": -0.4925083847696144,
      "coefficient": -0.4777367968190169,
      "loss": -0.9999999999999998,
      "expected_cut": 0.9999999999999998,
      "best_measured_cut": 1.0,
      "success_probability_ancilla_1": 0.25073639686959354,
      "epochs_run": 5,
      "stop_reason": "loss_plateau_last5",
      "history_path": "benchmark_results_walsh_article/unweighted/aggressive_loader/n4/graph04_trainseed08/histories/history_visit003_j003.json",
      "improvement_vs_previous": -2.220446049250313e-16
    },
    {
      "visit_idx": 4,
      "j": 4,
      "kept": true,
      "beta": 0.9026528362440553,
      "coefficient": 0.7514554845950847,
      "loss": -1.2316263601859023,
      "expected_cut": 1.2316263601859023,
      "best_measured_cut": 1.0,
      "success_probability_ancilla_1": 0.3528503356840363,
      "epochs_run": 47,
      "stop_reason": "loss_plateau_last5",
      "history_path": "benchmark_results_walsh_article/unweighted/aggressive_loader/n4/graph04_trainseed08/histories/history_visit004_j004.json",
      "improvement_vs_previous": 0.23162636018590255
    },
    {
      "visit_idx": 5,
      "j": 5,
      "kept": true,
      "beta": 0.004730814226268942,
      "coefficient": 0.004954060114685382,
      "loss": -1.2317472977152784,
      "expected_cut": 1.2317472977152784,
      "best_measured_cut": 1.0,
      "success_probability_ancilla_1": 0.3535400893185153,
      "epochs_run": 59,
      "stop_reason": "loss_plateau_last5",
      "history_path": "benchmark_results_walsh_article/unweighted/aggressive_loader/n4/graph04_trainseed08/histories/history_visit005_j005.json",
      "improvement_vs_previous": 0.00012093752937603064
    },
    {
      "visit_idx": 6,
      "j": 6,
      "kept": true,
      "beta": 0.4804874862727961,
      "coefficient": 0.4677139648989241,
      "loss": -1.3036536105873713,
      "expected_cut": 1.3036536105873713,
      "best_measured_cut": 1.0,
      "success_probability_ancilla_1": 0.3168539562888771,
      "epochs_run": 5,
      "stop_reason": "loss_plateau_last5",
      "history_path": "benchmark_results_walsh_article/unweighted/aggressive_loader/n4/graph04_trainseed08/histories/history_visit006_j006.json",
      "improvement_vs_previous": 0.07190631287209293
    },
    {
      "visit_idx": 7,
      "j": 7,
      "kept": true,
      "beta": -0.5793975454641869,
      "coefficient": -0.5468752704687664,
      "loss": -1.4683931481714316,
      "expected_cut": 1.4683931481714316,
      "best_measured_cut": 1.0,
      "success_probability_ancilla_1": 0.2606222020024029,
      "epochs_run": 5,
      "stop_reason": "loss_plateau_last5",
      "history_path": "benchmark_results_walsh_article/unweighted/aggressive_loader/n4/graph04_trainseed08/histories/history_visit007_j007.json",
      "improvement_vs_previous": 0.16473953758406035
    },
    {
      "visit_idx": 8,
      "j": 8,
      "kept": true,
      "beta": -0.11334731262962199,
      "coefficient": -0.11819130250355143,
      "loss": -1.4818624544716181,
      "expected_cut": 1.4818624544716181,
      "best_measured_cut": 1.0,
      "success_probability_ancilla_1": 0.26322988533823183,
      "epochs_run": 75,
      "stop_reason": "loss_plateau_last5",
      "history_path": "benchmark_results_walsh_article/unweighted/aggressive_loader/n4/graph04_trainseed08/histories/history_visit008_j008.json",