epoch,beta,coefficient,loss,expected_cut,best_measured_cut,success_probability_ancilla_1,max_postselected_probability,grad
0,-0.23706456160854675,-0.14622303955053667,-0.9999999999990978,0.9999999999990978,1.0,0.011087055360575342,0.18610800661482815,1.951817936978811e-12
1,-0.2370646488926672,-0.14622309142255707,-0.9999999999990982,0.9999999999990982,1.0,0.011087057454924503,0.18610801064386698,1.952614960363681e-12
2,-0.23706475575849675,-0.14622315493177515,-0.9999999999990978,0.9999999999990978,1.0,0.011087060019130195,0.1861080155767844,1.9518406090480483e-12
3,-0.23706487911551327,-0.14622322824152514,-0.9999999999990983,0.9999999999990983,1.0,0.011087062979036983,0.18610802127091494,1.9515485780831644e-12
4,-0.2370650170128963,-0.14622331019245383,-0.999999999999098,0.999999999999098,1.0,0.011087066287836133,0.18610802763620127,1.952786197726017e-12
5,-0.23706516804338026,-0.14622339994823677,-0.999999999999098,0.999999999999098,1.0,0.011087069911761288,0.18610803460767708,1.952711604416598e-12
6,-0.23706533113549008,-0.14622349687210642,-0.9999999999990978,0.9999999999990978,1.0,0.011087073825103258,0.18610804213587623,1.952356460920742e-12
