epoch,beta,coefficient,loss,expected_cut,best_measured_cut,success_probability_ancilla_1,max_postselected_probability,grad
0,0.2792896295006147,0.17105814233348376,-0.9999999999987701,0.9999999999987701,0.0,0.00813218163321137,0.12499868137593355,-4.186610914638484e-12
1,0.2792898166974687,0.17105825123494497,-0.9999999999987703,0.9999999999987703,0.0,0.008132186815724904,0.12499868111675017,-4.187301044356706e-12
2,0.2792900458887829,0.17105838456659903,-0.9999999999987704,0.9999999999987704,0.0,0.008132193160851786,0.1249986807993889,-4.18604370392313e-12
3,0.27929031045285296,0.17105853847627245,-0.9999999999987704,0.9999999999987704,0.0,0.008132200485273192,0.12499868043299987,-4.18575033970478e-12
4,0.27929060615893075,0.17105871050272686,-0.9999999999987704,0.9999999999987704,0.0,0.008132208671863483,0.1249986800234232,-4.185754260768781e-12
5,0.2792909300165481,0.17105889890625456,-0.9999999999987703,0.9999999999987703,0.0,0.00813221763783394,0.124998679574782,-4.186810109340354e-12
6,0.2792912797265515,0.17105910234931943,-0.9999999999987704,0.9999999999987704,0.0,0.008132227319534752,0.12499867909024245,-4.185854529451724e-12
