{
  "0": 0.0,
  "1": -0.16995803368498816,
  "2": 0.1710585301042259,
  "3": -0.1462232241983942,
  "4": 0.26744027318058045,
  "5": -0.004435578561155633,
  "6": 0.18728933154229901,
  "7": -0.1799169403936855,
  "8": -0.1266471223694218,
  "9": 0.10157140910884738,
  "10": 0.015388852481051507,
  "11": 0.1089825206983354,
  "12": -0.16903861288499078,
  "13": 0.16012205291765477,
  "14": -0.1765315676794642,
  "15": -0.009292528673888157,
  "16": 0.0031467362299156597,
  "17": -0.00371174305784109,
  "18": 0.0,
  "19": 0.0,
  "20": 0.002076231881724411,
  "21": 0.0,
  "22": 0.0032365026732199004,
  "23": 0.0,
  "24": 0.0,
  "25": 0.0,
  "26": 0.0,
  "27": 0.0,
  "28": 0.0,
  "29": -0.002591103234474213,
  "30": 0.0,
  "31": -0.0035384556609940696,
  "32": 0.044064854008961846,
  "33": 0.03453716203020394,
  "34": 0.0487177761697119,
  "35": -0.03742262903434945,
  "36": -0.03693636176165108,
  "37": -0.12052218693411616,
  "38": 0.041140077591316944,
  "39": -0.0886275429832447,
  "40": -0.051929190757249576,
  "41": 0.07425632415963851,
  "42": -0.06115148130184521,
  "43": -0.01693818652719628,
  "44": -0.12607652120632434,
  "45": 0.10728793754875122,
  "46": 0.028070982643682012,
  "47": 0.12117482703103277,
  "48": 0.0,
  "49": 0.0,
  "50": 0.0,
  "51": 0.0,
  "52": 0.0,
  "53": 0.0,
  "54": 0.0,
  "55": 0.0,
  "56": 0.0,
  "57": 0.0,
  "58": 0.002290775255400555,
  "59": 0.0,
  "60": 0.0,
  "61": 0.0,
  "62": 0.0,
  "63": 0.0
}