epoch,beta,coefficient,loss,expected_cut,best_measured_cut,success_probability_ancilla_1,max_postselected_probability,grad
0,-0.31436079267421896,-0.2390744612037218,-6.167163391408517,6.167163391408517,6.0,0.15965245891187888,0.06899072689326702,-0.09175559096678555
1,-0.3044023760169812,-0.2319565116925717,-6.167938021471861,6.167938021471861,6.0,0.15898094761061599,0.06896257097783307,-0.08252694331249405
2,-0.2945240830182444,-0.22485434353177255,-6.168610884133763,6.168610884133763,6.0,0.15832814541571136,0.06892573685372043,-0.07298829217960136
3,-0.2847751891916616,-0.21780570892420867,-6.169178386881553,6.169178386881553,6.0,0.1576973034849237,0.06888045463094811,-0.0631860844676065
4,-0.27521800013756875,-0.21085857888251355,-6.169638573390971,6.169638573390971,6.0,0.15709218695669094,0.06882723292131131,-0.05318396578048356
5,-0.2659301101068462,-0.20407294877373894,-6.169991781268385,6.169991781268385,6.0,0.15651711430030982,0.06876693774807972,-0.04306664979818151
6,-0.2570060192700226,-0.19752216856836435,-6.170241386309216,6.170241386309216,6.0,0.15597694850412694,0.06870087188571308,-0.032943800967408066
7,-0.24855716799411381,-0.19129306923796374,-6.17039452851442,6.17039452851442,6.0,0.15547700089787966,0.06863083598752702,-0.022953107060338734
8,-0.2407091323760501,-0.18548390497485526,-6.170462620647845,6.170462620647845,6.0,0.1550228034967494,0.0685591416633267,-0.01326114332097321
