{
  "0": 0.0,
  "1": -0.16048914361337419,
  "2": 0.16203176270116743,
  "3": -0.13947584206895783,
  "4": 0.09429571000865368,
  "5": 0.23771246685176278,
  "6": 0.20048256154719868,
  "7": -0.008134295824218865,
  "8": -0.10663203127349004,
  "9": -0.1251810670630668,
  "10": -0.05926960476143227,
  "11": 0.0,
  "12": -0.1925327013857583,
  "13": 0.1266220141794259,
  "14": -0.09682241813361264,
  "15": -0.08196529871459257,
  "16": 0.012300650113791037,
  "17": 0.020655075926886573,
  "18": 0.004401956779957151,
  "19": 0.0,
  "20": -0.14860034978804695,
  "21": -0.034758750257880174,
  "22": -0.08573864430786597,
  "23": -0.13577714731394439,
  "24": 0.24073905255633946,
  "25": 0.0632701206132074,
  "26": 0.048910405107921044,
  "27": 0.18331476956502968,
  "28": -0.005527222961506881,
  "29": -0.003807101742436849,
  "30": 0.0,
  "31": -0.009009295477827573,
  "32": 0.03364429279058261,
  "33": 0.08605984644694084,
  "34": 0.06622442578857923,
  "35": -0.011698658657288983,
  "36": -0.11403001281219849,
  "37": -0.0693062243448065,
  "38": 0.016442646645553446,
  "39": -0.15543146751092882,
  "40": 0.03136200352906917,
  "41": 0.07944354949310596,
  "42": -0.04683881166406736,
  "43": 0.08108851204440624,
  "44": -0.03477556310253279,
  "45": 0.041703335113012295,
  "46": 0.06203750383949181,
  "47": 0.011042558363732372,
  "48": -0.08956366022216462,
  "49": -0.020693449307162028,
  "50": -0.0029455746577120036,
  "51": -0.07754711281988058,
  "52": 0.04442051646572163,
  "53": 0.1401425311176839,
  "54": 0.14808853278535317,
  "55": 0.03691619763730804,
  "56": -0.028248757380360378,
  "57": -0.159224898120749,
  "58": -0.1315842348806435,
  "59": -0.022186954118760767,
  "60": 0.03999012352462221,
  "61": -0.003918837551176492,
  "62": 0.017917574005826865,
  "63": 0.022680578684509824
}