epoch,beta,coefficient,loss,expected_cut,best_measured_cut,success_probability_ancilla_1,max_postselected_probability,grad
0,-0.24586102480196279,-0.15143986971941364,-6.930282791658676,6.930282791658676,8.0,0.06295145575665764,0.17364069115083977,-0.11468205319787898
1,-0.23596447755129385,-0.14556910418094993,-6.931103400415825,6.931103400415825,8.0,0.06277179575193914,0.17363473847316663,-0.09358879316266214
2,-0.22628801349712957,-0.1398027990047678,-6.9316981743518005,6.9316981743518005,8.0,0.06260358413375139,0.17360504218168032,-0.07215826693714687
3,-0.2170017083339933,-0.1342455835660945,-6.93207146904764,6.93207146904764,8.0,0.06244921309194522,0.17355388888604673,-0.050691060753128854
4,-0.2083406011160163,-0.12904257524479723,-6.9322416689168875,6.9322416689168875,8.0,0.06231157097317377,0.17348581751699954,-0.029633035929947447
5,-0.20060003717535407,-0.12437685537100411,-6.932245808440887,6.932245808440887,8.0,0.062193810495162656,0.17340808985219153,-0.009608905213373159
6,-0.19409692376519158,-0.12044593462380648,-6.9321397056052305,6.9321397056052305,8.0,0.06209875692292015,0.17333030464376412,0.008584985466219169
