epoch,beta,coefficient,loss,expected_cut,best_measured_cut,success_probability_ancilla_1,max_postselected_probability,grad
0,-0.2493636630364896,-0.15351103666924623,-6.06005640972022,6.06005640972022,5.0,0.035780887580286656,0.058197723699440686,-0.052256585987035
1,-0.239571711157987,-0.1477121398162002,-6.060355667870079,6.060355667870079,5.0,0.03555735459277879,0.05791557046803532,-0.03784030098782118
2,-0.23028664198107301,-0.14218869237433054,-6.060504768237171,6.060504768237171,5.0,0.03535260846206315,0.05763304338156755,-0.02319728135548373
3,-0.2219991686186568,-0.13723901861777238,-6.060523671161179,6.060523671161179,5.0,0.03517590554111294,0.05736841381888631,-0.00884410175845768
4,-0.21535053589337477,-0.1332551329025788,-6.060458956916099,6.060458956916099,5.0,0.03503833383198449,0.057147545934151604,0.004339915926066208
5,-0.21087225954266167,-0.1305653729475776,-6.060374497120179,6.060374497120179,5.0,0.03494779824855469,0.05699445215758042,0.01516290443375897
6,-0.20868623803081776,-0.1292505703219936,-6.060321165854672,6.060321165854672,5.0,0.03490423148627346,0.056918452068272035,0.022572714676770602
