epoch,beta,coefficient,loss,expected_cut,best_measured_cut,success_probability_ancilla_1,max_postselected_probability,grad
0,0.2606539735973526,0.1601628636080726,-5.850147638961172,5.850147638961172,7.0,0.02801456082222273,0.05139239738216108,0.1454580543039649
1,0.25067480647015383,0.1542854282872626,-5.851466675389119,5.851466675389119,7.0,0.027768018313329333,0.05113351968207552,0.13675631085990705
2,0.24073478842768883,0.14840234497193958,-5.852685985116497,5.852685985116497,7.0,0.027530428108861027,0.05085728726807137,0.12750744239503894
3,0.23085637843437087,0.1425282919153969,-5.853798731242863,5.853798731242863,7.0,0.027302379684115752,0.050564242365738934,0.11773259716875942
4,0.22106687529923283,0.1366810745256803,-5.854798732600807,5.854798732600807,7.0,0.02708448478921121,0.05025530024259342,0.10746411844665558
5,0.21139918843191038,0.13088212097230859,-5.8556807932915405,5.8556807932915405,7.0,0.0268773711481612,0.04993182652489936,0.09674744254719714
6,0.20189261446117163,0.12515698151266713,-5.856441092604205,5.856441092604205,7.0,0.02668167308251607,0.04959571943244726,0.08564305048482405
7,0.1925935367096305,0.11953577871106784,-5.8570776278910754,5.8570776278910754,7.0,0.026498018226032143,0.04924949126457302,0.0742283435618128
8,0.18355591691074455,0.1140535254382941,-5.85759068979916,5.85759068979916,7.0,0.026327009531554715,0.04889633964114144,0.06259923705530795
9,0.17484139404627622,0.1087501928145265,-5.857983330253032,5.857983330253032,7.0,0.026169202048551898,0.04854019432246359,0.05087117230819455
10,0.1665187566922204,0.10367037927759185,-5.858261759807493,5.858261759807493,7.0,0.02602507460645985,0.04818572073930474,0.03917914748457674
11,0.15866253732323993,0.09886242029174049,-5.858435586978957,5.858435586978957,7.0,0.025894997681551665,0.04783825843708357,0.027676289649699624
12,0.1513505240538254,0.09437680774613628,-5.858517797323841,5.858517797323841,7.0,0.025779200316818046,0.04750367420963852,0.016530485479790802
13,0.14466012956941812,0.09026387943841402,-5.858524377907139,5.858524377907139,7.0,0.025677740683515277,0.047188118708571196,0.005918719854778822
