epoch,beta,coefficient,loss,expected_cut,best_measured_cut,success_probability_ancilla_1,max_postselected_probability,grad
0,-0.26116133928682583,-0.16046089825873774,-5.499999999984793,5.499999999984793,0.0,0.003616402410864056,0.015624999999956798,1.1120086546070276e-10
1,-0.2611663083270245,-0.160463816770079,-5.499999999984794,5.499999999984794,0.0,0.003616533805682445,0.015624999999956802,1.11188121020647e-10
2,-0.2611723915551878,-0.16046738967743412,-5.499999999984793,5.499999999984793,0.0,0.003616694665418175,0.015624999999956798,1.1117540057715047e-10
3,-0.26117941344434376,-0.1604715138816838,-5.499999999984792,5.499999999984792,0.0,0.003616880350120871,0.015624999999956795,1.1118710607670065e-10
4,-0.2611872617610959,-0.16047612345863016,-5.499999999984793,5.499999999984793,0.0,0.003617087893456023,0.015624999999956798,1.1119978904549292e-10
5,-0.26119585622317504,-0.1604811712502961,-5.499999999984798,5.499999999984798,0.0,0.003617315173942032,0.015624999999956812,1.1118129414762417e-10
6,-0.2612051354797511,-0.1604866212179319,-5.499999999984797,5.499999999984797,0.0,0.003617560570680481,0.015624999999956809,1.1113409819362815e-10
