epoch,beta,coefficient,loss,expected_cut,best_measured_cut,success_probability_ancilla_1,max_postselected_probability,grad
0,-0.2594958978937742,-0.1594823029404541,-5.9951881867764865,5.9951881867764865,3.0,0.029062225351021702,0.044360192081351925,0.24299609012467166
1,-0.2694604971948656,-0.1653249032610357,-5.997286993816712,5.997286993816712,3.0,0.02931459621156118,0.04462304921515735,0.22122984935579534
2,-0.2793623915999843,-0.17110047072841822,-5.99916721601876,5.99916721601876,3.0,0.029572954511732932,0.044869150384221755,0.20012208853034247
3,-0.2891714932730634,-0.17679129000964827,-6.000833942836014,6.000833942836014,3.0,0.02983615526999943,0.045098407344856976,0.17975046912955756
4,-0.2988550681073214,-0.1823785602850919,-6.00229410561802,6.00229410561802,3.0,0.030102899428200186,0.0453108543189449,0.1601862373381561
5,-0.30837797366856035,-0.1878425859285088,-6.003556443850003,6.003556443850003,3.0,0.030371740073388283,0.04550665161843021,0.141493055135649
6,-0.31770302422039653,-0.19316302920647696,-6.004631418414732,6.004631418414732,3.0,0.030641094892201806,0.045686086313613324,0.12372594704532185
7,-0.32679149061193097,-0.19831922453136744,-6.005531068279316,6.005531068279316,3.0,0.030909265439194797,0.045849569533361355,0.10693041263844331
8,-0.335603733861311,-0.20329054886501227,-6.006268810057543,6.006268810057543,3.0,0.03117446339081765,0.04599763012270936,0.09114175250604531
9,-0.3440999600039404,-0.20805683721608817,-6.006859183704708,6.006859183704708,3.0,0.03143484342094185,0.04613090457745087,0.07638465023533149
10,-0.35224107132169646,-0.21259882650139772,-6.0073175518701625,6.0073175518701625,3.0,0.03168854171958736,0.04625012341810041,0.06267304334778094
11,-0.3599895770667725,-0.21689860622132276,-6.007659764678952,6.007659764678952,3.0,0.03193371855911675,0.04635609443581662,0.050010301976108486
12,-0.36731051718223384,-0.22094005134316097,-6.007901805334001,6.007901805334001,3.0,0.03216860278544982,0.04644968350842342,0.038389715939877694
13,-0.3741723471566945,-0.22470921223432538,-6.008059434317629,6.008059434317629,3.0,0.032391535770157014,0.04653179390764867,0.02779527037657587
14,-0.3805477323402798,-0.22819463880313798,-6.008147850654263,6.008147850654263,3.0,0.032601012274883406,0.04660334516305493,0.01820266950878143
