epoch,beta,coefficient,loss,expected_cut,best_measured_cut,success_probability_ancilla_1,max_postselected_probability,grad
0,0.37304161477536074,0.2801117149762945,-1.4999999999996034,1.4999999999996034,2.0,0.03781261906729082,0.12499615113625649,-9.555409640002624e-13
1,0.37304165750842083,0.28011174426965774,-1.4999999999996034,1.4999999999996034,2.0,0.03781262296213322,0.12499615106276753,-9.560014616917266e-13
2,0.3730417098313785,0.280111780136861,-1.499999999999604,1.499999999999604,2.0,0.03781262773103324,0.12499615097278574,-9.557336023549296e-13
3,0.37304177023756485,0.28011182154508735,-1.499999999999603,1.499999999999603,2.0,0.03781263323666791,0.12499615086890146,-9.559820438242178e-13
4,0.3730418377697297,0.2801118678381447,-1.4999999999996034,1.4999999999996034,2.0,0.03781263939179026,0.12499615075276069,-9.565771652759448e-13
