epoch,beta,coefficient,loss,expected_cut,best_measured_cut,success_probability_ancilla_1,max_postselected_probability,grad
0,-0.21488810969319044,-0.13297762339758212,-4.7253407945350006,4.7253407945350006,5.0,0.0401345182640464,0.06075666481354217,-0.11851945549175012
1,-0.2049547637220615,-0.12700351376447377,-4.7262706929204645,4.7262706929204645,5.0,0.03992335672985871,0.061715764883702506,-0.10204140215753421
2,-0.1951562818487097,-0.12108695904358079,-4.727020285896666,4.727020285896666,5.0,0.039723332785965654,0.06266397818667443,-0.08509107992251484
3,-0.18558611015654208,-0.11528664584170341,-4.727586607976193,4.727586607976193,5.0,0.03953603644679925,0.06359129826366054,-0.06782157042342901
4,-0.17636918287397502,-0.1096811269561563,-4.727972729570147,4.727972729570147,5.0,0.03936331012068624,0.0644847165962786,-0.0504484062853286
5,-0.16766605377916416,-0.10437148946261464,-4.728190214315646,4.728190214315646,5.0,0.03920720928623182,0.06532791810095676,-0.03326489190967212
6,-0.15967053943088189,-0.09947998860986454,-4.728261292590463,4.728261292590463,5.0,0.03906986820070801,0.06610162493603171,-0.016652771577555722
7,-0.15259538909846018,-0.09514118911419421,-4.7282194596573355,4.7282194596573355,5.0,0.0389532372633076,0.06678508595437621,-0.0010782700700382559
