epoch,beta,coefficient,loss,expected_cut,best_measured_cut,success_probability_ancilla_1,max_postselected_probability,grad
0,-0.22928248080238636,-0.14158993468033193,-5.697213540546844,5.697213540546844,7.0,0.06721185247839206,0.1612049677989734,-0.10529741975125026
1,-0.2194333499817613,-0.13570292298730166,-5.697892010390428,5.697892010390428,7.0,0.06706426198425317,0.16108500230815576,-0.08105283239618381
2,-0.20992406994229207,-0.12999522162772265,-5.698316502962353,5.698316502962353,7.0,0.06692922503979401,0.16094797357817076,-0.05663234809389977
3,-0.201046150002237,-0.12464614894629553,-5.698504418131881,5.698504418131881,7.0,0.06680987648224307,0.16080097468017465,-0.032570180520290724
4,-0.19320124051849957,-0.11990374769165624,-5.698500215631038,5.698500215631038,7.0,0.06670989466104824,0.16065557325274613,-0.009699565175276056
5,-0.18683833578441297,-0.11604677865493104,-5.698377896339063,5.698377896339063,7.0,0.06663262181833719,0.16052685249359935,0.01081761103579919
6,-0.182303513616428,-0.11329237336009339,-5.698225048334633,5.698225048334633,7.0,0.06657965793162268,0.16042917500123544,0.027659032904352687
