{
  "config": {
    "N_VERTICES": 4,
    "PROB_ARESTA": 0.85,
    "COM_PESO": false,
    "PESO_MIN": 1,
    "PESO_MAX": 1,
    "GRAPH_SEED": 104781,
    "GRAPH_EDGES": [
      [
        0,
        2,
        1.0
      ],
      [
        0,
        3,
        1.0
      ],
      [
        1,
        2,
        1.0
      ],
      [
        1,
        3,
        1.0
      ],
      [
        2,
        3,
        1.0
      ]
    ],
    "REVERSE_BITS": false,
    "ER": 0.75,
    "MAX_TERMS": null,
    "A_MAX": 0.6283185307179586,
    "INIT_BETA": 0.25,
    "MAX_EPOCHS": 200,
    "LR": 0.01,
    "FD_EPS": 0.01,
    "LOSS_TOL_LAST5": 0.002,
    "PATIENCE_LAST5": 7,
    "TRAIN_SEED": 5,
    "INIT_BETA_JITTER": 0.03,
    "OPTIMIZER": "adam",
    "ADAM_BETA1": 0.9,
    "ADAM_BETA2": 0.999,
    "ADAM_EPS": 1e-08,
    "COEF_ZERO_TOL": 0.002,
    "IMPROVEMENT_TOL": 0.002,
    "SATURATION_PATIENCE": 60,
    "INDEX_STRATEGY": "ascending",
    "INDEX_RANDOM_SEED": 42,
    "ENABLE_BACKWARD_PRUNING": false,
    "BACKWARD_PASSES": 1,
    "PRUNE_IMPROVEMENT_TOL": 1e-06,
    "OUTDIR": "benchmark_results_walsh_article/unweighted/coarse_loader/n4/graph06_trainseed05",
    "SHOW_PLOTS": false,
    "name": "coarse_loader"
  },
  "n_qubits_register": 4,
  "graph_edges": [
    [
      0,
      2,
      1.0
    ],
    [
      0,
      3,
      1.0
    ],
    [
      1,
      2,
      1.0
    ],
    [
      1,
      3,
      1.0
    ],
    [
      2,
      3,
      1.0
    ]
  ],
  "graph_signature": "d0a2f764541f34d9979e15c4cf98ceeae9b64c9a96b6d443de24544368e1cb36",
  "graph_num_edges": 5,
  "graph_density": 0.8333333333333334,
  "best_cut_bruteforce": 4.0,
  "best_bitstring_bruteforce": "0011",
  "best_index_bruteforce": 3,
  "candidate_order": [
    1,
    2,
    3,
    4,
    5,
    6,
    7,
    8,
    9,
    10,
    11,
    12,
    13,
    14,
    15
  ],
  "total_possible_parameters": 15,
  "visited_parameters": 15,
  "trained_coefficients": {
    "0": 0.0,
    "1": -0.16384664789688383,
    "2": 0.1576313250837111,
    "3": -0.15638637324731436,
    "4": 0.17974854059354928,
    "5": 0.25794796174010665,
    "6": 0.2193029737917063,
    "7": -0.00921889972267437,
    "8": -0.172979713445132,
    "9": -0.12110692805177858,
    "10": -0.05394678690326894,
    "11": 0.006934926658088317,
    "12": -0.21049864637385088,
    "13": 0.10728778761476197,
    "14": -0.10595138650649973,
    "15": -0.10227130945693648
  },
  "final_coefficient_vector": [
    0.0,
    -0.16384664789688383,
    0.1576313250837111,
    -0.15638637324731436,
    0.17974854059354928,
    0.25794796174010665,
    0.2193029737917063,
    -0.00921889972267437,
    -0.172979713445132,
    -0.12110692805177858,
    -0.05394678690326894,
    0.006934926658088317,
    -0.21049864637385088,
    0.10728778761476197,
    -0.10595138650649973,
    -0.10227130945693648
  ],
  "active_indices": [
    1,
    2,
    3,
    4,
    5,
    6,
    7,
    8,
    9,
    10,
    11,
    12,
    13,
    14,
    15
  ],
  "active_parameter_count": 15,
  "compression_ratio_active_over_total": 1.0,
  "final_loss": -3.173630518185369,
  "final_expected_cut": 3.173630518185369,
  "best_expected_cut_over_evolution": 3.173630518185369,
  "final_best_measured_index": 1,
  "final_best_measured_bitstring": "0001",
  "final_best_measured_cut": 3.0,
  "best_measured_cut_over_evolution": 3.0,
  "final_success_probability_ancilla_1": 0.04710748552982591,
  "final_max_postselected_probability": 0.2271978438838179,
  "gap_expected_to_bruteforce": 0.826369481814631,
  "gap_measured_to_bruteforce": 1.0,
  "approx_ratio_measured": 0.75,
  "n_steps": 15,
  "elapsed_seconds": 27.05914545059204,
  "steps": [
    {
      "visit_idx": 1,
      "j": 1,
      "kept": true,
      "beta": -0.2669344523221001,
      "coefficient": -0.16384664789688383,
      "loss": -2.5,
      "expected_cut": 2.5,
      "best_measured_cut": 0.0,
      "success_probability_ancilla_1": 0.0037704316707422533,
      "epochs_run": 7,
      "stop_reason": "loss_plateau_last5",
      "history_path": "benchmark_results_walsh_article/unweighted/coarse_loader/n4/graph06_trainseed05/histories/history_visit001_j001.json",
      "improvement_vs_previous": 2.5
    },
    {
      "visit_idx": 2,
      "j": 2,
      "kept": true,
      "beta": 0.2563496136190267,
      "coefficient": 0.1576313250837111,
      "loss": -2.5,
      "expected_cut": 2.5,
      "best_measured_cut": 2.0,
      "success_probability_ancilla_1": 0.00723424378195837,
      "epochs_run": 7,
      "stop_reason": "loss_plateau_last5",
      "history_path": "benchmark_results_walsh_article/unweighted/coarse_loader/n4/graph06_trainseed05/histories/history_visit002_j002.json",
      "improvement_vs_previous": 0.0
    },
    {
      "visit_idx": 3,
      "j": 3,
      "kept": true,
      "beta": -0.2542362437546547,
      "coefficient": -0.15638637324731436,
      "loss": -2.5,
      "expected_cut": 2.5,
      "best_measured_cut": 2.0,
      "success_probability_ancilla_1": 0.010619822619527748,
      "epochs_run": 7,
      "stop_reason": "loss_plateau_last5",
      "history_path": "benchmark_results_walsh_article/unweighted/coarse_loader/n4/graph06_trainseed05/histories/history_visit003_j003.json",
      "improvement_vs_previous": 0.0
    },
    {
      "visit_idx": 4,
      "j": 4,
      "kept": true,
      "beta": 0.2942901705060552,
      "coefficient": 0.17974854059354928,
      "loss": -2.5103288325505404,
      "expected_cut": 2.5103288325505404,
      "best_measured_cut": 2.0,
      "success_probability_ancilla_1": 0.01506011745563354,
      "epochs_run": 7,
      "stop_reason": "loss_plateau_last5",
      "history_path": "benchmark_results_walsh_article/unweighted/coarse_loader/n4/graph06_trainseed05/histories/history_visit004_j004.json",
      "improvement_vs_previous": 0.010328832550540401
    },
    {
      "visit_idx": 5,
      "j": 5,
      "kept": true,
      "beta": 0.4362568223614228,
      "coefficient": 0.25794796174010665,
      "loss": -2.7357980638859813,
      "expected_cut": 2.7357980638859813,
      "best_measured_cut": 3.0,
      "success_probability_ancilla_1": 0.024283788993933304,
      "epochs_run": 84,
      "stop_reason": "loss_plateau_last5",
      "history_path": "benchmark_results_walsh_article/unweighted/coarse_loader/n4/graph06_trainseed05/histories/history_visit005_j005.json",
      "improvement_vs_previous": 0.22546923133544094
    },
    {
      "visit_idx": 6,
      "j": 6,
      "kept": true,
      "beta": 0.36434050265871687,
      "coefficient": 0.2193029737917063,
      "loss": -2.8347611018965186,
      "expected_cut": 2.8347611018965186,
      "best_measured_cut": 3.0,
      "success_probability_ancilla_1": 0.030774152001756015,
      "epochs_run": 15,
      "stop_reason": "loss_plateau_last5",
      "history_path": "benchmark_results_walsh_article/unweighted/coarse_loader/n4/graph06_trainseed05/histories/history_visit006_j006.json",
      "improvement_vs_previous": 0.0989630380105373
    },
    {
      "visit_idx": 7,
      "j": 7,
      "kept": true,
      "beta": -0.014673387617367431,
      "coefficient": -0.00921889972267437,
      "loss": -2.834595244167204,
      "expected_cut": 2.834595244167204,
      "best_measured_cut": 3.0,
      "success_probability_ancilla_1": 0.03079493947337112,
      "epochs_run": 24,
      "stop_reason": "loss_plateau_last5",
      "history_path": "benchmark_results_walsh_article/unweighted/coarse_loader/n4/graph06_trainseed05/histories/history_visit007_j007.json",
      "improvement_vs_previous": -0.0001658577293146557
    },
    {
      "visit_idx": 8,
      "j": 8,
      "kept": true,
      "beta": -0.2825957111825821,
      "coefficient": -0.172979713445132,
      "loss": -2.913892111509913,
      "expected_cut": 2.913892111509913,
      "best_measured_cut": 3.0,
      "success_probability_ancilla_1": 0.0347380263101526,
      "epochs_run": 66,
      "stop_reason": "loss_plateau_last5",