epoch,beta,coefficient,loss,expected_cut,best_measured_cut,success_probability_ancilla_1,max_postselected_probability,grad
0,0.3981223253534728,0.2971484882381425,-5.499999999998721,5.499999999998721,4.0,0.04292479102537573,0.031249983093798287,-2.812053021046935e-12
1,0.398122451049334,0.29714857282826623,-5.499999999998719,5.499999999998719,4.0,0.04292480286487449,0.03124998310043817,-2.8107802955921593e-12
2,0.3981226050062852,0.297148676437375,-5.499999999998716,5.499999999998716,4.0,0.0429248173663344,0.031249983108569156,-2.813883538460083e-12
3,0.3981227827061885,0.2971487960248712,-5.49999999999872,5.49999999999872,4.0,0.04292483410418628,0.031249983117951702,-2.810705143318553e-12
4,0.398122981338431,0.29714892969927803,-5.49999999999872,5.49999999999872,4.0,0.04292485281369535,0.031249983128436333,-2.812291191672266e-12
