{
  "0": 0.0,
  "1": -0.49523634830599567,
  "2": 0.44398576307124377,
  "3": -0.4191144283538119,
  "4": 0.57617478495319,
  "5": 0.6084862914191019,
  "6": 0.4560059345249288,
  "7": -0.4173859295446452,
  "8": -0.2763563909615941,
  "9": -0.5212040045929813,
  "10": 0.23977531395646326,
  "11": 0.09215573389531771,
  "12": -0.30466321102945426,
  "13": 0.19607526969491526,
  "14": -0.19708963282733122,
  "15": -0.3183350572598502,
  "16": 0.024522061780481386,
  "17": 0.12476554902767359,
  "18": 0.019012220680416456,
  "19": 0.10603924053728114,
  "20": -0.22674910273212245,
  "21": 0.06713705349050163,
  "22": -0.13268577912499685,
  "23": -0.07332807690101982,
  "24": 0.42065534882837724,
  "25": -0.06364003396851796,
  "26": 0.09665155129443566,
  "27": 0.12499239426103753,
  "28": -0.015322341041775663,
  "29": -0.07362252346056075,
  "30": 0.009432430701135584,
  "31": -0.024380378528817113,
  "32": -0.04935288218124474,
  "33": 0.13086003816296388,
  "34": -0.022598138897234957,
  "35": 0.03787794728298276,
  "36": -0.04443494219884822,
  "37": 0.13598242607870575,
  "38": -0.07505179610992611,
  "39": -0.08858695484290034,
  "40": -0.0716546208238284,
  "41": -0.07834752106898261,
  "42": 0.020358231798495517,
  "43": 0.2112190162319881,
  "44": 0.008758960581504069,
  "45": 0.08950980029940979,
  "46": -0.005580557903685223,
  "47": 0.11385349727244462,
  "48": -0.1628157151354609,
  "49": 0.05767017984588541,
  "50": -0.05843706985654627,
  "51": -0.05369805847036333,
  "52": -0.15975409970246432,
  "53": 0.013626454787134163,
  "54": -0.06285113463639674,
  "55": -0.03884724841519598,
  "56": 0.06304120839142792,
  "57": 0.038003543223217584,
  "58": -0.04531516381518422,
  "59": 0.12578709416132594,
  "60": -0.06670514718083237,
  "61": 0.03568593777383105,
  "62": -0.14022589437210808,
  "63": 0.10946857786024634
}