epoch,beta,coefficient,loss,expected_cut,best_measured_cut,success_probability_ancilla_1,max_postselected_probability,grad
0,0.4445153511779438,0.43707952977733,-5.5108696122356715,5.5108696122356715,3.0,0.27457246959123177,0.050101534088492536,-0.013949216798371208
1,0.4545041894529126,0.4456814209252564,-5.511001598458936,5.511001598458936,3.0,0.27605941742411455,0.050027892370304715,-0.013456044584228444
2,0.4644744748010305,0.4541947138596997,-5.5111285648948645,5.5111285648948645,3.0,0.2775565421432209,0.04994873800519696,-0.012972188538160444
3,0.4744184778248428,0.46261254594223994,-5.511250536917756,5.511250536917756,3.0,0.27906164804567923,0.04986446562416316,-0.012498317820314107
4,0.4843283829178475,0.4709282610942148,-5.511367554557699,5.511367554557699,3.0,0.2805725145781732,0.049775477162071896,-0.01203503396544046
