epoch,beta,coefficient,loss,expected_cut,best_measured_cut,success_probability_ancilla_1,max_postselected_probability,grad
0,-0.4314084359091702,-0.42568338224462704,-5.8002813406967615,5.8002813406967615,3.0,0.4707931100473296,0.03166007835061742,-0.03696678244598636
1,-0.4214446872528948,-0.4169383591858874,-5.800598947991184,5.800598947991184,3.0,0.4700185992804497,0.03163517788005693,-0.033601278261211294
2,-0.41154960141661956,-0.40818465902626266,-5.800879587907358,5.800879587907358,3.0,0.4692469079103033,0.03160812907750068,-0.030131996982559844
3,-0.4017636928977971,-0.39946087206181113,-5.801121935728721,5.801121935728721,3.0,0.4684815166463381,0.0315790523272023,-0.026572075094493157
4,-0.3921370963187107,-0.39081531657445395,-5.801325126598337,5.801325126598337,3.0,0.4677266865045173,0.03154814182304853,-0.022939325098688696
5,-0.3827311705030665,-0.3823077206207003,-5.801488932747997,5.801488932747997,3.0,0.46698758036772453,0.03151568353558752,-0.01925725937551668
6,-0.37361982751402867,-0.3740106613698897,-5.801613968022177,5.801613968022177,3.0,0.46627036014015577,0.03148207343387478,-0.015556162217276414
7,-0.36489011879174915,-0.36601029995304574,-5.801701901795299,5.801701901795299,3.0,0.4655822221954341,0.03144783269478856,-0.011874065477038086
8,-0.35664141230303503,-0.35840574498477196,-5.801755645782849,5.801755645782849,3.0,0.46493131867998866,0.031413614611189244,-0.008257372114677303
