epoch,beta,coefficient,loss,expected_cut,best_measured_cut,success_probability_ancilla_1,max_postselected_probability,grad
0,-0.5451048445851209,-0.5202921558962785,-5.499999999999463,5.499999999999463,0.0,0.10206863275139029,0.015624999999998473,1.572408754359907e-12
1,-0.5451049147683057,-0.5202922112493574,-5.499999999999463,5.499999999999463,0.0,0.10206865369827954,0.015624999999998473,1.5673518422792521e-12
2,-0.5451050009370978,-0.5202922792101886,-5.499999999999459,5.499999999999459,0.0,0.1020686794162373,0.015624999999998463,1.5813270044626016e-12
3,-0.5451051005292368,-0.520292357757929,-5.499999999999462,5.499999999999462,0.0,0.10206870914053102,0.01562499999999847,1.5804409076143714e-12
4,-0.5451052118038652,-0.5202924455195717,-5.4999999999994635,5.4999999999994635,0.0,0.10206874235158454,0.015624999999998477,1.5732894168616138e-12
