epoch,beta,coefficient,loss,expected_cut,best_measured_cut,success_probability_ancilla_1,max_postselected_probability,grad
0,0.3824695611929498,0.2865526909396756,-1.383745618196802,1.383745618196802,2.0,0.09048263309231233,0.2921671415696438,-0.01604642801629279
1,0.39131379946977357,0.292554760730154,-1.3837588812575792,1.3837588812575792,2.0,0.09114704258383415,0.2920716125752069,-0.005848391309056477
2,0.3970301609947294,0.2964131857728657,-1.3837274487579885,1.3837274487579885,2.0,0.09158193672332032,0.29198709598878897,0.002789595512857424
3,0.39877511332723276,0.29758768945891156,-1.3837117570502115,1.3837117570502115,2.0,0.09171552581628842,0.29195783087190136,0.008183050073866886
4,0.397598483672146,0.2967958862178184,-1.38372264800539,1.38372264800539,2.0,0.09162540354082484,0.2919777405976491,0.009799909904849663
