{
  "0": 0.0,
  "1": -0.2975794652986166,
  "2": 0.2992012377574117,
  "3": 0.0,
  "4": 0.21142864725753263,
  "5": 0.0,
  "6": 0.0,
  "7": -0.26011100233504725,
  "8": 0.04476940293978238,
  "9": 0.0,
  "10": 0.0,
  "11": -0.04171838771469057,
  "12": 0.0,
  "13": 0.018722904756241183,
  "14": -0.0066261465041520095,
  "15": 0.0
}