epoch,beta,coefficient,loss,expected_cut,best_measured_cut,success_probability_ancilla_1,max_postselected_probability,grad
0,-0.31462435019331586,-0.23926226357841218,-5.49999999999614,5.49999999999614,0.0,0.01424346380331557,0.015624999999989037,2.288391181594453e-11
1,-0.31462537325135137,-0.23926299251700392,-5.499999999996138,5.499999999996138,0.0,0.014243550177554387,0.01562499999998903,2.2884716882862648e-11
2,-0.31462662583410433,-0.23926388499352363,-5.499999999996137,5.499999999996137,0.0,0.014243655930270903,0.01562499999998903,2.2881348170646093e-11
3,-0.3146280720689183,-0.2392649154480379,-5.499999999996137,5.499999999996137,0.0,0.014243778032971914,0.015624999999989026,2.2897728969136286e-11
4,-0.3146296886089098,-0.23926606724535418,-5.499999999996136,5.499999999996136,0.0,0.014243914514680182,0.015624999999989023,2.2889299686425624e-11
