{
  "config": {
    "N_VERTICES": 4,
    "PROB_ARESTA": 0.85,
    "COM_PESO": false,
    "PESO_MIN": 1,
    "PESO_MAX": 1,
    "GRAPH_SEED": 104882,
    "GRAPH_EDGES": [
      [
        0,
        1,
        1.0
      ],
      [
        0,
        2,
        1.0
      ],
      [
        0,
        3,
        1.0
      ],
      [
        2,
        3,
        1.0
      ]
    ],
    "REVERSE_BITS": false,
    "ER": 1.25,
    "MAX_TERMS": null,
    "A_MAX": 1.0471975511965976,
    "INIT_BETA": 0.5,
    "MAX_EPOCHS": 200,
    "LR": 0.01,
    "FD_EPS": 0.01,
    "LOSS_TOL_LAST5": 0.0005,
    "PATIENCE_LAST5": 5,
    "TRAIN_SEED": 8,
    "INIT_BETA_JITTER": 0.08,
    "OPTIMIZER": "adam",
    "ADAM_BETA1": 0.9,
    "ADAM_BETA2": 0.999,
    "ADAM_EPS": 1e-08,
    "COEF_ZERO_TOL": 0.0005,
    "IMPROVEMENT_TOL": 0.0005,
    "SATURATION_PATIENCE": 150,
    "INDEX_STRATEGY": "ascending",
    "INDEX_RANDOM_SEED": 42,
    "ENABLE_BACKWARD_PRUNING": false,
    "BACKWARD_PASSES": 1,
    "PRUNE_IMPROVEMENT_TOL": 1e-06,
    "OUTDIR": "benchmark_results_walsh_article/unweighted/aggressive_loader/n4/graph07_trainseed08",
    "SHOW_PLOTS": false,
    "name": "aggressive_loader"
  },
  "n_qubits_register": 4,
  "graph_edges": [
    [
      0,
      1,
      1.0
    ],
    [
      0,
      2,
      1.0
    ],
    [
      0,
      3,
      1.0
    ],
    [
      2,
      3,
      1.0
    ]
  ],
  "graph_signature": "0c4184843706290033a85b58881df740fdc53f7edeeaffa6a9dd8c38dfc1a494",
  "graph_num_edges": 4,
  "graph_density": 0.6666666666666666,
  "best_cut_bruteforce": 3.0,
  "best_bitstring_bruteforce": "0101",
  "best_index_bruteforce": 5,
  "candidate_order": [
    1,
    2,
    3,
    4,
    5,
    6,
    7,
    8,
    9,
    10,
    11,
    12,
    13,
    14,
    15
  ],
  "total_possible_parameters": 15,
  "visited_parameters": 15,
  "trained_coefficients": {
    "0": 0.0,
    "1": -0.5458249719732632,
    "2": 0.5476288329370257,
    "3": -0.006889324579458357,
    "4": 0.32095136648460243,
    "5": -0.004872133240845666,
    "6": 0.011310687864129745,
    "7": -0.4419229995796735,
    "8": 0.11596044562314665,
    "9": -0.0008694538525521994,
    "10": 0.0012089732240827395,
    "11": -0.11115396050440997,
    "12": 0.0057780020891683975,
    "13": 0.04920760603109528,
    "14": -0.017333244435953663,
    "15": -0.006607695696680697
  },
  "final_coefficient_vector": [
    0.0,
    -0.5458249719732632,
    0.5476288329370257,
    -0.006889324579458357,
    0.32095136648460243,
    -0.004872133240845666,
    0.011310687864129745,
    -0.4419229995796735,
    0.11596044562314665,
    -0.0008694538525521994,
    0.0012089732240827395,
    -0.11115396050440997,
    0.0057780020891683975,
    0.04920760603109528,
    -0.017333244435953663,
    -0.006607695696680697
  ],
  "active_indices": [
    1,
    2,
    3,
    4,
    5,
    6,
    7,
    8,
    9,
    10,
    11,
    12,
    13,
    14,
    15
  ],
  "active_parameter_count": 15,
  "compression_ratio_active_over_total": 1.0,
  "final_loss": -2.9831535850703164,
  "final_expected_cut": 2.9831535850703164,
  "best_expected_cut_over_evolution": 2.9831535850703164,
  "final_best_measured_index": 8,
  "final_best_measured_bitstring": "1000",
  "final_best_measured_cut": 3.0,
  "best_measured_cut_over_evolution": 3.0,
  "final_success_probability_ancilla_1": 0.22963387000275462,
  "final_max_postselected_probability": 0.2503962351287218,
  "gap_expected_to_bruteforce": 0.01684641492968364,
  "gap_measured_to_bruteforce": 0.0,
  "approx_ratio_measured": 1.0,
  "n_steps": 15,
  "elapsed_seconds": 14.562613010406494,
  "steps": [
    {
      "visit_idx": 1,
      "j": 1,
      "kept": true,
      "beta": -0.5780194764228452,
      "coefficient": -0.5458249719732632,
      "loss": -2.0,
      "expected_cut": 2.0,
      "best_measured_cut": 0.0,
      "success_probability_ancilla_1": 0.11193185764146193,
      "epochs_run": 5,
      "stop_reason": "loss_plateau_last5",
      "history_path": "benchmark_results_walsh_article/unweighted/aggressive_loader/n4/graph07_trainseed08/histories/history_visit001_j001.json",
      "improvement_vs_previous": 2.0
    },
    {
      "visit_idx": 2,
      "j": 2,
      "kept": true,
      "beta": 0.5803874982509925,
      "coefficient": 0.5476288329370257,
      "loss": -2.499996812129639,
      "expected_cut": 2.499996812129639,
      "best_measured_cut": 1.0,
      "success_probability_ancilla_1": 0.1993587600543607,
      "epochs_run": 5,
      "stop_reason": "loss_plateau_last5",
      "history_path": "benchmark_results_walsh_article/unweighted/aggressive_loader/n4/graph07_trainseed08/histories/history_visit002_j002.json",
      "improvement_vs_previous": 0.499996812129639
    },
    {
      "visit_idx": 3,
      "j": 3,
      "kept": true,
      "beta": -0.006578915283149238,
      "coefficient": -0.006889324579458357,
      "loss": -2.4999503158429306,
      "expected_cut": 2.4999503158429306,
      "best_measured_cut": 3.0,
      "success_probability_ancilla_1": 0.19936990785498776,
      "epochs_run": 58,
      "stop_reason": "loss_plateau_last5",
      "history_path": "benchmark_results_walsh_article/unweighted/aggressive_loader/n4/graph07_trainseed08/histories/history_visit003_j003.json",
      "improvement_vs_previous": -4.6496286708386236e-05
    },
    {
      "visit_idx": 4,
      "j": 4,
      "kept": true,
      "beta": 0.31666244773414143,
      "coefficient": 0.32095136648460243,
      "loss": -2.62466598636776,
      "expected_cut": 2.62466598636776,
      "best_measured_cut": 3.0,
      "success_probability_ancilla_1": 0.22324076589622444,
      "epochs_run": 27,
      "stop_reason": "loss_plateau_last5",
      "history_path": "benchmark_results_walsh_article/unweighted/aggressive_loader/n4/graph07_trainseed08/histories/history_visit004_j004.json",
      "improvement_vs_previous": 0.12471567052482957
    },
    {
      "visit_idx": 5,
      "j": 5,
      "kept": true,
      "beta": -0.004652578102457803,
      "coefficient": -0.004872133240845666,
      "loss": -2.624621340605133,
      "expected_cut": 2.624621340605133,
      "best_measured_cut": 3.0,
      "success_probability_ancilla_1": 0.22324087284046934,
      "epochs_run": 56,
      "stop_reason": "loss_plateau_last5",
      "history_path": "benchmark_results_walsh_article/unweighted/aggressive_loader/n4/graph07_trainseed08/histories/history_visit005_j005.json",
      "improvement_vs_previous": -4.4645762627304464e-05
    },
    {
      "visit_idx": 6,
      "j": 6,
      "kept": true,
      "beta": 0.010801331339778989,
      "coefficient": 0.011310687864129745,
      "loss": -2.624642456311604,
      "expected_cut": 2.624642456311604,
      "best_measured_cut": 3.0,
      "success_probability_ancilla_1": 0.22324111932851037,
      "epochs_run": 52,
      "stop_reason": "loss_plateau_last5",
      "history_path": "benchmark_results_walsh_article/unweighted/aggressive_loader/n4/graph07_trainseed08/histories/history_visit006_j006.json",
      "improvement_vs_previous": 2.1115706471341866e-05
    },
    {
      "visit_idx": 7,
      "j": 7,
      "kept": true,
      "beta": -0.45012941544299334,
      "coefficient": -0.4419229995796735,
      "loss": -2.9338635350476068,
      "expected_cut": 2.9338635350476068,
      "best_measured_cut": 3.0,
      "success_probability_ancilla_1": 0.22353355637386907,
      "epochs_run": 13,
      "stop_reason": "loss_plateau_last5",
      "history_path": "benchmark_results_walsh_article/unweighted/aggressive_loader/n4/graph07_trainseed08/histories/history_visit007_j007.json",
      "improvement_vs_previous": 0.3092210787360026
    },
    {
      "visit_idx": 8,
      "j": 8,
      "kept": true,
      "beta": 0.11119003643457646,
      "coefficient": 0.11596044562314665,
      "loss": -2.956090156235369,
      "expected_cut": 2.956090156235369,
      "best_measured_cut": 3.0,
      "success_probability_ancilla_1": 0.2264328464771843,
      "epochs_run": 46,