{
  "0": 0.0,
  "1": -0.5458249719732632,
  "2": 0.5476288329370257,
  "3": -0.006889324579458357,
  "4": 0.32095136648460243,
  "5": -0.004872133240845666,
  "6": 0.011310687864129745,
  "7": -0.4419229995796735,
  "8": 0.11596044562314665,
  "9": -0.0008694538525521994,
  "10": 0.0012089732240827395,
  "11": -0.11115396050440997,
  "12": 0.0057780020891683975,
  "13": 0.04920760603109528,
  "14": -0.017333244435953663,
  "15": -0.006607695696680697
}