epoch,beta,coefficient,loss,expected_cut,best_measured_cut,success_probability_ancilla_1,max_postselected_probability,grad
0,-0.5780193833463567,-0.5458249009838009,-4.4999999999995985,4.4999999999995985,0.0,0.11193182966428573,0.015624999999998605,1.0756442969036985e-12
1,-0.5780194315222288,-0.545824937727552,-4.499999999999597,4.499999999999597,0.0,0.11193184414511627,0.015624999999998602,1.0792078502207726e-12
2,-0.5780194905686754,-0.5458249827622911,-4.4999999999995985,4.4999999999995985,0.0,0.11193186189345282,0.015624999999998605,1.0803963818370317e-12
3,-0.5780195588167731,-0.5458250348151281,-4.499999999999597,4.499999999999597,0.0,0.11193188240764627,0.015624999999998602,1.083165265757693e-12
4,-0.5780196351881572,-0.5458250930635928,-4.4999999999995985,4.4999999999995985,0.0,0.11193190536355858,0.015624999999998605,1.0849474537953537e-12
