epoch,beta,coefficient,loss,expected_cut,best_measured_cut,success_probability_ancilla_1,max_postselected_probability,grad
0,0.5769955867677232,0.545043634391382,-4.499999999999773,4.499999999999773,2.0,0.19856736188740484,0.031249981238364057,-2.6818606025294987e-13
1,0.5769955987172086,0.5450436435149832,-4.499999999999774,4.499999999999774,2.0,0.1985673646747562,0.031249981238802516,-2.6643749058471694e-13
2,0.5769956132886384,0.5450436546404758,-4.499999999999773,4.499999999999773,2.0,0.1985673680737055,0.03124998123933717,-2.642966656326886e-13
3,0.5769956301063003,0.5450436674809981,-4.499999999999773,4.499999999999773,2.0,0.19856737199661367,0.031249981239954237,-2.659651975742904e-13
4,0.5769956488884226,0.5450436818214135,-4.499999999999773,4.499999999999773,2.0,0.19856737637775404,0.03124998124064336,-2.651892296479704e-13
