epoch,beta,coefficient,loss,expected_cut,best_measured_cut,success_probability_ancilla_1,max_postselected_probability,grad
0,0.2835160074701183,0.17351399050236785,-5.848650999979823,5.848650999979823,5.0,0.02483105034589622,0.04732598574328177,-0.08040181397723406
1,0.2934048975004156,0.17923770062770977,-5.849220485391994,5.849220485391994,5.0,0.025109944516145045,0.0475072587549317,-0.06495574776397578
2,0.30307495890629826,0.18480361839540851,-5.849640548512019,5.849640548512019,5.0,0.02538954281713975,0.047668560743763036,-0.05032897088889673
3,0.31238808568606385,0.1901342558140268,-5.84992287508998,5.84992287508998,5.0,0.025665075607403717,0.04780950450347542,-0.036653867279730745
4,0.32117600757803166,0.19513681464634366,-5.8500842022897,5.8500842022897,5.0,0.025930546689146555,0.04792999175012758,-0.024072205289008674
5,0.32924801350081784,0.19970785426352053,-5.85014642507868,5.85014642507868,5.0,0.02617895318715288,0.04803033077853162,-0.01272885250879929
6,0.336408786055645,0.2037433085137379,-5.850135603774243,5.850135603774243,5.0,0.02640288251269896,0.0481113340899472,-0.002759645792764327
