epoch,beta,coefficient,loss,expected_cut,best_measured_cut,success_probability_ancilla_1,max_postselected_probability,grad
0,0.23339610407369057,0.14404106135196632,-6.4199834078890365,6.4199834078890365,6.0,0.048698456428173095,0.12044382745237268,-0.034164356725148205
1,0.24251391301102207,0.14945739718389453,-6.42004086019922,6.42004086019922,6.0,0.04888614865520419,0.12061042946975105,-0.014904599798426203
2,0.24916688530853565,0.15339477230974788,-6.419985154565778,6.419985154565778,6.0,0.049027263364683965,0.12071963746162812,0.00223367397821385
3,0.2521443044919446,0.1551527552614282,-6.419934000873157,6.419934000873157,6.0,0.04909153910970074,0.12076517915588392,0.014474614049823748
4,0.2519690446441502,0.15504934639880288,-6.419937457063006,6.419937457063006,6.0,0.04908773655360929,0.12076255511633611,0.01987877199629159
5,0.2497345439137025,0.15373013792038892,-6.419976644398409,6.419976644398409,6.0,0.04903946456347742,0.12072847833621135,0.01956195031498294
6,0.24633865179514725,0.1517225053563884,-6.420018782429465,6.420018782429465,6.0,0.0489668491533778,0.12067447468161223,0.015508506432313834
