epoch,beta,coefficient,loss,expected_cut,best_measured_cut,success_probability_ancilla_1,max_postselected_probability,grad
0,-0.2341107543454706,-0.1444664209961451,-6.145549850095286,6.145549850095286,7.0,0.03738680802823447,0.07751876318769112,0.13174238637994137
1,-0.24403914563899415,-0.15036117657374823,-6.146574470086344,6.146574470086344,7.0,0.03759832238389088,0.07779808254872385,0.11254341861348335
2,-0.2538313518456789,-0.15614770814946227,-6.147406368402944,6.147406368402944,7.0,0.03781474412959518,0.07805354257490973,0.09393634159347597
3,-0.2634077392150412,-0.16177953962104435,-6.14805282732523,6.14805282732523,7.0,0.03803373911805986,0.07828448340913934,0.07605354445065698
4,-0.2726726032288131,-0.16720180722872768,-6.148525313862576,6.148525313862576,7.0,0.03825237286763907,0.07849048021034304,0.05903689512406737
5,-0.28151479045289496,-0.17235184026464556,-6.14883993685128,6.14883993685128,7.0,0.038467100702408705,0.07867141734806934,0.04303541410378406
6,-0.2898109501202621,-0.17716119676422074,-6.149017539408957,6.149017539408957,7.0,0.038673841758274846,0.07882756349211083,0.028200724624637408
7,-0.2974321624592874,-0.1815595103769179,-6.149083191201512,6.149083191201512,7.0,0.038868167832129444,0.07895963018803448,0.014679736033959435
8,-0.30425389526814045,-0.18548004977176674,-6.149064911338214,6.149064911338214,7.0,0.039045614839997946,0.07906879063705978,0.0026046209727626055
