epoch,beta,coefficient,loss,expected_cut,best_measured_cut,success_probability_ancilla_1,max_postselected_probability,grad
0,0.26298051414484414,0.16152887470207603,-7.054336639027305,7.054336639027305,8.0,0.06321296090179325,0.2268784417330307,0.23347839051759858
1,0.2530166403496585,0.15566732781018766,-7.056343411029255,7.056343411029255,8.0,0.0630441844359587,0.22718566425725592,0.21225302909765942
2,0.24312102588411752,0.14981722181886187,-7.05811828265503,7.05811828265503,8.0,0.06288415737990138,0.22746147601608507,0.19044917459144112
3,0.23333342069817972,0.14400374556921278,-7.059653950230386,7.059653950230386,8.0,0.06273346827993387,0.22770472018615834,0.16816719171656253
4,0.22370253710652083,0.13825783619365034,-7.060946103236275,7.060946103236275,8.0,0.06259269884559518,0.22791460988746154,0.1455347239098933
5,0.2142873520905253,0.1326170178465336,-7.0619944070657255,7.0619944070657255,8.0,0.06246240569974444,0.22809085676551485,0.12271102528527375
6,0.20515810112760727,0.1271260494058054,-7.062803587263347,7.062803587263347,8.0,0.062343095596496215,0.22823381466124254,0.09989100133502597
7,0.1963965710757824,0.1218371334341007,-7.063384506308114,7.063384506308114,8.0,0.062235193641696246,0.22834462509932754,0.07730815737949256
8,0.18809516669453205,0.11680935352373134,-7.063755038095369,7.063755038095369,8.0,0.062139005541797056,0.22842534015336993,0.05523523169036972
9,0.18035417941221332,0.11210697600744385,-7.063940455639701,7.063940455639701,8.0,0.06205467742896663,0.22847898622059012,0.03398090116460502
10,0.17327684595250614,0.10779634964119277,-7.063973000379177,7.063973000379177,8.0,0.06198216003692718,0.22850952518756384,0.013880834087410948
11,0.16696224766833237,0.10394142699911943,-7.063890364398586,7.063890364398586,8.0,0.06192118669439716,0.22852167620164546,-0.004718117726786983
