epoch,beta,coefficient,loss,expected_cut,best_measured_cut,success_probability_ancilla_1,max_postselected_probability,grad
0,0.2464083829104919,0.15176376327327576,-5.4999999999907345,5.4999999999907345,2.0,0.005934304881996819,0.031190141730197733,-3.913568113867182e-11
1,0.24641013211028753,0.15176479820715771,-5.499999999990731,5.499999999990731,2.0,0.005934348722002778,0.031190132427653856,-3.912474094166958e-11
2,0.2464122742379448,0.15176606562007058,-5.4999999999907345,5.4999999999907345,2.0,0.005934402410272387,0.03119012103457404,-3.915091165368818e-11
3,0.24641474690461457,0.15176752859832152,-5.499999999990733,5.499999999990733,2.0,0.00593446438334641,0.03119010788229329,-3.912954290161455e-11
4,0.24641751065009884,0.15176916379422956,-5.499999999990729,5.499999999990729,2.0,0.005934533652419192,0.031190093180219834,-3.913480934908005e-11
5,0.24642053764522942,0.15177095474175203,-5.499999999990733,5.499999999990733,2.0,0.00593460952019008,0.031190077075911742,-3.9153347246098254e-11
6,0.24642380626984492,0.15177288864848215,-5.499999999990733,5.499999999990733,2.0,0.005934691444972113,0.03119005968391137,-3.9138561037172944e-11
