epoch,beta,coefficient,loss,expected_cut,best_measured_cut,success_probability_ancilla_1,max_postselected_probability,grad
0,0.2692897851898369,0.16522506336045115,-3.4997991531291888,3.4997991531291888,3.0,0.007859761419662221,0.12497489414154617,0.010976775591822191
1,0.2751312372050651,0.16863627648481574,-3.499984556543624,3.499984556543624,3.0,0.008018201178666773,0.12499806956834282,-0.050270144978039076
2,0.28113192017174765,0.17212935346120906,-3.4999596914184714,3.4999596914184714,3.0,0.008183780333306143,0.12499496142769093,-0.013623053639082535
3,0.28351136889979567,0.1735112982653516,-3.4998927192534537,3.4998927192534537,3.0,0.008250219356553876,0.12498658990706038,0.021493403914163902
4,0.2824045997549206,0.1728687299238389,-3.4999277885623448,3.4999277885623448,3.0,0.008219261228274296,0.12499097357067347,0.034735440172110665
5,0.27947607327170554,0.17116660018900712,-3.4999874905442567,3.4999874905442567,3.0,0.008137806799787066,0.12499843631841617,0.02862333367816627
6,0.27612602596653346,0.16921614075976005,-3.499995120618266,3.499995120618266,3.0,0.008045454244731933,0.12499939007767173,0.01205233331315388
