epoch,beta,coefficient,loss,expected_cut,best_measured_cut,success_probability_ancilla_1,max_postselected_probability,grad
0,-0.266180929854212,-0.16340530435285738,-5.384448458597365,5.384448458597365,7.0,0.0591960793867869,0.13575245941353256,-0.056512075136950085
1,-0.25657678124338346,-0.15776506746209512,-5.384678668041468,5.384678668041468,7.0,0.058985944950598446,0.13567599425252405,-0.03469286339917422
2,-0.24805095795216503,-0.15273522552358282,-5.384707616365696,5.384707616365696,7.0,0.058805208280865745,0.1355919434086147,-0.013152785724673073
3,-0.2416499029176139,-0.14894513512319424,-5.384618603898538,5.384618603898538,7.0,0.0586731672943409,0.13551865998319257,0.006433668822444505
4,-0.23813436237294452,-0.1468586522422232,-5.384528691835909,5.384528691835909,7.0,0.05860199925537457,0.1354746491388826,0.021417297227486903
5,-0.23735568191832707,-0.14639603751895575,-5.384504808013126,5.384504808013126,7.0,0.05858636627644358,0.13546453735741695,0.029745456028512286
6,-0.23864929878207705,-0.14716448394925286,-5.384543693602053,5.384543693602053,7.0,0.05861236329586576,0.13548126343145836,0.03159945396732435
