epoch,beta,coefficient,loss,expected_cut,best_measured_cut,success_probability_ancilla_1,max_postselected_probability,grad
0,0.25331531810433383,0.15584346045531636,-3.9951378218551947,3.9951378218551947,3.0,0.01182153290174349,0.06201774472678027,0.007126333136785008
1,0.243302047879003,0.1499244900770084,-3.9952207653739453,3.9952207653739453,3.0,0.011571883692003022,0.06209416168978794,0.007886719774371791
2,0.23326625065476733,0.14396375765656855,-3.995312116690196,3.995312116690196,3.0,0.011330200482320321,0.062133614208408725,0.008686289087864407
3,0.22319930173293112,0.1379569206322851,-3.9954123889178703,3.9954123889178703,3.0,0.011096527981918037,0.06213270488893962,0.009524905294736406
4,0.213092886827981,0.13189976699668454,-3.9955221091772657,3.9955221091772657,3.0,0.010870946004920865,0.062087787064638154,0.010401994537014092
5,0.20293908016449935,0.12578827461145456,-3.995641812349136,3.995641812349136,3.0,0.010653571031253885,0.06199497179150724,0.011316444129776981
6,0.19273040691253343,0.11961866202594655,-3.9957720331654456,3.9957720331654456,3.0,0.010444556899274537,0.061850144066063734,0.012266494784913299
