epoch,beta,coefficient,loss,expected_cut,best_measured_cut,success_probability_ancilla_1,max_postselected_probability,grad
0,0.21453896329886432,0.1327680589536776,-5.416039241532831,5.416039241532831,7.0,0.061249524032813696,0.11749033265258386,0.14485626743524593
1,0.20461402779437193,0.12679815614082648,-5.417151247282765,5.417151247282765,7.0,0.061045944217504026,0.11845346983854331,0.12308957042600045
2,0.1948418022711464,0.12089669267303677,-5.418028229564689,5.418028229564689,7.0,0.06085334734688838,0.11939511652745496,0.10089786398432049
3,0.18532931014957463,0.11513071846267853,-5.418669234022051,5.418669234022051,7.0,0.060673481216946754,0.12030461216946749,0.07849789559444305
4,0.1762198656289246,0.1095901646605709,-5.419082147367364,5.419082147367364,7.0,0.060508387272282554,0.12116829348824722,0.05619295933216996
5,0.1676964047405729,0.10439003323392816,-5.419287044841029,5.419287044841029,7.0,0.06036034077819534,0.12196938048870745,0.03439338324599861
6,0.1599753151008049,0.09966667545807675,-5.419318693098866,5.419318693098866,7.0,0.060231663533720656,0.12268872552644716,0.013627401720235664
7,0.1532844709279651,0.09556418056418593,-5.419226091499017,5.419226091499017,7.0,0.06012437862257448,0.12330690154202535,-0.005474154732515781
8,0.1478251796522952,0.09221060538208402,-5.419067034966739,5.419067034966739,7.0,0.060039772198390996,0.12380753701676557,-0.022237560384088844
