epoch,beta,coefficient,loss,expected_cut,best_measured_cut,success_probability_ancilla_1,max_postselected_probability,grad
0,-0.22944670784660365,-0.1416878779705851,-3.9999999999858176,3.9999999999858176,0.0,0.002820455174382771,0.0156249999999446,1.1926006495652255e-10
1,-0.22945203744280712,-0.1416910563644738,-3.9999999999858185,3.9999999999858185,0.0,0.002820581595642829,0.015624999999944603,1.1927279077068422e-10
2,-0.2294585625764708,-0.1416949477267317,-3.9999999999858176,3.9999999999858176,0.0,0.0028207363792109442,0.0156249999999446,1.192742135388601e-10
3,-0.2294660945219335,-0.14169943950221084,-3.9999999999858176,3.9999999999858176,0.0,0.0028209150501953668,0.0156249999999446,1.1927017955905772e-10
4,-0.22947451234911864,-0.14170445956693628,-3.999999999985821,3.999999999985821,0.0,0.0028211147418099537,0.015624999999944614,1.1925270798743858e-10
5,-0.22948372990889698,-0.14170995653921184,-3.999999999985822,3.999999999985822,0.0,0.0028213334122675856,0.015624999999944617,1.1922519299750007e-10
6,-0.22949368199333148,-0.14171589152602113,-3.999999999985823,3.999999999985823,0.0,0.0028215695165024887,0.01562499999994462,1.192070078264324e-10
