epoch,beta,coefficient,loss,expected_cut,best_measured_cut,success_probability_ancilla_1,max_postselected_probability,grad
0,0.2339293373888765,0.1443584548957785,-3.9999999999930242,3.9999999999930242,3.0,0.005732722176539163,0.031247323468528616,-2.918820881173809e-11
1,0.23393064204619207,0.14435923136450454,-3.999999999993025,3.999999999993025,3.0,0.005732753462777813,0.031247321910014458,-2.9180455263942497e-11
2,0.2339322393309207,0.14436018199023326,-3.9999999999930207,3.9999999999930207,3.0,0.005732791766549289,0.03124732000132943,-2.917712617036871e-11
3,0.23393408325791717,0.144361279404506,-3.99999999999302,3.99999999999302,3.0,0.005732835985216268,0.03124731779708994,-2.918415376713037e-11
4,0.23393614439032612,0.14436250608761142,-3.9999999999930242,3.9999999999930242,3.0,0.00573288541297386,0.031247315332152022,-2.91892219375192e-11
5,0.23393840151932163,0.14436384941676705,-3.9999999999930216,3.9999999999930216,3.0,0.00573293954132722,0.031247312631547373,-2.917672196501861e-11
6,0.23394083888846146,0.14436530001418676,-3.9999999999930242,3.9999999999930242,3.0,0.005732997992531238,0.0312473097137968,-2.918520079098469e-11
