epoch,beta,coefficient,loss,expected_cut,best_measured_cut,success_probability_ancilla_1,max_postselected_probability,grad
0,0.27348181922241416,0.16767414550877105,-4.352281309016494,4.352281309016494,4.0,0.02187007693128288,0.04264677718479511,-0.0884962731727578
1,0.28336050691555936,0.1734237338589144,-4.352894227755915,4.352894227755915,4.0,0.022137347786389625,0.042855860877329476,-0.0705709504238124
2,0.2929977243264265,0.17900265780084632,-4.353334764622575,4.353334764622575,4.0,0.022405179435396785,0.04304309122666749,-0.053649087550251155
3,0.30223767984180455,0.184322932648865,-4.3536179326456494,4.3536179326456494,4.0,0.0226683829615989,0.04320759556375251,-0.0379003011286301
4,0.3108900003535032,0.18927878794410097,-4.353765285709774,4.353765285709774,4.0,0.022920395005660878,0.04334876914772844,-0.023506975993235115
5,0.3187411382742629,0.1937534596776858,-4.353804875155721,4.353804875155721,4.0,0.023153600436272744,0.043466458963815055,-0.010654542615388644
6,0.32557897763836396,0.19763301689617738,-4.353769523017615,4.353769523017615,4.0,0.023360137212283413,0.043561143625663844,0.00048731590980942137
