epoch,beta,coefficient,loss,expected_cut,best_measured_cut,success_probability_ancilla_1,max_postselected_probability,grad
0,-0.4996800388773899,-0.4836644073427793,-4.7771484532162,4.7771484532162,2.0,0.45836833172790803,0.03358651463229415,-0.019059758626937616
1,-0.48975851013975935,-0.47545360030139827,-4.7772934084337475,4.7772934084337475,2.0,0.45753880618404447,0.033604324337073645,-0.016115257245966984
2,-0.4799990617536912,-0.4673044290144325,-4.777406176248936,4.777406176248936,2.0,0.45671992996156663,0.03362001404771206,-0.01308735389827976
3,-0.47052023487004574,-0.45932132816638555,-4.777486428795096,4.777486428795096,2.0,0.45592209543820783,0.03363345296367939,-0.010004871802848616
4,-0.4614847396326241,-0.45164954104602634,-4.777535215246623,4.777535215246623,2.0,0.4551595085193536,0.033644555936951245,-0.006911819704427719
