epoch,beta,coefficient,loss,expected_cut,best_measured_cut,success_probability_ancilla_1,max_postselected_probability,grad
0,0.4985261255760733,0.4827132959500238,-4.7281582575177215,4.7281582575177215,4.0,0.42189729315992547,0.03560397516560644,0.012782030343909422
1,0.4886568504697774,0.47453729978587095,-4.728244164565743,4.728244164565743,4.0,0.42129701086225496,0.03558075725527094,0.010077370553930499
2,0.47907869158189964,0.4665322286486276,-4.728301061906811,4.728301061906811,4.0,0.42071724181567655,0.03555556097883386,0.0073164466703401826
3,0.4700393277993116,0.4589145247396949,-4.728330091741865,4.728330091741865,4.0,0.42017289842218,0.03552931465886086,0.0045499026788034715
4,0.4618887090219068,0.45199382617445133,-4.728335147575009,4.728335147575009,4.0,0.41968463497158526,0.03550354708451897,0.0018603641908747773
