epoch,beta,coefficient,loss,expected_cut,best_measured_cut,success_probability_ancilla_1,max_postselected_probability,grad
0,-0.45273972149995145,-0.44416722232776107,-4.499999999999787,4.499999999999787,2.0,0.21018178894795328,0.04382931892793858,1.9735700826165982e-13
1,-0.4527397302677171,-0.4441672298575595,-4.499999999999786,4.499999999999786,2.0,0.21018179064002035,0.043829318919285966,1.9497325750441711e-13
2,-0.45273974099807845,-0.4441672390728443,-4.499999999999787,4.499999999999787,2.0,0.2101817927108433,0.043829318908696555,1.9584360349859093e-13
3,-0.4527397533936179,-0.44416724971819166,-4.499999999999787,4.499999999999787,2.0,0.21018179510302437,0.043829318896463805,1.9645770977103934e-13
4,-0.45273976726656484,-0.4441672616323435,-4.499999999999786,4.499999999999786,2.0,0.21018179778032633,0.04382931888277305,1.9716860554348853e-13
