epoch,beta,coefficient,loss,expected_cut,best_measured_cut,success_probability_ancilla_1,max_postselected_probability,grad
0,0.46185269339833435,0.4519631365348906,-5.499999999999654,5.499999999999654,2.0,0.15895324665816513,0.031143625825098158,-4.98169991415894e-13
1,0.46185271576899134,0.451963155597675,-5.499999999999655,5.499999999999655,2.0,0.15895325180940761,0.031143625905556777,-5.023107148419921e-13
2,0.4618527431625367,0.45196317894062993,-5.499999999999654,5.499999999999654,2.0,0.15895325811725997,0.031143626004080736,-5.004513426579693e-13
3,0.4618527748197069,0.45196320591676126,-5.499999999999656,5.499999999999656,2.0,0.15895326540688798,0.031143626117939246,-5.022234224313098e-13
4,0.46185281012615925,0.45196323600256666,-5.499999999999654,5.499999999999654,2.0,0.1589532735368287,0.031143626244922697,-4.963712608353399e-13
