{
  "config": {
    "N_VERTICES": 4,
    "PROB_ARESTA": 0.4,
    "COM_PESO": false,
    "PESO_MIN": 1,
    "PESO_MAX": 1,
    "GRAPH_SEED": 104678,
    "GRAPH_EDGES": [
      [
        1,
        2,
        1.0
      ],
      [
        1,
        3,
        1.0
      ],
      [
        2,
        3,
        1.0
      ]
    ],
    "REVERSE_BITS": false,
    "ER": 0.75,
    "MAX_TERMS": null,
    "A_MAX": 0.6283185307179586,
    "INIT_BETA": 0.25,
    "MAX_EPOCHS": 200,
    "LR": 0.01,
    "FD_EPS": 0.01,
    "LOSS_TOL_LAST5": 0.002,
    "PATIENCE_LAST5": 7,
    "TRAIN_SEED": 5,
    "INIT_BETA_JITTER": 0.03,
    "OPTIMIZER": "adam",
    "ADAM_BETA1": 0.9,
    "ADAM_BETA2": 0.999,
    "ADAM_EPS": 1e-08,
    "COEF_ZERO_TOL": 0.002,
    "IMPROVEMENT_TOL": 0.002,
    "SATURATION_PATIENCE": 60,
    "INDEX_STRATEGY": "ascending",
    "INDEX_RANDOM_SEED": 42,
    "ENABLE_BACKWARD_PRUNING": false,
    "BACKWARD_PASSES": 1,
    "PRUNE_IMPROVEMENT_TOL": 1e-06,
    "OUTDIR": "benchmark_results_walsh_article/unweighted/coarse_loader/n4/graph05_trainseed05",
    "SHOW_PLOTS": false,
    "name": "coarse_loader"
  },
  "n_qubits_register": 4,
  "graph_edges": [
    [
      1,
      2,
      1.0
    ],
    [
      1,
      3,
      1.0
    ],
    [
      2,
      3,
      1.0
    ]
  ],
  "graph_signature": "be861fe0b30163c15a2bc45387e42148d677589ca12d320c9ad2ad740a6f1fe8",
  "graph_num_edges": 3,
  "graph_density": 0.5,
  "best_cut_bruteforce": 2.0,
  "best_bitstring_bruteforce": "0001",
  "best_index_bruteforce": 1,
  "candidate_order": [
    1,
    2,
    3,
    4,
    5,
    6,
    7,
    8,
    9,
    10,
    11,
    12,
    13,
    14,
    15
  ],
  "total_possible_parameters": 15,
  "visited_parameters": 15,
  "trained_coefficients": {
    "0": 0.0,
    "1": -0.16384192783895984,
    "2": 0.1576309080806147,
    "3": -0.1563858791024143,
    "4": -0.23483593498312327,
    "5": 0.1713901774605508,
    "6": 0.0037316356451961167,
    "7": 0.15000516497090552,
    "8": 0.07602859942315726,
    "9": -0.017823572771278617,
    "10": -0.00212289947397932,
    "11": 0.010331736203570882,
    "12": 0.0,
    "13": 0.0,
    "14": 0.0041412883550616415,
    "15": 0.0
  },
  "final_coefficient_vector": [
    0.0,
    -0.16384192783895984,
    0.1576309080806147,
    -0.1563858791024143,
    -0.23483593498312327,
    0.1713901774605508,
    0.0037316356451961167,
    0.15000516497090552,
    0.07602859942315726,
    -0.017823572771278617,
    -0.00212289947397932,
    0.010331736203570882,
    0.0,
    0.0,
    0.0041412883550616415,
    0.0
  ],
  "active_indices": [
    1,
    2,
    3,
    4,
    5,
    6,
    7,
    8,
    9,
    10,
    11,
    14
  ],
  "active_parameter_count": 12,
  "compression_ratio_active_over_total": 0.8,
  "final_loss": -1.9999133073063975,
  "final_expected_cut": 1.9999133073063975,
  "best_expected_cut_over_evolution": 1.9999336009494293,
  "final_best_measured_index": 10,
  "final_best_measured_bitstring": "1010",
  "final_best_measured_cut": 2.0,
  "best_measured_cut_over_evolution": 2.0,
  "final_success_probability_ancilla_1": 0.025638882050289417,
  "final_max_postselected_probability": 0.3969179565522053,
  "gap_expected_to_bruteforce": 8.669269360250809e-05,
  "gap_measured_to_bruteforce": 0.0,
  "approx_ratio_measured": 1.0,
  "n_steps": 15,
  "elapsed_seconds": 9.800120115280151,
  "steps": [
    {
      "visit_idx": 1,
      "j": 1,
      "kept": true,
      "beta": -0.26692639202394436,
      "coefficient": -0.16384192783895984,
      "loss": -1.5,
      "expected_cut": 1.5,
      "best_measured_cut": 0.0,
      "success_probability_ancilla_1": 0.0037702147117680807,
      "epochs_run": 7,
      "stop_reason": "loss_plateau_last5",
      "history_path": "benchmark_results_walsh_article/unweighted/coarse_loader/n4/graph05_trainseed05/histories/history_visit001_j001.json",
      "improvement_vs_previous": 1.5
    },
    {
      "visit_idx": 2,
      "j": 2,
      "kept": true,
      "beta": 0.25634890536045535,
      "coefficient": 0.1576309080806147,
      "loss": -1.5,
      "expected_cut": 1.5,
      "best_measured_cut": 2.0,
      "success_probability_ancilla_1": 0.0072340100322160076,
      "epochs_run": 7,
      "stop_reason": "loss_plateau_last5",
      "history_path": "benchmark_results_walsh_article/unweighted/coarse_loader/n4/graph05_trainseed05/histories/history_visit002_j002.json",
      "improvement_vs_previous": 0.0
    },
    {
      "visit_idx": 3,
      "j": 3,
      "kept": true,
      "beta": -0.25423540536066297,
      "coefficient": -0.1563858791024143,
      "loss": -1.5000000000000002,
      "expected_cut": 1.5000000000000002,
      "best_measured_cut": 0.0,
      "success_probability_ancilla_1": 0.010619569105037035,
      "epochs_run": 7,
      "stop_reason": "loss_plateau_last5",
      "history_path": "benchmark_results_walsh_article/unweighted/coarse_loader/n4/graph05_trainseed05/histories/history_visit003_j003.json",
      "improvement_vs_previous": 2.220446049250313e-16
    },
    {
      "visit_idx": 4,
      "j": 4,
      "kept": true,
      "beta": -0.3927784122428877,
      "coefficient": -0.23483593498312327,
      "loss": -1.7799525172087587,
      "expected_cut": 1.7799525172087587,
      "best_measured_cut": 2.0,
      "success_probability_ancilla_1": 0.01819043008171162,
      "epochs_run": 77,
      "stop_reason": "loss_plateau_last5",
      "history_path": "benchmark_results_walsh_article/unweighted/coarse_loader/n4/graph05_trainseed05/histories/history_visit004_j004.json",
      "improvement_vs_previous": 0.27995251720875847
    },
    {
      "visit_idx": 5,
      "j": 5,
      "kept": true,
      "beta": 0.2798604721118269,
      "coefficient": 0.1713901774605508,
      "loss": -1.8947547337023922,
      "expected_cut": 1.8947547337023922,
      "best_measured_cut": 2.0,
      "success_probability_ancilla_1": 0.022011633836594595,
      "epochs_run": 63,
      "stop_reason": "loss_plateau_last5",
      "history_path": "benchmark_results_walsh_article/unweighted/coarse_loader/n4/graph05_trainseed05/histories/history_visit005_j005.json",
      "improvement_vs_previous": 0.11480221649363354
    },
    {
      "visit_idx": 6,
      "j": 6,
      "kept": true,
      "beta": 0.005939152418150021,
      "coefficient": 0.0037316356451961167,
      "loss": -1.8947508385035843,
      "expected_cut": 1.8947508385035843,
      "best_measured_cut": 2.0,
      "success_probability_ancilla_1": 0.022019505115544038,
      "epochs_run": 26,
      "stop_reason": "loss_plateau_last5",
      "history_path": "benchmark_results_walsh_article/unweighted/coarse_loader/n4/graph05_trainseed05/histories/history_visit006_j006.json",
      "improvement_vs_previous": -3.8951988079460875e-06
    },
    {
      "visit_idx": 7,
      "j": 7,
      "kept": true,
      "beta": 0.2434382021870717,
      "coefficient": 0.15000516497090552,
      "loss": -1.9818912718552886,
      "expected_cut": 1.9818912718552886,
      "best_measured_cut": 2.0,
      "success_probability_ancilla_1": 0.02480584287033858,
      "epochs_run": 59,
      "stop_reason": "loss_plateau_last5",
      "history_path": "benchmark_results_walsh_article/unweighted/coarse_loader/n4/graph05_trainseed05/histories/history_visit007_j007.json",
      "improvement_vs_previous": 0.0871404333517043
    },
    {
      "visit_idx": 8,
      "j": 8,
      "kept": true,
      "beta": 0.1215990854893531,
      "coefficient": 0.07602859942315726,
      "loss": -1.9988128073789362,
      "expected_cut": 1.9988128073789362,
      "best_measured_cut": 2.0,
      "success_probability_ancilla_1": 0.02557816757398284,
      "epochs_run": 14,
      "stop_reason": "loss_plateau_last5",
      "history_path": "benchmark_results_walsh_article/unweighted/coarse_loader/n4/graph05_trainseed05/histories/history_visit008_j008.json",
      "improvement_vs_previous": 0.016921535523647613
    },
    {
      "visit_idx": 9,
      "j": 9,
      "kept": true,