{
  "0": 0.0,
  "1": -0.5202921415736315,
  "2": 0.49776126727179076,
  "3": -0.49317954604624437,
  "4": 0.47092826102558744,
  "5": 0.6676442853512227,
  "6": 0.42700411515351233,
  "7": -0.3584057556906747,
  "8": -0.24397594958712301,
  "9": 0.18715168732011916,
  "10": -0.20199984707616364,
  "11": 0.2983528323911382,
  "12": -0.21035618589878927,
  "13": 0.19108973007725197,
  "14": -0.34073425609456837,
  "15": -0.29404828235684866,
  "16": -0.0542543935692845,
  "17": -0.26930827684426034,
  "18": 0.15120101152382384,
  "19": 0.14152483273583716,
  "20": 0.032132528056061475,
  "21": 0.045863768057003214,
  "22": -0.21680260411026112,
  "23": 0.14339413821737665,
  "24": -0.223565543149054,
  "25": 0.00934198084730592,
  "26": -0.018898642189225098,
  "27": 0.24296817265541737,
  "28": 0.05250235439775844,
  "29": -0.13285872491542502,
  "30": 0.01736918637405396,
  "31": 0.03148538598942886,
  "32": -0.08595502873583548,
  "33": 0.10781486553434408,
  "34": 0.0683120417750729,
  "35": 0.10105342464926166,
  "36": -0.10576759545275202,
  "37": 0.061917942231782326,
  "38": -0.07573654256807118,
  "39": -0.19174229492275713,
  "40": 0.12495563831781749,
  "41": 0.025007292744619023,
  "42": -0.019192379522785113,
  "43": 0.14218286208501896,
  "44": 0.031245715957155838,
  "45": -0.16191326566413425,
  "46": -0.07759904376879505,
  "47": -0.008226471918650329,
  "48": 0.03704772053695862,
  "49": -0.09750374415243795,
  "50": 0.08726628401060095,
  "51": 0.00528390630360922,
  "52": 0.12685968549701926,
  "53": 0.0033908633051997475,
  "54": -0.0018879155431410898,
  "55": -0.10056763654721897,
  "56": -0.017654778846200474,
  "57": 0.005162600145055323,
  "58": 0.0182915171485762,
  "59": -0.016971019315036775,
  "60": -0.015957787807539103,
  "61": -0.0013249415481114582,
  "62": 0.0022963597415405204,
  "63": 0.009205461698930729
}