epoch,beta,coefficient,loss,expected_cut,best_measured_cut,success_probability_ancilla_1,max_postselected_probability,grad
0,-0.309563235208499,-0.23565063222851176,-5.999999999998816,5.999999999998816,4.0,0.05058643843024727,0.04604791383754837,1.8125368776906128e-12
1,-0.3095633161171523,-0.2356506900534085,-5.999999999998813,5.999999999998813,4.0,0.05058644467010211,0.04604791451898168,1.8070320372463663e-12
2,-0.3095634150880354,-0.23565076078726144,-5.999999999998815,5.999999999998815,4.0,0.05058645230295778,0.04604791535253808,1.8048564314418498e-12
3,-0.30956352929623643,-0.23565084241112216,-5.999999999998815,5.999999999998815,4.0,0.05058646111095173,0.046047916314424564,1.8054371294856227e-12
4,-0.30956365692919885,-0.2356509336295662,-5.999999999998815,5.999999999998815,4.0,0.05058647095429639,0.046047917389374485,1.8057973013492098e-12
