{
  "0": 0.0,
  "1": -0.29548479429247365,
  "2": 0.2976151088563316,
  "3": -0.24906486123724922,
  "4": 0.2910445543383324,
  "5": -0.256484207374888,
  "6": 0.2775724636766042,
  "7": -0.27232180853605137,
  "8": -0.43603965105759035,
  "9": 0.2974174285316809,
  "10": -0.2799358869673672,
  "11": 0.2531927943077739,
  "12": 0.0,
  "13": 0.2502420238072322,
  "14": -0.25162236437409746,
  "15": 0.20805517245329164,
  "16": 0.0,
  "17": -0.0471890272255536,
  "18": 0.23564331265535576,
  "19": 0.0,
  "20": 0.20820289651878973,
  "21": -0.005365849841643395,
  "22": 0.0020713635194854964,
  "23": -0.03774580031104754,
  "24": -0.35138319374581145,
  "25": 0.040981216204597444,
  "26": 0.0,
  "27": 0.048699269819895606,
  "28": 0.0,
  "29": 0.03475284239144965,
  "30": -0.3006654236635629,
  "31": 0.04848651577107495,
  "32": 0.10401281715972556,
  "33": 0.0,
  "34": 0.0,
  "35": -0.058107616405530034,
  "36": -0.1289373016360549,
  "37": -0.027295982996135677,
  "38": 0.0,
  "39": -0.08605293846014653,
  "40": 0.1552610463830636,
  "41": 0.08111324586622065,
  "42": -0.016868222776474078,
  "43": 0.1082491102189459,
  "44": -0.059615402941779645,
  "45": 0.0,
  "46": 0.0,
  "47": 0.01990731780219524,
  "48": 0.1030907581740789,
  "49": 0.05529953049309771,
  "50": -0.08692265214226308,
  "51": 0.039454130079926465,
  "52": -0.06638751724312064,
  "53": 0.07297123369308665,
  "54": -0.014544373388485864,
  "55": 0.05653970926570726,
  "56": 0.11836737899860666,
  "57": -0.052620381965544645,
  "58": 0.03848536595045839,
  "59": -0.12805579864541908,
  "60": -0.1313857527687379,
  "61": -0.10318430178801705,
  "62": 0.06435217615779064,
  "63": 0.0
}