epoch,beta,coefficient,loss,expected_cut,best_measured_cut,success_probability_ancilla_1,max_postselected_probability,grad
0,-0.3685965778869252,-0.27705983959270397,-2.499999999998689,2.499999999998689,0.0,0.019068093431645297,0.062499999999967235,6.466427531958028e-12
1,-0.36859686696774346,-0.27706003838244797,-2.499999999998689,2.499999999998689,0.0,0.019068120619014958,0.062499999999967235,6.465324786516569e-12
2,-0.3685972209386981,-0.2770602817945842,-2.499999999998689,2.499999999998689,0.0,0.019068153909167364,0.062499999999967235,6.4664169708936106e-12
3,-0.36859762959393255,-0.2770605628109091,-2.499999999998688,2.499999999998688,0.0,0.019068192342275324,0.06249999999996721,6.467645245334631e-12
4,-0.36859808641773184,-0.27706087695078835,-2.499999999998689,2.499999999998689,0.0,0.01906823530556058,0.06249999999996725,6.469402592339428e-12
