{
  "config": {
    "N_VERTICES": 4,
    "PROB_ARESTA": 0.4,
    "COM_PESO": false,
    "PESO_MIN": 1,
    "PESO_MAX": 1,
    "GRAPH_SEED": 104678,
    "GRAPH_EDGES": [
      [
        1,
        2,
        1.0
      ],
      [
        1,
        3,
        1.0
      ],
      [
        2,
        3,
        1.0
      ]
    ],
    "REVERSE_BITS": false,
    "ER": 1.0,
    "MAX_TERMS": null,
    "A_MAX": 0.7853981633974483,
    "INIT_BETA": 0.35,
    "MAX_EPOCHS": 200,
    "LR": 0.01,
    "FD_EPS": 0.01,
    "LOSS_TOL_LAST5": 0.001,
    "PATIENCE_LAST5": 5,
    "TRAIN_SEED": 1,
    "INIT_BETA_JITTER": 0.05,
    "OPTIMIZER": "adam",
    "ADAM_BETA1": 0.9,
    "ADAM_BETA2": 0.999,
    "ADAM_EPS": 1e-08,
    "COEF_ZERO_TOL": 0.001,
    "IMPROVEMENT_TOL": 0.001,
    "SATURATION_PATIENCE": 100,
    "INDEX_STRATEGY": "ascending",
    "INDEX_RANDOM_SEED": 42,
    "ENABLE_BACKWARD_PRUNING": true,
    "BACKWARD_PASSES": 2,
    "PRUNE_IMPROVEMENT_TOL": 0.0001,
    "OUTDIR": "benchmark_results_walsh_article/unweighted/with_pruning/n4/graph05_trainseed01",
    "SHOW_PLOTS": false,
    "name": "with_pruning"
  },
  "n_qubits_register": 4,
  "graph_edges": [
    [
      1,
      2,
      1.0
    ],
    [
      1,
      3,
      1.0
    ],
    [
      2,
      3,
      1.0
    ]
  ],
  "graph_signature": "be861fe0b30163c15a2bc45387e42148d677589ca12d320c9ad2ad740a6f1fe8",
  "graph_num_edges": 3,
  "graph_density": 0.5,
  "best_cut_bruteforce": 2.0,
  "best_bitstring_bruteforce": "0001",
  "best_index_bruteforce": 1,
  "candidate_order": [
    1,
    2,
    3,
    4,
    5,
    6,
    7,
    8,
    9,
    10,
    11,
    12,
    13,
    14,
    15
  ],
  "total_possible_parameters": 15,
  "visited_parameters": 15,
  "trained_coefficients": {
    "0": 0.0,
    "1": -0.2770597833357628,
    "2": 0.280111780136861,
    "3": -0.23565060148444622,
    "4": -0.370542138766771,
    "5": 0.24438733127122525,
    "6": 0.0,
    "7": 0.2420698523810341,
    "8": 0.10089191364175765,
    "9": 0.0,
    "10": 0.0,
    "11": 0.017272373947572958,
    "12": 0.0,
    "13": 0.0,
    "14": 0.0,
    "15": 0.0
  },
  "final_coefficient_vector": [
    0.0,
    -0.2770597833357628,
    0.280111780136861,
    -0.23565060148444622,
    -0.370542138766771,
    0.24438733127122525,
    0.0,
    0.2420698523810341,
    0.10089191364175765,
    0.0,
    0.0,
    0.017272373947572958,
    0.0,
    0.0,
    0.0,
    0.0
  ],
  "active_indices": [
    1,
    2,
    3,
    4,
    5,
    7,
    8,
    11
  ],
  "active_parameter_count": 8,
  "compression_ratio_active_over_total": 0.5333333333333333,
  "final_loss": -1.999376743960461,
  "final_expected_cut": 1.999376743960461,
  "best_expected_cut_over_evolution": 1.9991368116927295,
  "final_best_measured_index": 10,
  "final_best_measured_bitstring": "1010",
  "final_best_measured_cut": 2.0,
  "best_measured_cut_over_evolution": 2.0,
  "final_success_probability_ancilla_1": 0.10020829046367233,
  "final_max_postselected_probability": 0.36234794087769784,
  "gap_expected_to_bruteforce": 0.0006232560395389442,
  "gap_measured_to_bruteforce": 0.0,
  "approx_ratio_measured": 1.0,
  "n_steps": 15,
  "elapsed_seconds": 12.185670375823975,
  "steps": [
    {
      "visit_idx": 1,
      "j": 1,
      "kept": true,
      "beta": -0.36859649607787337,
      "coefficient": -0.2770597833357628,
      "loss": -1.5,
      "expected_cut": 1.5,
      "best_measured_cut": 0.0,
      "success_probability_ancilla_1": 0.019068085737699216,
      "epochs_run": 5,
      "stop_reason": "loss_plateau_last5",
      "history_path": "benchmark_results_walsh_article/unweighted/with_pruning/n4/graph05_trainseed01/histories/history_visit001_j001.json",
      "improvement_vs_previous": 1.5
    },
    {
      "visit_idx": 2,
      "j": 2,
      "kept": true,
      "beta": 0.3730417098313785,
      "coefficient": 0.280111780136861,
      "loss": -1.5,
      "expected_cut": 1.5,
      "best_measured_cut": 2.0,
      "success_probability_ancilla_1": 0.03781262773103324,
      "epochs_run": 5,
      "stop_reason": "loss_plateau_last5",
      "history_path": "benchmark_results_walsh_article/unweighted/with_pruning/n4/graph05_trainseed01/histories/history_visit002_j002.json",
      "improvement_vs_previous": 0.0
    },
    {
      "visit_idx": 3,
      "j": 3,
      "kept": true,
      "beta": -0.30956319219137335,
      "coefficient": -0.23565060148444622,
      "loss": -1.5,
      "expected_cut": 1.5,
      "best_measured_cut": 0.0,
      "success_probability_ancilla_1": 0.0505862630468753,
      "epochs_run": 5,
      "stop_reason": "loss_plateau_last5",
      "history_path": "benchmark_results_walsh_article/unweighted/with_pruning/n4/graph05_trainseed01/histories/history_visit003_j003.json",
      "improvement_vs_previous": 0.0
    },
    {
      "visit_idx": 4,
      "j": 4,
      "kept": true,
      "beta": -0.5123689373680588,
      "coefficient": -0.370542138766771,
      "loss": -1.7886814385984096,
      "expected_cut": 1.7886814385984096,
      "best_measured_cut": 2.0,
      "success_probability_ancilla_1": 0.08108745076904167,
      "epochs_run": 105,
      "stop_reason": "loss_plateau_last5",
      "history_path": "benchmark_results_walsh_article/unweighted/with_pruning/n4/graph05_trainseed01/histories/history_visit004_j004.json",
      "improvement_vs_previous": 0.28868143859840956
    },
    {
      "visit_idx": 5,
      "j": 5,
      "kept": true,
      "beta": 0.321833250435665,
      "coefficient": 0.24438733127122525,
      "loss": -1.8840971491235772,
      "expected_cut": 1.8840971491235772,
      "best_measured_cut": 2.0,
      "success_probability_ancilla_1": 0.09081516116341307,
      "epochs_run": 82,
      "stop_reason": "loss_plateau_last5",
      "history_path": "benchmark_results_walsh_article/unweighted/with_pruning/n4/graph05_trainseed01/histories/history_visit005_j005.json",
      "improvement_vs_previous": 0.09541571052516762
    },
    {
      "visit_idx": 6,
      "j": 6,
      "kept": true,
      "beta": 0.03509057314130946,
      "coefficient": 0.027548765250559736,
      "loss": -1.8839825014730063,
      "expected_cut": 1.8839825014730063,
      "best_measured_cut": 2.0,
      "success_probability_ancilla_1": 0.09149582588312491,
      "epochs_run": 36,
      "stop_reason": "loss_plateau_last5",
      "history_path": "benchmark_results_walsh_article/unweighted/with_pruning/n4/graph05_trainseed01/histories/history_visit006_j006.json",
      "improvement_vs_previous": -0.00011464765057089821
    },
    {
      "visit_idx": 7,
      "j": 7,
      "kept": true,
      "beta": 0.31856952806393424,
      "coefficient": 0.2420698523810341,
      "loss": -1.9871074393639008,
      "expected_cut": 1.9871074393639008,
      "best_measured_cut": 2.0,
      "success_probability_ancilla_1": 0.09909776945723194,
      "epochs_run": 80,
      "stop_reason": "loss_plateau_last5",
      "history_path": "benchmark_results_walsh_article/unweighted/with_pruning/n4/graph05_trainseed01/histories/history_visit007_j007.json",
      "improvement_vs_previous": 0.1031249378908945
    },
    {
      "visit_idx": 8,
      "j": 8,
      "kept": true,
      "beta": 0.12917326133016607,
      "coefficient": 0.10089191364175765,
      "loss": -1.9973200155824133,
      "expected_cut": 1.9973200155824133,
      "best_measured_cut": 2.0,
      "success_probability_ancilla_1": 0.10113646685177198,
      "epochs_run": 29,
      "stop_reason": "loss_plateau_last5",
      "history_path": "benchmark_results_walsh_article/unweighted/with_pruning/n4/graph05_trainseed01/histories/history_visit008_j008.json",
      "improvement_vs_previous": 0.01021257621851257
    },
    {
      "visit_idx": 9,
      "j": 9,
      "kept": true,
      "beta": -0.026195756929590135,
      "coefficient": -0.02056939456912249,
      "loss": -1.9972408877219663,
      "expected_cut": 1.9972408877219663,
      "best_measured_cut": 2.0,
      "success_probability_ancilla_1": 0.10109919743148091,