{
  "0": 0.0,
  "1": -0.2770597833357628,
  "2": 0.280111780136861,
  "3": -0.23565060148444622,
  "4": -0.370542138766771,
  "5": 0.24438733127122525,
  "6": 0.0,
  "7": 0.2420698523810341,
  "8": 0.10089191364175765,
  "9": 0.0,
  "10": 0.0,
  "11": 0.017272373947572958,
  "12": 0.0,
  "13": 0.0,
  "14": 0.0,
  "15": 0.0
}