epoch,beta,coefficient,loss,expected_cut,best_measured_cut,success_probability_ancilla_1,max_postselected_probability,grad
0,-0.2611626172615078,-0.16046164886387873,-7.499999999979259,7.499999999979259,0.0,0.0036164362037644903,0.015624999999956795,1.516475715118488e-10
1,-0.26116939295631286,-0.1604656284895833,-7.499999999979261,7.499999999979261,0.0,0.0036166153726250303,0.015624999999956795,1.5165177994567882e-10
2,-0.26117768813614456,-0.16047050054843062,-7.499999999979263,7.499999999979263,0.0,0.0036168347262168425,0.015624999999956798,1.516506975759582e-10
3,-0.2611872624573054,-0.16047612386753632,-7.499999999979266,7.499999999979266,0.0,0.003617087911867031,0.015624999999956805,1.51622488390869e-10
4,-0.26119796251353716,-0.16048240833596583,-7.499999999979266,7.499999999979266,0.0,0.003617370875708257,0.015624999999956805,1.5161427898160798e-10
5,-0.26120967894610697,-0.16048928971372853,-7.499999999979265,7.499999999979265,0.0,0.003617680728577209,0.015624999999956802,1.5158857359175192e-10
6,-0.26122232917153093,-0.1604967194870501,-7.49999999997927,7.49999999997927,0.0,0.0036180152893014947,0.015624999999956812,1.5158633287643562e-10
