epoch,beta,coefficient,loss,expected_cut,best_measured_cut,success_probability_ancilla_1,max_postselected_probability,grad
0,-0.22944859218194125,-0.1416890017263718,-5.999999999978727,5.999999999978727,0.0,0.002820499871673716,0.015624999999944603,1.789041772357198e-10
1,-0.22945658495024926,-0.14169376834060057,-5.99999999997873,5.99999999997873,0.0,0.0028206894672757757,0.01562499999994461,1.7891795714707666e-10
2,-0.22946636885297234,-0.14169960310287286,-5.99999999997873,5.99999999997873,0.0,0.0028209215579048097,0.01562499999994461,1.7886199409690379e-10
3,-0.22947766106375947,-0.14170633733298182,-5.99999999997873,5.99999999997873,0.0,0.002821189438700563,0.01562499999994461,1.788529930954501e-10
4,-0.22949028093821702,-0.14171386328886634,-5.999999999978737,5.999999999978737,0.0,0.0028214888285459723,0.015624999999944628,1.7886012758354192e-10
5,-0.22950409905608443,-0.14172210377697214,-5.999999999978741,5.999999999978741,0.0,0.0028218166613455044,0.015624999999944638,1.788065791204977e-10
6,-0.2295190173487666,-0.1417310003009245,-5.999999999978742,5.999999999978742,0.0,0.0028221706146541177,0.015624999999944645,1.7876087921955122e-10
