{
  "0": 0.0,
  "1": -0.27705978333147263,
  "2": 0.27742705458266675,
  "3": 0.0,
  "4": -0.18631588356565051,
  "5": 0.0,
  "6": 0.0,
  "7": 0.22452405149186347,
  "8": -0.11195023423157204,
  "9": 0.0,
  "10": 0.0,
  "11": 0.14833046408758307,
  "12": 0.0,
  "13": -0.13784747474575262,
  "14": 0.15421051096111538,
  "15": 0.0
}