{
  "0": 0.0,
  "1": -0.2347150611328382,
  "2": 0.23326313532925877,
  "3": -0.0010555501670822395,
  "4": 0.0,
  "5": 0.0026501702816620763,
  "6": -0.0032293582154025984,
  "7": 0.0,
  "8": 0.002076685032158503,
  "9": 0.0,
  "10": 0.0023944031599308258,
  "11": -0.0023459104645145996,
  "12": -0.002385985424088229,
  "13": 0.16554079990275078,
  "14": -0.1972772059461359,
  "15": 0.0018390461176005382
}