epoch,beta,coefficient,loss,expected_cut,best_measured_cut,success_probability_ancilla_1,max_postselected_probability,grad
0,0.4618526805263691,0.4519631255662587,-0.9999999999999372,0.9999999999999372,0.0,0.1589531882721634,0.12457450584358364,-9.112195083839021e-14
1,0.46185268460518486,0.451963129041954,-0.9999999999999372,0.9999999999999372,0.0,0.15895318921138357,0.12457450590226318,-9.132333245304868e-14
2,0.46185268960316034,0.451963133300896,-0.9999999999999374,0.9999999999999374,0.0,0.1589531903622567,0.12457450597416617,-9.141189201823695e-14
3,0.46185269536179985,0.45196313820802525,-0.9999999999999373,0.9999999999999373,0.0,0.15895319168828628,0.12457450605701231,-9.069275293289268e-14
4,0.461852701792081,0.45196314368748264,-0.9999999999999369,0.9999999999999369,0.0,0.15895319316897336,0.12457450614952097,-9.074572097159665e-14
