epoch,beta,coefficient,loss,expected_cut,best_measured_cut,success_probability_ancilla_1,max_postselected_probability,grad
0,-0.525408166958271,-0.5046060193634254,-0.9999999999998963,0.9999999999998963,0.0,0.09620950744977641,0.06249999999999352,3.1961312761081524e-13
1,-0.5254081812570309,-0.5046060308602927,-0.9999999999998961,0.9999999999998961,0.0,0.09620951168749786,0.062499999999993505,3.1998797080637456e-13
2,-0.5254081987753311,-0.5046060449458194,-0.9999999999998961,0.9999999999998961,0.0,0.09620951687939404,0.062499999999993505,3.203227988980458e-13
3,-0.5254082189993243,-0.5046060612068487,-0.9999999999998959,0.9999999999998959,0.0,0.09620952287317616,0.06249999999999349,3.2003562874414264e-13
4,-0.5254082416038871,-0.5046060793819661,-0.9999999999998959,0.9999999999998959,0.0,0.09620952957248746,0.06249999999999349,3.1995821834486554e-13
