epoch,beta,coefficient,loss,expected_cut,best_measured_cut,success_probability_ancilla_1,max_postselected_probability,grad
0,0.49852597945096294,0.4827131754424841,-1.3416362203065255,1.3416362203065255,1.0,0.2887284677368133,0.2158075960928458,0.031226186244962477
1,0.4886346482729872,0.47451882379556526,-1.341856816885194,1.341856816885194,1.0,0.28852552089080363,0.21607596027180725,0.025309340259064898
2,0.47897801199191903,0.4664477189516742,-1.3420135856569702,1.3420135856569702,1.0,0.28834731555794213,0.21631332507481996,0.019262719990021788
3,0.46974395331744845,0.45866457990242987,-1.3421077320456107,1.3421077320456107,1.0,0.28819587192901114,0.21651675765668257,0.013175865100738001
4,0.46119606109557193,0.4514034396662362,-1.342144973086291,1.342144973086291,1.0,0.28807266083366234,0.2166839138847752,0.007188261201459398
5,0.453665600621644,0.4449620593111542,-1.3421370721480972,1.3421370721480972,1.0,0.287977973069211,0.21681385194973216,0.001502542439613135
