epoch,beta,coefficient,loss,expected_cut,best_measured_cut,success_probability_ancilla_1,max_postselected_probability,grad
0,-0.4996799407920081,-0.4836643265390911,-1.4681489322215948,1.4681489322215948,1.0,0.25211441448951544,0.22065720498929933,-0.04662327339179996
1,-0.48979828547010673,-0.47548666612373447,-1.4684710464200936,1.4684710464200936,1.0,0.25198382802083263,0.2215594922411502,-0.03731982793306236
2,-0.48017569351843764,-0.46745255244398387,-1.4686931736344644,1.4686931736344644,1.0,0.2518807705660712,0.22241463554684712,-0.02782507710087476
3,-0.4710248323959767,-0.45974798708237347,-1.4688181755752734,1.4688181755752734,1.0,0.2518054454379808,0.22320520282063855,-0.01829682877874727
4,-0.4626447547035569,-0.45263784765675724,-1.4688569687502393,1.4688569687502393,1.0,0.25175635613722147,0.2239088730884138,-0.008982845953822224
5,-0.4554038670221053,-0.4464526151664083,-1.4688308956211928,1.4688308956211928,1.0,0.25172960098612646,0.22450059715606138,-0.0002424076622744557
