{
  "0": 0.0,
  "1": -0.5420203474529038,
  "2": 0.541560552787487,
  "3": -0.006597408118606946,
  "4": 0.006798614939820636,
  "5": 0.0010485001015338943,
  "6": 0.012890938875046394,
  "7": -0.012799529608824543,
  "8": 0.007024655194828116,
  "9": -0.004140648983746131,
  "10": 0.009434732121890619,
  "11": -0.00960466636112069,
  "12": -0.010069907090930065,
  "13": 0.3010017837037538,
  "14": -0.4041026311396419,
  "15": -0.005549718301857446,
  "16": -0.001696661061536515,
  "17": 0.0023055518774218924,
  "18": -0.004728124413514398,
  "19": 0.008658519596804283,
  "20": 0.0,
  "21": 0.11580717093838874,
  "22": -0.12071140497523598,
  "23": -0.0027522407624843096,
  "24": 0.0058407524928978626,
  "25": 0.055041751258197616,
  "26": -0.03371972754487981,
  "27": 0.0015911274960205416,
  "28": 0.038455545000260175,
  "29": 0.0018540664375419358,
  "30": -0.00259913244094596,
  "31": 0.025217468888453824,
  "32": -0.008575349544609047,
  "33": 0.0,
  "34": -0.002021070169951889,
  "35": 0.011591031837644645,
  "36": 0.0012555688492048873,
  "37": 0.08362125040862517,
  "38": -0.06835202224455394,
  "39": -0.000560542485920476,
  "40": 0.0031480554934588995,
  "41": 0.00880617712306385,
  "42": 0.017450123257603298,
  "43": -0.0006534248406126107,
  "44": 0.01590020160957996,
  "45": 0.003977239281104825,
  "46": 0.0,
  "47": 0.005668052000011166,
  "48": 0.001599677222653789,
  "49": -0.009873683380135454,
  "50": -0.02402607158103611,
  "51": 0.0013171965816940118,
  "52": -0.009168623761004618,
  "53": -0.006546564656489555,
  "54": 0.001921385540147691,
  "55": -0.00674645227581239,
  "56": -0.02639004196008752,
  "57": -0.006659773965832652,
  "58": -0.001699373692535633,
  "59": -0.011429603922851275,
  "60": 0.004357110949344382,
  "61": -0.13398302118351477,
  "62": 0.19732848095930783,
  "63": 0.005000625820723119
}