epoch,beta,coefficient,loss,expected_cut,best_measured_cut,success_probability_ancilla_1,max_postselected_probability,grad
0,-0.32782830961455256,-0.24863197978279733,-6.418479984099934,6.418479984099934,4.0,0.1442337864648602,0.062410724999016474,-0.0640740909284524
1,-0.31786837093652426,-0.2415713698871924,-6.419023540516326,6.419023540516326,4.0,0.14364157945125128,0.06228828617299669,-0.057800342393380395
2,-0.30798542431664555,-0.23452244770141256,-6.419497795608756,6.419497795608756,4.0,0.14306807382067988,0.06215694432142115,-0.05130781978851286
3,-0.2982265351466618,-0.2275210609077197,-6.41990018366123,6.41990018366123,4.0,0.14251599156171502,0.06201742820315235,-0.04462730655646872
4,-0.2886510208449055,-0.22061264238594697,-6.4202292031251345,6.4202292031251345,4.0,0.1419884161398186,0.06187086853210304,-0.0378008839551188
5,-0.2793325729256297,-0.21385390538671795,-6.420484843162075,6.420484843162075,4.0,0.14148880646417125,0.061718895289040045,-0.03088440676282876
6,-0.2703608433471451,-0.20731414606816242,-6.420669068708131,6.420669068708131,4.0,0.1410209731284772,0.06156373037528229,-0.023949995150246324
7,-0.26184167816288495,-0.20107552359635894,-6.420786302325642,6.420786302325642,4.0,0.14058899063763805,0.061408250633220744,-0.01708805128227991
