{
  "0": 0.0,
  "1": -0.542020164312044,
  "2": 0.5458904498588375,
  "3": -0.4550707646559644,
  "4": 0.4940785169425036,
  "5": 0.687453927504457,
  "6": 0.4454035360749457,
  "7": -0.42724326467047824,
  "8": -0.16090378756032875,
  "9": -0.5863115168750186,
  "10": 0.3126304708132087,
  "11": -0.01941739995390556,
  "12": -0.2647188005238722,
  "13": 0.15865665452894956,
  "14": -0.13384564432137744,
  "15": -0.4411553349780846
}