{
  "0": 0.0,
  "1": -0.15951363816887035,
  "2": 0.14541068151612374,
  "3": -0.1433750773487302,
  "4": 0.15960884865914093,
  "5": -0.15081647124983966,
  "6": 0.15577384840130115,
  "7": -0.15602914183714348,
  "8": -0.2921557400820016,
  "9": 0.20969438491525108,
  "10": -0.1787889525395435,
  "11": 0.159885118058873,
  "12": 0.0293537336471881,
  "13": 0.14798252002251647,
  "14": -0.1263220507886683,
  "15": 0.12062729571088626,
  "16": -0.1426370089610808,
  "17": 0.12899132056181095,
  "18": -0.020198962988904653,
  "19": 0.13569328507761821,
  "20": -0.017190578098188216,
  "21": 0.12570510303368929,
  "22": -0.1136822961617443,
  "23": 0.1063983592067114,
  "24": 0.029814070028945802,
  "25": -0.19763698047691508,
  "26": 0.2303720792402446,
  "27": -0.17537974524487707,
  "28": 0.20931286477210892,
  "29": -0.15861184084037971,
  "30": 0.03670692043547335,
  "31": -0.14977087745503276,
  "32": 0.06821424884842281,
  "33": 0.01954915415169842,
  "34": -0.017398667948305635,
  "35": -0.012570846633130088,
  "36": -0.0869434744358506,
  "37": -0.009847801729749988,
  "38": -0.007201096792189008,
  "39": 0.0023610424573132726,
  "40": 0.08893935264223332,
  "41": 0.07876121629702958,
  "42": -0.036601111129379374,
  "43": 0.030983629686255093,
  "44": -0.05428137278788759,
  "45": -0.04699156755565453,
  "46": 0.03184251558972151,
  "47": 0.01044110532625404,
  "48": 0.11455317540155652,
  "49": 0.030000979397589667,
  "50": -0.04569651435508392,
  "51": -0.025262470936796403,
  "52": -0.03773519418977549,
  "53": -0.026508485811401982,
  "54": 0.060660277745459526,
  "55": 0.0032021949015403656,
  "56": 0.10540512395063284,
  "57": 0.011645796539456887,
  "58": -0.05140998083607636,
  "59": -0.061812813230480795,
  "60": -0.12515011819821834,
  "61": -0.04882710395967947,
  "62": 0.024427704251877923,
  "63": 0.03913457794791196
}