{
  "0": 0.0,
  "1": -0.2975799987597987,
  "2": 0.29714869598739296,
  "3": -0.2609223586109435,
  "4": 0.3168519727385242,
  "5": 0.4214580483493816,
  "6": 0.3447926901937147,
  "7": -0.10634731331900818,
  "8": -0.2907939930259927,
  "9": -0.2465065671008148,
  "10": -0.04264095684597609,
  "11": 0.06550674174212152,
  "12": -0.3167787111265826,
  "13": 0.1977982055570255,
  "14": -0.1948190339622307,
  "15": -0.13466870860746422,
  "16": 0.0,
  "17": -0.1053296834940597,
  "18": -0.12146251345804823,
  "19": 0.0,
  "20": 0.290441698962817,
  "21": 0.034556639304577655,
  "22": -0.022894679098858957,
  "23": 0.22439504595563228,
  "24": 0.024617241991978046,
  "25": 0.0,
  "26": -0.03134210162596939,
  "27": 0.057146322546809764,
  "28": 0.017702292600724506,
  "29": -0.23229784519132268,
  "30": -0.20359456775771603,
  "31": -0.01269407481615743,
  "32": -0.05974254815369073,
  "33": 0.051565883926642325,
  "34": -0.01212709929091378,
  "35": 0.09426715721785889,
  "36": -0.0532382235342656,
  "37": 0.012657712179635707,
  "38": -0.07822085174347752,
  "39": -0.11832993811197415,
  "40": 0.08194622499113283,
  "41": -0.044654217756034766,
  "42": 0.14040104399594902,
  "43": 0.1614321331661319,
  "44": 0.08833494063253614,
  "45": -0.05510031003210563,
  "46": 0.06870439350592113,
  "47": -0.15534872736586933,
  "48": 0.02770235439585555,
  "49": 0.01530022463327548,
  "50": 0.0071061604397602675,
  "51": -0.025352802247116724,
  "52": 0.006597347234997085,
  "53": -0.05057970025667559,
  "54": -0.058396086840195316,
  "55": -0.014981701732101588,
  "56": -0.005667823155789616,
  "57": 0.02974874414177357,
  "58": 0.050772092596185946,
  "59": -0.005664289808377729,
  "60": 0.029598893819903483,
  "61": 0.0,
  "62": -0.010724633413773861,
  "63": 0.02286653543256268
}