epoch,beta,coefficient,loss,expected_cut,best_measured_cut,success_probability_ancilla_1,max_postselected_probability,grad
0,-0.31462435043685527,-0.23926226375193638,-5.499999999996142,5.499999999996142,0.0,0.014243463823876958,0.003906249999997259,2.289161432329904e-11
1,-0.3146253732920549,-0.2392629925460056,-5.499999999996138,5.499999999996138,0.0,0.01424355018099089,0.0039062499999972574,2.2869163284969985e-11
2,-0.3146266256329514,-0.23926388485020042,-5.499999999996138,5.499999999996138,0.0,0.014243655913287993,0.0039062499999972574,2.2877132047971863e-11
3,-0.314628071542405,-0.2392649150728929,-5.499999999996138,5.499999999996138,0.0,0.01424377798851937,0.0039062499999972574,2.289079698035895e-11
4,-0.3146296873742681,-0.23926606636566283,-5.499999999996138,5.499999999996138,0.0,0.01424391441044129,0.0039062499999972574,2.28641748171624e-11
