epoch,beta,coefficient,loss,expected_cut,best_measured_cut,success_probability_ancilla_1,max_postselected_probability,grad
0,0.31455119876837034,0.23921014131391827,-5.999999987902001,5.999999987902001,3.0,0.02807517556146045,0.007812499905498268,-0.048015786140769116
1,0.32130286082875426,0.2440110353637117,-5.999901553001369,5.999901553001369,3.0,0.02863316078167938,0.007811730882836828,-0.00033074921015056153
2,0.32244744015015436,0.24482292572605707,-5.999865461224684,5.999865461224684,3.0,0.028728597315462245,0.00781144891583144,0.029134615793526105
3,0.3202426850275893,0.24325850004908048,-5.99993006701864,5.99993006701864,3.0,0.028544978812920098,0.007811953648596827,0.03392106167545677
4,0.31657787142546034,0.24065333687019108,-5.999991435183197,5.999991435183197,3.0,0.02824176851170783,0.007812433087382548,0.024647932103734987
