epoch,beta,coefficient,loss,expected_cut,best_measured_cut,success_probability_ancilla_1,max_postselected_probability,grad
0,-0.23937781695207203,-0.14759704038381977,-3.499999999996093,3.499999999996093,1.0,0.008957612735375502,0.04671929997235316,1.0597023584482866e-11
1,-0.2393782908634186,-0.1475973217197463,-3.4999999999960933,3.4999999999960933,1.0,0.008957624251962778,0.04671929932930506,1.060293042195811e-11
2,-0.2393788710552582,-0.14759766614865585,-3.4999999999960925,3.4999999999960925,1.0,0.008957638351313763,0.04671929854194265,1.0596301506763864e-11
3,-0.23937954088629348,-0.14759806379145188,-3.499999999996093,3.499999999996093,1.0,0.008957654629039673,0.04671929763279268,1.060180231930377e-11
4,-0.23938028966276653,-0.14759850829977625,-3.499999999996093,3.499999999996093,1.0,0.008957672825283374,0.04671929661631295,1.0604002594856985e-11
5,-0.23938110962686518,-0.14759899506818625,-3.499999999996093,3.499999999996093,1.0,0.008957692751534385,0.04671929550297841,1.0596529035679595e-11
6,-0.23938199512803818,-0.1475995207422079,-3.4999999999960907,3.4999999999960907,1.0,0.008957714270490968,0.04671929430040484,1.0603907847603963e-11
