epoch,beta,coefficient,loss,expected_cut,best_measured_cut,success_probability_ancilla_1,max_postselected_probability,grad
0,-0.2862455982786244,-0.17509705210157503,-5.136015171535474,5.136015171535474,6.0,0.06335809648627659,0.18655287369091808,0.1474927086149828
1,-0.29614969464490953,-0.18082072159255236,-5.137094694845624,5.137094694845624,6.0,0.06350720584487093,0.18656760959187663,0.12160427092313321
2,-0.305863449784367,-0.1864027941877943,-5.137914289212132,5.137914289212132,6.0,0.06366037396895868,0.1865580819619699,0.09647867104802765
3,-0.31526304317621684,-0.1917737999707425,-5.138486754974821,5.138486754974821,6.0,0.06381497012283857,0.18652679943008407,0.07235884912538368
4,-0.32419256548390135,-0.1968477514692779,-5.138834066102518,5.138834066102518,6.0,0.06396751760083462,0.1864774775137657,0.049533648616979835
5,-0.3324672461528051,-0.2015243484294525,-5.138988777016121,5.138988777016121,6.0,0.06411371077013223,0.1864151419206271,0.028336000031089197
6,-0.3398866202672535,-0.20569651433021813,-5.1389937567363715,5.1389937567363715,6.0,0.06424866113064023,0.18634597252329047,0.00912862855622918
7,-0.34625902519111684,-0.20926380553319718,-5.138899137287867,5.138899137287867,6.0,0.06436743023838135,0.18627676679383603,-0.007728065289523169
