epoch,beta,coefficient,loss,expected_cut,best_measured_cut,success_probability_ancilla_1,max_postselected_probability,grad
0,-0.23632169953906726,-0.14578148829481588,-4.474315052747958,4.474315052747958,6.0,0.050615603909723514,0.12090363868265393,0.07207194956727297
1,-0.2461108610741992,-0.1515877183868162,-4.474730399407294,4.474730399407294,6.0,0.05082016197819626,0.1210708300405822,0.05204269526565428
2,-0.255425381262551,-0.157087036631937,-4.4749536309184,4.4749536309184,6.0,0.05102176175723842,0.12120985420466303,0.0328930803741729
3,-0.2638759048686037,-0.1620541622041046,-4.475014538058021,4.475014538058021,6.0,0.051210416756409555,0.12131939419890246,0.015111840078485666
4,-0.2709822362958681,-0.1662144864743367,-4.474963855657006,4.474963855657006,6.0,0.0513732220181219,0.12139952783139714,-0.000634707703834991
5,-0.2763130911673164,-0.1693251467533611,-4.474865956585102,4.474865956585102,6.0,0.05149780484384335,0.1214525763345924,-0.013584212466908682
6,-0.27966328586707057,-0.171275494199042,-4.474778581608862,4.474778581608862,6.0,0.051577161960078166,0.12148285754052943,-0.02311916144204578
