epoch,beta,coefficient,loss,expected_cut,best_measured_cut,success_probability_ancilla_1,max_postselected_probability,grad
0,0.23139837865970367,0.14285127742205925,-4.5875764340604475,4.5875764340604475,6.0,0.05478080793522015,0.12950165998518487,-0.11959828443577768
1,0.24130067802637137,0.1487380239381448,-4.588448156193095,4.588448156193095,6.0,0.054990015264104956,0.12963369760682983,-0.09836325723994604
2,0.2510087909218967,0.15448260765060762,-4.58910706068821,4.58910706068821,6.0,0.05520253310213685,0.12974215655573507,-0.07777651256220752
3,0.2603960615948502,0.16001133244269486,-4.58956408522436,4.58956408522436,6.0,0.05541486245527374,0.12982769038426206,-0.05804242392252128
4,0.26930306998455456,0.16523283321532567,-4.589837831034874,4.589837831034874,6.0,0.055622411757150866,0.12989165448547227,-0.03940262494106234
5,0.2775413660431168,0.17004060962901976,-4.58995567049684,4.58995567049684,6.0,0.055819542417010926,0.12993624281400082,-0.02213376723172245
6,0.28490764375731953,0.17432138759821267,-4.589953397753034,4.589953397753034,6.0,0.05599992529126163,0.1299645078801506,-0.006534563947037383
7,0.29120949329500684,0.17796974724427345,-4.589872515927553,4.589872515927553,6.0,0.05615727190139782,0.1299801695786856,0.007102083751235248
