{
  "config": {
    "N_VERTICES": 4,
    "PROB_ARESTA": 0.85,
    "COM_PESO": false,
    "PESO_MIN": 1,
    "PESO_MAX": 1,
    "GRAPH_SEED": 104781,
    "GRAPH_EDGES": [
      [
        0,
        2,
        1.0
      ],
      [
        0,
        3,
        1.0
      ],
      [
        1,
        2,
        1.0
      ],
      [
        1,
        3,
        1.0
      ],
      [
        2,
        3,
        1.0
      ]
    ],
    "REVERSE_BITS": false,
    "ER": 1.0,
    "MAX_TERMS": null,
    "A_MAX": 0.7853981633974483,
    "INIT_BETA": 0.35,
    "MAX_EPOCHS": 200,
    "LR": 0.01,
    "FD_EPS": 0.01,
    "LOSS_TOL_LAST5": 0.001,
    "PATIENCE_LAST5": 5,
    "TRAIN_SEED": 4,
    "INIT_BETA_JITTER": 0.05,
    "OPTIMIZER": "adam",
    "ADAM_BETA1": 0.9,
    "ADAM_BETA2": 0.999,
    "ADAM_EPS": 1e-08,
    "COEF_ZERO_TOL": 0.005,
    "IMPROVEMENT_TOL": 0.003,
    "SATURATION_PATIENCE": 40,
    "INDEX_STRATEGY": "ascending",
    "INDEX_RANDOM_SEED": 42,
    "ENABLE_BACKWARD_PRUNING": false,
    "BACKWARD_PASSES": 1,
    "PRUNE_IMPROVEMENT_TOL": 1e-06,
    "OUTDIR": "benchmark_results_walsh_article/unweighted/sparse_threshold/n4/graph06_trainseed04",
    "SHOW_PLOTS": false,
    "name": "sparse_threshold"
  },
  "n_qubits_register": 4,
  "graph_edges": [
    [
      0,
      2,
      1.0
    ],
    [
      0,
      3,
      1.0
    ],
    [
      1,
      2,
      1.0
    ],
    [
      1,
      3,
      1.0
    ],
    [
      2,
      3,
      1.0
    ]
  ],
  "graph_signature": "d0a2f764541f34d9979e15c4cf98ceeae9b64c9a96b6d443de24544368e1cb36",
  "graph_num_edges": 5,
  "graph_density": 0.8333333333333334,
  "best_cut_bruteforce": 4.0,
  "best_bitstring_bruteforce": "0011",
  "best_index_bruteforce": 3,
  "candidate_order": [
    1,
    2,
    3,
    4,
    5,
    6,
    7,
    8,
    9,
    10,
    11,
    12,
    13,
    14,
    15
  ],
  "total_possible_parameters": 15,
  "visited_parameters": 15,
  "trained_coefficients": {
    "0": 0.0,
    "1": -0.2751901777282054,
    "2": 0.24745101293299968,
    "3": -0.24341446377508943,
    "4": 0.3153812959680716,
    "5": 0.3809096040632596,
    "6": 0.3247919385228631,
    "7": -0.05046109172962548,
    "8": -0.2731532999124369,
    "9": -0.19871988465488238,
    "10": -0.051445157520140145,
    "11": 0.04311656078386239,
    "12": -0.30245438675392167,
    "13": 0.15861352510296223,
    "14": -0.18808441465066675,
    "15": -0.13350028705737862
  },
  "final_coefficient_vector": [
    0.0,
    -0.2751901777282054,
    0.24745101293299968,
    -0.24341446377508943,
    0.3153812959680716,
    0.3809096040632596,
    0.3247919385228631,
    -0.05046109172962548,
    -0.2731532999124369,
    -0.19871988465488238,
    -0.051445157520140145,
    0.04311656078386239,
    -0.30245438675392167,
    0.15861352510296223,
    -0.18808441465066675,
    -0.13350028705737862
  ],
  "active_indices": [
    1,
    2,
    3,
    4,
    5,
    6,
    7,
    8,
    9,
    10,
    11,
    12,
    13,
    14,
    15
  ],
  "active_parameter_count": 15,
  "compression_ratio_active_over_total": 1.0,
  "final_loss": -3.16135495195834,
  "final_expected_cut": 3.16135495195834,
  "best_expected_cut_over_evolution": 3.16135495195834,
  "final_best_measured_index": 9,
  "final_best_measured_bitstring": "1001",
  "final_best_measured_cut": 3.0,
  "best_measured_cut_over_evolution": 3.0,
  "final_success_probability_ancilla_1": 0.17710703557653878,
  "final_max_postselected_probability": 0.20970665025949545,
  "gap_expected_to_bruteforce": 0.8386450480416601,
  "gap_measured_to_bruteforce": 1.0,
  "approx_ratio_measured": 0.75,
  "n_steps": 15,
  "elapsed_seconds": 35.48212504386902,
  "steps": [
    {
      "visit_idx": 1,
      "j": 1,
      "kept": true,
      "beta": -0.3658803071523436,
      "coefficient": -0.2751901777282054,
      "loss": -2.5,
      "expected_cut": 2.5,
      "best_measured_cut": 0.0,
      "success_probability_ancilla_1": 0.01881323097765583,
      "epochs_run": 5,
      "stop_reason": "loss_plateau_last5",
      "history_path": "benchmark_results_walsh_article/unweighted/sparse_threshold/n4/graph06_trainseed04/histories/history_visit001_j001.json",
      "improvement_vs_previous": 2.5
    },
    {
      "visit_idx": 2,
      "j": 2,
      "kept": true,
      "beta": 0.3261580654861239,
      "coefficient": 0.24745101293299968,
      "loss": -2.5,
      "expected_cut": 2.5,
      "best_measured_cut": 2.0,
      "success_probability_ancilla_1": 0.03347022671053342,
      "epochs_run": 5,
      "stop_reason": "loss_plateau_last5",
      "history_path": "benchmark_results_walsh_article/unweighted/sparse_threshold/n4/graph06_trainseed04/histories/history_visit002_j002.json",
      "improvement_vs_previous": 0.0
    },
    {
      "visit_idx": 3,
      "j": 3,
      "kept": true,
      "beta": -0.3204623503041928,
      "coefficient": -0.24341446377508943,
      "loss": -2.5,
      "expected_cut": 2.5,
      "best_measured_cut": 2.0,
      "success_probability_ancilla_1": 0.04722320381618645,
      "epochs_run": 5,
      "stop_reason": "loss_plateau_last5",
      "history_path": "benchmark_results_walsh_article/unweighted/sparse_threshold/n4/graph06_trainseed04/histories/history_visit003_j003.json",
      "improvement_vs_previous": 0.0
    },
    {
      "visit_idx": 4,
      "j": 4,
      "kept": true,
      "beta": 0.4255026125319383,
      "coefficient": 0.3153812959680716,
      "loss": -2.530010043551249,
      "expected_cut": 2.530010043551249,
      "best_measured_cut": 2.0,
      "success_probability_ancilla_1": 0.06955498035013631,
      "epochs_run": 6,
      "stop_reason": "loss_plateau_last5",
      "history_path": "benchmark_results_walsh_article/unweighted/sparse_threshold/n4/graph06_trainseed04/histories/history_visit004_j004.json",
      "improvement_vs_previous": 0.030010043551249144
    },
    {
      "visit_idx": 5,
      "j": 5,
      "kept": true,
      "beta": 0.529487415484138,
      "coefficient": 0.3809096040632596,
      "loss": -2.724004462801447,
      "expected_cut": 2.724004462801447,
      "best_measured_cut": 3.0,
      "success_probability_ancilla_1": 0.103681933252071,
      "epochs_run": 110,
      "stop_reason": "loss_plateau_last5",
      "history_path": "benchmark_results_walsh_article/unweighted/sparse_threshold/n4/graph06_trainseed04/histories/history_visit005_j005.json",
      "improvement_vs_previous": 0.19399441925019767
    },
    {
      "visit_idx": 6,
      "j": 6,
      "kept": true,
      "beta": 0.4398715203151915,
      "coefficient": 0.3247919385228631,
      "loss": -2.8094927999094694,
      "expected_cut": 2.8094927999094694,
      "best_measured_cut": 3.0,
      "success_probability_ancilla_1": 0.12512783929595717,
      "epochs_run": 9,
      "stop_reason": "loss_plateau_last5",
      "history_path": "benchmark_results_walsh_article/unweighted/sparse_threshold/n4/graph06_trainseed04/histories/history_visit006_j006.json",
      "improvement_vs_previous": 0.08548833710802262
    },
    {
      "visit_idx": 7,
      "j": 7,
      "kept": true,
      "beta": -0.06433768251559731,
      "coefficient": -0.05046109172962548,
      "loss": -2.809532014446423,
      "expected_cut": 2.809532014446423,
      "best_measured_cut": 3.0,
      "success_probability_ancilla_1": 0.12613371281018365,
      "epochs_run": 33,
      "stop_reason": "loss_plateau_last5",
      "history_path": "benchmark_results_walsh_article/unweighted/sparse_threshold/n4/graph06_trainseed04/histories/history_visit007_j007.json",
      "improvement_vs_previous": 3.921453695365784e-05
    },
    {
      "visit_idx": 8,
      "j": 8,
      "kept": true,
      "beta": -0.3629269743884642,
      "coefficient": -0.2731532999124369,
      "loss": -2.898161753548649,
      "expected_cut": 2.898161753548649,
      "best_measured_cut": 3.0,
      "success_probability_ancilla_1": 0.13999479717669683,
      "epochs_run": 91,
      "stop_reason": "loss_plateau_last5",