{
  "0": 0.0,
  "1": -0.23926446844203403,
  "2": 0.2320639531711144,
  "3": -0.2761225110339403,
  "4": -0.35217594339105995,
  "5": 0.28219680353189375,
  "6": 0.02034056925092108,
  "7": 0.2133116695044028,
  "8": 0.24332811744965838,
  "9": -0.17086215543749902,
  "10": -0.04166424876815022,
  "11": -0.1219081367690378,
  "12": 0.08517581769158045,
  "13": 0.18184613409850633,
  "14": -0.22600439313533138,
  "15": 0.20522994463190378,
  "16": -0.028614513609455678,
  "17": 0.05489958882276407,
  "18": 0.051753700125720205,
  "19": 0.0485438643119399,
  "20": -0.06997500115850806,
  "21": -0.07570471421242173,
  "22": 0.11067146758752046,
  "23": -0.09554610253820978,
  "24": 0.09814253291379432,
  "25": 0.02489864331841679,
  "26": -0.0757211028444117,
  "27": 0.04431184489473462,
  "28": 0.07843881817225071,
  "29": -0.07438714679664594,
  "30": -0.1179197972463019,
  "31": -0.0658321798796371,
  "32": -0.04029581815546296,
  "33": 0.05042211333978406,
  "34": 0.012169083944601625,
  "35": 0.0395693902310301,
  "36": -0.008721104742602102,
  "37": -0.04432186956204996,
  "38": 0.08571010925944096,
  "39": -0.06668159440146874,
  "40": 0.014941708152744962,
  "41": 0.019075526175099018,
  "42": -0.05988711507792017,
  "43": 0.03751308849021664,
  "44": 0.0664773537486179,
  "45": -0.05859300988265817,
  "46": -0.013171850854442517,
  "47": -0.04788424546817963,
  "48": -0.003991303526926024,
  "49": 0.0385168269527504,
  "50": -0.046854296949871144,
  "51": 0.04893208356569819,
  "52": 0.07179548985546655,
  "53": -0.05824027024921806,
  "54": 0.01751989750437526,
  "55": -0.04554448100059265,
  "56": -0.046697261598923415,
  "57": 0.03814232967364517,
  "58": -0.013339200397733756,
  "59": 0.029893638178578135,
  "60": 0.015988360318982018,
  "61": -0.040617570441361814,
  "62": 0.055596374173931554,
  "63": -0.05108746398987107,
  "64": 0.05246255645411676,
  "65": -0.012468449849769381,
  "66": 0.020563575719221155,
  "67": -0.04791424600732824,
  "68": -0.03589331806423515,
  "69": 0.09666986676624319,
  "70": -0.05913228082060787,
  "71": 0.004810615181870953,
  "72": -0.052085629803039046,
  "73": -0.022362652835908117,
  "74": 0.01894467327394948,
  "75": 0.06375678463878873,
  "76": 0.0,
  "77": -0.1000366929367414,
  "78": 0.051081457480981335,
  "79": 0.011372603199499502,
  "80": -0.0042819488633956465,
  "81": 0.043081200688274736,
  "82": -0.03267204534347554,
  "83": 0.03868923352542247,
  "84": 0.06703836464009925,
  "85": -0.027861314633090307,
  "86": 0.031976597016966535,
  "87": -0.07603871936779061,
  "88": -0.05654104188289734,
  "89": -0.017299672914408905,
  "90": 0.04386593374441011,
  "91": 0.03706592132289543,
  "92": -0.04974243261679036,
  "93": -0.039645966875333,
  "94": 0.042321437182799425,
  "95": 0.04216302606603161,
  "96": 0.004435852417269266,
  "97": 0.027692791180618802,
  "98": -0.015104011347585886,
  "99": 0.01680803852340012,
  "100": 0.030774630338478933,
  "101": -0.0216874774002216,
  "102": -0.008022544384704185,
  "103": -0.044028865326168516,
  "104": -0.011198533608120734,
  "105": -0.008631248769892703,
  "106": 0.023221734068933367,
  "107": 0.011374209359058425,
  "108": -0.026310237809152433,
  "109": -0.0177988677775661,
  "110": 0.0,
  "111": 0.010924886083362596,
  "112": -0.033464370014693476,
  "113": -0.02298673505089029,
  "114": -0.02379971759963921,
  "115": 0.0,
  "116": 0.03601444429913196,
  "117": -0.002867372312411337,
  "118": -0.008058718845189928,
  "119": 0.04368917321402484,
  "120": -0.03947449547268753,
  "121": 0.0033033856014164607,
  "122": 0.018331571274879332,
  "123": -0.036182167883291955,
  "124": -0.010685775661900695,
  "125": 0.05676634618886964,
  "126": 0.059579806996663924,
  "127": 0.017798532641046774,
  "128": 0.006978285069584438,
  "129": -0.0037284276211084445,
  "130": 0.017789054721646963,
  "131": -0.0025159543512258496,
  "132": -0.033390014169056126,
  "133": 0.0,
  "134": 0.03289193928830854,
  "135": -0.0035227271818207475,
  "136": 0.007728662459120278,
  "137": 0.00329963691522947,
  "138": -0.011220675616822946,
  "139": 0.012703627206664141,
  "140": 0.03388508283596426,
  "141": -0.03591145865751478,
  "142": -0.020833916991902426,
  "143": -0.025397269974243547,
  "144": 0.010757483725894407,
  "145": 0.03067923911123035,
  "146": -0.02430734995738313,
  "147": 0.03347968494572177,
  "148": 0.011476688355348846,
  "149": -0.016260959459846683,
  "150": 0.008145663901278015,
  "151": -0.013747000164439903,
  "152": -0.029472943112173793,
  "153": 0.009206964991307348,
  "154": 0.02068150975162898,
  "155": 0.012860210061761052,
  "156": -0.015991112566552418,
  "157": -0.004496362111630006,
  "158": 0.013175669248841074,
  "159": 0.0010705212062079032,
  "160": -0.0311186978757938,
  "161": 0.0,
  "162": -0.008028925937413358,
  "163": 0.0019158056886127248,
  "164": -0.02393362125292895,
  "165": 0.0085630942939403,
  "166": 0.03686007050822418,
  "167": 0.0,
  "168": 0.003562417744413979,
  "169": 0.004433622675328285,
  "170": -0.03928177127134636,
  "171": 0.013739311297782084,
  "172": 0.05877133460961373,
  "173": -0.003246755267784281,
  "174": -0.008785544902672113,
  "175": 0.007920741202178857,
  "176": -0.006877680654145031,
  "177": 0.004690718363611724,
  "178": -0.025476220771350103,
  "179": -0.002184214248624282,
  "180": 0.027708805853870578,
  "181": 0.0,
  "182": -0.008101732918673107,
  "183": -0.004879901941386497,
  "184": -0.0286364284023531,
  "185": 0.001606079986665515,
  "186": 0.007794237028462298,
  "187": 0.00461318930747235,
  "188": -0.010087372126522583,
  "189": 0.0020587095227579794,
  "190": 0.031445551436997204,
  "191": 0.007685264380614769,
  "192": 0.025277889189262152,
  "193": -0.026846874478881812,
  "194": 0.0,
  "195": -0.031283230022000966,
  "196": -0.009861951332298141,
  "197": 0.04852303420727399,
  "198": -0.023670854293402627,
  "199": 0.004015344723399775,
  "200": 0.002760606592653156,
  "201": 0.00814876282891768,
  "202": 0.0014481383281941098,
  "203": -0.0053514974786607805,
  "204": 0.02027450425954687,
  "205": -0.007780044035034813,
  "206": 0.0,
  "207": 0.0010877118154227722,
  "208": -0.004704616743260321,
  "209": 0.006104144896406943,
  "210": -0.02586417779114054,
  "211": 0.009909228630254018,
  "212": 0.023527870524880146,
  "213": -0.011398700548953913,
  "214": 0.0,
  "215": -0.03851768490359522,
  "216": 0.015252969234227467,
  "217": 0.0,
  "218": -0.003138403165507655,
  "219": -0.032010479755921945,
  "220": 0.004429219605802883,
  "221": 0.027982056097467577,
  "222": -0.026994307713991243,
  "223": 0.01473004760890605,
  "224": 0.023383541974142004,
  "225": 0.003669347941007035,
  "226": 0.01342760873936559,
  "227": 0.0,
  "228": -0.01513104994231562,
  "229": 0.019394176303807863,
  "230": -0.014806406096147353,
  "231": -0.015131029294170565,
  "232": 0.011843767882657792,
  "233": -0.015177299541251486,
  "234": 0.016427682137749394,
  "235": 0.002648249665693094,
  "236": -0.013905323788384742,
  "237": -0.022224288870167586,
  "238": -0.021321122580989647,
  "239": 0.008580143773740554,
  "240": 0.0,
  "241": -0.004122304888609783,
  "242": 0.017323184098725436,
  "243": -0.006736116784831602,
  "244": 0.01448519296378449,
  "245": -0.01655614997848276,
  "246": -0.012804870708656184,
  "247": -0.001995496434676759,
  "248": 0.022626609941904678,
  "249": 0.0012825289451115142,
  "250": -0.00719788485112672,
  "251": -0.013034393156817807,
  "252": -0.004790646434525792,
  "253": -0.0030108129485460155,
  "254": -0.014773771051097152,
  "255": -0.018937796268898757
}