{
  "0": 0.0,
  "1": -0.5202922264712067,
  "2": 0.49776121511631866,
  "3": -0.4931795355176346,
  "4": 0.4709282610351491,
  "5": 0.6676442436090427,
  "6": 0.4270041070435628,
  "7": -0.3584057483364282,
  "8": -0.2125027346735695,
  "9": -0.5155339062069191,
  "10": 0.2991870296775508,
  "11": 0.006184313444084105,
  "12": -0.3026887950429905,
  "13": 0.21521224822437973,
  "14": -0.20236602941915663,
  "15": -0.2960967593047516
}