{
  "config": {
    "N_VERTICES": 4,
    "PROB_ARESTA": 0.85,
    "COM_PESO": false,
    "PESO_MIN": 1,
    "PESO_MAX": 1,
    "GRAPH_SEED": 104271,
    "GRAPH_EDGES": [
      [
        0,
        1,
        1.0
      ],
      [
        0,
        2,
        1.0
      ],
      [
        0,
        3,
        1.0
      ],
      [
        1,
        3,
        1.0
      ],
      [
        2,
        3,
        1.0
      ]
    ],
    "REVERSE_BITS": false,
    "ER": 1.0,
    "MAX_TERMS": null,
    "A_MAX": 0.7853981633974483,
    "INIT_BETA": 0.35,
    "MAX_EPOCHS": 200,
    "LR": 0.01,
    "FD_EPS": 0.01,
    "LOSS_TOL_LAST5": 0.001,
    "PATIENCE_LAST5": 5,
    "TRAIN_SEED": 7,
    "INIT_BETA_JITTER": 0.05,
    "OPTIMIZER": "adam",
    "ADAM_BETA1": 0.9,
    "ADAM_BETA2": 0.999,
    "ADAM_EPS": 1e-08,
    "COEF_ZERO_TOL": 0.001,
    "IMPROVEMENT_TOL": 0.001,
    "SATURATION_PATIENCE": 100,
    "INDEX_STRATEGY": "ascending",
    "INDEX_RANDOM_SEED": 42,
    "ENABLE_BACKWARD_PRUNING": true,
    "BACKWARD_PASSES": 2,
    "PRUNE_IMPROVEMENT_TOL": 0.0001,
    "OUTDIR": "benchmark_results_walsh_article/unweighted/with_pruning/n4/graph01_trainseed07",
    "SHOW_PLOTS": false,
    "name": "with_pruning"
  },
  "n_qubits_register": 4,
  "graph_edges": [
    [
      0,
      1,
      1.0
    ],
    [
      0,
      2,
      1.0
    ],
    [
      0,
      3,
      1.0
    ],
    [
      1,
      3,
      1.0
    ],
    [
      2,
      3,
      1.0
    ]
  ],
  "graph_signature": "36d4961c72903175cef8219a78618293792cc3cd1b729b430a90aa47da048173",
  "graph_num_edges": 5,
  "graph_density": 0.8333333333333334,
  "best_cut_bruteforce": 4.0,
  "best_bitstring_bruteforce": "0110",
  "best_index_bruteforce": 6,
  "candidate_order": [
    1,
    2,
    3,
    4,
    5,
    6,
    7,
    8,
    9,
    10,
    11,
    12,
    13,
    14,
    15
  ],
  "total_possible_parameters": 15,
  "visited_parameters": 15,
  "trained_coefficients": {
    "0": 0.0,
    "1": -0.24005660502482176,
    "2": 0.23964045962253241,
    "3": 0.0,
    "4": 0.17318229636566093,
    "5": 0.0,
    "6": 0.0,
    "7": -0.20830005454608344,
    "8": -0.07349946309448281,
    "9": 0.0,
    "10": 0.0,
    "11": 0.11591586302280918,
    "12": 0.0,
    "13": 0.13262884058473115,
    "14": -0.1567184077886779,
    "15": 0.0
  },
  "final_coefficient_vector": [
    0.0,
    -0.24005660502482176,
    0.23964045962253241,
    0.0,
    0.17318229636566093,
    0.0,
    0.0,
    -0.20830005454608344,
    -0.07349946309448281,
    0.0,
    0.0,
    0.11591586302280918,
    0.0,
    0.13262884058473115,
    -0.1567184077886779,
    0.0
  ],
  "active_indices": [
    1,
    2,
    4,
    7,
    8,
    11,
    13,
    14
  ],
  "active_parameter_count": 8,
  "compression_ratio_active_over_total": 0.5333333333333333,
  "final_loss": -3.8798151446607827,
  "final_expected_cut": 3.8798151446607827,
  "best_expected_cut_over_evolution": 3.879784651708434,
  "final_best_measured_index": 6,
  "final_best_measured_bitstring": "0110",
  "final_best_measured_cut": 4.0,
  "best_measured_cut_over_evolution": 4.0,
  "final_success_probability_ancilla_1": 0.05438841471803606,
  "final_max_postselected_probability": 0.44310374092576615,
  "gap_expected_to_bruteforce": 0.1201848553392173,
  "gap_measured_to_bruteforce": 0.0,
  "approx_ratio_measured": 1.0,
  "n_steps": 15,
  "elapsed_seconds": 36.321895599365234,
  "steps": [
    {
      "visit_idx": 1,
      "j": 1,
      "kept": true,
      "beta": -0.315739579357744,
      "coefficient": -0.24005660502482176,
      "loss": -2.5,
      "expected_cut": 2.5,
      "best_measured_cut": 0.0,
      "success_probability_ancilla_1": 0.014337740933589142,
      "epochs_run": 5,
      "stop_reason": "loss_plateau_last5",
      "history_path": "benchmark_results_walsh_article/unweighted/with_pruning/n4/graph01_trainseed07/histories/history_visit001_j001.json",
      "improvement_vs_previous": 2.5
    },
    {
      "visit_idx": 2,
      "j": 2,
      "kept": true,
      "beta": 0.3151552302930328,
      "coefficient": 0.23964045962253241,
      "loss": -2.9999992328157106,
      "expected_cut": 2.9999992328157106,
      "best_measured_cut": 2.0,
      "success_probability_ancilla_1": 0.02821632881841256,
      "epochs_run": 5,
      "stop_reason": "loss_plateau_last5",
      "history_path": "benchmark_results_walsh_article/unweighted/with_pruning/n4/graph01_trainseed07/histories/history_visit002_j002.json",
      "improvement_vs_previous": 0.49999923281571057
    },
    {
      "visit_idx": 3,
      "j": 3,
      "kept": true,
      "beta": -0.0024374367168455233,
      "coefficient": -0.00191435452968702,
      "loss": -2.999982998269969,
      "expected_cut": 2.999982998269969,
      "best_measured_cut": 3.0,
      "success_probability_ancilla_1": 0.028217193303523288,
      "epochs_run": 36,
      "stop_reason": "loss_plateau_last5",
      "history_path": "benchmark_results_walsh_article/unweighted/with_pruning/n4/graph01_trainseed07/histories/history_visit003_j003.json",
      "improvement_vs_previous": -1.6234545741511397e-05
    },
    {
      "visit_idx": 4,
      "j": 4,
      "kept": true,
      "beta": 0.2241842790747253,
      "coefficient": 0.17318229636566093,
      "loss": -3.1760379514927743,
      "expected_cut": 3.1760379514927743,
      "best_measured_cut": 3.0,
      "success_probability_ancilla_1": 0.035274408816314516,
      "epochs_run": 18,
      "stop_reason": "loss_plateau_last5",
      "history_path": "benchmark_results_walsh_article/unweighted/with_pruning/n4/graph01_trainseed07/histories/history_visit004_j004.json",
      "improvement_vs_previous": 0.1760549532228053
    },
    {
      "visit_idx": 5,
      "j": 5,
      "kept": true,
      "beta": -0.0015273386829785084,
      "coefficient": -0.0011995680637278306,
      "loss": -3.176030378842915,
      "expected_cut": 3.176030378842915,
      "best_measured_cut": 3.0,
      "success_probability_ancilla_1": 0.03527469756292785,
      "epochs_run": 42,
      "stop_reason": "loss_plateau_last5",
      "history_path": "benchmark_results_walsh_article/unweighted/with_pruning/n4/graph01_trainseed07/histories/history_visit005_j005.json",
      "improvement_vs_previous": -7.572649859177716e-06
    },
    {
      "visit_idx": 6,
      "j": 6,
      "kept": true,
      "beta": 0.002986769609511823,
      "coefficient": 0.0023457963903516094,
      "loss": -3.1760532855114794,
      "expected_cut": 3.1760532855114794,
      "best_measured_cut": 3.0,
      "success_probability_ancilla_1": 0.035275808624879695,
      "epochs_run": 42,
      "stop_reason": "loss_plateau_last5",
      "history_path": "benchmark_results_walsh_article/unweighted/with_pruning/n4/graph01_trainseed07/histories/history_visit006_j006.json",
      "improvement_vs_previous": 2.290666856419321e-05
    },
    {
      "visit_idx": 7,
      "j": 7,
      "kept": true,
      "beta": -0.2717106360777905,
      "coefficient": -0.20830005454608344,
      "loss": -3.4811287111138327,
      "expected_cut": 3.4811287111138327,
      "best_measured_cut": 3.0,
      "success_probability_ancilla_1": 0.044315662407057886,
      "epochs_run": 10,
      "stop_reason": "loss_plateau_last5",
      "history_path": "benchmark_results_walsh_article/unweighted/with_pruning/n4/graph01_trainseed07/histories/history_visit007_j007.json",
      "improvement_vs_previous": 0.30507542560235335
    },
    {
      "visit_idx": 8,
      "j": 8,
      "kept": true,
      "beta": -0.09385705545303884,
      "coefficient": -0.07349946309448281,
      "loss": -3.511367123502212,
      "expected_cut": 3.511367123502212,
      "best_measured_cut": 4.0,
      "success_probability_ancilla_1": 0.045545950779048716,
      "epochs_run": 51,
      "stop_reason": "loss_plateau_last5",
      "history_path": "benchmark_results_walsh_article/unweighted/with_pruning/n4/graph01_trainseed07/histories/history_visit008_j008.json",