epoch,beta,coefficient,loss,expected_cut,best_measured_cut,success_probability_ancilla_1,max_postselected_probability,grad
0,-0.2792601311984261,-0.17104098160613382,-5.499999999986613,5.499999999986613,0.0,0.0041083482848152395,0.015624999999961968,9.094792725156091e-11
1,-0.27926419566917865,-0.17104334614077368,-5.499999999986613,5.499999999986613,0.0,0.0041084617204752635,0.015624999999961968,9.09405083562474e-11
2,-0.2792691719566487,-0.17104624112412042,-5.499999999986612,5.499999999986612,0.0,0.004108600605887412,0.015624999999961964,9.094630867583631e-11
3,-0.27927491638929064,-0.17104958297050699,-5.499999999986613,5.499999999986613,0.0,0.004108760932242542,0.015624999999961971,9.095513122135427e-11
4,-0.27928133642787806,-0.17105331784095337,-5.499999999986615,5.499999999986615,0.0,0.004108940117763124,0.015624999999961975,9.092503952972945e-11
5,-0.2792883665783635,-0.1710574076302562,-5.499999999986615,5.499999999986615,0.0,0.004109136335464716,0.015624999999961975,9.091422707975373e-11
6,-0.27929595735458357,-0.1710618235459434,-5.499999999986613,5.499999999986613,0.0,0.0041093482051203145,0.015624999999961971,9.091559414715047e-11
