epoch,beta,coefficient,loss,expected_cut,best_measured_cut,success_probability_ancilla_1,max_postselected_probability,grad
0,-0.24719097648308802,-0.15222670622153625,-5.499999999995164,5.499999999995164,3.0,0.011374861198535171,0.046621525524995655,1.0569606892222878e-11
1,-0.24719144897426332,-0.1522269856705526,-5.499999999995168,5.499999999995168,3.0,0.011374872941693225,0.04662152952496542,1.0567248272202268e-11
2,-0.24719202737007484,-0.15222732775545889,-5.499999999995165,5.499999999995165,3.0,0.011374887316999836,0.04662153442139829,1.0561705081242624e-11
3,-0.24719269508084973,-0.15222772266445436,-5.499999999995162,5.499999999995162,3.0,0.011374903912153463,0.04662154007380194,1.0566436606312356e-11
4,-0.24719344133391952,-0.1522281640261341,-5.499999999995164,5.499999999995164,3.0,0.011374922459426364,0.04662154639093033,1.0561548313084767e-11
5,-0.24719425857259555,-0.15222864737114503,-5.499999999995166,5.499999999995166,3.0,0.011374942771019655,0.046621553308763476,1.0563109450091074e-11
6,-0.2471951410533485,-0.15222916930250494,-5.499999999995165,5.499999999995165,3.0,0.011374964704198076,0.046621560778631554,1.056383866837099e-11
