epoch,beta,coefficient,loss,expected_cut,best_measured_cut,success_probability_ancilla_1,max_postselected_probability,grad
0,-0.2599740179088561,-0.15976332597564274,-6.918285823175462,6.918285823175462,7.0,0.0839485872660034,0.13603143029886233,-0.21868800352973974
1,-0.24999719448269755,-0.153885277086594,-6.920253068031786,6.920253068031786,7.0,0.08376290434530681,0.13596783409960353,-0.20446067792867376
2,-0.24006275804784027,-0.14800358800216595,-6.922064817528417,6.922064817528417,7.0,0.08358520358693242,0.13588991785430138,-0.1898306628749763
3,-0.2301932628712338,-0.1421330240651772,-6.9237152630861605,6.9237152630861605,7.0,0.083415919086326,0.1357978375811234,-0.17484153787100054
4,-0.2204150149135543,-0.13629082496608602,-6.925199685442086,6.925199685442086,7.0,0.08325546985187596,0.1356919496441484,-0.15954630464345376
5,-0.21075848864540941,-0.13049697375962654,-6.92651475680807,6.92651475680807,7.0,0.08310425038543372,0.13557284686065302,-0.144008364055572
6,-0.20125870407929736,-0.12477443929767716,-6.927658872926036,6.927658872926036,7.0,0.08296261950601047,0.13544139573544983,-0.12830242408884643
7,-0.19195551280209217,-0.11914935913051673,-6.928632503340708,6.928632503340708,7.0,0.08283088744248576,0.13529877244690025,-0.11251525149781351
8,-0.18289372314209193,-0.11365111804354253,-6.929438539694893,6.929438539694893,7.0,0.08270930143623526,0.1351464940227,-0.09674614526324324
9,-0.17412297653507675,-0.1083122659047345,-6.930082611268289,6.930082611268289,7.0,0.08259803041500652,0.13498643981226707,-0.08110697351806752
10,-0.16569727481748964,-0.10316821069668783,-6.930573325488903,6.930573325488903,7.0,0.0824971497218666,0.13482085712142314,-0.06572158326329078
11,-0.157674059323543,-0.09825662344526807,-6.930922381233594,6.930922381233594,7.0,0.08240662736678023,0.13465234413477872,-0.05072437544368689
12,-0.15011276650006292,-0.09361650710304253,-6.9311444983861294,6.9311444983861294,7.0,0.08232631371514473,0.13448380358015932,-0.036257853139990255
13,-0.14307283880402205,-0.0892869160885667,-6.931257113283532,6.931257113283532,7.0,0.08225593677600745,0.13431836258484323,-0.022469015942162524
14,-0.13661125463809498,-0.08530536756468202,-6.9312798106316205,6.9312798106316205,7.0,0.08219510510499917,0.13415925819164246,-0.009504602017272809
