epoch,beta,coefficient,loss,expected_cut,best_measured_cut,success_probability_ancilla_1,max_postselected_probability,grad
0,0.26400365379666296,0.16212908728840097,-4.006483156807507,4.006483156807507,2.0,0.012634441388309312,0.06177887395054485,-0.010874945917362046
1,0.2739677136469402,0.16795766345690163,-4.006577064872369,4.006577064872369,2.0,0.012899441835338882,0.06166846188704224,-0.009894112940835349
2,0.2838698986154461,0.1737193694039617,-4.006661427273594,4.006661427273594,2.0,0.013170550618207382,0.061530929321687224,-0.008962990237300227
3,0.2936826143187181,0.17939798278758776,-4.006736663678881,4.006736663678881,2.0,0.013446644689877253,0.06136970756729079,-0.008083852259115294
4,0.30337725375314173,0.18497710912281123,-4.006803253411463,4.006803253411463,2.0,0.013726496610939581,0.061188290931710916,-0.007258151704223669
5,0.31292462618308614,0.19044045392698095,-4.006861724516837,4.006861724516837,2.0,0.014008791728108646,0.06099017483925157,-0.006486557262397295
6,0.3222954284974123,0.19577210546593704,-4.006912641999024,4.006912641999024,2.0,0.01429214911060957,0.06077879586402483,-0.005769009399128483
