epoch,beta,coefficient,loss,expected_cut,best_measured_cut,success_probability_ancilla_1,max_postselected_probability,grad
0,0.2227317360977626,0.13767727460979395,-3.999999999992666,3.999999999992666,3.0,0.005453518027100054,0.031244695414519384,-3.0908641041906686e-11
1,0.22273311795843517,0.13767810117041757,-3.9999999999926685,3.9999999999926685,3.0,0.005453549796958442,0.031244697861888833,-3.091377519140755e-11
2,0.22273480991777458,0.13767911321602574,-3.999999999992666,3.999999999992666,3.0,0.005453588696415618,0.031244700857673825,-3.0911745887732455e-11
3,0.22273676328210643,0.13768028162011683,-3.9999999999926654,3.9999999999926654,3.0,0.005453633606094745,0.031244704315220778,-3.0922233371864665e-11
4,0.22273894664664853,0.13768158759755753,-3.9999999999926654,3.9999999999926654,3.0,0.005453683804098523,0.031244708178506532,-3.091651892749197e-11
5,0.2227413378988326,0.1376830179213613,-3.999999999992667,3.999999999992667,3.0,0.005453738782162004,0.031244712407970415,-3.092377289366728e-11
6,0.22274392004746088,0.13768456242789542,-3.9999999999926645,3.9999999999926645,3.0,0.005453798149762646,0.03124471697312606,-3.091666241814975e-11
