epoch,beta,coefficient,loss,expected_cut,best_measured_cut,success_probability_ancilla_1,max_postselected_probability,grad
0,-0.22877797907041508,-0.1412890098041055,-3.999999999985739,3.999999999985739,0.0,0.0028046125365069766,0.015624999999944295,1.2031080231948112e-10
1,-0.22878335493634858,-0.1412922167574132,-3.999999999985739,3.999999999985739,0.0,0.002804739735998853,0.015624999999944295,1.2029550916832365e-10
2,-0.22878993654140245,-0.1412961429794589,-3.9999999999857403,3.9999999999857403,0.0,0.0028048954682346285,0.015624999999944298,1.2030180537657107e-10
3,-0.2287975333993973,-0.1413006748308829,-3.9999999999857403,3.9999999999857403,0.0,0.002805075227909675,0.015624999999944298,1.2028860155626e-10
4,-0.22880602386272042,-0.1413057397378645,-3.999999999985743,3.999999999985743,0.0,0.002805276138475977,0.015624999999944308,1.202867783284187e-10
5,-0.22881532097929,-0.14131128582415659,-3.999999999985743,3.999999999985743,0.0,0.002805496144296871,0.015624999999944308,1.2025643933787322e-10
6,-0.22882535926369213,-0.1413172740194214,-3.999999999985742,3.999999999985742,0.0,0.002805733697647444,0.015624999999944305,1.2025622630658137e-10
