epoch,beta,coefficient,loss,expected_cut,best_measured_cut,success_probability_ancilla_1,max_postselected_probability,grad
0,0.24166405074801392,0.148953524907862,-4.855488763059528,4.855488763059528,4.0,0.049895304699626844,0.057992082353990525,-0.21804303282496845
1,0.25162787143844834,0.1548480177483273,-4.857366622971046,4.857366622971046,4.0,0.05012034667441427,0.05719729542223826,-0.1981999542298999
2,0.26152692889644763,0.16067560352912952,-4.859042775775638,4.859042775775638,4.0,0.05035147760298536,0.05723847897072641,-0.17879958048137407
3,0.2713290717282778,0.16641714059822577,-4.860520304782606,4.860520304782606,4.0,0.05058759600759893,0.057488078099487645,-0.1599162328628945
4,0.2809985498558159,0.17205184069856644,-4.861804148431859,4.861804148431859,4.0,0.05082742307532497,0.0577233145874291,-0.14162332329676627
5,0.2904961021604998,0.17755738882043218,-4.862901181124387,4.862901181124387,4.0,0.05106950133616999,0.05794388056611296,-0.12399230775735015
6,0.2997792153465404,0.18291015384533935,-4.863820244361064,4.863820244361064,4.0,0.05131220035297107,0.058149558842627375,-0.10709153653349476
7,0.30880259009691774,0.18808550402381752,-4.864572114050235,4.864572114050235,4.0,0.05155373112140585,0.05834023197928559,-0.09098502496129465
8,0.3175188419385849,0.19305823558111004,-4.865169390938284,4.865169390938284,4.0,0.05179217058536663,0.058515889583632096,-0.07573118070160365
9,0.32587944787944817,0.1978031133956921,-4.865626304428572,4.865626304428572,4.0,0.05202549705454544,0.05867663301874537,-0.061381539094656844
10,0.3338359258683859,0.20229551012070576,-4.865958425951278,4.865958425951278,4.0,0.05225163635162332,0.058822676759639154,-0.04797957351152519
11,0.3413412044655895,0.20651211567568212,-4.866182296389575,4.866182296389575,4.0,0.05246851728062091,0.05895434575897924,-0.03555965960047105
12,0.3483511091099869,0.21043167512565616,-4.866314982016355,4.866314982016355,4.0,0.05267413365955276,0.05907206846149327,-0.024146276913180203
13,0.35482586519370857,0.2140357026684495,-4.866373583393694,4.866373583393694,4.0,0.052866608949489295,0.0591763655075674,-0.01375352485529649
