epoch,beta,coefficient,loss,expected_cut,best_measured_cut,success_probability_ancilla_1,max_postselected_probability,grad
0,-0.23153101169191947,-0.14293030318371808,-5.435714536295371,5.435714536295371,7.0,0.07275475125170691,0.12105520703128557,-0.2531063617390603
1,-0.22155556084396563,-0.13697356356643003,-5.437979803594525,5.437979803594525,7.0,0.07258185114470446,0.12086648233200477,-0.23588750960908336
2,-0.21162513905816283,-0.13101792335057608,-5.440057093780434,5.440057093780434,7.0,0.0724175114310214,0.12066241495447665,-0.21819660511320094
3,-0.20176389380978144,-0.12507931101610076,-5.441939660433286,5.441939660433286,7.0,0.07226213600343123,0.12044359239847392,-0.20009168773071692
4,-0.1920001001069693,-0.1191763665022781,-5.443622199757584,5.443622199757584,7.0,0.07211610281981581,0.12021088788351317,-0.18164295624547067
5,-0.1823666221083055,-0.11333073599109501,-5.44510124300579,5.44510124300579,7.0,0.07197975235841945,0.1199655060177439,-0.16293396843840235
6,-0.1729013203665578,-0.10756733014105407,-5.446375584856758,5.446375584856758,7.0,0.07185337416067523,0.1197090281611216,-0.144062717776405
7,-0.1636473403617406,-0.10191450442938754,-5.447446729773198,5.447446729773198,7.0,0.07173719164184836,0.11944345354164777,-0.12514245898053752
8,-0.15465319539782021,-0.09640410593662345,-5.448319325969662,5.448319325969662,7.0,0.07163134567442578,0.11917123044422648,-0.1063021065371163
9,-0.1459725363440942,-0.09107131792099797,-5.449001541620157,5.449001541620157,7.0,0.07153587790299717,0.11889526997802743,-0.08768598169727118
10,-0.13766348950447463,-0.08595422661109614,-5.449505322462331,5.449505322462331,7.0,0.071450715306013,0.11861893349114427,-0.06945264519971062
11,-0.12978745262385577,-0.08109304049722006,-5.449846458238268,5.449846458238268,7.0,0.07137565809106713,0.11834598435487458,-0.05177254367275716
12,-0.12240727911966558,-0.07652891827375377,-5.450044383759385,5.450044383759385,7.0,0.07131037342681334,0.11808049646661792,-0.03482424232084378
13,-0.1155848593116196,-0.07230241202808216,-5.450121655873574,5.450121655873574,7.0,0.07125439753769064,0.11782671617271859,-0.018789139608010107
14,-0.10937822053578711,-0.06845160452911359,-5.450103085026153,5.450103085026153,7.0,0.0712071480778001,0.11758888151215982,-0.00384477247809491
