epoch,beta,coefficient,loss,expected_cut,best_measured_cut,success_probability_ancilla_1,max_postselected_probability,grad
0,0.32033031914388044,0.24332072336723773,-3.4999999999989195,3.4999999999989195,3.0,0.03233367724370996,0.03116279724879055,-2.7563898025454993e-12
1,0.3203304424439935,0.2433208109122934,-3.499999999998919,3.499999999998919,3.0,0.032333687407088536,0.031162797844450415,-2.7590651400817586e-12
2,0.320330593366686,0.24332091806981407,-3.499999999998918,3.499999999998918,3.0,0.0323336998473442,0.031162798573551205,-2.755306863790704e-12
3,0.32033076760555534,0.2433210417821799,-3.4999999999989164,3.4999999999989164,3.0,0.03233371420951094,0.031162799415287188,-2.7575490889195695e-12
4,0.32033096243811093,0.24332118011637435,-3.4999999999989173,3.4999999999989173,3.0,0.032333730269181286,0.031162800356504528,-2.7615178756934667e-12
