{
  "0": 0.0,
  "1": 0.0,
  "2": 0.0,
  "3": -0.2825566768576639,
  "4": 0.0,
  "5": 0.3902612191351809,
  "6": 0.28339696849285173,
  "7": 0.0,
  "8": 0.0,
  "9": 0.0,
  "10": 0.0,
  "11": -0.04273717973295384,
  "12": -0.32190103379282464,
  "13": 0.0,
  "14": -0.14822509081495575,
  "15": -0.11406951125766722
}