epoch,beta,coefficient,loss,expected_cut,best_measured_cut,success_probability_ancilla_1,max_postselected_probability,grad
0,-0.5297542713311882,-0.5080931643357258,-7.499999999999233,7.499999999999233,0.0,0.09749869386094152,0.0156249999999984,2.3364233255765483e-12
1,-0.529754375942011,-0.5080932480949071,-7.499999999999229,7.499999999999229,0.0,0.09749872491839089,0.015624999999998397,2.342798337483771e-12
2,-0.5297545043178189,-0.5080933508820857,-7.499999999999229,7.499999999999229,0.0,0.09749876303132438,0.015624999999998394,2.3539647804930642e-12
3,-0.5297546526871082,-0.5080934696775103,-7.499999999999231,7.499999999999231,0.0,0.0974988070800377,0.015624999999998397,2.354319852819141e-12
4,-0.5297548183295857,-0.5080936023031066,-7.499999999999233,7.499999999999233,0.0,0.09749885625691569,0.0156249999999984,2.336259033072646e-12
