epoch,beta,coefficient,loss,expected_cut,best_measured_cut,success_probability_ancilla_1,max_postselected_probability,grad
0,0.4618526948922784,0.4519631378079303,-5.999999999999623,5.999999999999623,4.0,0.15895325233839874,0.031143625764796876,-5.45412807039685e-13
1,0.46185271933361016,0.45196315863520575,-5.999999999999623,5.999999999999623,4.0,0.15895325796645096,0.031143625852702934,-5.477878143586324e-13
2,0.4618527492823319,0.4519631841555116,-5.999999999999622,5.999999999999622,4.0,0.15895326486267808,0.031143625960416883,-5.477432412772299e-13
3,0.4618527838706303,0.451963213629355,-5.999999999999622,5.999999999999622,4.0,0.15895327282725064,0.031143626084817532,-5.478860651336692e-13
4,0.4618528225072969,0.4519632465529469,-5.999999999999625,5.999999999999625,4.0,0.15895328172403256,0.031143626223778496,-5.458782440964312e-13
