epoch,beta,coefficient,loss,expected_cut,best_measured_cut,success_probability_ancilla_1,max_postselected_probability,grad
0,-0.5146730597557482,-0.4959299477289038,-6.398127110080428,6.398127110080428,4.0,0.4608001050937192,0.03390603789005428,0.027710719991171216
1,-0.5245805353433106,-0.5039402997586829,-6.398331741321255,6.398331741321255,4.0,0.46098578549487434,0.0338886915290628,0.022956660122407425
2,-0.534307002730775,-0.5117303593183469,-6.398489056694526,6.398489056694526,6.0,0.4611701112872726,0.03387764970850975,0.01837278640540522
3,-0.5437385583306183,-0.5192138423381001,-6.398601497279376,6.398601497279376,6.0,0.4613506505258806,0.03386689775281491,0.013995410322154705
4,-0.552733949834925,-0.5262863509741426,-6.398672950527704,6.398672950527704,6.0,0.4615243837186051,0.033855154597973454,0.009867200038426364
5,-0.561127113582801,-0.5328279642808499,-6.398708951975645,6.398708951975645,6.0,0.4616877529910291,0.033842927204657244,0.006036838164454074
