epoch,beta,coefficient,loss,expected_cut,best_measured_cut,success_probability_ancilla_1,max_postselected_probability,grad
0,-0.45273972357816994,-0.44416722411254483,-5.999999999999714,5.999999999999714,4.0,0.2101818156006714,0.043829318322144636,2.6307614239513296e-13
1,-0.4527397353607204,-0.4441672342314547,-5.999999999999714,5.999999999999714,4.0,0.2101818178745532,0.043829318310516875,2.6394234596400937e-13
2,-0.45273974978009074,-0.4441672466148776,-5.999999999999714,5.999999999999714,4.0,0.21018182065730762,0.04382931829628694,2.6315401126887594e-13
3,-0.45273976642683783,-0.444167260911182,-5.999999999999714,5.999999999999714,4.0,0.21018182386991735,0.043829318279858864,2.634392199874764e-13
4,-0.4527397850369573,-0.4441672768936395,-5.999999999999716,5.999999999999716,4.0,0.21018182746143294,0.043829318261493215,2.6358844769288195e-13
