epoch,beta,coefficient,loss,expected_cut,best_measured_cut,success_probability_ancilla_1,max_postselected_probability,grad
0,-0.5254082178849099,-0.5046060603108078,-5.999999999999374,5.999999999999374,0.0,0.09620952254289732,0.01562499999999837,1.9300663082821907e-12
1,-0.5254083041559875,-0.5046061296767554,-5.999999999999374,5.999999999999374,0.0,0.09620954811104541,0.01562499999999837,1.9291404929308295e-12
2,-0.5254084096825081,-0.5046062145249645,-5.9999999999993765,5.9999999999993765,0.0,0.09620957938592785,0.015624999999998376,1.924286102056716e-12
3,-0.5254085313202892,-0.5046063123273623,-5.999999999999375,5.999999999999375,0.0,0.09620961543570437,0.015624999999998373,1.91766242179388e-12
4,-0.5254086673109979,-0.5046064216701637,-5.9999999999993765,5.9999999999993765,0.0,0.09620965573925866,0.015624999999998376,1.9264514309491078e-12
