epoch,beta,coefficient,loss,expected_cut,best_measured_cut,success_probability_ancilla_1,max_postselected_probability,grad
0,0.49852612557630216,0.4827132959502126,-6.228158265787678,6.228158265787678,4.0,0.42189732286174025,0.03560397325749778,0.012782018520217273
1,0.48865685067948106,0.4745372999603782,-6.228244172716623,6.228244172716623,4.0,0.42129704074436597,0.035580755347078066,0.010077358669829626
2,0.47907869254504587,0.46653222945704914,-6.228301069940326,6.228301069940326,4.0,0.42071727190427244,0.03555555907261392,0.0073164347950708235
3,0.4700393306394725,0.45891452714271785,-6.228330099666088,6.228330099666088,4.0,0.4201729287736748,0.03552931275882981,0.004549890985972765
4,0.4618887156706514,0.45199383183989267,-6.228335155410767,6.228335155410767,4.0,0.4196846656840865,0.03550354519824418,0.0018603530426221807
