epoch,beta,coefficient,loss,expected_cut,best_measured_cut,success_probability_ancilla_1,max_postselected_probability,grad
0,-0.43365102544219447,-0.4276419716179938,-0.9999999999998566,0.9999999999998566,0.0,0.06975164246528441,0.06249999999999105,5.698290395300029e-13
1,-0.43365105095688095,-0.427641993881146,-0.9999999999998563,0.9999999999998563,0.0,0.06975164955409466,0.06249999999999102,5.714266271456812e-13
2,-0.4336510822151127,-0.42764202115589817,-0.9999999999998563,0.9999999999998563,0.0,0.06975165823864898,0.06249999999999102,5.715153876336052e-13
3,-0.43365111828814623,-0.42764205263186367,-0.9999999999998566,0.9999999999998566,0.0,0.0697516682609123,0.062499999999991035,5.7033842265571e-13
4,-0.4336511586155329,-0.4276420878200158,-0.9999999999998568,0.9999999999998568,0.0,0.06975167946517387,0.06249999999999105,5.711776840121135e-13
