epoch,beta,coefficient,loss,expected_cut,best_measured_cut,success_probability_ancilla_1,max_postselected_probability,grad
0,0.4660730107759823,0.45555285020032943,-0.9999999999999274,0.9999999999999274,0.0,0.13764380427490905,0.12486183987073766,-1.2966445904058023e-13
1,0.4660730165895904,0.4555528551362135,-0.9999999999999272,0.9999999999999272,0.0,0.13764380570615062,0.12486183982331331,-1.3035673752849262e-13
2,0.4660730237035138,0.4555528611760948,-0.9999999999999278,0.9999999999999278,0.0,0.13764380745751445,0.12486183976528174,-1.2980692493252886e-13
3,0.46607303191331806,0.45555286814640344,-0.9999999999999271,0.9999999999999271,0.0,0.13764380947867125,0.12486183969831037,-1.2980584867178995e-13
4,0.4660730410981695,0.455552875944549,-0.9999999999999274,0.9999999999999274,0.0,0.1376438117398732,0.1248618396233852,-1.3038741882386622e-13
