epoch,beta,coefficient,loss,expected_cut,best_measured_cut,success_probability_ancilla_1,max_postselected_probability,grad
0,-0.5425801788867207,-0.5182984697779008,-0.9999999999999527,0.9999999999999527,1.0,0.21106834146679618,0.17471867977986033,4.835316985176427e-14
1,-0.5425801810569315,-0.5182984714938249,-0.9999999999999524,0.9999999999999524,1.0,0.21106834193584192,0.17471867970396746,4.870726531402417e-14
2,-0.5425801837149835,-0.5182984735954712,-0.9999999999999529,0.9999999999999529,1.0,0.21106834251032433,0.17471867961101478,4.8577257817795864e-14
3,-0.5425801867846026,-0.5182984760225321,-0.9999999999999525,0.9999999999999525,1.0,0.2110683431737584,0.17471867950366932,4.861507023807863e-14
4,-0.542580190209733,-0.5182984787306855,-0.9999999999999526,0.9999999999999526,1.0,0.2110683439140288,0.1747186793838916,4.822642944665658e-14
