epoch,beta,coefficient,loss,expected_cut,best_measured_cut,success_probability_ancilla_1,max_postselected_probability,grad
0,-0.565380837587092,-0.5361220774014497,-1.4459873175190776,1.4459873175190776,1.0,0.2589128965197518,0.20322030167490715,-0.08895597542076512
1,-0.5554096561516255,-0.5283778187527197,-1.4467709067105965,1.4467709067105965,1.0,0.2585974707970789,0.20431795534644812,-0.08211938425876322
2,-0.5454926705491749,-0.5205979730971122,-1.4474783543741379,1.4474783543741379,1.0,0.2583033731457164,0.2053973528197149,-0.07500121605524532
3,-0.5356611458729434,-0.5128090757705864,-1.4481060320263055,1.4481060320263055,1.0,0.25803183075791564,0.20645414270317602,-0.0676230927037194
4,-0.5259532997410198,-0.5050442162949793,-1.4486510265337444,1.4486510265337444,1.0,0.257783956782719,0.20748344930831977,-0.06001500783940363
5,-0.516415453103474,-0.49734418804694497,-1.4491114333736208,1.4491114333736208,1.0,0.25756068582275293,0.20847984540664857,-0.052217004391312584
6,-0.5071031108359448,-0.4897586000502991,-1.4494867018290547,1.4494867018290547,1.0,0.25736269458995914,0.20943734917960247,-0.04428096341246899
7,-0.4980817608184455,-0.4823467588958329,-1.449778017013668,1.449778017013668,1.0,0.25719030930155573,0.2103494622156592,-0.03627235279082065
8,-0.4894270707636456,-0.47517802339474075,-1.4499886833395332,1.4499886833395332,1.0,0.2570434056490545,0.21120927007567625,-0.028271664963922673
9,-0.48122405966506265,-0.46833123165240226,-1.450124446516512,1.450124446516512,1.0,0.2569213135011102,0.2120096286017376,-0.02037512259084212
10,-0.47356478357612003,-0.4618927532296992,-1.4501936619448654,1.4501936619448654,1.0,0.25682274607067,0.21274345365607458,-0.012694081817696976
11,-0.46654418961532634,-0.45595280963915613,-1.4502071998709476,1.4502071998709476,1.0,0.256745779412489,0.21340411488770503,-0.005352488265977922
