epoch,beta,coefficient,loss,expected_cut,best_measured_cut,success_probability_ancilla_1,max_postselected_probability,grad
0,-0.3658804325635072,-0.2751902641335084,-3.9999999999978746,3.9999999999978746,0.0,0.018813242717112547,0.015624999999991698,1.0579168499831795e-11
1,-0.36588090548176005,-0.27519058996284596,-3.9999999999978746,3.9999999999978746,0.0,0.0188132869859487,0.015624999999991698,1.0576793591624799e-11
2,-0.3658814844745885,-0.2751909888748758,-3.9999999999978737,3.9999999999978737,0.0,0.018813341184241855,0.015624999999991694,1.0574926535901198e-11
3,-0.36588215289951886,-0.2751914494032558,-3.9999999999978764,3.9999999999978764,0.0,0.018813403754152642,0.015624999999991705,1.0578701934152296e-11
4,-0.3658828999032821,-0.27519196407026864,-3.999999999997873,3.999999999997873,0.0,0.018813473679755718,0.01562499999999169,1.0570093482861887e-11
