epoch,beta,coefficient,loss,expected_cut,best_measured_cut,success_probability_ancilla_1,max_postselected_probability,grad
0,-0.3753459084922711,-0.28169000041628783,-4.920780540846032,4.920780540846032,6.0,0.20349644982925774,0.06318789492335532,-0.08027726194256929
1,-0.3653992625578354,-0.27485869360600307,-4.921434607467772,4.921434607467772,6.0,0.20304255290514422,0.06312790444875417,-0.07066796293629261
2,-0.3555574712440177,-0.26805242615201974,-4.921983610897303,4.921983610897303,6.0,0.2026041015486963,0.0630624298851837,-0.060794975908110054
3,-0.34588835091166165,-0.26132089125349983,-4.922425001240338,4.922425001240338,6.0,0.2021840151198167,0.06299205390989523,-0.050720437651408525
4,-0.3364798204192452,-0.2547290584363053,-4.922758615431132,4.922758615431132,6.0,0.2017857246348779,0.06291770495156525,-0.040530667177535
5,-0.32744318467628464,-0.24835978296914094,-4.922987647706567,4.922987647706567,6.0,0.20141319046523967,0.06284074531066453,-0.030342185865676673
6,-0.318914285128672,-0.24231487590272155,-4.923119671148159,4.923119671148159,6.0,0.20107083145409027,0.06276303986895197,-0.020307250577971045
7,-0.3110501036959737,-0.23671281300422303,-4.923167416717549,4.923167416717549,6.0,0.2007633051683017,0.06268696398459461,-0.010616699262691673
