epoch,beta,coefficient,loss,expected_cut,best_measured_cut,success_probability_ancilla_1,max_postselected_probability,grad
0,-0.22512162302885777,-0.13910603613271214,-2.499999999990804,2.499999999990804,0.0,0.002718695209674953,0.06249999999977009,7.89262807508716e-11
1,-0.22512515047752021,-0.1391081438566725,-2.499999999990804,2.499999999990804,0.0,0.0027187775224747474,0.0624999999997701,7.892140844515325e-11
2,-0.22512946927328284,-0.13911072442250552,-2.499999999990805,2.499999999990805,0.0,0.002718878302827972,0.06249999999977013,7.892337119787065e-11
3,-0.22513445441343102,-0.1391137031361439,-2.499999999990805,2.499999999990805,0.0,0.002718994634597318,0.06249999999977013,7.891287450667122e-11
4,-0.22514002605413108,-0.13911703228695144,-2.4999999999908065,2.4999999999908065,0.0,0.002719124655404786,0.062499999999770156,7.890912963841728e-11
5,-0.225146127494171,-0.13912067799252195,-2.4999999999908056,2.4999999999908056,0.0,0.0027192670428931504,0.06249999999977014,7.890933736643936e-11
6,-0.2251527156213421,-0.13912461449018249,-2.4999999999908065,2.4999999999908065,0.0,0.002719420791796568,0.06249999999977017,7.890254525452032e-11
