epoch,beta,coefficient,loss,expected_cut,best_measured_cut,success_probability_ancilla_1,max_postselected_probability,grad
0,0.2373927232665556,0.1464180476226589,-5.011352317669253,5.011352317669253,5.0,0.06131782155446064,0.09089286734557532,0.05316319689862551
1,0.22762940438259757,0.14060365420420226,-5.011641162552998,5.011641162552998,5.0,0.06111199644518007,0.0906652524380891,0.037432707166953134
2,0.21844868084659919,0.13511297135450567,-5.011770742929617,5.011770742929617,5.0,0.0609252924369169,0.09043817362041204,0.021671634393475973
3,0.21041256406635947,0.1302889836740478,-5.011768732461857,5.011768732461857,5.0,0.060767403061793325,0.0902289214051012,0.006501953031164672
4,0.20421170463283445,0.12655564424057306,-5.011692222417651,5.011692222417651,5.0,0.06064915714999181,0.09006071494234852,-0.00704285387102529
5,0.20032753070236828,0.12421233491641853,-5.011610605521096,5.011610605521096,5.0,0.06057669708226213,0.08995234359228724,-0.017657600995145042
6,0.1987576317599362,0.1232641945644448,-5.011570194449671,5.011570194449671,5.0,0.06054776425722275,0.0899078826344491,-0.02437659548496777
