epoch,beta,coefficient,loss,expected_cut,best_measured_cut,success_probability_ancilla_1,max_postselected_probability,grad
0,0.21498175339176426,0.13303382489834367,-5.35740564664645,5.35740564664645,7.0,0.07408580861582631,0.12444889300326065,0.06279758577388707
1,0.20520312899616192,0.12715318283730465,-5.357757171866608,5.357757171866608,7.0,0.07389383539605676,0.12523069326094852,0.04487554179484245
2,0.19595966159018383,0.12157291490863667,-5.357926755666314,5.357926755666314,7.0,0.07371933231498873,0.12596287686807822,0.02695798550618583
3,0.18775644404091826,0.11660387049763288,-5.357942367853422,5.357942367853422,7.0,0.07357022769000654,0.12660667485467023,0.009681016954880727
4,0.18123231149660735,0.11264107396625543,-5.357862847585123,5.357862847585123,7.0,0.07345556219090776,0.127114425474827,-0.005914830795561552
5,0.17688941358000226,0.10999800827139745,-5.357764240306586,5.357764240306586,7.0,0.07338117826790133,0.1274502222116696,-0.018486663112465666
6,0.17481650386798805,0.10873502228742939,-5.357704208279732,5.357704208279732,7.0,0.07334622590388111,0.1276098638870002,-0.026934488793514313
