{
  "0": 0.0,
  "1": -0.2400587774125924,
  "2": 0.24536666513305735,
  "3": -0.2373573938002495,
  "4": 0.24449666221722557,
  "5": 0.37870815025295296,
  "6": 0.3121283823053236,
  "7": -0.06310176663368172,
  "8": 0.025036230220221868,
  "9": -0.3638121444772613,
  "10": -0.0024113061870137975,
  "11": -0.1866606230103351,
  "12": 0.0,
  "13": 0.04273177815133453,
  "14": -0.008572273630073105,
  "15": 0.13093718185959405,
  "16": -0.025888080767499627,
  "17": -0.07828603540527451,
  "18": -0.06589519821498191,
  "19": -0.03775436901421092,
  "20": -0.09593078494469366,
  "21": -0.007347324173070692,
  "22": -0.012359516037957152,
  "23": -0.05681108434489759,
  "24": 0.3289025349699188,
  "25": 0.0741722004898458,
  "26": 0.004703639943130192,
  "27": 0.06172385287767797,
  "28": -0.11884313651501334,
  "29": -0.12559167313878405,
  "30": -0.24757306830962927,
  "31": 0.11603315458187077,
  "32": -0.15356442029666273,
  "33": 0.07655775378983014,
  "34": -0.0627932655534229,
  "35": 0.16255486235835032,
  "36": -0.10143385673064717,
  "37": 0.10409693993935229,
  "38": -0.18066096636018456,
  "39": -0.08246917147492056,
  "40": -0.06958820621446157,
  "41": 0.08971430070230305,
  "42": -0.04624559413684136,
  "43": 0.1573339629544752,
  "44": -0.03827471630441726,
  "45": -0.015044301025914766,
  "46": 0.007028377222053909,
  "47": 0.03166642895400297,
  "48": 0.02241287489740974,
  "49": 0.031038633581474833,
  "50": -0.007025302595091067,
  "51": 0.07742975547012057,
  "52": -0.015061865614846723,
  "53": -0.038288946608396324,
  "54": 0.03791843033270234,
  "55": 0.0051594332190983425,
  "56": 0.09955681257112749,
  "57": 0.13859254239538388,
  "58": -0.038965399528070745,
  "59": -0.0707242021941464,
  "60": 0.017747151487904764,
  "61": -0.12900400003518098,
  "62": 0.07902512552905996,
  "63": -0.08980149569719834
}