epoch,beta,coefficient,loss,expected_cut,best_measured_cut,success_probability_ancilla_1,max_postselected_probability,grad
0,0.3201471958400482,0.24319069550725442,-4.761370558675937,4.761370558675937,4.0,0.18288017630933548,0.05958142987297284,-0.06398511656561767
1,0.3300507736407763,0.25020146433449814,-4.761838505917276,4.761838505917276,4.0,0.18341825480860013,0.059680594127183614,-0.052718090234667725
2,0.3397638409065625,0.2570345437417852,-4.762193982460104,4.762193982460104,4.0,0.1839576694541824,0.05977101534011334,-0.04182759973121377
3,0.3491638307656477,0.26360615276889615,-4.762442887369074,4.762442887369074,4.0,0.1844903635915457,0.05985220156679764,-0.03141228464112131
4,0.35809739094521315,0.2698133797311977,-4.76259493505577,4.76259493505577,4.0,0.18500603459000725,0.05992371112309009,-0.021588627449009693
5,0.3663837485830286,0.27553697568789726,-4.762664193588963,4.762664193588963,4.0,0.18549228296502204,0.059985215949629786,-0.012489913846058949
