{
  "0": 0.0,
  "1": -0.15950894210289565,
  "2": 0.16170412270804574,
  "3": 0.0,
  "4": -0.11820520328024489,
  "5": 0.0,
  "6": 0.0,
  "7": 0.14033843885091318,
  "8": -0.07428306687228711,
  "9": 0.0,
  "10": 0.0,
  "11": 0.09664338745815167,
  "12": 0.0,
  "13": -0.09008519522081587,
  "14": 0.09966791608550955,
  "15": 0.0
}