epoch,beta,coefficient,loss,expected_cut,best_measured_cut,success_probability_ancilla_1,max_postselected_probability,grad
0,0.5781053332155822,0.5458904520382338,-3.9999999999997975,3.9999999999997975,3.0,0.19766594747386537,0.03124953747809699,-2.399738461354892e-13
1,0.5781053439149334,0.545890460197901,-3.9999999999997984,3.9999999999997984,3.0,0.19766594997959475,0.0312495374761526,-2.3870276242734696e-13
2,0.5781053569982364,0.545890470175646,-3.9999999999997966,3.9999999999997966,3.0,0.19766595304363266,0.03124953747377495,-2.3844383318869333e-13
3,0.5781053721437907,0.5458904817261292,-3.9999999999997975,3.9999999999997975,3.0,0.19766595659063843,0.031249537471022548,-2.4127460005577226e-13
4,0.5781053890695796,0.5458904946342765,-3.9999999999997966,3.9999999999997966,3.0,0.19766596055456548,0.031249537467946585,-2.39465577018703e-13
