epoch,beta,coefficient,loss,expected_cut,best_measured_cut,success_probability_ancilla_1,max_postselected_probability,grad
0,-0.5730436826923897,-0.5420200963956154,-3.9999999999996385,3.9999999999996385,0.0,0.1104367385978478,0.015624999999998591,9.799935914921974e-13
1,-0.5730437265872779,-0.5420201300477533,-3.9999999999996385,3.9999999999996385,0.0,0.1104367517824761,0.015624999999998591,9.833674755254853e-13
2,-0.5730437803367359,-0.5420201712549223,-3.9999999999996394,3.9999999999996394,0.0,0.11043676792710375,0.015624999999998591,9.819134294999267e-13
3,-0.573043842333267,-0.5420202187847296,-3.999999999999636,3.999999999999636,0.0,0.11043678654889016,0.015624999999998578,9.789692903626393e-13
4,-0.5730439117146743,-0.5420202719761688,-3.9999999999996367,3.9999999999996367,0.0,0.11043680738885862,0.015624999999998581,9.858944281483939e-13
