epoch,beta,coefficient,loss,expected_cut,best_measured_cut,success_probability_ancilla_1,max_postselected_probability,grad
0,-0.46550533668086996,-0.4550707631055166,-3.999999999999837,3.999999999999837,3.0,0.24527533496033177,0.0430108653370394,1.153853237390551e-13
1,-0.4655053418178849,-0.4550707674691115,-3.9999999999998375,3.9999999999998375,3.0,0.24527533584861444,0.04301086534399795,1.1445547896063343e-13
2,-0.4655053480903628,-0.455070772797216,-3.999999999999839,3.999999999999839,3.0,0.24527533693323922,0.04301086535249461,1.140305716632301e-13
3,-0.4655053553159511,-0.45507077893493225,-3.9999999999998352,3.9999999999998352,3.0,0.24527533818267416,0.043010865362282276,1.1373673354750605e-13
4,-0.4655053634071304,-0.45507078580791754,-3.9999999999998366,3.9999999999998366,3.0,0.24527533958178516,0.04301086537324252,1.1518720690546335e-13
