epoch,beta,coefficient,loss,expected_cut,best_measured_cut,success_probability_ancilla_1,max_postselected_probability,grad
0,-0.5425801811956912,-0.5182984716035383,-2.4999999999998805,2.4999999999998805,2.0,0.2110683208606542,0.04367966982147487,1.2136926550097778e-13
1,-0.5425801866185551,-0.518298475891243,-2.4999999999998823,2.4999999999998823,2.0,0.21106832203269293,0.04367966977406514,1.212173614535547e-13
2,-0.5425801932510349,-0.5182984811353566,-2.499999999999882,2.499999999999882,2.0,0.21106832346616508,0.04367966971608022,1.2091884504407388e-13
3,-0.5425802009167475,-0.5182984871964181,-2.499999999999882,2.499999999999882,2.0,0.2110683251229488,0.04367966964906218,1.2164778057465534e-13
4,-0.5425802094832466,-0.5182984939697057,-2.499999999999881,2.499999999999881,2.0,0.21106832697441882,0.04367966957416896,1.2118729072218674e-13
