epoch,beta,coefficient,loss,expected_cut,best_measured_cut,success_probability_ancilla_1,max_postselected_probability,grad
0,-0.43365105257223036,-0.4276419952906388,-2.499999999999642,2.499999999999642,0.0,0.06975165000289128,0.015624999999997762,1.4277615236436908e-12
1,-0.4336511164654447,-0.42764205104144315,-2.499999999999641,2.499999999999641,0.0,0.06975166775450645,0.015624999999997755,1.4302327017208679e-12
2,-0.4336511947556953,-0.42764211935455354,-2.499999999999642,2.499999999999642,0.0,0.06975168950608855,0.015624999999997762,1.431885731953899e-12
3,-0.4336512851301974,-0.42764219821191896,-2.499999999999641,2.499999999999641,0.0,0.06975171461507157,0.015624999999997759,1.429854424980139e-12
4,-0.43365138610637793,-0.42764228631990026,-2.499999999999641,2.499999999999641,0.0,0.06975174266954928,0.015624999999997755,1.427699465808813e-12
