epoch,beta,coefficient,loss,expected_cut,best_measured_cut,success_probability_ancilla_1,max_postselected_probability,grad
0,-0.3119527474437621,-0.23735717462099123,-0.9999999999997623,0.9999999999997623,1.0,0.04209286653483769,0.18562399539573138,4.4635653064449394e-13
1,-0.311952767386124,-0.23735718885317378,-0.9999999999997626,0.9999999999997626,1.0,0.04209286811141784,0.18562399543237443,4.457497655804577e-13
2,-0.3119527918095479,-0.23735720628333704,-0.9999999999997629,0.9999999999997629,1.0,0.0420928700422567,0.1856239954772508,4.4629633706241705e-13
3,-0.3119528200141921,-0.23735722641202764,-0.9999999999997629,0.9999999999997629,1.0,0.04209287227202706,0.1856239955290742,4.4667496776221e-13
4,-0.31195285153986124,-0.23735724891081986,-0.9999999999997622,0.9999999999997622,1.0,0.04209287476434737,0.1856239955869989,4.4627939673691203e-13
