epoch,beta,coefficient,loss,expected_cut,best_measured_cut,success_probability_ancilla_1,max_postselected_probability,grad
0,0.3232140558143785,0.24536638941974215,-0.9999999999996534,0.9999999999996534,0.0,0.028884086376163538,0.12498474738638042,-1.0028020082420206e-12
1,0.32321410063042033,0.24536642118280672,-0.9999999999996538,0.9999999999996538,0.0,0.028884090123350258,0.12498474720588355,-1.0019855173076855e-12
2,0.3232141554983301,0.2453664600700631,-0.9999999999996538,0.9999999999996538,0.0,0.02888409471100052,0.12498474698490127,-1.00204897603907e-12
3,0.3232142188429125,0.24536650496510162,-0.9999999999996538,0.9999999999996538,0.0,0.028884100007408355,0.12498474672977697,-1.0024960450619155e-12
4,0.3232142896445172,0.24536655514525152,-0.9999999999996535,0.9999999999996535,0.0,0.028884105927318413,0.12498474644461659,-1.0022053981536571e-12
