epoch,beta,coefficient,loss,expected_cut,best_measured_cut,success_probability_ancilla_1,max_postselected_probability,grad
0,-0.35863767990083284,-0.27018757232694546,-5.499999999996968,5.499999999996968,0.0,0.01813957601221152,0.015624999999991385,1.544661393896092e-11
1,-0.3586383704212229,-0.2701880504776694,-5.499999999996968,5.499999999996968,0.0,0.018139639824399527,0.015624999999991385,1.5444370985454494e-11
2,-0.35863921602698,-0.27018863601691945,-5.4999999999969695,5.4999999999969695,0.0,0.018139717968404304,0.015624999999991389,1.545132383458388e-11
3,-0.35864019215926785,-0.27018931193877155,-5.4999999999969695,5.4999999999969695,0.0,0.01813980817475807,0.015624999999991389,1.5445847166688144e-11
4,-0.358641283156626,-0.27019006739829254,-5.499999999996968,5.499999999996968,0.0,0.018139908996213518,0.015624999999991385,1.5443242831693055e-11
