epoch,beta,coefficient,loss,expected_cut,best_measured_cut,success_probability_ancilla_1,max_postselected_probability,grad
0,0.37544337036390996,0.2817566978271757,-5.800835447437864,5.800835447437864,5.0,0.11545418573494878,0.04443667059376391,-0.05262337105818317
1,0.3853787399510913,0.2885312977073865,-5.801252734370525,5.801252734370525,5.0,0.11623496323844168,0.04456637197858812,-0.04545657937088224
2,0.3951943342103704,0.2951758448179361,-5.8015991554620765,5.8015991554620765,5.0,0.1170178612703335,0.04468637051972859,-0.038585179409241374
3,0.40482475766196524,0.30164757905547784,-5.80187776022346,5.80187776022346,5.0,0.11779665248343239,0.044796463211978985,-0.03204122787090603
4,0.41419414713885805,0.3078981266747812,-5.802092716693622,5.802092716693622,5.0,0.11856402363463525,0.0448965153263727,-0.025857047021295897
5,0.4232168073490939,0.31387412976099643,-5.802249372211729,5.802249372211729,5.0,0.11931162468370807,0.044986476831979386,-0.020064545765478545
