{
  "0": 0.0,
  "1": -0.42725378639366796,
  "2": 0.427734147156125,
  "3": 0.0015650459091346265,
  "4": 0.0,
  "5": 0.0,
  "6": 0.0,
  "7": 0.0,
  "8": -0.00110308537713022,
  "9": 0.0,
  "10": -0.0029696380214720665,
  "11": -0.0011029043289846835,
  "12": 0.003568256300766226,
  "13": 0.2677908288756901,
  "14": -0.3433839563274304,
  "15": 0.0
}