epoch,beta,coefficient,loss,expected_cut,best_measured_cut,success_probability_ancilla_1,max_postselected_probability,grad
0,0.2888719428573079,0.17661796320441978,-3.499741323614825,3.499741323614825,3.0,0.008452614843006318,0.12496766545222299,-0.002260067612121943
1,0.28172373576368165,0.17247323916100019,-3.499982532677877,3.499982532677877,3.0,0.008251394209048742,0.12499781658511352,0.05281603426298436
2,0.27473649379879256,0.16840609391156625,-3.4999393998375234,3.4999393998375234,3.0,0.008058559109716644,0.1249924249800784,0.014116969024906103
3,0.2721812340610654,0.16691489639309473,-3.499850125611612,3.499850125611612,3.0,0.007989003832082323,0.12498126570184265,-0.027025399498071263
4,0.2735565397113167,0.16771774947852747,-3.49990322290087,3.49990322290087,3.0,0.008026375568678312,0.12498790286299818,-0.04292759638157657
5,0.2768170014799954,0.16961872895393704,-3.4999824615929054,3.4999824615929054,3.0,0.00811557479393783,0.12499780769949827,-0.03431039627495357
6,0.280498500029147,0.17176116908929406,-3.4999955684469466,3.4999955684469466,3.0,0.00821730244426019,0.12499944605624874,-0.014420875569428249
