{
  "0": 0.0,
  "1": -0.5420201053272985,
  "2": 0.5458904951657754,
  "3": -0.45507077022517495,
  "4": -0.6752129628384751,
  "5": 0.4066942654724279,
  "6": 0.13848509209538543,
  "7": 0.49644121111160827,
  "8": 0.14321478667053364,
  "9": 0.0336474538751822,
  "10": -0.1162699753032503,
  "11": 0.02391277264722764,
  "12": -0.0043219659754569805,
  "13": 0.003974109007235827,
  "14": 0.0,
  "15": -0.0011067004849024088,
  "16": 0.011708348713236744,
  "17": 0.2525139306310816,
  "18": 0.27474388368917074,
  "19": 0.0,
  "20": -0.35154609781165275,
  "21": 0.06517375507015616,
  "22": 0.005742289945345259,
  "23": -0.29461537797068155,
  "24": 0.1386419751955213,
  "25": -0.07282082584813437,
  "26": -0.012534975542261925,
  "27": -0.05765018538224571,
  "28": -0.002725084954555852,
  "29": 0.1801232848750231,
  "30": -0.1998043281548729,
  "31": -0.02419928700987571,
  "32": 0.04158870535243697,
  "33": -0.0036977166366883103,
  "34": -0.07139392467757356,
  "35": -0.00572610637033003,
  "36": 0.11424917298384005,
  "37": 0.05082716875784184,
  "38": 0.010250818509929815,
  "39": -0.06401837548138148,
  "40": 0.11943152083537084,
  "41": -0.06424895017710676,
  "42": -0.020735310552585845,
  "43": -0.07912477377500433,
  "44": -0.06867515846894422,
  "45": 0.14191257209680605,
  "46": -0.18050995763148214,
  "47": 0.027481724549073296,
  "48": 0.09313016255201077,
  "49": -0.05458687753734105,
  "50": 0.013100399813643566,
  "51": -0.04421790283871435,
  "52": 0.013047628258197807,
  "53": 0.05593160292756941,
  "54": -0.04262523350493379,
  "55": 0.044664104663631146,
  "56": -0.037229292888401454,
  "57": -0.0863522154813975,
  "58": 0.0007341936079185177,
  "59": 0.054432150274614254,
  "60": 0.037059480111406945,
  "61": -0.007480459884629045,
  "62": 0.06769059309932995,
  "63": 0.05341171908429564
}