epoch,beta,coefficient,loss,expected_cut,best_measured_cut,success_probability_ancilla_1,max_postselected_probability,grad
0,-0.3095631874193397,-0.23565059807390412,-0.9999999999998024,0.9999999999998024,2.0,0.05058630279723438,0.18419168333122807,3.0130086626692733e-13
1,-0.30956320089200745,-0.23565060770273402,-0.9999999999998023,0.9999999999998023,2.0,0.05058630383627651,0.18419168378510506,3.0136336047208924e-13
2,-0.30956321739221265,-0.23565061949532554,-0.999999999999802,0.999999999999802,2.0,0.0505863051088091,0.1841916843409757,3.0151961236641335e-13
3,-0.3095632364375186,-0.23565063310688425,-0.9999999999998022,0.9999999999998022,2.0,0.05058630657762562,0.18419168498258728,3.012541732000707e-13
4,-0.3095632577281276,-0.23565064832314647,-0.9999999999998022,0.9999999999998022,2.0,0.05058630821960498,0.1841916856998399,3.015120493918644e-13
