epoch,beta,coefficient,loss,expected_cut,best_measured_cut,success_probability_ancilla_1,max_postselected_probability,grad
0,-0.3586376798874417,-0.2701875723176727,-5.4999999999969695,5.4999999999969695,0.0,0.01813957601097401,0.003906249999997847,1.5446190433152714e-11
1,-0.3586383701967724,-0.2701880503222488,-5.4999999999969695,5.4999999999969695,0.0,0.01813963980365764,0.003906249999997847,1.5435781770330523e-11
2,-0.3586392154081689,-0.27018863558842415,-5.4999999999969695,5.4999999999969695,0.0,0.018139717911218767,0.003906249999997847,1.5439872174152426e-11
3,-0.35864019115975054,-0.270189311246657,-5.499999999996968,5.499999999996968,0.0,0.01813980808239057,0.0039062499999978463,1.5442699086378976e-11
4,-0.35864128180227905,-0.27019006646047733,-5.4999999999969695,5.4999999999969695,0.0,0.018139908871055214,0.003906249999997847,1.5441316851147112e-11
