epoch,beta,coefficient,loss,expected_cut,best_measured_cut,success_probability_ancilla_1,max_postselected_probability,grad
0,0.2928751152778623,0.2236648380065555,-2.4973366211740777,2.4973366211740777,2.0,0.06178068751032138,0.23957934459858218,0.00508424447806174
1,0.2828655429921976,0.21642049014215484,-2.497391508064629,2.497391508064629,2.0,0.06107006131797851,0.23922232558662945,0.005348796694360203
2,0.2728395224957117,0.20912406806432754,-2.4974492200444236,2.4974492200444236,2.0,0.060377611216738014,0.23877675029396028,0.005618924228330887
3,0.26279099129285144,0.20177207337170006,-2.4975098528418522,2.4975098528418522,2.0,0.05970355969663782,0.2382380123543198,0.005894260400834181
4,0.25271415610839243,0.1943611548505367,-2.497573501073368,2.497573501073368,2.0,0.05904819156248084,0.23760132709868653,0.006174368132432046
