epoch,beta,coefficient,loss,expected_cut,best_measured_cut,success_probability_ancilla_1,max_postselected_probability,grad
0,0.3880608414559027,0.29035172094850803,-2.5003875978578334,2.5003875978578334,2.0,0.07687976771873362,0.23895529242658034,-0.00047263631698682147
1,0.3980379267142486,0.2970916882802131,-2.5003919389804175,2.5003919389804175,2.0,0.07774148280696161,0.23877886339757162,-0.0004473872387804415
2,0.4079851466819976,0.3037610277511745,-2.50039602843364,2.50039602843364,2.0,0.07861304962797416,0.2385579982339501,-0.0004229626950349462
3,0.41788928397147407,0.3103506959942517,-2.5003998712046074,2.5003998712046074,2.0,0.079492613696893,0.23829620140567112,-0.0003993993566251283
4,0.4277371088539652,0.3168519594017356,-2.5004034733129656,2.5004034733129656,2.0,0.08037827211307655,0.23799705423462075,-0.0003767247704950186
