{
  "0": 0.0,
  "1": -0.16385760156826557,
  "2": 0.15763539072655922,
  "3": -0.15638760776654706,
  "4": 0.17974859898920637,
  "5": 0.25794752119550723,
  "6": 0.21930322323507503,
  "7": -0.009216706585691068,
  "8": -0.17297757745869582,
  "9": -0.12110694473056492,
  "10": -0.0539466552578124,
  "11": 0.006936487027492703,
  "12": -0.21049984558774132,
  "13": 0.1072899756102691,
  "14": -0.10595448626098881,
  "15": -0.1022711997661862,
  "16": 0.011082628394331672,
  "17": 0.012354730357198952,
  "18": 0.007704785978814529,
  "19": 0.0038434593287917543,
  "20": -0.14745407187916018,
  "21": -0.07225654386429274,
  "22": -0.11435252513201216,
  "23": -0.12826165003817744,
  "24": 0.2428522122074359,
  "25": 0.10540359991690589,
  "26": 0.09153867011351846,
  "27": 0.18727083618039508,
  "28": -0.0077769986052829716,
  "29": -0.0036810446339794437,
  "30": 0.0,
  "31": -0.010992621763353186,
  "32": 0.058070053363491046,
  "33": 0.08626659916741444,
  "34": 0.06552746661284027,
  "35": -0.017021161032924184,
  "36": -0.11172599026888472,
  "37": -0.08530831680162093,
  "38": -0.0026323951084609057,
  "39": -0.15343915122323795,
  "40": 0.02099606663717103,
  "41": 0.08928843579552134,
  "42": -0.039595558993304886,
  "43": 0.07388410224646987,
  "44": -0.049751280097766366,
  "45": 0.05037161349861108,
  "46": 0.08002264788207662,
  "47": 0.031211430933527778,
  "48": -0.0818085788754118,
  "49": -0.036948267309512416,
  "50": -0.01079597615580228,
  "51": -0.07452894104574667,
  "52": 0.06874696037440105,
  "53": 0.12719264628582136,
  "54": 0.12973459827915107,
  "55": 0.05166011352239545,
  "56": -0.0438425260927379,
  "57": -0.15570288007989022,
  "58": -0.12964373121897002,
  "59": -0.039911439103998435,
  "60": 0.03639699934832214,
  "61": 0.0037173573932125746,
  "62": 0.024311751712129206,
  "63": 0.018195539466828833
}