{
  "0": 0.0,
  "1": -0.2701873877904497,
  "2": 0.2695990476100895,
  "3": 0.0,
  "4": 0.19298429122804542,
  "5": 0.0,
  "6": 0.0,
  "7": -0.23627476590327814,
  "8": -0.07576494327322351,
  "9": 0.0,
  "10": 0.0,
  "11": 0.12305855979254145,
  "12": 0.0,
  "13": 0.14333669638149257,
  "14": -0.167696715425186,
  "15": 0.0
}