{
  "config": {
    "N_VERTICES": 4,
    "PROB_ARESTA": 0.4,
    "COM_PESO": false,
    "PESO_MIN": 1,
    "PESO_MAX": 1,
    "GRAPH_SEED": 104678,
    "GRAPH_EDGES": [
      [
        1,
        2,
        1.0
      ],
      [
        1,
        3,
        1.0
      ],
      [
        2,
        3,
        1.0
      ]
    ],
    "REVERSE_BITS": false,
    "ER": 0.75,
    "MAX_TERMS": null,
    "A_MAX": 0.6283185307179586,
    "INIT_BETA": 0.25,
    "MAX_EPOCHS": 200,
    "LR": 0.01,
    "FD_EPS": 0.01,
    "LOSS_TOL_LAST5": 0.002,
    "PATIENCE_LAST5": 7,
    "TRAIN_SEED": 1,
    "INIT_BETA_JITTER": 0.03,
    "OPTIMIZER": "adam",
    "ADAM_BETA1": 0.9,
    "ADAM_BETA2": 0.999,
    "ADAM_EPS": 1e-08,
    "COEF_ZERO_TOL": 0.002,
    "IMPROVEMENT_TOL": 0.002,
    "SATURATION_PATIENCE": 60,
    "INDEX_STRATEGY": "ascending",
    "INDEX_RANDOM_SEED": 42,
    "ENABLE_BACKWARD_PRUNING": false,
    "BACKWARD_PASSES": 1,
    "PRUNE_IMPROVEMENT_TOL": 1e-06,
    "OUTDIR": "benchmark_results_walsh_article/unweighted/coarse_loader/n4/graph05_trainseed01",
    "SHOW_PLOTS": false,
    "name": "coarse_loader"
  },
  "n_qubits_register": 4,
  "graph_edges": [
    [
      1,
      2,
      1.0
    ],
    [
      1,
      3,
      1.0
    ],
    [
      2,
      3,
      1.0
    ]
  ],
  "graph_signature": "be861fe0b30163c15a2bc45387e42148d677589ca12d320c9ad2ad740a6f1fe8",
  "graph_num_edges": 3,
  "graph_density": 0.5,
  "best_cut_bruteforce": 2.0,
  "best_bitstring_bruteforce": "0001",
  "best_index_bruteforce": 1,
  "candidate_order": [
    1,
    2,
    3,
    4,
    5,
    6,
    7,
    8,
    9,
    10,
    11,
    12,
    13,
    14,
    15
  ],
  "total_possible_parameters": 15,
  "visited_parameters": 15,
  "trained_coefficients": {
    "0": 0.0,
    "1": -0.16046492936295126,
    "2": 0.1620261485651375,
    "3": -0.1394745008302056,
    "4": -0.2294283032599716,
    "5": 0.15492879851568256,
    "6": 0.0040725087947102185,
    "7": 0.1482135357662956,
    "8": 0.06845219652503909,
    "9": -0.01572934628874853,
    "10": -0.0028329420944786113,
    "11": 0.0088723202698207,
    "12": 0.0,
    "13": 0.0,
    "14": 0.0,
    "15": 0.0
  },
  "final_coefficient_vector": [
    0.0,
    -0.16046492936295126,
    0.1620261485651375,
    -0.1394745008302056,
    -0.2294283032599716,
    0.15492879851568256,
    0.0040725087947102185,
    0.1482135357662956,
    0.06845219652503909,
    -0.01572934628874853,
    -0.0028329420944786113,
    0.0088723202698207,
    0.0,
    0.0,
    0.0,
    0.0
  ],
  "active_indices": [
    1,
    2,
    3,
    4,
    5,
    6,
    7,
    8,
    9,
    10,
    11
  ],
  "active_parameter_count": 11,
  "compression_ratio_active_over_total": 0.7333333333333333,
  "final_loss": -1.999958190819642,
  "final_expected_cut": 1.999958190819642,
  "best_expected_cut_over_evolution": 1.999958190819642,
  "final_best_measured_index": 10,
  "final_best_measured_bitstring": "1010",
  "final_best_measured_cut": 2.0,
  "best_measured_cut_over_evolution": 2.0,
  "final_success_probability_ancilla_1": 0.02376794897347576,
  "final_max_postselected_probability": 0.39613614510617956,
  "gap_expected_to_bruteforce": 4.180918035801007e-05,
  "gap_measured_to_bruteforce": 0.0,
  "approx_ratio_measured": 1.0,
  "n_steps": 15,
  "elapsed_seconds": 13.328872680664062,
  "steps": [
    {
      "visit_idx": 1,
      "j": 1,
      "kept": true,
      "beta": -0.26116820262440793,
      "coefficient": -0.16046492936295126,
      "loss": -1.5,
      "expected_cut": 1.5,
      "best_measured_cut": 0.0,
      "success_probability_ancilla_1": 0.0036165838965502525,
      "epochs_run": 7,
      "stop_reason": "loss_plateau_last5",
      "history_path": "benchmark_results_walsh_article/unweighted/coarse_loader/n4/graph05_trainseed01/histories/history_visit001_j001.json",
      "improvement_vs_previous": 1.5
    },
    {
      "visit_idx": 2,
      "j": 2,
      "kept": true,
      "beta": 0.2638281431560486,
      "coefficient": 0.1620261485651375,
      "loss": -1.5,
      "expected_cut": 1.5,
      "best_measured_cut": 2.0,
      "success_probability_ancilla_1": 0.007277126874660227,
      "epochs_run": 7,
      "stop_reason": "loss_plateau_last5",
      "history_path": "benchmark_results_walsh_article/unweighted/coarse_loader/n4/graph05_trainseed01/histories/history_visit002_j002.json",
      "improvement_vs_previous": 0.0
    },
    {
      "visit_idx": 3,
      "j": 3,
      "kept": true,
      "beta": -0.2257383626722948,
      "coefficient": -0.1394745008302056,
      "loss": -1.5,
      "expected_cut": 1.5,
      "best_measured_cut": 0.0,
      "success_probability_ancilla_1": 0.009970452305497224,
      "epochs_run": 7,
      "stop_reason": "loss_plateau_last5",
      "history_path": "benchmark_results_walsh_article/unweighted/coarse_loader/n4/graph05_trainseed01/histories/history_visit003_j003.json",
      "improvement_vs_previous": 0.0
    },
    {
      "visit_idx": 4,
      "j": 4,
      "kept": true,
      "beta": -0.38281136538455696,
      "coefficient": -0.2294283032599716,
      "loss": -1.797741454489262,
      "expected_cut": 1.797741454489262,
      "best_measured_cut": 2.0,
      "success_probability_ancilla_1": 0.017207092055842043,
      "epochs_run": 75,
      "stop_reason": "loss_plateau_last5",
      "history_path": "benchmark_results_walsh_article/unweighted/coarse_loader/n4/graph05_trainseed01/histories/history_visit004_j004.json",
      "improvement_vs_previous": 0.29774145448926204
    },
    {
      "visit_idx": 5,
      "j": 5,
      "kept": true,
      "beta": 0.2517647563028261,
      "coefficient": 0.15492879851568256,
      "loss": -1.8946798184478062,
      "expected_cut": 1.8946798184478062,
      "best_measured_cut": 2.0,
      "success_probability_ancilla_1": 0.020337956767797975,
      "epochs_run": 61,
      "stop_reason": "loss_plateau_last5",
      "history_path": "benchmark_results_walsh_article/unweighted/coarse_loader/n4/graph05_trainseed01/histories/history_visit005_j005.json",
      "improvement_vs_previous": 0.09693836395854416
    },
    {
      "visit_idx": 6,
      "j": 6,
      "kept": true,
      "beta": 0.006481689823346984,
      "coefficient": 0.0040725087947102185,
      "loss": -1.8946670138780166,
      "expected_cut": 1.8946670138780166,
      "best_measured_cut": 2.0,
      "success_probability_ancilla_1": 0.02034595096831152,
      "epochs_run": 28,
      "stop_reason": "loss_plateau_last5",
      "history_path": "benchmark_results_walsh_article/unweighted/coarse_loader/n4/graph05_trainseed01/histories/history_visit006_j006.json",
      "improvement_vs_previous": -1.2804569789581777e-05
    },
    {
      "visit_idx": 7,
      "j": 7,
      "kept": true,
      "beta": 0.2404165592260631,
      "coefficient": 0.1482135357662956,
      "loss": -1.9849397651303522,
      "expected_cut": 1.9849397651303522,
      "best_measured_cut": 2.0,
      "success_probability_ancilla_1": 0.02309635420259177,
      "epochs_run": 59,
      "stop_reason": "loss_plateau_last5",
      "history_path": "benchmark_results_walsh_article/unweighted/coarse_loader/n4/graph05_trainseed01/histories/history_visit007_j007.json",
      "improvement_vs_previous": 0.09027275125233558
    },
    {
      "visit_idx": 8,
      "j": 8,
      "kept": true,
      "beta": 0.10937917404367643,
      "coefficient": 0.06845219652503909,
      "loss": -1.998794951716011,
      "expected_cut": 1.998794951716011,
      "best_measured_cut": 2.0,
      "success_probability_ancilla_1": 0.023724705562212366,
      "epochs_run": 19,
      "stop_reason": "loss_plateau_last5",
      "history_path": "benchmark_results_walsh_article/unweighted/coarse_loader/n4/graph05_trainseed01/histories/history_visit008_j008.json",
      "improvement_vs_previous": 0.013855186585658874
    },
    {
      "visit_idx": 9,
      "j": 9,
      "kept": true,
      "beta": -0.025039263734305865,
      "coefficient": -0.01572934628874853,
      "loss": -1.9995030198334047,