{
  "0": 0.0,
  "1": -0.16046492936295126,
  "2": 0.1620261485651375,
  "3": -0.1394745008302056,
  "4": -0.2294283032599716,
  "5": 0.15492879851568256,
  "6": 0.0040725087947102185,
  "7": 0.1482135357662956,
  "8": 0.06845219652503909,
  "9": -0.01572934628874853,
  "10": -0.0028329420944786113,
  "11": 0.0088723202698207,
  "12": 0.0,
  "13": 0.0,
  "14": 0.0,
  "15": 0.0
}