epoch,beta,coefficient,loss,expected_cut,best_measured_cut,success_probability_ancilla_1,max_postselected_probability,grad
0,0.42728203433017226,0.4220702141766283,-2.499999999999808,2.499999999999808,2.0,0.13060629185675945,0.12496314024636719,-3.4553846451623273e-13
1,0.42728204980285756,0.42207022774746156,-2.499999999999809,2.499999999999809,2.0,0.13060629550797154,0.12496314031863927,-3.465423487054144e-13
2,0.4272820687516281,0.42207024436711077,-2.499999999999808,2.499999999999808,2.0,0.13060629997946296,0.12496314040714779,-3.4623624614081677e-13
3,0.42728209060554645,0.422070263534816,-2.49999999999981,2.49999999999981,2.0,0.13060630513650534,0.12496314050922608,-3.44999552598782e-13
4,0.4272821149994034,0.4220702849302585,-2.499999999999809,2.499999999999809,2.0,0.13060631089291727,0.12496314062316796,-3.4386142103409197e-13
