epoch,beta,coefficient,loss,expected_cut,best_measured_cut,success_probability_ancilla_1,max_postselected_probability,grad
0,-0.41623015789101925,-0.4123338246717664,-2.8149215819405145,2.8149215819405145,2.0,0.4580181032060061,0.12861488805787236,-0.025302490570975476
1,-0.406307469005528,-0.40351967270775796,-2.815114623115396,2.815114623115396,2.0,0.4569688511813421,0.1285558145507642,-0.02142988728452122
2,-0.3965437012108404,-0.39478064027588655,-2.815265480657944,2.815265480657944,2.0,0.45593369805064043,0.12848829542491966,-0.01745764387014074
3,-0.3870536202225444,-0.3862246820522239,-2.815373784197419,2.815373784197419,2.0,0.45492532379849654,0.1284135093658409,-0.013423037040609383
4,-0.37799370028918905,-0.37800045304132734,-2.815440890866678,2.815440890866678,2.0,0.45396090426198027,0.1283334832241388,-0.009381908159066213
5,-0.3695664723876269,-0.37030209389888286,-2.8154706278784083,2.8154706278784083,2.0,0.45306255807955054,0.1282513083570213,-0.0054142249157624585
