epoch,beta,coefficient,loss,expected_cut,best_measured_cut,success_probability_ancilla_1,max_postselected_probability,grad
0,-0.44339784483170647,-0.436112694146649,-2.499999999999656,2.499999999999656,0.0,0.07247287302953505,0.062499999999991396,1.337116235545826e-12
1,-0.44339790459008166,-0.4361127458720267,-2.4999999999996554,2.4999999999996554,0.0,0.07247288979303725,0.06249999999999138,1.3360975092602826e-12
2,-0.4433979776845625,-0.43611280914080536,-2.4999999999996545,2.4999999999996545,0.0,0.07247291029760355,0.062499999999991354,1.332823371376273e-12
3,-0.4433980620593322,-0.436112882173519,-2.499999999999656,2.499999999999656,0.0,0.07247293396653409,0.062499999999991396,1.334852345118076e-12
4,-0.4433981563161811,-0.4361129637599099,-2.4999999999996545,2.4999999999996545,0.0,0.07247296040760183,0.062499999999991354,1.3320021080814807e-12
