epoch,beta,coefficient,loss,expected_cut,best_measured_cut,success_probability_ancilla_1,max_postselected_probability,grad
0,0.464129883752053,0.4539016979404353,-2.7762150342527745,2.7762150342527745,3.0,0.41523039457974953,0.14327882313874638,-0.012057295384222186
1,0.4738483507726116,0.46213190321430836,-2.776276180642962,2.776276180642962,3.0,0.4158429258613955,0.1433950331366625,-0.008146706638624162
2,0.4829025423292122,0.4697363225528182,-2.776301310357289,2.776301310357289,3.0,0.4164168014514726,0.14349296399486872,-0.004454724215925728
3,0.49072337881896105,0.47625537295285836,-2.7762989628024717,2.7762989628024717,3.0,0.4169147826763676,0.1435697149159732,-0.0011118016231594094
4,0.4966877342542601,0.48119591371167336,-2.776282544150822,2.776282544150822,3.0,0.4172958605090871,0.14362346274093604,0.0017005035597291737
