epoch,beta,coefficient,loss,expected_cut,best_measured_cut,success_probability_ancilla_1,max_postselected_probability,grad
0,-0.5413234055435401,-0.5173041567701792,-2.9389056468069397,2.9389056468069397,3.0,0.46385297883366405,0.13409463373278932,-0.02621729048403312
1,-0.5314101809768017,-0.5094179428586036,-2.9391008930141895,2.9391008930141895,3.0,0.4636128170032752,0.1342526728370285,-0.021897485729503903
2,-0.5216782981981579,-0.5016016458289297,-2.9392491751991514,2.9392491751991514,3.0,0.46337827334385806,0.13440204747429316,-0.01746935355661683
3,-0.5122635820680126,-0.49397041023769594,-2.939350419097522,2.939350419097522,3.0,0.4631526553681605,0.13454088175547402,-0.012980754352806224
4,-0.5033537380711695,-0.4866856962259927,-2.939406875637255,2.939406875637255,3.0,0.4629404099638609,0.13466693230901736,-0.008504950599798323
5,-0.49519131118173615,-0.47995889279023773,-2.9394240938951923,2.9394240938951923,3.0,0.4627471481542415,0.1347776895567985,-0.004148322936102144
