{
  "config": {
    "N_VERTICES": 4,
    "PROB_ARESTA": 0.85,
    "COM_PESO": false,
    "PESO_MIN": 1,
    "PESO_MAX": 1,
    "GRAPH_SEED": 104882,
    "GRAPH_EDGES": [
      [
        0,
        1,
        1.0
      ],
      [
        0,
        2,
        1.0
      ],
      [
        0,
        3,
        1.0
      ],
      [
        2,
        3,
        1.0
      ]
    ],
    "REVERSE_BITS": false,
    "ER": 1.25,
    "MAX_TERMS": null,
    "A_MAX": 1.0471975511965976,
    "INIT_BETA": 0.5,
    "MAX_EPOCHS": 200,
    "LR": 0.01,
    "FD_EPS": 0.01,
    "LOSS_TOL_LAST5": 0.0005,
    "PATIENCE_LAST5": 5,
    "TRAIN_SEED": 9,
    "INIT_BETA_JITTER": 0.08,
    "OPTIMIZER": "adam",
    "ADAM_BETA1": 0.9,
    "ADAM_BETA2": 0.999,
    "ADAM_EPS": 1e-08,
    "COEF_ZERO_TOL": 0.0005,
    "IMPROVEMENT_TOL": 0.0005,
    "SATURATION_PATIENCE": 150,
    "INDEX_STRATEGY": "ascending",
    "INDEX_RANDOM_SEED": 42,
    "ENABLE_BACKWARD_PRUNING": false,
    "BACKWARD_PASSES": 1,
    "PRUNE_IMPROVEMENT_TOL": 1e-06,
    "OUTDIR": "benchmark_results_walsh_article/unweighted/aggressive_loader/n4/graph07_trainseed09",
    "SHOW_PLOTS": false,
    "name": "aggressive_loader"
  },
  "n_qubits_register": 4,
  "graph_edges": [
    [
      0,
      1,
      1.0
    ],
    [
      0,
      2,
      1.0
    ],
    [
      0,
      3,
      1.0
    ],
    [
      2,
      3,
      1.0
    ]
  ],
  "graph_signature": "0c4184843706290033a85b58881df740fdc53f7edeeaffa6a9dd8c38dfc1a494",
  "graph_num_edges": 4,
  "graph_density": 0.6666666666666666,
  "best_cut_bruteforce": 3.0,
  "best_bitstring_bruteforce": "0101",
  "best_index_bruteforce": 5,
  "candidate_order": [
    1,
    2,
    3,
    4,
    5,
    6,
    7,
    8,
    9,
    10,
    11,
    12,
    13,
    14,
    15
  ],
  "total_possible_parameters": 15,
  "visited_parameters": 15,
  "trained_coefficients": {
    "0": 0.0,
    "1": -0.4952364037543623,
    "2": 0.4969084578277197,
    "3": -0.0036436724541252337,
    "4": 0.30208517263647205,
    "5": -0.003877367104157717,
    "6": 0.00951946553449094,
    "7": -0.40359819157851046,
    "8": 0.09719602659340182,
    "9": 0.0008063659401664514,
    "10": -0.0030477666734084396,
    "11": -0.09561944782961684,
    "12": 0.004112067468719025,
    "13": 0.046743414004462296,
    "14": -0.020194637593301524,
    "15": -0.00602794920630456
  },
  "final_coefficient_vector": [
    0.0,
    -0.4952364037543623,
    0.4969084578277197,
    -0.0036436724541252337,
    0.30208517263647205,
    -0.003877367104157717,
    0.00951946553449094,
    -0.40359819157851046,
    0.09719602659340182,
    0.0008063659401664514,
    -0.0030477666734084396,
    -0.09561944782961684,
    0.004112067468719025,
    0.046743414004462296,
    -0.020194637593301524,
    -0.00602794920630456
  ],
  "active_indices": [
    1,
    2,
    3,
    4,
    5,
    6,
    7,
    8,
    9,
    10,
    11,
    12,
    13,
    14,
    15
  ],
  "active_parameter_count": 15,
  "compression_ratio_active_over_total": 1.0,
  "final_loss": -2.986732134229582,
  "final_expected_cut": 2.986732134229582,
  "best_expected_cut_over_evolution": 2.986732134229582,
  "final_best_measured_index": 8,
  "final_best_measured_bitstring": "1000",
  "final_best_measured_cut": 3.0,
  "best_measured_cut_over_evolution": 3.0,
  "final_success_probability_ancilla_1": 0.20589168265679456,
  "final_max_postselected_probability": 0.2538963934205791,
  "gap_expected_to_bruteforce": 0.013267865770417941,
  "gap_measured_to_bruteforce": 0.0,
  "approx_ratio_measured": 1.0,
  "n_steps": 15,
  "elapsed_seconds": 34.086644649505615,
  "steps": [
    {
      "visit_idx": 1,
      "j": 1,
      "kept": true,
      "beta": -0.5138196396218959,
      "coefficient": -0.4952364037543623,
      "loss": -2.0,
      "expected_cut": 2.0,
      "best_measured_cut": 0.0,
      "success_probability_ancilla_1": 0.09278365941713301,
      "epochs_run": 5,
      "stop_reason": "loss_plateau_last5",
      "history_path": "benchmark_results_walsh_article/unweighted/aggressive_loader/n4/graph07_trainseed09/histories/history_visit001_j001.json",
      "improvement_vs_previous": 2.0
    },
    {
      "visit_idx": 2,
      "j": 2,
      "kept": true,
      "beta": 0.5158783112404143,
      "coefficient": 0.4969084578277197,
      "loss": -2.4999967659693163,
      "expected_cut": 2.4999967659693163,
      "best_measured_cut": 1.0,
      "success_probability_ancilla_1": 0.16884429119592453,
      "epochs_run": 8,
      "stop_reason": "loss_plateau_last5",
      "history_path": "benchmark_results_walsh_article/unweighted/aggressive_loader/n4/graph07_trainseed09/histories/history_visit002_j002.json",
      "improvement_vs_previous": 0.4999967659693163
    },
    {
      "visit_idx": 3,
      "j": 3,
      "kept": true,
      "beta": -0.003479464934007984,
      "coefficient": -0.0036436724541252337,
      "loss": -2.4999814088442185,
      "expected_cut": 2.4999814088442185,
      "best_measured_cut": 3.0,
      "success_probability_ancilla_1": 0.16884772598588355,
      "epochs_run": 50,
      "stop_reason": "loss_plateau_last5",
      "history_path": "benchmark_results_walsh_article/unweighted/aggressive_loader/n4/graph07_trainseed09/histories/history_visit003_j003.json",
      "improvement_vs_previous": -1.5357125097814617e-05
    },
    {
      "visit_idx": 4,
      "j": 4,
      "kept": true,
      "beta": 0.2968966819232088,
      "coefficient": 0.30208517263647205,
      "loss": -2.634661371713859,
      "expected_cut": 2.634661371713859,
      "best_measured_cut": 3.0,
      "success_probability_ancilla_1": 0.19217747475608682,
      "epochs_run": 16,
      "stop_reason": "loss_plateau_last5",
      "history_path": "benchmark_results_walsh_article/unweighted/aggressive_loader/n4/graph07_trainseed09/histories/history_visit004_j004.json",
      "improvement_vs_previous": 0.13467996286964068
    },
    {
      "visit_idx": 5,
      "j": 5,
      "kept": true,
      "beta": -0.003702629765119276,
      "coefficient": -0.003877367104157717,
      "loss": -2.6346343373755214,
      "expected_cut": 2.6346343373755214,
      "best_measured_cut": 3.0,
      "success_probability_ancilla_1": 0.1921791614476834,
      "epochs_run": 60,
      "stop_reason": "loss_plateau_last5",
      "history_path": "benchmark_results_walsh_article/unweighted/aggressive_loader/n4/graph07_trainseed09/histories/history_visit005_j005.json",
      "improvement_vs_previous": -2.703433833772806e-05
    },
    {
      "visit_idx": 6,
      "j": 6,
      "kept": true,
      "beta": 0.009090670382704936,
      "coefficient": 0.00951946553449094,
      "loss": -2.6346270613192315,
      "expected_cut": 2.6346270613192315,
      "best_measured_cut": 3.0,
      "success_probability_ancilla_1": 0.1921871883758577,
      "epochs_run": 61,
      "stop_reason": "loss_plateau_last5",
      "history_path": "benchmark_results_walsh_article/unweighted/aggressive_loader/n4/graph07_trainseed09/histories/history_visit006_j006.json",
      "improvement_vs_previous": -7.276056289917676e-06
    },
    {
      "visit_idx": 7,
      "j": 7,
      "kept": true,
      "beta": -0.4063955264441924,
      "coefficient": -0.40359819157851046,
      "loss": -2.945474038060719,
      "expected_cut": 2.945474038060719,
      "best_measured_cut": 3.0,
      "success_probability_ancilla_1": 0.20043602945484917,
      "epochs_run": 12,
      "stop_reason": "loss_plateau_last5",
      "history_path": "benchmark_results_walsh_article/unweighted/aggressive_loader/n4/graph07_trainseed09/histories/history_visit007_j007.json",
      "improvement_vs_previous": 0.3108469767414874
    },
    {
      "visit_idx": 8,
      "j": 8,
      "kept": true,
      "beta": 0.09308327993184905,
      "coefficient": 0.09719602659340182,
      "loss": -2.963782665653664,
      "expected_cut": 2.963782665653664,
      "best_measured_cut": 3.0,
      "success_probability_ancilla_1": 0.20264424948688564,
      "epochs_run": 53,