{
  "config": {
    "N_VERTICES": 4,
    "PROB_ARESTA": 0.85,
    "COM_PESO": false,
    "PESO_MIN": 1,
    "PESO_MAX": 1,
    "GRAPH_SEED": 104375,
    "GRAPH_EDGES": [
      [
        0,
        1,
        1.0
      ],
      [
        0,
        3,
        1.0
      ],
      [
        1,
        2,
        1.0
      ],
      [
        1,
        3,
        1.0
      ],
      [
        2,
        3,
        1.0
      ]
    ],
    "REVERSE_BITS": false,
    "ER": 0.75,
    "MAX_TERMS": null,
    "A_MAX": 0.6283185307179586,
    "INIT_BETA": 0.25,
    "MAX_EPOCHS": 200,
    "LR": 0.01,
    "FD_EPS": 0.01,
    "LOSS_TOL_LAST5": 0.002,
    "PATIENCE_LAST5": 7,
    "TRAIN_SEED": 9,
    "INIT_BETA_JITTER": 0.03,
    "OPTIMIZER": "adam",
    "ADAM_BETA1": 0.9,
    "ADAM_BETA2": 0.999,
    "ADAM_EPS": 1e-08,
    "COEF_ZERO_TOL": 0.002,
    "IMPROVEMENT_TOL": 0.002,
    "SATURATION_PATIENCE": 60,
    "INDEX_STRATEGY": "ascending",
    "INDEX_RANDOM_SEED": 42,
    "ENABLE_BACKWARD_PRUNING": false,
    "BACKWARD_PASSES": 1,
    "PRUNE_IMPROVEMENT_TOL": 1e-06,
    "OUTDIR": "benchmark_results_walsh_article/unweighted/coarse_loader/n4/graph02_trainseed09",
    "SHOW_PLOTS": false,
    "name": "coarse_loader"
  },
  "n_qubits_register": 4,
  "graph_edges": [
    [
      0,
      1,
      1.0
    ],
    [
      0,
      3,
      1.0
    ],
    [
      1,
      2,
      1.0
    ],
    [
      1,
      3,
      1.0
    ],
    [
      2,
      3,
      1.0
    ]
  ],
  "graph_signature": "088078414915f783002f6e924a47ca164ddb929b0c303d60c8d30a073f7782ae",
  "graph_num_edges": 5,
  "graph_density": 0.8333333333333334,
  "best_cut_bruteforce": 4.0,
  "best_bitstring_bruteforce": "0101",
  "best_index_bruteforce": 5,
  "candidate_order": [
    1,
    2,
    3,
    4,
    5,
    6,
    7,
    8,
    9,
    10,
    11,
    12,
    13,
    14,
    15
  ],
  "total_possible_parameters": 15,
  "visited_parameters": 15,
  "trained_coefficients": {
    "0": 0.0,
    "1": -0.15694628685953335,
    "2": 0.15483497167633062,
    "3": 0.0,
    "4": -0.11337830697884481,
    "5": 0.0,
    "6": 0.0,
    "7": 0.13667198599297584,
    "8": 0.05618566819554189,
    "9": 0.0,
    "10": 0.0,
    "11": -0.08168103731430251,
    "12": 0.0,
    "13": 0.08589277648841508,
    "14": -0.1134043971215221,
    "15": 0.0
  },
  "final_coefficient_vector": [
    0.0,
    -0.15694628685953335,
    0.15483497167633062,
    0.0,
    -0.11337830697884481,
    0.0,
    0.0,
    0.13667198599297584,
    0.05618566819554189,
    0.0,
    0.0,
    -0.08168103731430251,
    0.0,
    0.08589277648841508,
    -0.1134043971215221,
    0.0
  ],
  "active_indices": [
    1,
    2,
    4,
    7,
    8,
    11,
    13,
    14
  ],
  "active_parameter_count": 8,
  "compression_ratio_active_over_total": 0.5333333333333333,
  "final_loss": -3.9096579177092403,
  "final_expected_cut": 3.9096579177092403,
  "best_expected_cut_over_evolution": 3.9096579177092403,
  "final_best_measured_index": 5,
  "final_best_measured_bitstring": "0101",
  "final_best_measured_cut": 4.0,
  "best_measured_cut_over_evolution": 4.0,
  "final_success_probability_ancilla_1": 0.014965383001705796,
  "final_max_postselected_probability": 0.4569346302880394,
  "gap_expected_to_bruteforce": 0.09034208229075968,
  "gap_measured_to_bruteforce": 0.0,
  "approx_ratio_measured": 1.0,
  "n_steps": 15,
  "elapsed_seconds": 6.487831354141235,
  "steps": [
    {
      "visit_idx": 1,
      "j": 1,
      "kept": true,
      "beta": -0.25518644979501104,
      "coefficient": -0.15694628685953335,
      "loss": -2.5,
      "expected_cut": 2.5,
      "best_measured_cut": 0.0,
      "success_probability_ancilla_1": 0.0034598965854429815,
      "epochs_run": 7,
      "stop_reason": "loss_plateau_last5",
      "history_path": "benchmark_results_walsh_article/unweighted/coarse_loader/n4/graph02_trainseed09/histories/history_visit001_j001.json",
      "improvement_vs_previous": 2.5
    },
    {
      "visit_idx": 2,
      "j": 2,
      "kept": true,
      "beta": 0.25160576543633345,
      "coefficient": 0.15483497167633062,
      "loss": -2.999953935554902,
      "expected_cut": 2.999953935554902,
      "best_measured_cut": 3.0,
      "success_probability_ancilla_1": 0.006804132259254047,
      "epochs_run": 7,
      "stop_reason": "loss_plateau_last5",
      "history_path": "benchmark_results_walsh_article/unweighted/coarse_loader/n4/graph02_trainseed09/histories/history_visit002_j002.json",
      "improvement_vs_previous": 0.4999539355549021
    },
    {
      "visit_idx": 3,
      "j": 3,
      "kept": false,
      "beta": -0.0011899425481685724,
      "coefficient": 0.0,
      "loss": -2.999953935554902,
      "expected_cut": 2.999953935554902,
      "best_measured_cut": 3.0,
      "success_probability_ancilla_1": 0.006804132259254047,
      "epochs_run": 27,
      "stop_reason": "loss_plateau_last5_and_discarded_near_zero",
      "history_path": "benchmark_results_walsh_article/unweighted/coarse_loader/n4/graph02_trainseed09/histories/history_visit003_j003.json",
      "improvement_vs_previous": 0.0
    },
    {
      "visit_idx": 4,
      "j": 4,
      "kept": true,
      "beta": -0.18244488081394855,
      "coefficient": -0.11337830697884481,
      "loss": -3.1793024255999525,
      "expected_cut": 3.1793024255999525,
      "best_measured_cut": 3.0,
      "success_probability_ancilla_1": 0.00858614248039046,
      "epochs_run": 47,
      "stop_reason": "loss_plateau_last5",
      "history_path": "benchmark_results_walsh_article/unweighted/coarse_loader/n4/graph02_trainseed09/histories/history_visit004_j004.json",
      "improvement_vs_previous": 0.17934849004505038
    },
    {
      "visit_idx": 5,
      "j": 5,
      "kept": false,
      "beta": 0.0005436400398524839,
      "coefficient": 0.0,
      "loss": -3.1793024255999525,
      "expected_cut": 3.1793024255999525,
      "best_measured_cut": 3.0,
      "success_probability_ancilla_1": 0.00858614248039046,
      "epochs_run": 31,
      "stop_reason": "loss_plateau_last5_and_discarded_near_zero",
      "history_path": "benchmark_results_walsh_article/unweighted/coarse_loader/n4/graph02_trainseed09/histories/history_visit005_j005.json",
      "improvement_vs_previous": 0.0
    },
    {
      "visit_idx": 6,
      "j": 6,
      "kept": false,
      "beta": -0.0023588781162991145,
      "coefficient": 0.0,
      "loss": -3.1793024255999525,
      "expected_cut": 3.1793024255999525,
      "best_measured_cut": 3.0,
      "success_probability_ancilla_1": 0.00858614248039046,
      "epochs_run": 32,
      "stop_reason": "loss_plateau_last5_and_discarded_near_zero",
      "history_path": "benchmark_results_walsh_article/unweighted/coarse_loader/n4/graph02_trainseed09/histories/history_visit006_j006.json",
      "improvement_vs_previous": 0.0
    },
    {
      "visit_idx": 7,
      "j": 7,
      "kept": true,
      "beta": 0.22105169200408528,
      "coefficient": 0.13667198599297584,
      "loss": -3.4830562721063494,
      "expected_cut": 3.4830562721063494,
      "best_measured_cut": 3.0,
      "success_probability_ancilla_1": 0.011106415910464535,
      "epochs_run": 56,
      "stop_reason": "loss_plateau_last5",
      "history_path": "benchmark_results_walsh_article/unweighted/coarse_loader/n4/graph02_trainseed09/histories/history_visit007_j007.json",
      "improvement_vs_previous": 0.3037538465063969
    },
    {
      "visit_idx": 8,
      "j": 8,
      "kept": true,
      "beta": 0.08966176872163129,
      "coefficient": 0.05618566819554189,
      "loss": -3.521476714679577,
      "expected_cut": 3.521476714679577,
      "best_measured_cut": 4.0,
      "success_probability_ancilla_1": 0.011540419881305507,
      "epochs_run": 23,
      "stop_reason": "loss_plateau_last5",
      "history_path": "benchmark_results_walsh_article/unweighted/coarse_loader/n4/graph02_trainseed09/histories/history_visit008_j008.json",
      "improvement_vs_previous": 0.03842044257322774
    },
    {
      "visit_idx": 9,