{
  "config": {
    "N_VERTICES": 4,
    "PROB_ARESTA": 1.0,
    "COM_PESO": false,
    "PESO_MIN": 1,
    "PESO_MAX": 1,
    "GRAPH_SEED": 10414,
    "GRAPH_EDGES": [
      [
        0,
        1,
        1.0
      ],
      [
        0,
        2,
        1.0
      ],
      [
        0,
        3,
        1.0
      ],
      [
        1,
        2,
        1.0
      ],
      [
        1,
        3,
        1.0
      ],
      [
        2,
        3,
        1.0
      ]
    ],
    "REVERSE_BITS": false,
    "ER": 0.75,
    "MAX_TERMS": null,
    "A_MAX": 0.6283185307179586,
    "INIT_BETA": 0.25,
    "MAX_EPOCHS": 200,
    "LR": 0.01,
    "FD_EPS": 0.01,
    "LOSS_TOL_LAST5": 0.002,
    "PATIENCE_LAST5": 7,
    "TRAIN_SEED": 0,
    "INIT_BETA_JITTER": 0.03,
    "OPTIMIZER": "adam",
    "ADAM_BETA1": 0.9,
    "ADAM_BETA2": 0.999,
    "ADAM_EPS": 1e-08,
    "COEF_ZERO_TOL": 0.002,
    "IMPROVEMENT_TOL": 0.002,
    "SATURATION_PATIENCE": 60,
    "INDEX_STRATEGY": "ascending",
    "INDEX_RANDOM_SEED": 42,
    "ENABLE_BACKWARD_PRUNING": false,
    "BACKWARD_PASSES": 1,
    "PRUNE_IMPROVEMENT_TOL": 1e-06,
    "OUTDIR": "benchmark_results_walsh_article/unweighted/coarse_loader/n4/graph00_trainseed00",
    "SHOW_PLOTS": false,
    "name": "coarse_loader"
  },
  "n_qubits_register": 4,
  "graph_edges": [
    [
      0,
      1,
      1.0
    ],
    [
      0,
      2,
      1.0
    ],
    [
      0,
      3,
      1.0
    ],
    [
      1,
      2,
      1.0
    ],
    [
      1,
      3,
      1.0
    ],
    [
      2,
      3,
      1.0
    ]
  ],
  "graph_signature": "539b127eb8e4096db3ab2abb5616611adf3c9b3f188a9792b883b1dea6c065fa",
  "graph_num_edges": 6,
  "graph_density": 1.0,
  "best_cut_bruteforce": 4.0,
  "best_bitstring_bruteforce": "0011",
  "best_index_bruteforce": 3,
  "candidate_order": [
    1,
    2,
    3,
    4,
    5,
    6,
    7,
    8,
    9,
    10,
    11,
    12,
    13,
    14,
    15
  ],
  "total_possible_parameters": 15,
  "visited_parameters": 15,
  "trained_coefficients": {
    "0": 0.0,
    "1": -0.16996334826393297,
    "2": 0.16921614075976005,
    "3": 0.0,
    "4": 0.0,
    "5": 0.0,
    "6": 0.0,
    "7": 0.0,
    "8": 0.0,
    "9": 0.0,
    "10": 0.0,
    "11": 0.0021299010243382177,
    "12": 0.0,
    "13": 0.12335460318844652,
    "14": -0.14729899409294087,
    "15": 0.0
  },
  "final_coefficient_vector": [
    0.0,
    -0.16996334826393297,
    0.16921614075976005,
    0.0,
    0.0,
    0.0,
    0.0,
    0.0,
    0.0,
    0.0,
    0.0,
    0.0021299010243382177,
    0.0,
    0.12335460318844652,
    -0.14729899409294087,
    0.0
  ],
  "active_indices": [
    1,
    2,
    11,
    13,
    14
  ],
  "active_parameter_count": 5,
  "compression_ratio_active_over_total": 0.3333333333333333,
  "final_loss": -3.9831412582965995,
  "final_expected_cut": 3.9831412582965995,
  "best_expected_cut_over_evolution": 3.9831412582965995,
  "final_best_measured_index": 6,
  "final_best_measured_bitstring": "0110",
  "final_best_measured_cut": 4.0,
  "best_measured_cut_over_evolution": 4.0,
  "final_success_probability_ancilla_1": 0.013054165473547017,
  "final_max_postselected_probability": 0.2477458826365509,
  "gap_expected_to_bruteforce": 0.016858741703400515,
  "gap_measured_to_bruteforce": 0.0,
  "approx_ratio_measured": 1.0,
  "n_steps": 15,
  "elapsed_seconds": 5.1730029582977295,
  "steps": [
    {
      "visit_idx": 1,
      "j": 1,
      "kept": true,
      "beta": -0.2774086878899474,
      "coefficient": -0.16996334826393297,
      "loss": -3.0,
      "expected_cut": 3.0,
      "best_measured_cut": 0.0,
      "success_probability_ancilla_1": 0.004056812468103654,
      "epochs_run": 7,
      "stop_reason": "loss_plateau_last5",
      "history_path": "benchmark_results_walsh_article/unweighted/coarse_loader/n4/graph00_trainseed00/histories/history_visit001_j001.json",
      "improvement_vs_previous": 3.0
    },
    {
      "visit_idx": 2,
      "j": 2,
      "kept": true,
      "beta": 0.27612602596653346,
      "coefficient": 0.16921614075976005,
      "loss": -3.4999951206226174,
      "expected_cut": 3.4999951206226174,
      "best_measured_cut": 3.0,
      "success_probability_ancilla_1": 0.008045454244731933,
      "epochs_run": 7,
      "stop_reason": "loss_plateau_last5",
      "history_path": "benchmark_results_walsh_article/unweighted/coarse_loader/n4/graph00_trainseed00/histories/history_visit002_j002.json",
      "improvement_vs_previous": 0.4999951206226174
    },
    {
      "visit_idx": 3,
      "j": 3,
      "kept": false,
      "beta": -0.000691938316267366,
      "coefficient": 0.0,
      "loss": -3.4999951206226174,
      "expected_cut": 3.4999951206226174,
      "best_measured_cut": 3.0,
      "success_probability_ancilla_1": 0.008045454244731933,
      "epochs_run": 29,
      "stop_reason": "loss_plateau_last5_and_discarded_near_zero",
      "history_path": "benchmark_results_walsh_article/unweighted/coarse_loader/n4/graph00_trainseed00/histories/history_visit003_j003.json",
      "improvement_vs_previous": 0.0
    },
    {
      "visit_idx": 4,
      "j": 4,
      "kept": false,
      "beta": -0.00042438854617424596,
      "coefficient": 0.0,
      "loss": -3.4999951206226174,
      "expected_cut": 3.4999951206226174,
      "best_measured_cut": 3.0,
      "success_probability_ancilla_1": 0.008045454244731933,
      "epochs_run": 32,
      "stop_reason": "loss_plateau_last5_and_discarded_near_zero",
      "history_path": "benchmark_results_walsh_article/unweighted/coarse_loader/n4/graph00_trainseed00/histories/history_visit004_j004.json",
      "improvement_vs_previous": 0.0
    },
    {
      "visit_idx": 5,
      "j": 5,
      "kept": false,
      "beta": 0.0012313745687365183,
      "coefficient": 0.0,
      "loss": -3.4999951206226174,
      "expected_cut": 3.4999951206226174,
      "best_measured_cut": 3.0,
      "success_probability_ancilla_1": 0.008045454244731933,
      "epochs_run": 30,
      "stop_reason": "loss_plateau_last5_and_discarded_near_zero",
      "history_path": "benchmark_results_walsh_article/unweighted/coarse_loader/n4/graph00_trainseed00/histories/history_visit005_j005.json",
      "improvement_vs_previous": 0.0
    },
    {
      "visit_idx": 6,
      "j": 6,
      "kept": false,
      "beta": -0.0019353601055712042,
      "coefficient": 0.0,
      "loss": -3.4999951206226174,
      "expected_cut": 3.4999951206226174,
      "best_measured_cut": 3.0,
      "success_probability_ancilla_1": 0.008045454244731933,
      "epochs_run": 31,
      "stop_reason": "loss_plateau_last5_and_discarded_near_zero",
      "history_path": "benchmark_results_walsh_article/unweighted/coarse_loader/n4/graph00_trainseed00/histories/history_visit006_j006.json",
      "improvement_vs_previous": 0.0
    },
    {
      "visit_idx": 7,
      "j": 7,
      "kept": false,
      "beta": -0.0006182965224127502,
      "coefficient": 0.0,
      "loss": -3.4999951206226174,
      "expected_cut": 3.4999951206226174,
      "best_measured_cut": 3.0,
      "success_probability_ancilla_1": 0.008045454244731933,
      "epochs_run": 31,
      "stop_reason": "loss_plateau_last5_and_discarded_near_zero",
      "history_path": "benchmark_results_walsh_article/unweighted/coarse_loader/n4/graph00_trainseed00/histories/history_visit007_j007.json",
      "improvement_vs_previous": 0.0
    },
    {
      "visit_idx": 8,
      "j": 8,
      "kept": false,
      "beta": -0.0015396562007457476,
      "coefficient": 0.0,
      "loss": -3.4999951206226174,
      "expected_cut": 3.4999951206226174,
      "best_measured_cut": 3.0,
      "success_probability_ancilla_1": 0.008045454244731933,
      "epochs_run": 31,
      "stop_reason": "loss_plateau_last5_and_discarded_near_zero",
      "history_path": "benchmark_results_walsh_article/unweighted/coarse_loader/n4/graph00_trainseed00/histories/history_visit008_j008.json",
      "improvement_vs_previous": 0.0
    },
    {
      "visit_idx": 9,
      "j": 9,
      "kept": false,