{
  "0": 0.0,
  "1": -0.28363554914080485,
  "2": 0.2846070538674821,
  "3": 0.0,
  "4": -0.1906965791916954,
  "5": 0.0,
  "6": 0.0,
  "7": 0.22882761125309936,
  "8": 0.07528198949847444,
  "9": 0.0,
  "10": 0.0,
  "11": -0.12485288491135585,
  "12": 0.0,
  "13": 0.1372618954764012,
  "14": -0.18111629064017162,
  "15": 0.0
}