{
  "0": 0.0,
  "1": -0.16996670861658508,
  "2": 0.1710606454088778,
  "3": -0.1462231496500601,
  "4": 0.12577304427052705,
  "5": 0.2511308273465928,
  "6": 0.2125963880738669,
  "7": -0.01661097509530028,
  "8": -0.13696236180795757,
  "9": -0.13137492879745571,
  "10": -0.06366288490777497,
  "11": 0.007946111850423465,
  "12": -0.20087574768952968,
  "13": 0.13163209191673855,
  "14": -0.10267401040515346,
  "15": -0.0900398255511874,
  "16": -0.06899678269652484,
  "17": -0.16492210283449268,
  "18": -0.10559309248721913,
  "19": 0.004891464865856317,
  "20": 0.15957341065221575,
  "21": 0.10890990851799076,
  "22": -0.04471731672062393,
  "23": 0.17356682058818285,
  "24": 0.13734131412407685,
  "25": -0.08906232844534369,
  "26": 0.09631342667906898,
  "27": 0.05798415136352847,
  "28": 0.06298200102123537,
  "29": -0.08783376966916066,
  "30": -0.1199040463068798,
  "31": -0.03852049770134703,
  "32": 0.0,
  "33": 0.03375893315374774,
  "34": 0.0436243048994975,
  "35": -0.004278693510252572,
  "36": -0.15791511065282404,
  "37": -0.031106562543076432,
  "38": -0.027420521988534625,
  "39": -0.16844418781205533,
  "40": 0.12274485843053345,
  "41": 0.04633881776449714,
  "42": 0.057447891010336226,
  "43": 0.10212231095770166,
  "44": -0.018027842575304213,
  "45": 0.08926100543860298,
  "46": 0.0939043284657273,
  "47": -0.022684948830639266,
  "48": 0.10575732647871475,
  "49": 0.018588937679820804,
  "50": 0.023658217431511492,
  "51": 0.08938627718787646,
  "52": -0.026394070816286284,
  "53": -0.15008110829226023,
  "54": -0.12388982710614707,
  "55": -0.02766588367459499,
  "56": 0.0036509870617270294,
  "57": -0.060328584628270995,
  "58": -0.05930710324426562,
  "59": 0.0,
  "60": 0.08185222711067246,
  "61": -0.01153152816114549,
  "62": -0.008107294972378052,
  "63": 0.07729478978174979
}