epoch,beta,coefficient,loss,expected_cut,best_measured_cut,success_probability_ancilla_1,max_postselected_probability,grad
0,0.363041814678241,0.2732325822853373,-10.999950302026054,10.999950302026054,7.0,0.036909379851112756,0.0078121117345996745,0.013741568467747536
1,0.36490165001848945,0.2745156751813614,-10.999978117692542,10.999978117692542,7.0,0.0370762771891963,0.007812329044494059,-0.018032883981853796
2,0.36914429304455443,0.2774364094521112,-10.999999535515776,10.999999535515776,7.0,0.03745903100156326,0.00781249637123784,-0.011896678982054865
3,0.3722241067116815,0.2795511527347057,-10.999979499499837,10.999979499499837,7.0,0.03773862494358793,0.007812339839863162,0.0017104589871498243
4,0.3724136652710684,0.27968116141164207,-10.999977311264933,10.999977311264933,7.0,0.03775588108556475,0.007812322744277991,0.011254554479984935
