epoch,beta,coefficient,loss,expected_cut,best_measured_cut,success_probability_ancilla_1,max_postselected_probability,grad
0,-0.22512212198512213,-0.1391063342696602,-2.9999999999889653,2.9999999999889653,0.0,0.0027187068527213566,0.062499999999770114,9.471332826922574e-11
1,-0.2251263547127125,-0.1391088634114989,-2.999999999988966,2.999999999988966,0.0,0.002718805623484738,0.06249999999977013,9.470781238106392e-11
2,-0.22513153679124007,-0.13911195980360452,-2.999999999988966,2.999999999988966,0.0,0.002718926549550982,0.06249999999977013,9.47032586879097e-11
3,-0.22513751824516778,-0.13911553382913242,-2.999999999988968,2.999999999988968,0.0,0.002719066132380707,0.06249999999977017,9.469031176005674e-11
4,-0.2251442033847937,-0.13911952830822757,-2.999999999988967,2.999999999988967,0.0,0.0027192221401660588,0.062499999999770156,9.469184397957562e-11
5,-0.22515152402496505,-0.13912390249561654,-2.999999999988967,2.999999999988967,0.0,0.002719392982902169,0.062499999999770156,9.468380948655567e-11
6,-0.22515942843989,-0.13912862548086277,-2.9999999999889697,2.9999999999889697,0.0,0.002719577454653312,0.0624999999997702,9.467515254638526e-11
