{
  "config": {
    "N_VERTICES": 4,
    "PROB_ARESTA": 0.7,
    "COM_PESO": false,
    "PESO_MIN": 1,
    "PESO_MAX": 1,
    "GRAPH_SEED": 104476,
    "GRAPH_EDGES": [
      [
        0,
        1,
        1.0
      ],
      [
        0,
        2,
        1.0
      ],
      [
        0,
        3,
        1.0
      ],
      [
        1,
        2,
        1.0
      ],
      [
        1,
        3,
        1.0
      ]
    ],
    "REVERSE_BITS": false,
    "ER": 1.0,
    "MAX_TERMS": null,
    "A_MAX": 0.7853981633974483,
    "INIT_BETA": 0.35,
    "MAX_EPOCHS": 200,
    "LR": 0.01,
    "FD_EPS": 0.01,
    "LOSS_TOL_LAST5": 0.001,
    "PATIENCE_LAST5": 5,
    "TRAIN_SEED": 0,
    "INIT_BETA_JITTER": 0.05,
    "OPTIMIZER": "adam",
    "ADAM_BETA1": 0.9,
    "ADAM_BETA2": 0.999,
    "ADAM_EPS": 1e-08,
    "COEF_ZERO_TOL": 0.001,
    "IMPROVEMENT_TOL": 0.001,
    "SATURATION_PATIENCE": 100,
    "INDEX_STRATEGY": "ascending",
    "INDEX_RANDOM_SEED": 42,
    "ENABLE_BACKWARD_PRUNING": false,
    "BACKWARD_PASSES": 1,
    "PRUNE_IMPROVEMENT_TOL": 1e-06,
    "OUTDIR": "benchmark_results_walsh_article/unweighted/baseline/n4/graph03_trainseed00",
    "SHOW_PLOTS": false,
    "name": "baseline"
  },
  "n_qubits_register": 4,
  "graph_edges": [
    [
      0,
      1,
      1.0
    ],
    [
      0,
      2,
      1.0
    ],
    [
      0,
      3,
      1.0
    ],
    [
      1,
      2,
      1.0
    ],
    [
      1,
      3,
      1.0
    ]
  ],
  "graph_signature": "37c67a7d685a1ea528dadea71897f720cb7ad726475a7878001b269ff86755a3",
  "graph_num_edges": 5,
  "graph_density": 0.8333333333333334,
  "best_cut_bruteforce": 4.0,
  "best_bitstring_bruteforce": "0011",
  "best_index_bruteforce": 3,
  "candidate_order": [
    1,
    2,
    3,
    4,
    5,
    6,
    7,
    8,
    9,
    10,
    11,
    12,
    13,
    14,
    15
  ],
  "total_possible_parameters": 15,
  "visited_parameters": 15,
  "trained_coefficients": {
    "0": 0.0,
    "1": -0.2954849292289916,
    "2": 0.2971026787894165,
    "3": 0.0,
    "4": 0.0,
    "5": 0.0,
    "6": 0.0,
    "7": -0.0015822725818727757,
    "8": 0.0,
    "9": 0.0015895012043886606,
    "10": -0.002290621728524761,
    "11": 0.0,
    "12": 0.0019101047578742407,
    "13": 0.0,
    "14": 0.0029070876281459034,
    "15": -0.0011631882232823552
  },
  "final_coefficient_vector": [
    0.0,
    -0.2954849292289916,
    0.2971026787894165,
    0.0,
    0.0,
    0.0,
    0.0,
    -0.0015822725818727757,
    0.0,
    0.0015895012043886606,
    -0.002290621728524761,
    0.0,
    0.0019101047578742407,
    0.0,
    0.0029070876281459034,
    -0.0011631882232823552
  ],
  "active_indices": [
    1,
    2,
    7,
    9,
    10,
    12,
    14,
    15
  ],
  "active_parameter_count": 8,
  "compression_ratio_active_over_total": 0.5333333333333333,
  "final_loss": -3.0000021846312035,
  "final_expected_cut": 3.0000021846312035,
  "best_expected_cut_over_evolution": 3.0000021846312035,
  "final_best_measured_index": 11,
  "final_best_measured_bitstring": "1011",
  "final_best_measured_cut": 3.0,
  "best_measured_cut_over_evolution": 3.0,
  "final_success_probability_ancilla_1": 0.04263094287558309,
  "final_max_postselected_probability": 0.12839381741049954,
  "gap_expected_to_bruteforce": 0.9999978153687965,
  "gap_measured_to_bruteforce": 1.0,
  "approx_ratio_measured": 0.75,
  "n_steps": 15,
  "elapsed_seconds": 18.625083923339844,
  "steps": [
    {
      "visit_idx": 1,
      "j": 1,
      "kept": true,
      "beta": -0.39565268102973794,
      "coefficient": -0.2954849292289916,
      "loss": -2.5,
      "expected_cut": 2.5,
      "best_measured_cut": 0.0,
      "success_probability_ancilla_1": 0.021669479211934437,
      "epochs_run": 5,
      "stop_reason": "loss_plateau_last5",
      "history_path": "benchmark_results_walsh_article/unweighted/baseline/n4/graph03_trainseed00/histories/history_visit001_j001.json",
      "improvement_vs_previous": 2.5
    },
    {
      "visit_idx": 2,
      "j": 2,
      "kept": true,
      "beta": 0.3980542570104326,
      "coefficient": 0.2971026787894165,
      "loss": -2.999992325319082,
      "expected_cut": 2.999992325319082,
      "best_measured_cut": 3.0,
      "success_probability_ancilla_1": 0.04262576349083874,
      "epochs_run": 5,
      "stop_reason": "loss_plateau_last5",
      "history_path": "benchmark_results_walsh_article/unweighted/baseline/n4/graph03_trainseed00/histories/history_visit002_j002.json",
      "improvement_vs_previous": 0.4999923253190821
    },
    {
      "visit_idx": 3,
      "j": 3,
      "kept": false,
      "beta": 0.0012549928526772872,
      "coefficient": 0.0,
      "loss": -2.999992325319082,
      "expected_cut": 2.999992325319082,
      "best_measured_cut": 3.0,
      "success_probability_ancilla_1": 0.04262576349083874,
      "epochs_run": 38,
      "stop_reason": "loss_plateau_last5_and_discarded_near_zero",
      "history_path": "benchmark_results_walsh_article/unweighted/baseline/n4/graph03_trainseed00/histories/history_visit003_j003.json",
      "improvement_vs_previous": 0.0
    },
    {
      "visit_idx": 4,
      "j": 4,
      "kept": false,
      "beta": -0.0010792424121718975,
      "coefficient": 0.0,
      "loss": -2.999992325319082,
      "expected_cut": 2.999992325319082,
      "best_measured_cut": 3.0,
      "success_probability_ancilla_1": 0.04262576349083874,
      "epochs_run": 44,
      "stop_reason": "loss_plateau_last5_and_discarded_near_zero",
      "history_path": "benchmark_results_walsh_article/unweighted/baseline/n4/graph03_trainseed00/histories/history_visit004_j004.json",
      "improvement_vs_previous": 0.0
    },
    {
      "visit_idx": 5,
      "j": 5,
      "kept": false,
      "beta": 0.0006689509915688684,
      "coefficient": 0.0,
      "loss": -2.999992325319082,
      "expected_cut": 2.999992325319082,
      "best_measured_cut": 3.0,
      "success_probability_ancilla_1": 0.04262576349083874,
      "epochs_run": 39,
      "stop_reason": "loss_plateau_last5_and_discarded_near_zero",
      "history_path": "benchmark_results_walsh_article/unweighted/baseline/n4/graph03_trainseed00/histories/history_visit005_j005.json",
      "improvement_vs_previous": 0.0
    },
    {
      "visit_idx": 6,
      "j": 6,
      "kept": false,
      "beta": 6.709332707864439e-05,
      "coefficient": 0.0,
      "loss": -2.999992325319082,
      "expected_cut": 2.999992325319082,
      "best_measured_cut": 3.0,
      "success_probability_ancilla_1": 0.04262576349083874,
      "epochs_run": 42,
      "stop_reason": "loss_plateau_last5_and_discarded_near_zero",
      "history_path": "benchmark_results_walsh_article/unweighted/baseline/n4/graph03_trainseed00/histories/history_visit006_j006.json",
      "improvement_vs_previous": 0.0
    },
    {
      "visit_idx": 7,
      "j": 7,
      "kept": true,
      "beta": -0.0020146147473400766,
      "coefficient": -0.0015822725818727757,
      "loss": -2.9999999963091595,
      "expected_cut": 2.9999999963091595,
      "best_measured_cut": 3.0,
      "success_probability_ancilla_1": 0.04262633602870661,
      "epochs_run": 41,
      "stop_reason": "loss_plateau_last5",
      "history_path": "benchmark_results_walsh_article/unweighted/baseline/n4/graph03_trainseed00/histories/history_visit007_j007.json",
      "improvement_vs_previous": 7.6709900773686e-06
    },
    {
      "visit_idx": 8,
      "j": 8,
      "kept": false,
      "beta": -0.0010653497814723896,
      "coefficient": 0.0,
      "loss": -2.9999999963091595,
      "expected_cut": 2.9999999963091595,
      "best_measured_cut": 3.0,
      "success_probability_ancilla_1": 0.04262633602870661,
      "epochs_run": 42,
      "stop_reason": "loss_plateau_last5_and_discarded_near_zero",
      "history_path": "benchmark_results_walsh_article/unweighted/baseline/n4/graph03_trainseed00/histories/history_visit008_j008.json",
      "improvement_vs_previous": 0.0
    },
    {
      "visit_idx": 9,
      "j": 9,
      "kept": true,