{
  "0": 0.0,
  "1": -0.24005615413848463,
  "2": 0.23963929174413098,
  "3": -0.001914260005527681,
  "4": 0.17318219007985391,
  "5": -0.0011994667887834788,
  "6": 0.0023456266060361865,
  "7": -0.2082999186104689,
  "8": 0.1032817946635007,
  "9": 0.0,
  "10": 0.0017366524085976331,
  "11": -0.1400434730293696,
  "12": 0.0,
  "13": -0.10408899515712575,
  "14": 0.1601926234688791,
  "15": 0.0,
  "16": -0.020979462523562187,
  "17": 0.0017389898764778615,
  "18": 0.0,
  "19": 0.039965045129772836,
  "20": 0.0,
  "21": 0.04014234275057495,
  "22": -0.05401640780462942,
  "23": -0.001952428118524863,
  "24": 0.0,
  "25": 0.08250501208809578,
  "26": -0.08844926787386799,
  "27": 0.0,
  "28": -0.09450740508452325,
  "29": 0.0,
  "30": 0.0,
  "31": 0.10239072025991532,
  "32": 0.04095888837572336,
  "33": 0.0,
  "34": -0.0012708087322340661,
  "35": -0.03929595496609281,
  "36": 0.0011724726859160194,
  "37": -0.03169043947617706,
  "38": 0.032016360200488536,
  "39": -0.0012924502239122712,
  "40": 0.0012867771541041077,
  "41": 0.02751590779891144,
  "42": -0.0252331948692771,
  "43": 0.0,
  "44": -0.019962439859171732,
  "45": 0.0,
  "46": -0.0016472761961344646,
  "47": 0.017280711558664848,
  "48": 0.0,
  "49": -0.027433607731198666,
  "50": 0.02891281862964065,
  "51": 0.0015408846034301606,
  "52": 0.029603570742084813,
  "53": 0.0,
  "54": 0.0,
  "55": -0.0351240715263075,
  "56": -0.020728329693650047,
  "57": 0.0,
  "58": 0.0,
  "59": 0.021673490670689695,
  "60": 0.0,
  "61": 0.021083113019468032,
  "62": -0.0231878904216116,
  "63": 0.0,
  "64": -0.030397765623594006,
  "65": 0.0,
  "66": 0.0,
  "67": 0.04811733148180266,
  "68": 0.0,
  "69": 0.05420532357858622,
  "70": -0.07296721457296809,
  "71": 0.0,
  "72": 0.0,
  "73": 0.01986943243193376,
  "74": -0.04605180054001778,
  "75": 0.0,
  "76": -0.0324781265029174,
  "77": 0.0,
  "78": 0.0,
  "79": 0.06053605227131753,
  "80": -0.0015845664993288993,
  "81": -0.001713894289861651,
  "82": 0.0031393947505924903,
  "83": 0.0,
  "84": 0.0015870994888470729,
  "85": 0.0,
  "86": -0.0015468868991086807,
  "87": -0.005333774023642889,
  "88": 0.01909179893425456,
  "89": 0.0010491389623454536,
  "90": 0.0,
  "91": -0.01911276604674462,
  "92": 0.0,
  "93": -0.02659508729301321,
  "94": 0.028594019000411326,
  "95": 0.0014597654586660617,
  "96": -0.0010932366196356538,
  "97": 0.009699626909340179,
  "98": -0.008435412603000467,
  "99": 0.0016654021619576156,
  "100": -0.01672330954169524,
  "101": 0.0,
  "102": 0.0,
  "103": 0.018652938250280405,
  "104": 0.0033915144188397944,
  "105": 0.0,
  "106": -0.0012471462366528473,
  "107": -0.002766784065029236,
  "108": 0.0,
  "109": -0.008129770237579942,
  "110": 0.005263115437610038,
  "111": 0.0,
  "112": -0.012585249576189412,
  "113": 0.0,
  "114": 0.0,
  "115": 0.01573975201596908,
  "116": 0.0011687797850830127,
  "117": 0.018854555376326767,
  "118": -0.02361563007180386,
  "119": 0.0,
  "120": 0.0,
  "121": -0.0053290657051399655,
  "122": 0.00793100354066793,
  "123": 0.001374830936901581,
  "124": 0.00972496048838125,
  "125": -0.0015044099734276503,
  "126": 0.0012479237163456449,
  "127": -0.01077935841722941,
  "128": -0.06491053583345593,
  "129": 0.0,
  "130": 0.0,
  "131": 0.08766402494430477,
  "132": 0.0,
  "133": 0.08500781635125955,
  "134": -0.09768537226930417,
  "135": 0.0,
  "136": 0.0,
  "137": 0.04172748116027786,
  "138": -0.05934996040254887,
  "139": -0.0014316429155831853,
  "140": -0.059777600879330824,
  "141": -0.0010912908706364065,
  "142": 0.0,
  "143": 0.07356317981857971,
  "144": 0.0,
  "145": -0.005724364577182562,
  "146": 0.0,
  "147": 0.0,
  "148": 0.005489408931441065,
  "149": 0.0015790336980153314,
  "150": -0.0013283235787967585,
  "151": -0.004094224361725268,
  "152": 0.027127352599033636,
  "153": 0.0012144323166313742,
  "154": 0.0,
  "155": -0.029539682579075792,
  "156": 0.0,
  "157": -0.03637358597849187,
  "158": 0.04068129819660493,
  "159": 0.0,
  "160": -0.0011391065082632878,
  "161": 0.017005793601087307,
  "162": -0.021357320411696096,
  "163": 0.001719216868213516,
  "164": -0.02038701607997125,
  "165": 0.0,
  "166": 0.0,
  "167": 0.026011028941119254,
  "168": 0.009194494526776197,
  "169": 0.0,
  "170": 0.0,
  "171": -0.011467832356431791,
  "172": 0.0013373942536342616,
  "173": -0.009485565900145754,
  "174": 0.010386205916704933,
  "175": 0.0,
  "176": -0.01471283928234622,
  "177": 0.0,
  "178": 0.0,
  "179": 0.022802788478248168,
  "180": 0.0,
  "181": 0.021572293525746994,
  "182": -0.031059221193906073,
  "183": 0.0,
  "184": 0.0012310825108788079,
  "185": -0.00975092105747961,
  "186": 0.014030350833395832,
  "187": 0.0,
  "188": 0.013387110225411619,
  "189": 0.0,
  "190": 0.0,
  "191": -0.018945249564557048,
  "192": -0.0014537809908199413,
  "193": -0.009517953761591858,
  "194": 0.014079364659374477,
  "195": 0.0014077473194636426,
  "196": 0.008899140167419557,
  "197": 0.001274349846177256,
  "198": -0.0018197114778212586,
  "199": -0.01415767908339777,
  "200": 0.008650786209730097,
  "201": 0.0,
  "202": 0.0012634363067422127,
  "203": -0.013632099107027547,
  "204": 0.0,
  "205": -0.006326789493759276,
  "206": 0.01334674457921606,
  "207": 0.0012147725100364875,
  "208": 0.014023925277653374,
  "209": 0.0,
  "210": 0.0,
  "211": -0.018104138708432447,
  "212": 0.0,
  "213": -0.01595468305306443,
  "214": 0.024201046279552975,
  "215": 0.0,
  "216": 0.001002482711842435,
  "217": -0.0076208330496668674,
  "218": 0.010371595892896041,
  "219": -0.0015826611961387868,
  "220": 0.010988755704655491,
  "221": 0.0,
  "222": 0.0,
  "223": -0.018862210304769225,
  "224": 0.005580898221978369,
  "225": 0.0,
  "226": 0.0,
  "227": -0.007789593473057207,
  "228": 0.0,
  "229": -0.00834855743259375,
  "230": 0.007677140705402106,
  "231": 0.0,
  "232": 0.0,
  "233": 0.0018262892638368459,
  "234": 0.0,
  "235": 0.0,
  "236": -0.0018843719093159428,
  "237": 0.0,
  "238": 0.0014300332902047641,
  "239": 0.0017252109685278025,
  "240": -0.0011734229332088849,
  "241": -0.009485308694009468,
  "242": 0.01544802592735941,
  "243": 0.0014564155624485634,
  "244": 0.009831557274409682,
  "245": 0.0,
  "246": 0.0,
  "247": -0.014848976456128633,
  "248": -0.004888972918602519,
  "249": 0.0,
  "250": 0.0,
  "251": 0.0038442362780181575,
  "252": 0.0,
  "253": 0.004394213755888397,
  "254": -0.004126562700378388,
  "255": -0.0010350989241166082
}