epoch,beta,coefficient,loss,expected_cut,best_measured_cut,success_probability_ancilla_1,max_postselected_probability,grad
0,0.5681058693709162,0.5382248390744754,-3.499985596884145,3.499985596884145,3.0,0.1953258341763485,0.12499819961053421,0.005815431345128429
1,0.5686753251370008,0.5386635149228944,-3.499988741690848,3.499988741690848,3.0,0.1954589970234962,0.12499859271137195,-0.005865857505554153
2,0.5724436223783311,0.5415599156101003,-3.499999789324418,3.499999789324418,3.0,0.19634051428173535,0.12499997366556821,-0.005179528742465203
3,0.5759405141042183,0.5442376291712496,-3.4999951286918805,3.4999951286918805,3.0,0.1971590154679491,0.12499939108650093,-0.000702620080770175
4,0.5769638903572684,0.5450194333342622,-3.4999910991747862,3.4999910991747862,3.0,0.19739863117260253,0.12499888739686411,0.003352386181038382
