epoch,beta,coefficient,loss,expected_cut,best_measured_cut,success_probability_ancilla_1,max_postselected_probability,grad
0,0.3160128730557709,0.24025118070300838,-4.7679521041557305,4.7679521041557305,4.0,0.18874003985865143,0.05885931437440262,-0.06335060854026606
1,0.325917979794994,0.24728115502973527,-4.7684170641361865,4.7684170641361865,4.0,0.1892581762645655,0.05896083499132731,-0.05230568100038786
2,0.3356358391002485,0.2541357616284206,-4.768771606037452,4.768771606037452,4.0,0.18977817470522515,0.059053848467879574,-0.04162002870331795
3,0.34504629843004997,0.260732594670339,-4.769021338022995,4.769021338022995,4.0,0.1902923824467148,0.059137814736015835,-0.03138932174705114
4,0.3539990595029393,0.26697044903204786,-4.769175551848814,4.769175551848814,4.0,0.19079100671037214,0.05921222563482581,-0.02172657292461531
5,0.36231668946026674,0.272731870844635,-4.769247759447613,4.769247759447613,4.0,0.19126223590095598,0.05927666605976483,-0.012761276703790849
