epoch,beta,coefficient,loss,expected_cut,best_measured_cut,success_probability_ancilla_1,max_postselected_probability,grad
0,0.365328627226224,0.2748100099421718,-4.306855904005735,4.306855904005735,4.0,0.11916987586248842,0.04440468390032829,-0.06780517932892895
1,0.3752817248163562,0.2816460741799752,-4.307421096283018,4.307421096283018,4.0,0.1199289167135803,0.04454563225839376,-0.060381717067078094
2,0.3851503415523457,0.28837611068499847,-4.307912360037123,4.307912360037123,4.0,0.12069353522605458,0.044677173433880675,-0.0532288250022114
3,0.39489180867297424,0.29497177953562853,-4.308332044782618,4.308332044782618,4.0,0.12145955700359333,0.04479920803935017,-0.0463710180857597
4,0.4044584158834466,0.3014022624307876,-4.308683272724188,4.308683272724188,4.0,0.12222224839418497,0.04491169965390974,-0.03983175412507138
5,0.4137976894508345,0.30763456289448465,-4.308969954628071,4.308969954628071,4.0,0.12297634128115617,0.04501468114155474,-0.033633013825205116
6,0.42285302153720844,0.31363400988228896,-4.309196776061216,4.309196776061216,4.0,0.12371609347966075,0.04510825982398409,-0.027794831802847787
7,0.43156471338612035,0.3193649886074977,-4.3093691459074055,4.3093691459074055,4.0,0.12443539115243275,0.04519262076436893,-0.022334792755864634
8,0.4398714612758859,0.3247919000832928,-4.309493100809705,4.309493100809705,4.0,0.12512789632902976,0.04526802735595868,-0.017267516156950033
