epoch,beta,coefficient,loss,expected_cut,best_measured_cut,success_probability_ancilla_1,max_postselected_probability,grad
0,-0.2659680871672999,-0.16328060950214798,-5.499999999994157,5.499999999994157,3.0,0.009414992456750315,0.046563232654725666,1.646551452671018e-11
1,-0.26596882319073517,-0.16328104072858057,-5.499999999994158,5.499999999994158,3.0,0.009415011984669078,0.04656322471226606,1.6461329969299045e-11
2,-0.2659697244071081,-0.16328156873915411,-5.499999999994158,5.499999999994158,3.0,0.009415035895489325,0.0465632149870175,1.6464088620839868e-11
3,-0.2659707647810542,-0.16328217827997385,-5.499999999994159,5.499999999994159,3.0,0.00941506349848105,0.046563203759831896,1.646433325677189e-11
4,-0.26597192753327814,-0.16328285952015742,-5.499999999994157,5.499999999994157,3.0,0.009415094348492239,0.04656319121168096,1.645707001407536e-11
5,-0.26597320098946403,-0.16328360561976382,-5.499999999994159,5.499999999994159,3.0,0.009415128135814023,0.04656317746844968,1.646563670290753e-11
6,-0.2659745761354083,-0.1632844112973779,-5.499999999994158,5.499999999994158,3.0,0.009415164621314465,0.04656316262731838,1.6463760360499505e-11
