{
  "0": 0.0,
  "1": -0.13914065365881204,
  "2": 0.1463510258044008,
  "3": -0.1632809069343033,
  "4": -0.13897877662525393,
  "5": 0.2428091353741299,
  "6": 0.20134691396385046,
  "7": -0.010394042078274567,
  "8": 0.14793899610899022,
  "9": -0.0910283553728247,
  "10": -0.03529638689631388,
  "11": 0.0,
  "12": -0.20963494663699497,
  "13": 0.09144249212499309,
  "14": -0.09239128092871493,
  "15": -0.09948029375702426,
  "16": -0.07521740927242297,
  "17": 0.04838229838000776,
  "18": 0.026738449137415556,
  "19": 0.0,
  "20": 0.07784118380753703,
  "21": -0.008857726525909392,
  "22": 0.099422010057888,
  "23": 0.0078476812726184,
  "24": -0.07868125251895235,
  "25": 0.1069236433366242,
  "26": -0.08457479538456972,
  "27": 0.03309201902644372,
  "28": 0.05375545586221457,
  "29": -0.16255063054867266,
  "30": -0.10996549956441296,
  "31": -0.04606927823135007,
  "32": 0.019770413667919737,
  "33": -0.07632047763005297,
  "34": -0.07335837451198175,
  "35": 0.006803118317510393,
  "36": 0.12693036493876367,
  "37": 0.0,
  "38": -0.062498760888168935,
  "39": 0.13398423128007392,
  "40": 0.10381315297727424,
  "41": -0.024380788310512054,
  "42": 0.024104444410984083,
  "43": 0.07427304492212497,
  "44": 0.0,
  "45": -0.12450591139223054,
  "46": -0.11731200950558748,
  "47": 0.034205056156190405,
  "48": -0.0176895633347355,
  "49": 0.015757068178433965,
  "50": -0.04974544192302714,
  "51": 0.019461348715388495,
  "52": 0.054638238708246425,
  "53": 0.0,
  "54": -0.002827375414825905,
  "55": 0.008436269163345536,
  "56": -0.049588848717514365,
  "57": 0.07099040710550662,
  "58": 0.05507072988597196,
  "59": 0.012867938540149365,
  "60": -0.0027854556587092027,
  "61": -0.06615171004040403,
  "62": 0.06033029273223132,
  "63": -0.06542782962500424
}