{
  "0": 0.0,
  "1": -0.15951409564634897,
  "2": 0.16170515545703606,
  "3": 0.0,
  "4": -0.11820519174437671,
  "5": 0.0,
  "6": 0.0,
  "7": 0.14033957961480614,
  "8": 0.05376242311898278,
  "9": 0.0,
  "10": 0.0,
  "11": -0.08732128110037705,
  "12": 0.0,
  "13": 0.09012943579308011,
  "14": -0.11605154888771782,
  "15": 0.0
}