{
  "config": {
    "N_VERTICES": 4,
    "PROB_ARESTA": 0.55,
    "COM_PESO": false,
    "PESO_MIN": 1,
    "PESO_MAX": 1,
    "GRAPH_SEED": 105087,
    "GRAPH_EDGES": [
      [
        0,
        1,
        1.0
      ],
      [
        1,
        2,
        1.0
      ],
      [
        1,
        3,
        1.0
      ]
    ],
    "REVERSE_BITS": false,
    "ER": 1.25,
    "MAX_TERMS": null,
    "A_MAX": 1.0471975511965976,
    "INIT_BETA": 0.5,
    "MAX_EPOCHS": 200,
    "LR": 0.01,
    "FD_EPS": 0.01,
    "LOSS_TOL_LAST5": 0.0005,
    "PATIENCE_LAST5": 5,
    "TRAIN_SEED": 1,
    "INIT_BETA_JITTER": 0.08,
    "OPTIMIZER": "adam",
    "ADAM_BETA1": 0.9,
    "ADAM_BETA2": 0.999,
    "ADAM_EPS": 1e-08,
    "COEF_ZERO_TOL": 0.0005,
    "IMPROVEMENT_TOL": 0.0005,
    "SATURATION_PATIENCE": 150,
    "INDEX_STRATEGY": "ascending",
    "INDEX_RANDOM_SEED": 42,
    "ENABLE_BACKWARD_PRUNING": false,
    "BACKWARD_PASSES": 1,
    "PRUNE_IMPROVEMENT_TOL": 1e-06,
    "OUTDIR": "benchmark_results_walsh_article/unweighted/aggressive_loader/n4/graph09_trainseed01",
    "SHOW_PLOTS": false,
    "name": "aggressive_loader"
  },
  "n_qubits_register": 4,
  "graph_edges": [
    [
      0,
      1,
      1.0
    ],
    [
      1,
      2,
      1.0
    ],
    [
      1,
      3,
      1.0
    ]
  ],
  "graph_signature": "e05b7736fa85fadb9e519d205bc71874029e7ff2544024339aba6060afa201c5",
  "graph_num_edges": 3,
  "graph_density": 0.5,
  "best_cut_bruteforce": 3.0,
  "best_bitstring_bruteforce": "0100",
  "best_index_bruteforce": 4,
  "candidate_order": [
    1,
    2,
    3,
    4,
    5,
    6,
    7,
    8,
    9,
    10,
    11,
    12,
    13,
    14,
    15
  ],
  "total_possible_parameters": 15,
  "visited_parameters": 15,
  "trained_coefficients": {
    "0": 0.0,
    "1": -0.5080931170505385,
    "2": 0.5079676681904807,
    "3": -0.0022097290923945197,
    "4": -0.28844041387346486,
    "5": -0.004102057820379229,
    "6": 0.00805467810638223,
    "7": 0.388295625465579,
    "8": -0.12423021191627384,
    "9": 0.0009810963908200869,
    "10": -0.001124133947297729,
    "11": 0.17915269266254435,
    "12": -0.0013504120867724953,
    "13": -0.14376917418815374,
    "14": 0.14108375698634273,
    "15": 0.0014842565325541418
  },
  "final_coefficient_vector": [
    0.0,
    -0.5080931170505385,
    0.5079676681904807,
    -0.0022097290923945197,
    -0.28844041387346486,
    -0.004102057820379229,
    0.00805467810638223,
    0.388295625465579,
    -0.12423021191627384,
    0.0009810963908200869,
    -0.001124133947297729,
    0.17915269266254435,
    -0.0013504120867724953,
    -0.14376917418815374,
    0.14108375698634273,
    0.0014842565325541418
  ],
  "active_indices": [
    1,
    2,
    3,
    4,
    5,
    6,
    7,
    8,
    9,
    10,
    11,
    12,
    13,
    14,
    15
  ],
  "active_parameter_count": 15,
  "compression_ratio_active_over_total": 1.0,
  "final_loss": -2.615685825026989,
  "final_expected_cut": 2.615685825026989,
  "best_expected_cut_over_evolution": 2.615686905797218,
  "final_best_measured_index": 4,
  "final_best_measured_bitstring": "0100",
  "final_best_measured_cut": 3.0,
  "best_measured_cut_over_evolution": 3.0,
  "final_success_probability_ancilla_1": 0.18673309594045895,
  "final_max_postselected_probability": 0.32832492261167256,
  "gap_expected_to_bruteforce": 0.384314174973011,
  "gap_measured_to_bruteforce": 0.0,
  "approx_ratio_measured": 1.0,
  "n_steps": 15,
  "elapsed_seconds": 29.463260412216187,
  "steps": [
    {
      "visit_idx": 1,
      "j": 1,
      "kept": true,
      "beta": -0.5297542122744747,
      "coefficient": -0.5080931170505385,
      "loss": -1.5,
      "expected_cut": 1.5,
      "best_measured_cut": 0.0,
      "success_probability_ancilla_1": 0.09749867632785299,
      "epochs_run": 5,
      "stop_reason": "loss_plateau_last5",
      "history_path": "benchmark_results_walsh_article/unweighted/aggressive_loader/n4/graph09_trainseed01/histories/history_visit001_j001.json",
      "improvement_vs_previous": 1.5
    },
    {
      "visit_idx": 2,
      "j": 2,
      "kept": true,
      "beta": 0.5295975451555183,
      "coefficient": 0.5079676681904807,
      "loss": -1.9999999825305468,
      "expected_cut": 1.9999999825305468,
      "best_measured_cut": 3.0,
      "success_probability_ancilla_1": 0.1759479275673354,
      "epochs_run": 5,
      "stop_reason": "loss_plateau_last5",
      "history_path": "benchmark_results_walsh_article/unweighted/aggressive_loader/n4/graph09_trainseed01/histories/history_visit002_j002.json",
      "improvement_vs_previous": 0.4999999825305468
    },
    {
      "visit_idx": 3,
      "j": 3,
      "kept": true,
      "beta": -0.0021101389796148794,
      "coefficient": -0.0022097290923945197,
      "loss": -1.9999945622644528,
      "expected_cut": 1.9999945622644528,
      "best_measured_cut": 1.0,
      "success_probability_ancilla_1": 0.17594916374992994,
      "epochs_run": 52,
      "stop_reason": "loss_plateau_last5",
      "history_path": "benchmark_results_walsh_article/unweighted/aggressive_loader/n4/graph09_trainseed01/histories/history_visit003_j003.json",
      "improvement_vs_previous": -5.4202660939584035e-06
    },
    {
      "visit_idx": 4,
      "j": 4,
      "kept": true,
      "beta": -0.2827412920645491,
      "coefficient": -0.28844041387346486,
      "loss": -2.1323140789345576,
      "expected_cut": 2.1323140789345576,
      "best_measured_cut": 2.0,
      "success_probability_ancilla_1": 0.1967847417723277,
      "epochs_run": 90,
      "stop_reason": "loss_plateau_last5",
      "history_path": "benchmark_results_walsh_article/unweighted/aggressive_loader/n4/graph09_trainseed01/histories/history_visit004_j004.json",
      "improvement_vs_previous": 0.13231951667010478
    },
    {
      "visit_idx": 5,
      "j": 5,
      "kept": true,
      "beta": -0.003917196709366728,
      "coefficient": -0.004102057820379229,
      "loss": -2.1322812465908942,
      "expected_cut": 2.1322812465908942,
      "best_measured_cut": 3.0,
      "success_probability_ancilla_1": 0.19678992072563434,
      "epochs_run": 59,
      "stop_reason": "loss_plateau_last5",
      "history_path": "benchmark_results_walsh_article/unweighted/aggressive_loader/n4/graph09_trainseed01/histories/history_visit005_j005.json",
      "improvement_vs_previous": -3.283234366335819e-05
    },
    {
      "visit_idx": 6,
      "j": 6,
      "kept": true,
      "beta": 0.007691802702445123,
      "coefficient": 0.00805467810638223,
      "loss": -2.1322659064589136,
      "expected_cut": 2.1322659064589136,
      "best_measured_cut": 3.0,
      "success_probability_ancilla_1": 0.19679913282576167,
      "epochs_run": 59,
      "stop_reason": "loss_plateau_last5",
      "history_path": "benchmark_results_walsh_article/unweighted/aggressive_loader/n4/graph09_trainseed01/histories/history_visit006_j006.json",
      "improvement_vs_previous": -1.534013198067896e-05
    },
    {
      "visit_idx": 7,
      "j": 7,
      "kept": true,
      "beta": 0.3893445228529594,
      "coefficient": 0.388295625465579,
      "loss": -2.4309171935490053,
      "expected_cut": 2.4309171935490053,
      "best_measured_cut": 3.0,
      "success_probability_ancilla_1": 0.2028625837371668,
      "epochs_run": 104,
      "stop_reason": "loss_plateau_last5",
      "history_path": "benchmark_results_walsh_article/unweighted/aggressive_loader/n4/graph09_trainseed01/histories/history_visit007_j007.json",
      "improvement_vs_previous": 0.2986512870900917
    },
    {
      "visit_idx": 8,
      "j": 8,
      "kept": true,
      "beta": -0.11919237284476004,
      "coefficient": -0.12423021191627384,
      "loss": -2.46307355092927,
      "expected_cut": 2.46307355092927,
      "best_measured_cut": 3.0,
      "success_probability_ancilla_1": 0.2064380190441105,
      "epochs_run": 81,
      "stop_reason": "loss_plateau_last5",