{
  "config": {
    "N_VERTICES": 4,
    "PROB_ARESTA": 0.85,
    "COM_PESO": false,
    "PESO_MIN": 1,
    "PESO_MAX": 1,
    "GRAPH_SEED": 104882,
    "GRAPH_EDGES": [
      [
        0,
        1,
        1.0
      ],
      [
        0,
        2,
        1.0
      ],
      [
        0,
        3,
        1.0
      ],
      [
        2,
        3,
        1.0
      ]
    ],
    "REVERSE_BITS": false,
    "ER": 0.75,
    "MAX_TERMS": null,
    "A_MAX": 0.6283185307179586,
    "INIT_BETA": 0.25,
    "MAX_EPOCHS": 200,
    "LR": 0.01,
    "FD_EPS": 0.01,
    "LOSS_TOL_LAST5": 0.002,
    "PATIENCE_LAST5": 7,
    "TRAIN_SEED": 6,
    "INIT_BETA_JITTER": 0.03,
    "OPTIMIZER": "adam",
    "ADAM_BETA1": 0.9,
    "ADAM_BETA2": 0.999,
    "ADAM_EPS": 1e-08,
    "COEF_ZERO_TOL": 0.002,
    "IMPROVEMENT_TOL": 0.002,
    "SATURATION_PATIENCE": 60,
    "INDEX_STRATEGY": "ascending",
    "INDEX_RANDOM_SEED": 42,
    "ENABLE_BACKWARD_PRUNING": false,
    "BACKWARD_PASSES": 1,
    "PRUNE_IMPROVEMENT_TOL": 1e-06,
    "OUTDIR": "benchmark_results_walsh_article/unweighted/coarse_loader/n4/graph07_trainseed06",
    "SHOW_PLOTS": false,
    "name": "coarse_loader"
  },
  "n_qubits_register": 4,
  "graph_edges": [
    [
      0,
      1,
      1.0
    ],
    [
      0,
      2,
      1.0
    ],
    [
      0,
      3,
      1.0
    ],
    [
      2,
      3,
      1.0
    ]
  ],
  "graph_signature": "0c4184843706290033a85b58881df740fdc53f7edeeaffa6a9dd8c38dfc1a494",
  "graph_num_edges": 4,
  "graph_density": 0.6666666666666666,
  "best_cut_bruteforce": 3.0,
  "best_bitstring_bruteforce": "0101",
  "best_index_bruteforce": 5,
  "candidate_order": [
    1,
    2,
    3,
    4,
    5,
    6,
    7,
    8,
    9,
    10,
    11,
    12,
    13,
    14,
    15
  ],
  "total_possible_parameters": 15,
  "visited_parameters": 15,
  "trained_coefficients": {
    "0": 0.0,
    "1": -0.1413020162252333,
    "2": 0.1408326694067458,
    "3": 0.0,
    "4": 0.10503160046512247,
    "5": 0.0,
    "6": 0.0,
    "7": -0.1257532976803983,
    "8": 0.01912360146832345,
    "9": 0.0,
    "10": 0.0,
    "11": -0.01586810675029495,
    "12": 0.0,
    "13": 0.009956946288443434,
    "14": -0.005421953583637043,
    "15": 0.0
  },
  "final_coefficient_vector": [
    0.0,
    -0.1413020162252333,
    0.1408326694067458,
    0.0,
    0.10503160046512247,
    0.0,
    0.0,
    -0.1257532976803983,
    0.01912360146832345,
    0.0,
    0.0,
    -0.01586810675029495,
    0.0,
    0.009956946288443434,
    -0.005421953583637043,
    0.0
  ],
  "active_indices": [
    1,
    2,
    4,
    7,
    8,
    11,
    13,
    14
  ],
  "active_parameter_count": 8,
  "compression_ratio_active_over_total": 0.5333333333333333,
  "final_loss": -2.9958617262713054,
  "final_expected_cut": 2.9958617262713054,
  "best_expected_cut_over_evolution": 2.9958617262713054,
  "final_best_measured_index": 7,
  "final_best_measured_bitstring": "0111",
  "final_best_measured_cut": 3.0,
  "best_measured_cut_over_evolution": 3.0,
  "final_success_probability_ancilla_1": 0.009362376066633281,
  "final_max_postselected_probability": 0.2627045665739431,
  "gap_expected_to_bruteforce": 0.004138273728694575,
  "gap_measured_to_bruteforce": 0.0,
  "approx_ratio_measured": 1.0,
  "n_steps": 15,
  "elapsed_seconds": 5.507343053817749,
  "steps": [
    {
      "visit_idx": 1,
      "j": 1,
      "kept": true,
      "beta": -0.22879978201789872,
      "coefficient": -0.1413020162252333,
      "loss": -2.0,
      "expected_cut": 2.0,
      "best_measured_cut": 0.0,
      "success_probability_ancilla_1": 0.0028051284365395745,
      "epochs_run": 7,
      "stop_reason": "loss_plateau_last5",
      "history_path": "benchmark_results_walsh_article/unweighted/coarse_loader/n4/graph07_trainseed06/histories/history_visit001_j001.json",
      "improvement_vs_previous": 2.0
    },
    {
      "visit_idx": 2,
      "j": 2,
      "kept": true,
      "beta": 0.22801314087385374,
      "coefficient": 0.1408326694067458,
      "loss": -2.4999972222404554,
      "expected_cut": 2.4999972222404554,
      "best_measured_cut": 1.0,
      "success_probability_ancilla_1": 0.005576036955132444,
      "epochs_run": 7,
      "stop_reason": "loss_plateau_last5",
      "history_path": "benchmark_results_walsh_article/unweighted/coarse_loader/n4/graph07_trainseed06/histories/history_visit002_j002.json",
      "improvement_vs_previous": 0.4999972222404554
    },
    {
      "visit_idx": 3,
      "j": 3,
      "kept": false,
      "beta": 0.002258527868271347,
      "coefficient": 0.0,
      "loss": -2.4999972222404554,
      "expected_cut": 2.4999972222404554,
      "best_measured_cut": 1.0,
      "success_probability_ancilla_1": 0.005576036955132444,
      "epochs_run": 31,
      "stop_reason": "loss_plateau_last5_and_discarded_near_zero",
      "history_path": "benchmark_results_walsh_article/unweighted/coarse_loader/n4/graph07_trainseed06/histories/history_visit003_j003.json",
      "improvement_vs_previous": 0.0
    },
    {
      "visit_idx": 4,
      "j": 4,
      "kept": true,
      "beta": 0.16874665956920382,
      "coefficient": 0.10503160046512247,
      "loss": -2.6820311988076213,
      "expected_cut": 2.6820311988076213,
      "best_measured_cut": 3.0,
      "success_probability_ancilla_1": 0.007109267350520789,
      "epochs_run": 19,
      "stop_reason": "loss_plateau_last5",
      "history_path": "benchmark_results_walsh_article/unweighted/coarse_loader/n4/graph07_trainseed06/histories/history_visit004_j004.json",
      "improvement_vs_previous": 0.1820339765671659
    },
    {
      "visit_idx": 5,
      "j": 5,
      "kept": false,
      "beta": 0.0024341271613783676,
      "coefficient": 0.0,
      "loss": -2.6820311988076213,
      "expected_cut": 2.6820311988076213,
      "best_measured_cut": 3.0,
      "success_probability_ancilla_1": 0.007109267350520789,
      "epochs_run": 33,
      "stop_reason": "loss_plateau_last5_and_discarded_near_zero",
      "history_path": "benchmark_results_walsh_article/unweighted/coarse_loader/n4/graph07_trainseed06/histories/history_visit005_j005.json",
      "improvement_vs_previous": 0.0
    },
    {
      "visit_idx": 6,
      "j": 6,
      "kept": false,
      "beta": 0.0026715462449990214,
      "coefficient": 0.0,
      "loss": -2.6820311988076213,
      "expected_cut": 2.6820311988076213,
      "best_measured_cut": 3.0,
      "success_probability_ancilla_1": 0.007109267350520789,
      "epochs_run": 29,
      "stop_reason": "loss_plateau_last5_and_discarded_near_zero",
      "history_path": "benchmark_results_walsh_article/unweighted/coarse_loader/n4/graph07_trainseed06/histories/history_visit006_j006.json",
      "improvement_vs_previous": 0.0
    },
    {
      "visit_idx": 7,
      "j": 7,
      "kept": true,
      "beta": -0.20288108905030125,
      "coefficient": -0.1257532976803983,
      "loss": -2.9850211852847064,
      "expected_cut": 2.9850211852847064,
      "best_measured_cut": 3.0,
      "success_probability_ancilla_1": 0.009258528764071426,
      "epochs_run": 7,
      "stop_reason": "loss_plateau_last5",
      "history_path": "benchmark_results_walsh_article/unweighted/coarse_loader/n4/graph07_trainseed06/histories/history_visit007_j007.json",
      "improvement_vs_previous": 0.3029899864770851
    },
    {
      "visit_idx": 8,
      "j": 8,
      "kept": true,
      "beta": 0.03044556053717673,
      "coefficient": 0.01912360146832345,
      "loss": -2.9900552119641324,
      "expected_cut": 2.9900552119641324,
      "best_measured_cut": 3.0,
      "success_probability_ancilla_1": 0.009309003867289571,
      "epochs_run": 33,
      "stop_reason": "loss_plateau_last5",
      "history_path": "benchmark_results_walsh_article/unweighted/coarse_loader/n4/graph07_trainseed06/histories/history_visit008_j008.json",
      "improvement_vs_previous": 0.005034026679425985
    },
    {
      "visit_idx": 9,
      "j": 9,
      "kept": false,
      "beta": 0.0011254346357268252,