epoch,beta,coefficient,loss,expected_cut,best_measured_cut,success_probability_ancilla_1,max_postselected_probability,grad
0,0.4571424445829751,0.4479412296534638,-1.4999999999998914,1.4999999999998914,2.0,0.13818304990385002,0.12498130764734795,-1.903067027872659e-13
1,0.4571424531054087,0.4479412369451697,-1.4999999999998916,1.4999999999998916,2.0,0.13818305197108446,0.12498130762112583,-1.90892906501383e-13
2,0.45714246352689664,0.4479412458616866,-1.4999999999998912,1.4999999999998912,2.0,0.13818305449896107,0.12498130758906055,-1.899366729615669e-13
3,0.4571424755537875,0.44794125615176944,-1.499999999999892,1.499999999999892,2.0,0.1381830574162504,0.1249813075520558,-1.9015821515330265e-13
4,0.4571424889910323,0.4479412676485365,-1.4999999999998916,1.4999999999998916,2.0,0.1381830606756408,0.12498130751071146,-1.8996471223355813e-13
