{
  "config": {
    "N_VERTICES": 4,
    "PROB_ARESTA": 0.4,
    "COM_PESO": false,
    "PESO_MIN": 1,
    "PESO_MAX": 1,
    "GRAPH_SEED": 104678,
    "GRAPH_EDGES": [
      [
        1,
        2,
        1.0
      ],
      [
        1,
        3,
        1.0
      ],
      [
        2,
        3,
        1.0
      ]
    ],
    "REVERSE_BITS": false,
    "ER": 0.75,
    "MAX_TERMS": null,
    "A_MAX": 0.6283185307179586,
    "INIT_BETA": 0.25,
    "MAX_EPOCHS": 200,
    "LR": 0.01,
    "FD_EPS": 0.01,
    "LOSS_TOL_LAST5": 0.002,
    "PATIENCE_LAST5": 7,
    "TRAIN_SEED": 3,
    "INIT_BETA_JITTER": 0.03,
    "OPTIMIZER": "adam",
    "ADAM_BETA1": 0.9,
    "ADAM_BETA2": 0.999,
    "ADAM_EPS": 1e-08,
    "COEF_ZERO_TOL": 0.002,
    "IMPROVEMENT_TOL": 0.002,
    "SATURATION_PATIENCE": 60,
    "INDEX_STRATEGY": "ascending",
    "INDEX_RANDOM_SEED": 42,
    "ENABLE_BACKWARD_PRUNING": false,
    "BACKWARD_PASSES": 1,
    "PRUNE_IMPROVEMENT_TOL": 1e-06,
    "OUTDIR": "benchmark_results_walsh_article/unweighted/coarse_loader/n4/graph05_trainseed03",
    "SHOW_PLOTS": false,
    "name": "coarse_loader"
  },
  "n_qubits_register": 4,
  "graph_edges": [
    [
      1,
      2,
      1.0
    ],
    [
      1,
      3,
      1.0
    ],
    [
      2,
      3,
      1.0
    ]
  ],
  "graph_signature": "be861fe0b30163c15a2bc45387e42148d677589ca12d320c9ad2ad740a6f1fe8",
  "graph_num_edges": 3,
  "graph_density": 0.5,
  "best_cut_bruteforce": 2.0,
  "best_bitstring_bruteforce": "0001",
  "best_index_bruteforce": 1,
  "candidate_order": [
    1,
    2,
    3,
    4,
    5,
    6,
    7,
    8,
    9,
    10,
    11,
    12,
    13,
    14,
    15
  ],
  "total_possible_parameters": 15,
  "visited_parameters": 15,
  "trained_coefficients": {
    "0": 0.0,
    "1": -0.13911203900810667,
    "2": 0.1463497172886859,
    "3": -0.16328142498029583,
    "4": -0.22413008030136508,
    "5": 0.1741286755341074,
    "6": 0.0,
    "7": 0.12912758629650822,
    "8": 0.07718381219998259,
    "9": -0.00938749015982983,
    "10": 0.0,
    "11": 0.007801556155183773,
    "12": 0.0,
    "13": 0.0,
    "14": 0.0024109424859117693,
    "15": 0.0
  },
  "final_coefficient_vector": [
    0.0,
    -0.13911203900810667,
    0.1463497172886859,
    -0.16328142498029583,
    -0.22413008030136508,
    0.1741286755341074,
    0.0,
    0.12912758629650822,
    0.07718381219998259,
    -0.00938749015982983,
    0.0,
    0.007801556155183773,
    0.0,
    0.0,
    0.0024109424859117693,
    0.0
  ],
  "active_indices": [
    1,
    2,
    3,
    4,
    5,
    7,
    8,
    9,
    11,
    14
  ],
  "active_parameter_count": 10,
  "compression_ratio_active_over_total": 0.6666666666666666,
  "final_loss": -1.9999691253469383,
  "final_expected_cut": 1.9999691253469383,
  "best_expected_cut_over_evolution": 1.9999780204026851,
  "final_best_measured_index": 10,
  "final_best_measured_bitstring": "1010",
  "final_best_measured_cut": 2.0,
  "best_measured_cut_over_evolution": 2.0,
  "final_success_probability_ancilla_1": 0.023201549962909324,
  "final_max_postselected_probability": 0.39828243763090015,
  "gap_expected_to_bruteforce": 3.087465306172987e-05,
  "gap_measured_to_bruteforce": 0.0,
  "approx_ratio_measured": 1.0,
  "n_steps": 15,
  "elapsed_seconds": 7.39577579498291,
  "steps": [
    {
      "visit_idx": 1,
      "j": 1,
      "kept": true,
      "beta": -0.22513166934694326,
      "coefficient": -0.13911203900810667,
      "loss": -1.5,
      "expected_cut": 1.5,
      "best_measured_cut": 0.0,
      "success_probability_ancilla_1": 0.002718929642827761,
      "epochs_run": 7,
      "stop_reason": "loss_plateau_last5",
      "history_path": "benchmark_results_walsh_article/unweighted/coarse_loader/n4/graph05_trainseed03/histories/history_visit001_j001.json",
      "improvement_vs_previous": 1.5
    },
    {
      "visit_idx": 2,
      "j": 2,
      "kept": true,
      "beta": 0.23727773054493115,
      "coefficient": 0.1463497172886859,
      "loss": -1.5,
      "expected_cut": 1.5,
      "best_measured_cut": 2.0,
      "success_probability_ancilla_1": 0.0057114848257955615,
      "epochs_run": 7,
      "stop_reason": "loss_plateau_last5",
      "history_path": "benchmark_results_walsh_article/unweighted/coarse_loader/n4/graph05_trainseed03/histories/history_visit002_j002.json",
      "improvement_vs_previous": 0.0
    },
    {
      "visit_idx": 3,
      "j": 3,
      "kept": true,
      "beta": -0.26596947903728896,
      "coefficient": -0.16328142498029583,
      "loss": -1.5,
      "expected_cut": 1.5,
      "best_measured_cut": 0.0,
      "success_probability_ancilla_1": 0.009413206804825238,
      "epochs_run": 7,
      "stop_reason": "loss_plateau_last5",
      "history_path": "benchmark_results_walsh_article/unweighted/coarse_loader/n4/graph05_trainseed03/histories/history_visit003_j003.json",
      "improvement_vs_previous": 0.0
    },
    {
      "visit_idx": 4,
      "j": 4,
      "kept": true,
      "beta": -0.37311584819122523,
      "coefficient": -0.22413008030136508,
      "loss": -1.7769914867517,
      "expected_cut": 1.7769914867517,
      "best_measured_cut": 2.0,
      "success_probability_ancilla_1": 0.016328104974488628,
      "epochs_run": 73,
      "stop_reason": "loss_plateau_last5",
      "history_path": "benchmark_results_walsh_article/unweighted/coarse_loader/n4/graph05_trainseed03/histories/history_visit004_j004.json",
      "improvement_vs_previous": 0.27699148675170004
    },
    {
      "visit_idx": 5,
      "j": 5,
      "kept": true,
      "beta": 0.284575386193448,
      "coefficient": 0.1741286755341074,
      "loss": -1.911800250931504,
      "expected_cut": 1.911800250931504,
      "best_measured_cut": 2.0,
      "success_probability_ancilla_1": 0.02030188731579556,
      "epochs_run": 67,
      "stop_reason": "loss_plateau_last5",
      "history_path": "benchmark_results_walsh_article/unweighted/coarse_loader/n4/graph05_trainseed03/histories/history_visit005_j005.json",
      "improvement_vs_previous": 0.13480876417980392
    },
    {
      "visit_idx": 6,
      "j": 6,
      "kept": false,
      "beta": 0.0022577580354542883,
      "coefficient": 0.0,
      "loss": -1.911800250931504,
      "expected_cut": 1.911800250931504,
      "best_measured_cut": 2.0,
      "success_probability_ancilla_1": 0.02030188731579556,
      "epochs_run": 26,
      "stop_reason": "loss_plateau_last5_and_discarded_near_zero",
      "history_path": "benchmark_results_walsh_article/unweighted/coarse_loader/n4/graph05_trainseed03/histories/history_visit006_j006.json",
      "improvement_vs_previous": 0.0
    },
    {
      "visit_idx": 7,
      "j": 7,
      "kept": true,
      "beta": 0.2084818627450072,
      "coefficient": 0.12912758629650822,
      "loss": -1.9803170956344998,
      "expected_cut": 1.9803170956344998,
      "best_measured_cut": 2.0,
      "success_probability_ancilla_1": 0.022380393730045942,
      "epochs_run": 59,
      "stop_reason": "loss_plateau_last5",
      "history_path": "benchmark_results_walsh_article/unweighted/coarse_loader/n4/graph05_trainseed03/histories/history_visit007_j007.json",
      "improvement_vs_previous": 0.0685168447029958
    },
    {
      "visit_idx": 8,
      "j": 8,
      "kept": true,
      "beta": 0.12346540736705212,
      "coefficient": 0.07718381219998259,
      "loss": -1.999339646094659,
      "expected_cut": 1.999339646094659,
      "best_measured_cut": 2.0,
      "success_probability_ancilla_1": 0.02318042294630269,
      "epochs_run": 15,
      "stop_reason": "loss_plateau_last5",
      "history_path": "benchmark_results_walsh_article/unweighted/coarse_loader/n4/graph05_trainseed03/histories/history_visit008_j008.json",
      "improvement_vs_previous": 0.019022550460159326
    },
    {
      "visit_idx": 9,
      "j": 9,
      "kept": true,
      "beta": -0.014941766470600814,
      "coefficient": -0.00938749015982983,
      "loss": -1.9996901396703497,
      "expected_cut": 1.9996901396703497,