epoch,beta,coefficient,loss,expected_cut,best_measured_cut,success_probability_ancilla_1,max_postselected_probability,grad
0,0.3045514518859642,0.23206337843482389,-5.499999999997982,5.499999999997982,4.0,0.027264880066469897,0.031242571848194404,-5.921757336493425e-12
1,0.3045517167179854,0.23206356827431235,-5.499999999997985,5.499999999997985,4.0,0.027264901274813912,0.031242572245647887,-5.9249960101406075e-12
2,0.3045520409103059,0.23206380066499274,-5.499999999997982,5.499999999997982,4.0,0.027264927236882952,0.03124257273217285,-5.919683287041039e-12
3,0.3045524152018756,0.23206406896824697,-5.499999999997982,5.499999999997982,4.0,0.027264957211041017,0.03124257329386275,-5.924351196833841e-12
4,0.3045528336169957,0.2320643689004953,-5.499999999997982,5.499999999997982,4.0,0.027264990718750236,0.03124257392174174,-5.925679443802469e-12
