epoch,beta,coefficient,loss,expected_cut,best_measured_cut,success_probability_ancilla_1,max_postselected_probability,grad
0,0.31124070062108977,0.23684890183203047,-6.142338175301308,6.142338175301308,7.0,0.11800501584676718,0.07563519839959873,0.07771487225846137
1,0.30132304186848374,0.2297469561007223,-6.142922933956713,6.142922933956713,7.0,0.11727420463462657,0.07657457556496378,0.0653236094509424
2,0.291578062189052,0.22272840536032645,-6.143371287180953,6.143371287180953,7.0,0.11657093989547107,0.07750138854352648,0.052512726855989116
3,0.2821360198226206,0.21589092330296022,-6.143681764359424,6.143681764359424,7.0,0.11590398114325551,0.07840232115149313,0.03942174224485542
4,0.27317808802218674,0.209371102377694,-6.143859559874713,6.143859559874713,7.0,0.1152847329085312,0.0792591270548591,0.02626616787534776
5,0.26494066283662315,0.20334811807375508,-6.143919500298251,6.143919500298251,7.0,0.11472720493025806,0.08004828505883518,0.013361181579601686
