epoch,beta,coefficient,loss,expected_cut,best_measured_cut,success_probability_ancilla_1,max_postselected_probability,grad
0,-0.31246621507627376,-0.23772356204778064,-6.399179912142255,6.399179912142255,8.0,0.13646406596709415,0.07907404634649176,-0.057341967103597326
1,-0.30267586944094205,-0.23071816099567044,-6.399507509074364,6.399507509074364,8.0,0.1358882446561127,0.07903624369089941,-0.041455722519003306
2,-0.2933945202328778,-0.22403963871740326,-6.399670547298758,6.399670547298758,8.0,0.13535592904827415,0.07898920655410978,-0.025381571392372904
3,-0.2851113840822935,-0.2180494263237723,-6.399691327181276,6.399691327181276,8.0,0.13489231099064458,0.07893779374490002,-0.009675845391941492
4,-0.27846321556613146,-0.21322158660418417,-6.3996208563306585,6.3996208563306585,8.0,0.13452818944039763,0.07888995734257305,0.004716922164318698
