epoch,beta,coefficient,loss,expected_cut,best_measured_cut,success_probability_ancilla_1,max_postselected_probability,grad
0,-0.5425801788930205,-0.5182984697828817,-0.9999999999999525,0.9999999999999525,2.0,0.21106831824061187,0.17471867912822053,4.855238266655032e-14
1,-0.5425801810665595,-0.5182984715014374,-0.9999999999999523,0.9999999999999523,2.0,0.21106831871037698,0.17471867905221122,4.8669407607430415e-14
2,-0.5425801837242915,-0.5182984736028308,-0.9999999999999525,0.9999999999999525,2.0,0.21106831928479022,0.17471867895926968,4.843412848601037e-14
3,-0.5425801867895031,-0.5182984760264067,-0.9999999999999527,0.9999999999999527,2.0,0.21106831994727177,0.17471867885207842,4.838949180473165e-14
4,-0.5425801902198163,-0.5182984787386581,-0.9999999999999528,0.9999999999999528,2.0,0.21106832068866235,0.1747186787321194,4.874272443176261e-14
