{
  "0": 0.0,
  "1": -0.495236321886093,
  "2": 0.49690844238911575,
  "3": -0.00364366791582308,
  "4": 0.0023522938767792513,
  "5": -0.0005590153114553283,
  "6": 0.007516290134438301,
  "7": -0.005381937165567529,
  "8": 0.0005622725093197888,
  "9": -0.0029375210006379283,
  "10": 0.0038237757752074965,
  "11": -0.00358644457021571,
  "12": -0.004646820408836232,
  "13": 0.2889398793848134,
  "14": -0.3819387428220419,
  "15": -0.0018212101713607563
}