{
  "config": {
    "N_VERTICES": 4,
    "PROB_ARESTA": 0.85,
    "COM_PESO": false,
    "PESO_MIN": 1,
    "PESO_MAX": 1,
    "GRAPH_SEED": 104375,
    "GRAPH_EDGES": [
      [
        0,
        1,
        1.0
      ],
      [
        0,
        3,
        1.0
      ],
      [
        1,
        2,
        1.0
      ],
      [
        1,
        3,
        1.0
      ],
      [
        2,
        3,
        1.0
      ]
    ],
    "REVERSE_BITS": false,
    "ER": 1.0,
    "MAX_TERMS": null,
    "A_MAX": 0.7853981633974483,
    "INIT_BETA": 0.35,
    "MAX_EPOCHS": 200,
    "LR": 0.01,
    "FD_EPS": 0.01,
    "LOSS_TOL_LAST5": 0.001,
    "PATIENCE_LAST5": 5,
    "TRAIN_SEED": 7,
    "INIT_BETA_JITTER": 0.05,
    "OPTIMIZER": "adam",
    "ADAM_BETA1": 0.9,
    "ADAM_BETA2": 0.999,
    "ADAM_EPS": 1e-08,
    "COEF_ZERO_TOL": 0.005,
    "IMPROVEMENT_TOL": 0.003,
    "SATURATION_PATIENCE": 40,
    "INDEX_STRATEGY": "ascending",
    "INDEX_RANDOM_SEED": 42,
    "ENABLE_BACKWARD_PRUNING": false,
    "BACKWARD_PASSES": 1,
    "PRUNE_IMPROVEMENT_TOL": 1e-06,
    "OUTDIR": "benchmark_results_walsh_article/unweighted/sparse_threshold/n4/graph02_trainseed07",
    "SHOW_PLOTS": false,
    "name": "sparse_threshold"
  },
  "n_qubits_register": 4,
  "graph_edges": [
    [
      0,
      1,
      1.0
    ],
    [
      0,
      3,
      1.0
    ],
    [
      1,
      2,
      1.0
    ],
    [
      1,
      3,
      1.0
    ],
    [
      2,
      3,
      1.0
    ]
  ],
  "graph_signature": "088078414915f783002f6e924a47ca164ddb929b0c303d60c8d30a073f7782ae",
  "graph_num_edges": 5,
  "graph_density": 0.8333333333333334,
  "best_cut_bruteforce": 4.0,
  "best_bitstring_bruteforce": "0101",
  "best_index_bruteforce": 5,
  "candidate_order": [
    1,
    2,
    3,
    4,
    5,
    6,
    7,
    8,
    9,
    10,
    11,
    12,
    13,
    14,
    15
  ],
  "total_possible_parameters": 15,
  "visited_parameters": 15,
  "trained_coefficients": {
    "0": 0.0,
    "1": -0.24005587596209557,
    "2": 0.23963857122026974,
    "3": 0.0,
    "4": -0.1684156565970789,
    "5": 0.0,
    "6": 0.0,
    "7": 0.2017881746904062,
    "8": 0.07092023971425523,
    "9": 0.0,
    "10": 0.0,
    "11": -0.11430356007856118,
    "12": 0.0,
    "13": 0.12335988986113178,
    "14": -0.16242347870250895,
    "15": 0.0
  },
  "final_coefficient_vector": [
    0.0,
    -0.24005587596209557,
    0.23963857122026974,
    0.0,
    -0.1684156565970789,
    0.0,
    0.0,
    0.2017881746904062,
    0.07092023971425523,
    0.0,
    0.0,
    -0.11430356007856118,
    0.0,
    0.12335988986113178,
    -0.16242347870250895,
    0.0
  ],
  "active_indices": [
    1,
    2,
    4,
    7,
    8,
    11,
    13,
    14
  ],
  "active_parameter_count": 8,
  "compression_ratio_active_over_total": 0.5333333333333333,
  "final_loss": -3.8754863183787696,
  "final_expected_cut": 3.8754863183787696,
  "best_expected_cut_over_evolution": 3.8754863183787696,
  "final_best_measured_index": 5,
  "final_best_measured_bitstring": "0101",
  "final_best_measured_cut": 4.0,
  "best_measured_cut_over_evolution": 4.0,
  "final_success_probability_ancilla_1": 0.053417626260039125,
  "final_max_postselected_probability": 0.440340238952634,
  "gap_expected_to_bruteforce": 0.12451368162123044,
  "gap_measured_to_bruteforce": 0.0,
  "approx_ratio_measured": 1.0,
  "n_steps": 15,
  "elapsed_seconds": 18.56519865989685,
  "steps": [
    {
      "visit_idx": 1,
      "j": 1,
      "kept": true,
      "beta": -0.3157385554294666,
      "coefficient": -0.24005587596209557,
      "loss": -2.5,
      "expected_cut": 2.5,
      "best_measured_cut": 0.0,
      "success_probability_ancilla_1": 0.01433765426361305,
      "epochs_run": 5,
      "stop_reason": "loss_plateau_last5",
      "history_path": "benchmark_results_walsh_article/unweighted/sparse_threshold/n4/graph02_trainseed07/histories/history_visit001_j001.json",
      "improvement_vs_previous": 2.5
    },
    {
      "visit_idx": 2,
      "j": 2,
      "kept": true,
      "beta": 0.3151525790842021,
      "coefficient": 0.23963857122026974,
      "loss": -2.9999992285269053,
      "expected_cut": 2.9999992285269053,
      "best_measured_cut": 3.0,
      "success_probability_ancilla_1": 0.028216026943091062,
      "epochs_run": 5,
      "stop_reason": "loss_plateau_last5",
      "history_path": "benchmark_results_walsh_article/unweighted/sparse_threshold/n4/graph02_trainseed07/histories/history_visit002_j002.json",
      "improvement_vs_previous": 0.49999922852690526
    },
    {
      "visit_idx": 3,
      "j": 3,
      "kept": false,
      "beta": -0.002437242112092379,
      "coefficient": 0.0,
      "loss": -2.9999992285269053,
      "expected_cut": 2.9999992285269053,
      "best_measured_cut": 3.0,
      "success_probability_ancilla_1": 0.028216026943091062,
      "epochs_run": 36,
      "stop_reason": "loss_plateau_last5_and_discarded_near_zero",
      "history_path": "benchmark_results_walsh_article/unweighted/sparse_threshold/n4/graph02_trainseed07/histories/history_visit003_j003.json",
      "improvement_vs_previous": 0.0
    },
    {
      "visit_idx": 4,
      "j": 4,
      "kept": true,
      "beta": -0.21781391184303267,
      "coefficient": -0.1684156565970789,
      "loss": -3.175515427225569,
      "expected_cut": 3.175515427225569,
      "best_measured_cut": 3.0,
      "success_probability_ancilla_1": 0.034891028160553506,
      "epochs_run": 63,
      "stop_reason": "loss_plateau_last5",
      "history_path": "benchmark_results_walsh_article/unweighted/sparse_threshold/n4/graph02_trainseed07/histories/history_visit004_j004.json",
      "improvement_vs_previous": 0.17551619869866375
    },
    {
      "visit_idx": 5,
      "j": 5,
      "kept": false,
      "beta": -0.0012962515801101674,
      "coefficient": 0.0,
      "loss": -3.175515427225569,
      "expected_cut": 3.175515427225569,
      "best_measured_cut": 3.0,
      "success_probability_ancilla_1": 0.034891028160553506,
      "epochs_run": 42,
      "stop_reason": "loss_plateau_last5_and_discarded_near_zero",
      "history_path": "benchmark_results_walsh_article/unweighted/sparse_threshold/n4/graph02_trainseed07/histories/history_visit005_j005.json",
      "improvement_vs_previous": 0.0
    },
    {
      "visit_idx": 6,
      "j": 6,
      "kept": false,
      "beta": 0.0013526812820723287,
      "coefficient": 0.0,
      "loss": -3.175515427225569,
      "expected_cut": 3.175515427225569,
      "best_measured_cut": 3.0,
      "success_probability_ancilla_1": 0.034891028160553506,
      "epochs_run": 42,
      "stop_reason": "loss_plateau_last5_and_discarded_near_zero",
      "history_path": "benchmark_results_walsh_article/unweighted/sparse_threshold/n4/graph02_trainseed07/histories/history_visit006_j006.json",
      "improvement_vs_previous": 0.0
    },
    {
      "visit_idx": 7,
      "j": 7,
      "kept": true,
      "beta": 0.2628129409138569,
      "coefficient": 0.2017881746904062,
      "loss": -3.4779713301026867,
      "expected_cut": 3.4779713301026867,
      "best_measured_cut": 3.0,
      "success_probability_ancilla_1": 0.04338029293277092,
      "epochs_run": 70,
      "stop_reason": "loss_plateau_last5",
      "history_path": "benchmark_results_walsh_article/unweighted/sparse_threshold/n4/graph02_trainseed07/histories/history_visit007_j007.json",
      "improvement_vs_previous": 0.30245590287711765
    },
    {
      "visit_idx": 8,
      "j": 8,
      "kept": true,
      "beta": 0.09054508695655564,
      "coefficient": 0.07092023971425523,
      "loss": -3.5077427803474364,
      "expected_cut": 3.5077427803474364,
      "best_measured_cut": 4.0,
      "success_probability_ancilla_1": 0.04452813729993177,
      "epochs_run": 29,
      "stop_reason": "loss_plateau_last5",
      "history_path": "benchmark_results_walsh_article/unweighted/sparse_threshold/n4/graph02_trainseed07/histories/history_visit008_j008.json",