epoch,beta,coefficient,loss,expected_cut,best_measured_cut,success_probability_ancilla_1,max_postselected_probability,grad
0,0.22273100328524958,0.13767683627743493,-0.9999999999981661,0.9999999999981661,0.0,0.005452889116488907,0.1249789551722407,-7.732242944434594e-12
1,0.22273134896026134,0.13767704304322226,-0.9999999999981659,0.9999999999981659,0.0,0.005452897063749097,0.12497895761129682,-7.731265724885791e-12
2,0.22273177224517654,0.1376772962313933,-0.9999999999981661,0.9999999999981661,0.0,0.005452906795318562,0.12497896059776464,-7.733230523369422e-12
3,0.2227322608687117,0.13767758850184764,-0.9999999999981661,0.9999999999981661,0.0,0.005452918029081302,0.12497896404495536,-7.731280162143555e-12
4,0.22273280702139542,0.13767791518332187,-0.9999999999981659,0.9999999999981659,0.0,0.005452930585500673,0.12497896789766502,-7.73167989435406e-12
5,0.2227334051389611,0.13767827294752397,-0.9999999999981655,0.9999999999981655,0.0,0.005452944336658413,0.12497897211653311,-7.731301882915154e-12
6,0.22273405103251526,0.13767865928884268,-0.9999999999981664,0.9999999999981664,0.0,0.0054529591862568045,0.12497897667190463,-7.732860220552432e-12
