epoch,beta,coefficient,loss,expected_cut,best_measured_cut,success_probability_ancilla_1,max_postselected_probability,grad
0,-0.27165952144195865,-0.16661018600040664,-1.7687540524057404,1.7687540524057404,2.0,0.03363093847062816,0.5583066350719369,0.2746846395553295
1,-0.28161916239304885,-0.1724124829365703,-1.7710890650304405,1.7710890650304405,2.0,0.0338687819727715,0.5580709094143654,0.24763263558595874
2,-0.29150647830727894,-0.17814136311966539,-1.7731520114848098,1.7731520114848098,2.0,0.034112276557359766,0.557706491949357,0.2213800571444088
3,-0.3012855403946742,-0.18377601803997723,-1.7749494055927713,1.7749494055927713,2.0,0.03436015615493602,0.5572234240091469,0.1960325922705904
4,-0.3109165074316241,-0.189293931289057,-1.7764904366171617,1.7764904366171617,2.0,0.03461095928326695,0.5566334830265308,0.17169065630117902
5,-0.32035584653042276,-0.19467107846241677,-1.7777870028322602,1.7777870028322602,2.0,0.03486303240588713,0.5559501165415707,0.14844762967646957
6,-0.3295567775202294,-0.1998822401547153,-1.778853656955838,1.778853656955838,2.0,0.03511454268670053,0.555188303945433,0.12638806769173275
7,-0.33846997433281073,-0.20490143836423214,-1.7797074463322649,1.7797074463322649,2.0,0.035363501852299195,0.5543643367666777,0.10558595192854738
8,-0.3470445392805386,-0.2097024964769114,-1.7803676355204552,1.7803676355204552,2.0,0.0356078022139162,0.5534955134688917,0.0861030705953056
9,-0.35522923958890085,-0.21425970908496741,-1.7808553072195625,1.7808553072195625,2.0,0.03584526483661474,0.5525997523706111,0.0679876307500684
10,-0.36297396218263767,-0.21854859174006808,-1.7811928490165645,1.7811928490165645,2.0,0.03607369844285598,0.5516951358313176,0.051273213458960264
11,-0.37023130742189686,-0.2225466650835746,-1.781403347019817,1.781403347019817,2.0,0.036290966087803786,0.5507994089276206,0.035978177971473776
12,-0.3769582123572763,-0.22623421617207376,-1.7815099208180178,1.7815099208180178,2.0,0.03649505523627681,0.5499294645104759,0.022105598856773424
13,-0.38311747678741653,-0.22959497562777703,-1.7815350445584568,1.7815350445584568,2.0,0.036684145939399365,0.5491008516581946,0.009643779795528986
