epoch,beta,coefficient,loss,expected_cut,best_measured_cut,success_probability_ancilla_1,max_postselected_probability,grad
0,-0.22877512707046285,-0.14128730845073922,-0.9999999999964344,0.9999999999964344,0.0,0.0028045450557805563,0.06249999999977715,3.007975031337804e-11
1,-0.22877647175087376,-0.14128811061671306,-0.9999999999964346,0.9999999999964346,0.0,0.0028045768719641277,0.062499999999777164,3.007933669097715e-11
2,-0.22877811816736085,-0.14128909278198126,-0.9999999999964344,0.9999999999964344,0.0,0.002804615827676627,0.06249999999977715,3.007891089681451e-11
3,-0.228780018776344,-0.14129022658418589,-0.9999999999964349,0.9999999999964349,0.0,0.002804660798114536,0.06249999999977718,3.0080091291508886e-11
4,-0.22878214311810946,-0.1412914938523186,-0.9999999999964346,0.9999999999964346,0.0,0.002804711062688964,0.062499999999777164,3.0078076976493714e-11
5,-0.22878446957079737,-0.14129288168757692,-0.9999999999964344,0.9999999999964344,0.0,0.0028047661099199536,0.06249999999977715,3.007804836541311e-11
6,-0.22878698171853232,-0.14129438029677938,-0.9999999999964349,0.9999999999964349,0.0,0.0028048255515041856,0.06249999999977718,3.0076816321019204e-11
