epoch,beta,coefficient,loss,expected_cut,best_measured_cut,success_probability_ancilla_1,max_postselected_probability,grad
0,0.5625326881517905,0.5339180330173283,-2.9999999999999014,2.9999999999999014,1.0,0.29993030140161364,0.04831550547178876,-5.074340081647089e-14
1,0.5625326904118596,0.5339180347688304,-2.9999999999999,2.9999999999999,1.0,0.2999303017467917,0.04831550544577167,-5.037467284809301e-14
2,0.5625326931829058,0.533918036916328,-2.9999999999999005,2.9999999999999005,1.0,0.2999303021700106,0.04831550541387244,-5.073398497212338e-14
3,0.5625326963772403,0.5339180393918646,-2.9999999999999014,2.9999999999999014,1.0,0.2999303026578779,0.04831550537710044,-5.03674826770857e-14
4,0.5625326999443111,0.533918042156263,-2.999999999999899,2.999999999999899,1.0,0.29993030320267283,0.048315505336037616,-5.03470197358128e-14
