epoch,beta,coefficient,loss,expected_cut,best_measured_cut,success_probability_ancilla_1,max_postselected_probability,grad
0,-0.5187569190265243,-0.4992409912995682,-2.9999999999998206,2.9999999999998206,1.0,0.16669194999934941,0.05933710850937863,-3.148065883293532e-14
1,-0.5187569176319818,-0.4992409901711194,-2.9999999999998206,2.9999999999998206,1.0,0.1666919500400182,0.05933710855862917,-3.0929777814738726e-14
2,-0.518756915922941,-0.49924098878818174,-2.9999999999998206,2.9999999999998206,1.0,0.16669195008985865,0.059337108618986736,-3.1265423994900746e-14
3,-0.5187569139459677,-0.4992409871884358,-2.99999999999982,2.99999999999982,1.0,0.16669195014751284,0.05933710868880677,-3.143792439554538e-14
4,-0.5187569117406052,-0.49924098540387984,-2.99999999999982,2.99999999999982,1.0,0.16669195021182742,0.05933710876669276,-3.102658818470795e-14
