epoch,beta,coefficient,loss,expected_cut,best_measured_cut,success_probability_ancilla_1,max_postselected_probability,grad
0,-0.48236676583440774,-0.46928804306826905,-2.999999999999896,2.999999999999896,1.0,0.288039542497902,0.05422307277924175,1.6040370788909332e-14
1,-0.4823667665514683,-0.46928804366837157,-2.999999999999896,2.999999999999896,1.0,0.288039542529808,0.05422307277239865,1.6035814060206722e-14
2,-0.4823667674258623,-0.469288044400145,-2.999999999999897,2.999999999999897,1.0,0.28803954256871467,0.0542230727640541,1.585963089141309e-14
3,-0.4823667684371726,-0.46928804524650275,-2.9999999999998965,2.9999999999998965,1.0,0.28803954261371356,0.054223072754402905,1.6075522717880445e-14
4,-0.48236676956641666,-0.46928804619155823,-2.999999999999896,2.999999999999896,1.0,0.2880395426639599,0.054223072743626234,1.5935401971635677e-14
