epoch,beta,coefficient,loss,expected_cut,best_measured_cut,success_probability_ancilla_1,max_postselected_probability,grad
0,0.5309475641258536,0.5090480497630572,-2.999999999999879,2.999999999999879,1.0,0.2463616865336136,0.056420239881218186,-6.58507173707394e-15
1,0.5309475644209922,0.5090480499990934,-2.9999999999998797,2.9999999999998797,1.0,0.24636168653756618,0.05642023987444838,-6.615620848790787e-15
2,0.5309475647792772,0.5090480502856306,-2.9999999999998774,2.9999999999998774,1.0,0.24636168654236448,0.056420239866230036,-6.447980941653568e-15
3,0.5309475651915196,0.5090480506153201,-2.9999999999998783,2.9999999999998783,1.0,0.2463616865478854,0.05642023985677412,-6.470303567189575e-15
4,0.5309475656528003,0.5090480509842279,-2.999999999999878,2.999999999999878,1.0,0.24636168655406304,0.056420239846193335,-6.5516996926930295e-15
