epoch,beta,coefficient,loss,expected_cut,best_measured_cut,success_probability_ancilla_1,max_postselected_probability,grad
0,-0.5730436749428843,-0.5420200904544357,-2.999999999999729,2.999999999999729,0.0,0.11043673627014289,0.015624999999998588,7.349313828838768e-13
1,-0.5730437077656946,-0.5420201156181345,-2.999999999999728,2.999999999999728,0.0,0.11043674612907116,0.015624999999998588,7.334017478227264e-13
2,-0.573043748024935,-0.5420201464829921,-2.99999999999973,2.99999999999973,0.0,0.11043675822166638,0.015624999999998591,7.375791772768295e-13
3,-0.5730437944936798,-0.5420201821083818,-2.999999999999728,2.999999999999728,0.0,0.11043677217939951,0.015624999999998584,7.350209665665465e-13
4,-0.5730438464567408,-0.542020221946002,-2.999999999999728,2.999999999999728,0.0,0.11043678778745057,0.015624999999998584,7.365907929142817e-13
