{
  "0": 0.0,
  "1": -0.52029214253389,
  "2": 0.4977612223136096,
  "3": -0.49317953652522784,
  "4": -0.6590611936099433,
  "5": 0.4561617359206469,
  "6": 0.13497222326018818,
  "7": 0.4767209628812976,
  "8": 0.16730359927242275,
  "9": 0.017055460980176705,
  "10": -0.11242902110246734,
  "11": 0.025374987749739068,
  "12": -0.0030096180571350735,
  "13": 0.0009910013764732933,
  "14": 0.007464427513396907,
  "15": 0.002212531944309861
}