epoch,beta,coefficient,loss,expected_cut,best_measured_cut,success_probability_ancilla_1,max_postselected_probability,grad
0,-0.3645023924779768,-0.274240369349237,-1.875196458631366,1.875196458631366,2.0,0.13734355435010473,0.4517422350982187,-0.1015173043214395
1,-0.3545677692582448,-0.2673654270255457,-1.8759959332369902,1.8759959332369902,2.0,0.1370558961462634,0.4524182169244926,-0.08758292358181571
2,-0.34476462646034217,-0.2605357322203693,-1.8766435244350306,1.8766435244350306,2.0,0.13678711658321274,0.45302578008859923,-0.07329044452269896
3,-0.3351828210690781,-0.2538171680693234,-1.8771368843550802,1.8771368843550802,2.0,0.13653924108807625,0.45356063244472994,-0.058758656143011664
4,-0.3259417650946191,-0.24729798400574815,-1.8774784374230107,1.8774784374230107,2.0,0.13631440459337657,0.45401951852200045,-0.04415491630192065
5,-0.31719442743935106,-0.24109203202460464,-1.8776773195546852,1.8776773195546852,2.0,0.13611473121266301,0.45440093068071846,-0.029707466066465123
6,-0.30912571221704144,-0.2353378963047709,-1.8777511479205566,1.8777511479205566,2.0,0.13594211588058602,0.4547059441145103,-0.015714676375972163
7,-0.3019402744952684,-0.23019016750294924,-1.8777266652722293,1.8777266652722293,2.0,0.13579790708075345,0.4549389295611712,-0.0025439028701766783
