epoch,beta,coefficient,loss,expected_cut,best_measured_cut,success_probability_ancilla_1,max_postselected_probability,grad
0,-0.32046235028137443,-0.24341446375888934,-2.4999999999994698,2.4999999999994698,2.0,0.04722329856710041,0.0462148793675985,8.931724386869969e-13
1,-0.3204623902627044,-0.2434144921439523,-2.4999999999994698,2.4999999999994698,2.0,0.047223301758773026,0.0462148794997785,8.951948723259955e-13
2,-0.3204624392453647,-0.24341452691958024,-2.4999999999994706,2.4999999999994706,2.0,0.04722330566901389,0.046214879661716925,8.956237812243826e-13
3,-0.3204624957658145,-0.24341456704672026,-2.49999999999947,2.49999999999947,2.0,0.04722331018099016,0.046214879848574995,8.933515221130806e-13
4,-0.3204625589808945,-0.24341461192676422,-2.4999999999994706,2.4999999999994706,2.0,0.04722331522739332,0.04621488005756504,8.966108472541997e-13
