epoch,beta,coefficient,loss,expected_cut,best_measured_cut,success_probability_ancilla_1,max_postselected_probability,grad
0,0.36532856582441403,0.27480996762143856,-2.8973696370736386,2.8973696370736386,2.0,0.09613450184516614,0.07256790695864447,-0.029269383417013642
1,0.37499104803566163,0.2814471145313344,-2.897504601773126,2.897504601773126,2.0,0.09680928108815426,0.07259482116892539,-0.01884132154632682
2,0.38384073815288866,0.28748578849450485,-2.8975476863218734,2.8975476863218734,2.0,0.09743864722483728,0.07260779234935989,-0.009159170537016474
3,0.39119091023472224,0.2924716317255887,-2.897527076241751,2.897527076241751,2.0,0.09796934931929249,0.07261038258160368,-0.0006320750658109444
4,0.39638511095339163,0.29597861926118285,-2.897482616321317,2.897482616321317,2.0,0.09834862723151734,0.07260787325596656,0.006202750760639392
