{
  "config": {
    "N_VERTICES": 4,
    "PROB_ARESTA": 0.85,
    "COM_PESO": false,
    "PESO_MIN": 1,
    "PESO_MAX": 1,
    "GRAPH_SEED": 104882,
    "GRAPH_EDGES": [
      [
        0,
        1,
        1.0
      ],
      [
        0,
        2,
        1.0
      ],
      [
        0,
        3,
        1.0
      ],
      [
        2,
        3,
        1.0
      ]
    ],
    "REVERSE_BITS": false,
    "ER": 1.0,
    "MAX_TERMS": null,
    "A_MAX": 0.7853981633974483,
    "INIT_BETA": 0.35,
    "MAX_EPOCHS": 200,
    "LR": 0.01,
    "FD_EPS": 0.01,
    "LOSS_TOL_LAST5": 0.001,
    "PATIENCE_LAST5": 5,
    "TRAIN_SEED": 7,
    "INIT_BETA_JITTER": 0.05,
    "OPTIMIZER": "adam",
    "ADAM_BETA1": 0.9,
    "ADAM_BETA2": 0.999,
    "ADAM_EPS": 1e-08,
    "COEF_ZERO_TOL": 0.001,
    "IMPROVEMENT_TOL": 0.001,
    "SATURATION_PATIENCE": 100,
    "INDEX_STRATEGY": "ascending",
    "INDEX_RANDOM_SEED": 42,
    "ENABLE_BACKWARD_PRUNING": false,
    "BACKWARD_PASSES": 1,
    "PRUNE_IMPROVEMENT_TOL": 1e-06,
    "OUTDIR": "benchmark_results_walsh_article/unweighted/baseline/n4/graph07_trainseed07",
    "SHOW_PLOTS": false,
    "name": "baseline"
  },
  "n_qubits_register": 4,
  "graph_edges": [
    [
      0,
      1,
      1.0
    ],
    [
      0,
      2,
      1.0
    ],
    [
      0,
      3,
      1.0
    ],
    [
      2,
      3,
      1.0
    ]
  ],
  "graph_signature": "0c4184843706290033a85b58881df740fdc53f7edeeaffa6a9dd8c38dfc1a494",
  "graph_num_edges": 4,
  "graph_density": 0.6666666666666666,
  "best_cut_bruteforce": 3.0,
  "best_bitstring_bruteforce": "0101",
  "best_index_bruteforce": 5,
  "candidate_order": [
    1,
    2,
    3,
    4,
    5,
    6,
    7,
    8,
    9,
    10,
    11,
    12,
    13,
    14,
    15
  ],
  "total_possible_parameters": 15,
  "visited_parameters": 15,
  "trained_coefficients": {
    "0": 0.0,
    "1": -0.2400560918642313,
    "2": 0.2396391304416883,
    "3": -0.001914246950221859,
    "4": 0.1731821754001677,
    "5": -0.0011994528011016782,
    "6": 0.002345603156106008,
    "7": -0.20829989983609218,
    "8": 0.032600716985796335,
    "9": 0.0017317866118474231,
    "10": 0.0,
    "11": -0.03081042485359131,
    "12": 0.0,
    "13": 0.0180867298407642,
    "14": -0.008505670073695359,
    "15": 0.0
  },
  "final_coefficient_vector": [
    0.0,
    -0.2400560918642313,
    0.2396391304416883,
    -0.001914246950221859,
    0.1731821754001677,
    -0.0011994528011016782,
    0.002345603156106008,
    -0.20829989983609218,
    0.032600716985796335,
    0.0017317866118474231,
    0.0,
    -0.03081042485359131,
    0.0,
    0.0180867298407642,
    -0.008505670073695359,
    0.0
  ],
  "active_indices": [
    1,
    2,
    3,
    4,
    5,
    6,
    7,
    8,
    9,
    11,
    13,
    14
  ],
  "active_parameter_count": 12,
  "compression_ratio_active_over_total": 0.8,
  "final_loss": -2.9953708461175617,
  "final_expected_cut": 2.9953708461175617,
  "best_expected_cut_over_evolution": 2.9953708461175617,
  "final_best_measured_index": 8,
  "final_best_measured_bitstring": "1000",
  "final_best_measured_cut": 3.0,
  "best_measured_cut_over_evolution": 3.0,
  "final_success_probability_ancilla_1": 0.04488672687199273,
  "final_max_postselected_probability": 0.2643745492987429,
  "gap_expected_to_bruteforce": 0.004629153882438342,
  "gap_measured_to_bruteforce": 0.0,
  "approx_ratio_measured": 1.0,
  "n_steps": 15,
  "elapsed_seconds": 33.87776327133179,
  "steps": [
    {
      "visit_idx": 1,
      "j": 1,
      "kept": true,
      "beta": -0.31573885865200874,
      "coefficient": -0.2400560918642313,
      "loss": -2.0,
      "expected_cut": 2.0,
      "best_measured_cut": 0.0,
      "success_probability_ancilla_1": 0.014337679929735671,
      "epochs_run": 5,
      "stop_reason": "loss_plateau_last5",
      "history_path": "benchmark_results_walsh_article/unweighted/baseline/n4/graph07_trainseed07/histories/history_visit001_j001.json",
      "improvement_vs_previous": 2.0
    },
    {
      "visit_idx": 2,
      "j": 2,
      "kept": true,
      "beta": 0.31515336419866014,
      "coefficient": 0.2396391304416883,
      "loss": -2.4999992297982145,
      "expected_cut": 2.4999992297982145,
      "best_measured_cut": 1.0,
      "success_probability_ancilla_1": 0.02821611633881079,
      "epochs_run": 5,
      "stop_reason": "loss_plateau_last5",
      "history_path": "benchmark_results_walsh_article/unweighted/baseline/n4/graph07_trainseed07/histories/history_visit002_j002.json",
      "improvement_vs_previous": 0.49999922979821454
    },
    {
      "visit_idx": 3,
      "j": 3,
      "kept": true,
      "beta": -0.0024372997416025454,
      "coefficient": -0.001914246950221859,
      "loss": -2.499982996954868,
      "expected_cut": 2.499982996954868,
      "best_measured_cut": 3.0,
      "success_probability_ancilla_1": 0.028216980727152008,
      "epochs_run": 36,
      "stop_reason": "loss_plateau_last5",
      "history_path": "benchmark_results_walsh_article/unweighted/baseline/n4/graph07_trainseed07/histories/history_visit003_j003.json",
      "improvement_vs_previous": -1.623284334639763e-05
    },
    {
      "visit_idx": 4,
      "j": 4,
      "kept": true,
      "beta": 0.22418411718539985,
      "coefficient": 0.1731821754001677,
      "loss": -2.6760384976472738,
      "expected_cut": 2.6760384976472738,
      "best_measured_cut": 3.0,
      "success_probability_ancilla_1": 0.03527418958570286,
      "epochs_run": 18,
      "stop_reason": "loss_plateau_last5",
      "history_path": "benchmark_results_walsh_article/unweighted/baseline/n4/graph07_trainseed07/histories/history_visit004_j004.json",
      "improvement_vs_previous": 0.1760555006924056
    },
    {
      "visit_idx": 5,
      "j": 5,
      "kept": true,
      "beta": -0.0015271919257025448,
      "coefficient": -0.0011994528011016782,
      "loss": -2.67603092637677,
      "expected_cut": 2.67603092637677,
      "best_measured_cut": 3.0,
      "success_probability_ancilla_1": 0.0352744782754416,
      "epochs_run": 42,
      "stop_reason": "loss_plateau_last5",
      "history_path": "benchmark_results_walsh_article/unweighted/baseline/n4/graph07_trainseed07/histories/history_visit005_j005.json",
      "improvement_vs_previous": -7.571270503881067e-06
    },
    {
      "visit_idx": 6,
      "j": 6,
      "kept": true,
      "beta": 0.002986523573834286,
      "coefficient": 0.002345603156106008,
      "loss": -2.676053829937156,
      "expected_cut": 2.676053829937156,
      "best_measured_cut": 3.0,
      "success_probability_ancilla_1": 0.035275589154498424,
      "epochs_run": 42,
      "stop_reason": "loss_plateau_last5",
      "history_path": "benchmark_results_walsh_article/unweighted/baseline/n4/graph07_trainseed07/histories/history_visit006_j006.json",
      "improvement_vs_previous": 2.2903560386033917e-05
    },
    {
      "visit_idx": 7,
      "j": 7,
      "kept": true,
      "beta": -0.2717104241909153,
      "coefficient": -0.20829989983609218,
      "loss": -2.981128979533765,
      "expected_cut": 2.981128979533765,
      "best_measured_cut": 3.0,
      "success_probability_ancilla_1": 0.044315441852803956,
      "epochs_run": 10,
      "stop_reason": "loss_plateau_last5",
      "history_path": "benchmark_results_walsh_article/unweighted/baseline/n4/graph07_trainseed07/histories/history_visit007_j007.json",
      "improvement_vs_previous": 0.3050751495966093
    },
    {
      "visit_idx": 8,
      "j": 8,
      "kept": true,
      "beta": 0.04153238586615063,
      "coefficient": 0.032600716985796335,
      "loss": -2.987493762763032,
      "expected_cut": 2.987493762763032,
      "best_measured_cut": 3.0,
      "success_probability_ancilla_1": 0.044557572718480876,
      "epochs_run": 35,
      "stop_reason": "loss_plateau_last5",
      "history_path": "benchmark_results_walsh_article/unweighted/baseline/n4/graph07_trainseed07/histories/history_visit008_j008.json",