epoch,beta,coefficient,loss,expected_cut,best_measured_cut,success_probability_ancilla_1,max_postselected_probability,grad
0,-0.32844085267200385,-0.24906477337907681,-2.499999999999559,2.499999999999559,2.0,0.05680836655830975,0.045953649697649535,6.174979648576573e-13
1,-0.3284408802744957,-0.24906479287788996,-2.4999999999995604,2.4999999999995604,2.0,0.05680836875629399,0.04595364992031486,6.172482676888462e-13
2,-0.3284409140338715,-0.2490648167260174,-2.4999999999995604,2.4999999999995604,2.0,0.05680837144455066,0.04595365019264667,6.154774045662493e-13
3,-0.32844095300920056,-0.24906484425877157,-2.4999999999995612,2.4999999999995612,2.0,0.05680837454815352,0.04595365050705457,6.168394122892363e-13
4,-0.3284409965847319,-0.24906487504117653,-2.4999999999995612,2.4999999999995612,2.0,0.056808378018070496,0.04595365085857129,6.173390816842385e-13
