{
  "0": 0.0,
  "1": -0.1391170322716743,
  "2": 0.13959401972405303,
  "3": 0.0,
  "4": -0.10226626111499923,
  "5": 0.0,
  "6": 0.0,
  "7": 0.12223072655322752,
  "8": 0.04806573062737206,
  "9": 0.0,
  "10": 0.0,
  "11": -0.07616954120418305,
  "12": 0.0,
  "13": 0.07847888709540277,
  "14": -0.1014502261526204,
  "15": 0.0
}