{
  "config": {
    "N_VERTICES": 4,
    "PROB_ARESTA": 0.85,
    "COM_PESO": false,
    "PESO_MIN": 1,
    "PESO_MAX": 1,
    "GRAPH_SEED": 104781,
    "GRAPH_EDGES": [
      [
        0,
        2,
        1.0
      ],
      [
        0,
        3,
        1.0
      ],
      [
        1,
        2,
        1.0
      ],
      [
        1,
        3,
        1.0
      ],
      [
        2,
        3,
        1.0
      ]
    ],
    "REVERSE_BITS": false,
    "ER": 0.75,
    "MAX_TERMS": null,
    "A_MAX": 0.6283185307179586,
    "INIT_BETA": 0.25,
    "MAX_EPOCHS": 200,
    "LR": 0.01,
    "FD_EPS": 0.01,
    "LOSS_TOL_LAST5": 0.002,
    "PATIENCE_LAST5": 7,
    "TRAIN_SEED": 3,
    "INIT_BETA_JITTER": 0.03,
    "OPTIMIZER": "adam",
    "ADAM_BETA1": 0.9,
    "ADAM_BETA2": 0.999,
    "ADAM_EPS": 1e-08,
    "COEF_ZERO_TOL": 0.002,
    "IMPROVEMENT_TOL": 0.002,
    "SATURATION_PATIENCE": 60,
    "INDEX_STRATEGY": "ascending",
    "INDEX_RANDOM_SEED": 42,
    "ENABLE_BACKWARD_PRUNING": false,
    "BACKWARD_PASSES": 1,
    "PRUNE_IMPROVEMENT_TOL": 1e-06,
    "OUTDIR": "benchmark_results_walsh_article/unweighted/coarse_loader/n4/graph06_trainseed03",
    "SHOW_PLOTS": false,
    "name": "coarse_loader"
  },
  "n_qubits_register": 4,
  "graph_edges": [
    [
      0,
      2,
      1.0
    ],
    [
      0,
      3,
      1.0
    ],
    [
      1,
      2,
      1.0
    ],
    [
      1,
      3,
      1.0
    ],
    [
      2,
      3,
      1.0
    ]
  ],
  "graph_signature": "d0a2f764541f34d9979e15c4cf98ceeae9b64c9a96b6d443de24544368e1cb36",
  "graph_num_edges": 5,
  "graph_density": 0.8333333333333334,
  "best_cut_bruteforce": 4.0,
  "best_bitstring_bruteforce": "0011",
  "best_index_bruteforce": 3,
  "candidate_order": [
    1,
    2,
    3,
    4,
    5,
    6,
    7,
    8,
    9,
    10,
    11,
    12,
    13,
    14,
    15
  ],
  "total_possible_parameters": 15,
  "visited_parameters": 15,
  "trained_coefficients": {
    "0": 0.0,
    "1": -0.139120678420259,
    "2": 0.14635035126782525,
    "3": -0.1632804431297758,
    "4": -0.13897901987426942,
    "5": 0.24279899574538685,
    "6": 0.20134356852583077,
    "7": -0.010401429503301161,
    "8": 0.14793899563804322,
    "9": -0.09102635574647809,
    "10": -0.03529513088130211,
    "11": 0.0,
    "12": -0.20963036953031797,
    "13": 0.09143814242496345,
    "14": -0.09238901026730977,
    "15": -0.09947927354351331
  },
  "final_coefficient_vector": [
    0.0,
    -0.139120678420259,
    0.14635035126782525,
    -0.1632804431297758,
    -0.13897901987426942,
    0.24279899574538685,
    0.20134356852583077,
    -0.010401429503301161,
    0.14793899563804322,
    -0.09102635574647809,
    -0.03529513088130211,
    0.0,
    -0.20963036953031797,
    0.09143814242496345,
    -0.09238901026730977,
    -0.09947927354351331
  ],
  "active_indices": [
    1,
    2,
    3,
    4,
    5,
    6,
    7,
    8,
    9,
    10,
    12,
    13,
    14,
    15
  ],
  "active_parameter_count": 14,
  "compression_ratio_active_over_total": 0.9333333333333333,
  "final_loss": -3.228263072667521,
  "final_expected_cut": 3.228263072667521,
  "best_expected_cut_over_evolution": 3.228263072667521,
  "final_best_measured_index": 10,
  "final_best_measured_bitstring": "1010",
  "final_best_measured_cut": 3.0,
  "best_measured_cut_over_evolution": 4.0,
  "final_success_probability_ancilla_1": 0.03906804442121867,
  "final_max_postselected_probability": 0.26440042056213975,
  "gap_expected_to_bruteforce": 0.771736927332479,
  "gap_measured_to_bruteforce": 1.0,
  "approx_ratio_measured": 0.75,
  "n_steps": 15,
  "elapsed_seconds": 8.774919986724854,
  "steps": [
    {
      "visit_idx": 1,
      "j": 1,
      "kept": true,
      "beta": -0.22514612821003116,
      "coefficient": -0.139120678420259,
      "loss": -2.5,
      "expected_cut": 2.5,
      "best_measured_cut": 0.0,
      "success_probability_ancilla_1": 0.0027192670595991603,
      "epochs_run": 7,
      "stop_reason": "loss_plateau_last5",
      "history_path": "benchmark_results_walsh_article/unweighted/coarse_loader/n4/graph06_trainseed03/histories/history_visit001_j001.json",
      "improvement_vs_previous": 2.5
    },
    {
      "visit_idx": 2,
      "j": 2,
      "kept": true,
      "beta": 0.23727879743642183,
      "coefficient": 0.14635035126782525,
      "loss": -2.5,
      "expected_cut": 2.5,
      "best_measured_cut": 2.0,
      "success_probability_ancilla_1": 0.005711846113229025,
      "epochs_run": 7,
      "stop_reason": "loss_plateau_last5",
      "history_path": "benchmark_results_walsh_article/unweighted/coarse_loader/n4/graph06_trainseed03/histories/history_visit002_j002.json",
      "improvement_vs_previous": 0.0
    },
    {
      "visit_idx": 3,
      "j": 3,
      "kept": true,
      "beta": -0.2659678032006337,
      "coefficient": -0.1632804431297758,
      "loss": -2.4999999999999996,
      "expected_cut": 2.4999999999999996,
      "best_measured_cut": 2.0,
      "success_probability_ancilla_1": 0.009413520923705178,
      "epochs_run": 7,
      "stop_reason": "loss_plateau_last5",
      "history_path": "benchmark_results_walsh_article/unweighted/coarse_loader/n4/graph06_trainseed03/histories/history_visit003_j003.json",
      "improvement_vs_previous": -4.440892098500626e-16
    },
    {
      "visit_idx": 4,
      "j": 4,
      "kept": true,
      "beta": -0.22490906108463127,
      "coefficient": -0.13897901987426942,
      "loss": -2.5115917198302866,
      "expected_cut": 2.5115917198302866,
      "best_measured_cut": 3.0,
      "success_probability_ancilla_1": 0.012076166427139202,
      "epochs_run": 43,
      "stop_reason": "loss_plateau_last5",
      "history_path": "benchmark_results_walsh_article/unweighted/coarse_loader/n4/graph06_trainseed03/histories/history_visit004_j004.json",
      "improvement_vs_previous": 0.011591719830287062
    },
    {
      "visit_idx": 5,
      "j": 5,
      "kept": true,
      "beta": 0.40759251722326517,
      "coefficient": 0.24279899574538685,
      "loss": -2.7816401802594104,
      "expected_cut": 2.7816401802594104,
      "best_measured_cut": 3.0,
      "success_probability_ancilla_1": 0.02001826804394676,
      "epochs_run": 81,
      "stop_reason": "loss_plateau_last5",
      "history_path": "benchmark_results_walsh_article/unweighted/coarse_loader/n4/graph06_trainseed03/histories/history_visit005_j005.json",
      "improvement_vs_previous": 0.2700484604291238
    },
    {
      "visit_idx": 6,
      "j": 6,
      "kept": true,
      "beta": 0.3321465667986316,
      "coefficient": 0.20134356852583077,
      "loss": -2.891100553708574,
      "expected_cut": 2.891100553708574,
      "best_measured_cut": 4.0,
      "success_probability_ancilla_1": 0.0257312017352069,
      "epochs_run": 12,
      "stop_reason": "loss_plateau_last5",
      "history_path": "benchmark_results_walsh_article/unweighted/coarse_loader/n4/graph06_trainseed03/histories/history_visit006_j006.json",
      "improvement_vs_previous": 0.10946037344916348
    },
    {
      "visit_idx": 7,
      "j": 7,
      "kept": true,
      "beta": -0.016555901686750692,
      "coefficient": -0.010401429503301161,
      "loss": -2.891017304207752,
      "expected_cut": 2.891017304207752,
      "best_measured_cut": 4.0,
      "success_probability_ancilla_1": 0.025740397997255516,
      "epochs_run": 30,
      "stop_reason": "loss_plateau_last5",
      "history_path": "benchmark_results_walsh_article/unweighted/coarse_loader/n4/graph06_trainseed03/histories/history_visit007_j007.json",
      "improvement_vs_previous": -8.324950082183591e-05
    },
    {
      "visit_idx": 8,
      "j": 8,
      "kept": true,
      "beta": 0.23995391972068286,
      "coefficient": 0.14793899563804322,
      "loss": -2.943732637823415,
      "expected_cut": 2.943732637823415,
      "best_measured_cut": 3.0,
      "success_probability_ancilla_1": 0.028656672531310774,
      "epochs_run": 7,
      "stop_reason": "loss_plateau_last5",