{
  "0": 0.0,
  "1": -0.139120678420259,
  "2": 0.14635035126782525,
  "3": -0.1632804431297758,
  "4": -0.13897901987426942,
  "5": 0.24279899574538685,
  "6": 0.20134356852583077,
  "7": -0.010401429503301161,
  "8": 0.14793899563804322,
  "9": -0.09102635574647809,
  "10": -0.03529513088130211,
  "11": 0.0,
  "12": -0.20963036953031797,
  "13": 0.09143814242496345,
  "14": -0.09238901026730977,
  "15": -0.09947927354351331
}