epoch,beta,coefficient,loss,expected_cut,best_measured_cut,success_probability_ancilla_1,max_postselected_probability,grad
0,-0.34875211224078784,-0.263319177005207,-5.973803425667667,5.973803425667667,3.0,0.1847488149458506,0.05724645407535932,-0.05877099943112573
1,-0.338790162866343,-0.2563515059969274,-5.974305391468967,5.974305391468967,3.0,0.18434413422496915,0.05709556674739771,-0.053226312644226406
2,-0.32890052580082446,-0.24938944600412688,-5.974746604952962,5.974746604952962,3.0,0.18395508541694403,0.05693868468728038,-0.047520169846850806
3,-0.31912611459420565,-0.24246540012964427,-5.975125068336249,5.975125068336249,3.0,0.1835833543406185,0.056776603361436535,-0.041678072114448364
4,-0.30952012177815924,-0.23561981893644451,-5.9754396166111245,5.9754396166111245,3.0,0.1832307485624708,0.05661043279529587,-0.03573360766619991
5,-0.3001476507090634,-0.22890250971658851,-5.9756902190537735,5.9756902190537735,3.0,0.18289917954083232,0.05644166200375045,-0.02973002580335089
6,-0.29108696343884,-0.22237366709761539,-5.975878318224003,5.975878318224003,3.0,0.18259062488632,0.0562722181742556,-0.023721791989985426
7,-0.2824298017592659,-0.21610420758817878,-5.976007169521836,5.976007169521836,3.0,0.1823070627514602,0.056104505100895506,-0.01777584097865021
