epoch,beta,coefficient,loss,expected_cut,best_measured_cut,success_probability_ancilla_1,max_postselected_probability,grad
0,-0.36723361465142035,-0.276122131905496,-2.9999999999993356,2.9999999999993356,1.0,0.04517208664728735,0.04610400181280502,1.3047683803674881e-12
1,-0.3672336729803842,-0.2761221720546049,-2.999999999999336,2.999999999999336,1.0,0.04517209182171479,0.04610400125179867,1.3044657153859095e-12
2,-0.3672337443582066,-0.2761222211855279,-2.9999999999993365,2.9999999999993365,1.0,0.04517209815372178,0.046104000565288225,1.3025138875059768e-12
3,-0.36723382675787003,-0.2761222779030232,-2.999999999999336,2.999999999999336,1.0,0.04517210546348962,0.04610399977276918,1.3038547177009228e-12
4,-0.36723391886077483,-0.2761223412994683,-2.9999999999993365,2.9999999999993365,1.0,0.04517211363404431,0.04610399888692356,1.3038641626477027e-12
