epoch,beta,coefficient,loss,expected_cut,best_measured_cut,success_probability_ancilla_1,max_postselected_probability,grad
0,0.3045513667882882,0.23206331743426625,-2.9999999999989004,2.9999999999989004,1.0,0.027264761147735503,0.03124257369555755,-3.2306546518483646e-12
1,0.30455151117653284,0.23206342093607374,-2.9999999999988995,2.9999999999988995,1.0,0.027264772710669606,0.031242573912226426,-3.2284102530700107e-12
2,0.30455168800901344,0.23206354769486676,-2.9999999999989,2.9999999999989,1.0,0.027264786871816354,0.031242574177576657,-3.231379257691591e-12
3,0.3045518921142951,0.23206369400360005,-2.9999999999989004,2.9999999999989004,1.0,0.02726480321703857,0.031242574483845646,-3.228452422510957e-12
4,0.3045521202671928,0.2320638575503585,-2.9999999999989013,2.9999999999989013,1.0,0.027264821488059036,0.03124257482619141,-3.2304771512799737e-12
