epoch,beta,coefficient,loss,expected_cut,best_measured_cut,success_probability_ancilla_1,max_postselected_probability,grad
0,0.31321412227846995,0.2382570312571744,-10.999985549876556,10.999985549876556,6.0,0.028057468191962746,0.007812387108438375,0.03221018123839397
1,0.3094036104465982,0.23553654396683432,-10.999907903560743,10.999907903560743,6.0,0.02774739072088706,0.007811780496596507,-0.011485612922419166
2,0.31133620572250603,0.23691708790621327,-10.999955807488,10.999955807488,6.0,0.02790430660194381,0.007812154746028,-0.02938648553046481
3,0.31516028565875975,0.2396440604485099,-10.99999924095663,10.99999924095663,6.0,0.028216904438600286,0.0078124940700013395,-0.020218875323240675
4,0.31867657678354216,0.24214593893450673,-10.999980883900118,10.999980883900118,6.0,0.02850678530921593,0.007812350655497052,-0.0026144384927770143
