epoch,beta,coefficient,loss,expected_cut,best_measured_cut,success_probability_ancilla_1,max_postselected_probability,grad
0,0.3730416753031331,0.2801117564678704,-4.499999999998809,4.499999999998809,2.0,0.037812751408218305,0.031249038369623724,-2.8696203401233264e-12
1,0.3730418035763912,0.2801118443987338,-4.499999999998812,4.499999999998812,2.0,0.03781276309949608,0.031249038314491443,-2.868501334286214e-12
2,0.37304196060790734,0.28011195204326994,-4.499999999998812,4.499999999998812,2.0,0.037812777411906424,0.03124903824699663,-2.867508015109536e-12
3,0.3730421418489372,0.28011207628332524,-4.49999999999881,4.49999999999881,2.0,0.03781279393086252,0.031249038169093236,-2.866423946952531e-12
4,0.3730423443710233,0.2801122151114468,-4.49999999999881,4.49999999999881,2.0,0.037812812389456205,0.031249038082038876,-2.8643686434596177e-12
