epoch,beta,coefficient,loss,expected_cut,best_measured_cut,success_probability_ancilla_1,max_postselected_probability,grad
0,-0.26542661506771575,-0.16296332345804343,-2.9294615130289694,2.9294615130289694,3.0,0.0431006108286223,0.27384215940066786,-0.04284735648325585
1,-0.2555532504994489,-0.15716235494817007,-2.929751944491562,2.929751944491562,3.0,0.042865022035629544,0.27286870874811586,-0.033944649850515145
2,-0.24596150405290954,-0.15149933369657337,-2.9299465043819204,2.9299465043819204,3.0,0.04264338232542883,0.27186317975871127,-0.02483417307506918
3,-0.23688972580109507,-0.14611913226891748,-2.9300485539159333,2.9300485539159333,3.0,0.04244045417815312,0.27085709430810434,-0.015685749377954288
4,-0.22867480720399222,-0.14122746149960455,-2.9300702730818826,2.9300702730818826,3.0,0.04226241829695407,0.2698992813633096,-0.006770584577457059
5,-0.22172374041682605,-0.13707420833121875,-2.9300349112154658,2.9300349112154658,3.0,0.04211609373815309,0.26905377607604103,0.0015161189890747697
6,-0.21641054845750543,-0.1338910581894748,-2.929974025181288,2.929974025181288,3.0,0.04200695448569167,0.2683856719304574,0.008681454965862189
