epoch,beta,coefficient,loss,expected_cut,best_measured_cut,success_probability_ancilla_1,max_postselected_probability,grad
0,-0.2792585630069454,-0.17104006929823706,-2.499999999993915,2.499999999993915,0.0,0.004108304518375628,0.06249999999984787,4.1336611776584454e-11
1,-0.2792604108010754,-0.1710411442671224,-2.499999999993915,2.499999999993915,0.0,0.004108356088227457,0.06249999999984787,4.133526741780868e-11
2,-0.2792626732683296,-0.17104246047391286,-2.499999999993915,2.499999999993915,0.0,0.004108419231507175,0.06249999999984787,4.133840227969435e-11
3,-0.27926528506750414,-0.1710439799050741,-2.499999999993915,2.499999999993915,0.0,0.004108492124808175,0.062499999999847886,4.134070457090498e-11
4,-0.2792682042726869,-0.1710456781691235,-2.499999999993916,2.499999999993916,0.0,0.004108573598213281,0.0624999999998479,4.133473253085485e-11
5,-0.2792714011054047,-0.17104753794145794,-2.499999999993915,2.499999999993915,0.0,0.0041086628208239695,0.06249999999984787,4.133059222395228e-11
6,-0.27927485301152355,-0.17104954610029757,-2.499999999993915,2.499999999993915,0.0,0.0041087591633631885,0.062499999999847886,4.132844609892384e-11
