epoch,beta,coefficient,loss,expected_cut,best_measured_cut,success_probability_ancilla_1,max_postselected_probability,grad
0,0.2788736691257407,0.17081613066639698,-2.4999999999969402,2.4999999999969402,2.0,0.008172471736251553,0.12499994333231884,-1.0349465896829894e-11
1,0.27887413189690446,0.1708163999436765,-2.4999999999969402,2.4999999999969402,2.0,0.008172484531520412,0.12499994346528032,-1.0352275720162323e-11
2,0.27887469852187885,0.17081672965131794,-2.49999999999694,2.49999999999694,2.0,0.008172500198290668,0.1249999436278676,-1.0350743670249736e-11
3,0.2788753526188874,0.17081711025704505,-2.499999999996941,2.499999999996941,2.0,0.008172518283630716,0.12499994381526261,-1.0350005506896295e-11
4,0.2788760837620571,0.17081753569420388,-2.4999999999969416,2.4999999999969416,2.0,0.008172538499284855,0.124999944024361,-1.0352292895721183e-11
5,0.2788768844649492,0.1708180016065392,-2.499999999996941,2.499999999996941,2.0,0.008172560638270304,0.1249999442529047,-1.0349899465537136e-11
6,0.2788777490487013,0.1708185046895886,-2.4999999999969402,2.4999999999969402,2.0,0.008172584543582282,0.12499994449915607,-1.0347499879743616e-11
