{
  "config": {
    "N_VERTICES": 4,
    "PROB_ARESTA": 0.85,
    "COM_PESO": false,
    "PESO_MIN": 1,
    "PESO_MAX": 1,
    "GRAPH_SEED": 104375,
    "GRAPH_EDGES": [
      [
        0,
        1,
        1.0
      ],
      [
        0,
        3,
        1.0
      ],
      [
        1,
        2,
        1.0
      ],
      [
        1,
        3,
        1.0
      ],
      [
        2,
        3,
        1.0
      ]
    ],
    "REVERSE_BITS": false,
    "ER": 0.75,
    "MAX_TERMS": null,
    "A_MAX": 0.6283185307179586,
    "INIT_BETA": 0.25,
    "MAX_EPOCHS": 200,
    "LR": 0.01,
    "FD_EPS": 0.01,
    "LOSS_TOL_LAST5": 0.002,
    "PATIENCE_LAST5": 7,
    "TRAIN_SEED": 6,
    "INIT_BETA_JITTER": 0.03,
    "OPTIMIZER": "adam",
    "ADAM_BETA1": 0.9,
    "ADAM_BETA2": 0.999,
    "ADAM_EPS": 1e-08,
    "COEF_ZERO_TOL": 0.002,
    "IMPROVEMENT_TOL": 0.002,
    "SATURATION_PATIENCE": 60,
    "INDEX_STRATEGY": "ascending",
    "INDEX_RANDOM_SEED": 42,
    "ENABLE_BACKWARD_PRUNING": false,
    "BACKWARD_PASSES": 1,
    "PRUNE_IMPROVEMENT_TOL": 1e-06,
    "OUTDIR": "benchmark_results_walsh_article/unweighted/coarse_loader/n4/graph02_trainseed06",
    "SHOW_PLOTS": false,
    "name": "coarse_loader"
  },
  "n_qubits_register": 4,
  "graph_edges": [
    [
      0,
      1,
      1.0
    ],
    [
      0,
      3,
      1.0
    ],
    [
      1,
      2,
      1.0
    ],
    [
      1,
      3,
      1.0
    ],
    [
      2,
      3,
      1.0
    ]
  ],
  "graph_signature": "088078414915f783002f6e924a47ca164ddb929b0c303d60c8d30a073f7782ae",
  "graph_num_edges": 5,
  "graph_density": 0.8333333333333334,
  "best_cut_bruteforce": 4.0,
  "best_bitstring_bruteforce": "0101",
  "best_index_bruteforce": 5,
  "candidate_order": [
    1,
    2,
    3,
    4,
    5,
    6,
    7,
    8,
    9,
    10,
    11,
    12,
    13,
    14,
    15
  ],
  "total_possible_parameters": 15,
  "visited_parameters": 15,
  "trained_coefficients": {
    "0": 0.0,
    "1": -0.14130583339193514,
    "2": 0.14084328714043012,
    "3": 0.0,
    "4": -0.10244968067047105,
    "5": 0.0,
    "6": 0.0,
    "7": 0.12320464571412021,
    "8": 0.04729216314620618,
    "9": 0.0,
    "10": 0.0,
    "11": -0.0755426405790361,
    "12": 0.0,
    "13": 0.07836333766667344,
    "14": -0.10201086911997123,
    "15": 0.0
  },
  "final_coefficient_vector": [
    0.0,
    -0.14130583339193514,
    0.14084328714043012,
    0.0,
    -0.10244968067047105,
    0.0,
    0.0,
    0.12320464571412021,
    0.04729216314620618,
    0.0,
    0.0,
    -0.0755426405790361,
    0.0,
    0.07836333766667344,
    -0.10201086911997123,
    0.0
  ],
  "active_indices": [
    1,
    2,
    4,
    7,
    8,
    11,
    13,
    14
  ],
  "active_parameter_count": 8,
  "compression_ratio_active_over_total": 0.5333333333333333,
  "final_loss": -3.9062513724202805,
  "final_expected_cut": 3.9062513724202805,
  "best_expected_cut_over_evolution": 3.9062513724202805,
  "final_best_measured_index": 5,
  "final_best_measured_bitstring": "0101",
  "final_best_measured_cut": 4.0,
  "best_measured_cut_over_evolution": 4.0,
  "final_success_probability_ancilla_1": 0.012298288666176466,
  "final_max_postselected_probability": 0.45574445237099914,
  "gap_expected_to_bruteforce": 0.09374862757971947,
  "gap_measured_to_bruteforce": 0.0,
  "approx_ratio_measured": 1.0,
  "n_steps": 15,
  "elapsed_seconds": 32.192692279815674,
  "steps": [
    {
      "visit_idx": 1,
      "j": 1,
      "kept": true,
      "beta": -0.2288061808582983,
      "coefficient": -0.14130583339193514,
      "loss": -2.5,
      "expected_cut": 2.5,
      "best_measured_cut": 0.0,
      "success_probability_ancilla_1": 0.00280527985353622,
      "epochs_run": 7,
      "stop_reason": "loss_plateau_last5",
      "history_path": "benchmark_results_walsh_article/unweighted/coarse_loader/n4/graph02_trainseed06/histories/history_visit001_j001.json",
      "improvement_vs_previous": 2.5
    },
    {
      "visit_idx": 2,
      "j": 2,
      "kept": true,
      "beta": 0.22803093348478634,
      "coefficient": 0.14084328714043012,
      "loss": -2.999997302428369,
      "expected_cut": 2.999997302428369,
      "best_measured_cut": 3.0,
      "success_probability_ancilla_1": 0.005576604967005525,
      "epochs_run": 7,
      "stop_reason": "loss_plateau_last5",
      "history_path": "benchmark_results_walsh_article/unweighted/coarse_loader/n4/graph02_trainseed06/histories/history_visit002_j002.json",
      "improvement_vs_previous": 0.49999730242836904
    },
    {
      "visit_idx": 3,
      "j": 3,
      "kept": false,
      "beta": 0.002256963725304876,
      "coefficient": 0.0,
      "loss": -2.999997302428369,
      "expected_cut": 2.999997302428369,
      "best_measured_cut": 3.0,
      "success_probability_ancilla_1": 0.005576604967005525,
      "epochs_run": 31,
      "stop_reason": "loss_plateau_last5_and_discarded_near_zero",
      "history_path": "benchmark_results_walsh_article/unweighted/coarse_loader/n4/graph02_trainseed06/histories/history_visit003_j003.json",
      "improvement_vs_previous": 0.0
    },
    {
      "visit_idx": 4,
      "j": 4,
      "kept": true,
      "beta": -0.1645222390228803,
      "coefficient": -0.10244968067047105,
      "loss": -3.1811355170870743,
      "expected_cut": 3.1811355170870743,
      "best_measured_cut": 3.0,
      "success_probability_ancilla_1": 0.007035416135526128,
      "epochs_run": 47,
      "stop_reason": "loss_plateau_last5",
      "history_path": "benchmark_results_walsh_article/unweighted/coarse_loader/n4/graph02_trainseed06/histories/history_visit004_j004.json",
      "improvement_vs_previous": 0.18113821465870528
    },
    {
      "visit_idx": 5,
      "j": 5,
      "kept": false,
      "beta": 0.0025992910337519987,
      "coefficient": 0.0,
      "loss": -3.1811355170870743,
      "expected_cut": 3.1811355170870743,
      "best_measured_cut": 3.0,
      "success_probability_ancilla_1": 0.007035416135526128,
      "epochs_run": 33,
      "stop_reason": "loss_plateau_last5_and_discarded_near_zero",
      "history_path": "benchmark_results_walsh_article/unweighted/coarse_loader/n4/graph02_trainseed06/histories/history_visit005_j005.json",
      "improvement_vs_previous": 0.0
    },
    {
      "visit_idx": 6,
      "j": 6,
      "kept": false,
      "beta": 0.0025585190086679453,
      "coefficient": 0.0,
      "loss": -3.1811355170870743,
      "expected_cut": 3.1811355170870743,
      "best_measured_cut": 3.0,
      "success_probability_ancilla_1": 0.007035416135526128,
      "epochs_run": 29,
      "stop_reason": "loss_plateau_last5_and_discarded_near_zero",
      "history_path": "benchmark_results_walsh_article/unweighted/coarse_loader/n4/graph02_trainseed06/histories/history_visit006_j006.json",
      "improvement_vs_previous": 0.0
    },
    {
      "visit_idx": 7,
      "j": 7,
      "kept": true,
      "beta": 0.19865906511833364,
      "coefficient": 0.12320464571412021,
      "loss": -3.48274869729325,
      "expected_cut": 3.48274869729325,
      "best_measured_cut": 3.0,
      "success_probability_ancilla_1": 0.009098985818907014,
      "epochs_run": 50,
      "stop_reason": "loss_plateau_last5",
      "history_path": "benchmark_results_walsh_article/unweighted/coarse_loader/n4/graph02_trainseed06/histories/history_visit007_j007.json",
      "improvement_vs_previous": 0.3016131802061759
    },
    {
      "visit_idx": 8,
      "j": 8,
      "kept": true,
      "beta": 0.07541043729705424,
      "coefficient": 0.04729216314620618,
      "loss": -3.520482043175717,
      "expected_cut": 3.520482043175717,
      "best_measured_cut": 4.0,
      "success_probability_ancilla_1": 0.009407744578526264,
      "epochs_run": 27,
      "stop_reason": "loss_plateau_last5",
      "history_path": "benchmark_results_walsh_article/unweighted/coarse_loader/n4/graph02_trainseed06/histories/history_visit008_j008.json",
      "improvement_vs_previous": 0.03773334588246691
    },
    {
      "visit_idx": 9,