epoch,beta,coefficient,loss,expected_cut,best_measured_cut,success_probability_ancilla_1,max_postselected_probability,grad
0,-0.32046238444254377,-0.243414488011883,-5.499999999998836,5.499999999998836,2.0,0.0472232424446643,0.04621488573410206,1.973453258009064e-12
1,-0.3204624725939364,-0.24341455059566244,-5.499999999998836,5.499999999998836,2.0,0.047223249481710305,0.04621488602552865,1.969999346193691e-12
2,-0.3204625804572167,-0.243414627174048,-5.499999999998836,5.499999999998836,2.0,0.04722325809234039,0.04621488638212047,1.968047276610181e-12
3,-0.32046270489664014,-0.2434147155207905,-5.499999999998835,5.499999999998835,2.0,0.047223268026231884,0.046214886793509824,1.9660109800391825e-12
4,-0.3204628439467126,-0.24341481424046962,-5.499999999998837,5.499999999998837,2.0,0.047223279126482096,0.0462148872531979,1.9665993763397323e-12
