epoch,beta,coefficient,loss,expected_cut,best_measured_cut,success_probability_ancilla_1,max_postselected_probability,grad
0,-0.35391647955551125,-0.2669130832382657,-6.35587739895234,6.35587739895234,8.0,0.14206228400670617,0.07014291423543824,-0.11539329872995087
1,-0.3439629877028551,-0.25997526016840566,-6.356836516257911,6.356836516257911,8.0,0.14137354549907963,0.07011571109301777,-0.10283147181037097
2,-0.3341005334513391,-0.2530556511503537,-6.357656370982929,6.357656370982929,8.0,0.14070380904658575,0.07007903375391569,-0.08980066787920177
3,-0.3243874374137685,-0.24619771052871586,-6.358331909082528,6.358331909082528,8.0,0.14005701536802864,0.07003315764587945,-0.07637138152872433
4,-0.31489911194269377,-0.23945801761199678,-6.358860795242123,6.358860795242123,8.0,0.13943786705094854,0.06997872347442749,-0.06264445270361407
5,-0.3057312270268815,-0.23290878140389296,-6.359244613429513,6.359244613429513,8.0,0.1388519051951493,0.06991685124913642,-0.04875894495806661
6,-0.2970016549495981,-0.22663946209855754,-6.3594902179714925,6.3594902179714925,8.0,0.13830549877989734,0.06984925184315292,-0.0349000831392185
7,-0.2888494408635518,-0.22075617731353,-6.359610968118533,6.359610968118533,8.0,0.13780566708485928,0.06977829998622072,-0.02130513594952259
8,-0.281428605087142,-0.2153772022793055,-6.359627350119817,6.359627350119817,8.0,0.13735965080612944,0.0697070125421611,-0.008263574085296354
