epoch,beta,coefficient,loss,expected_cut,best_measured_cut,success_probability_ancilla_1,max_postselected_probability,grad
0,0.2563495299507515,0.15763127582214795,-5.499999999992397,5.499999999992397,2.0,0.007234243444238535,0.03123826647485879,-2.715996390083018e-11
1,0.2563507442073877,0.15763199074262285,-5.499999999992399,5.499999999992399,2.0,0.007234274827214525,0.031238269224858013,-2.716324799240789e-11
2,0.25635223108530614,0.15763286617431954,-5.499999999992401,5.499999999992401,2.0,0.0072343132563696955,0.03123827259182154,-2.7168407859126095e-11
3,0.2563539474544658,0.15763387672316112,-5.499999999992401,5.499999999992401,2.0,0.007234357617077241,0.031238276477830913,-2.716084833545681e-11
4,0.2563558658939687,0.15763500624418436,-5.4999999999923945,5.4999999999923945,2.0,0.007234407200717598,0.031238280820551127,-2.7163133577536915e-11
5,0.25635796704900127,0.1576362433415155,-5.499999999992399,5.499999999992399,2.0,0.007234461507141464,0.031238285575918016,-2.717368793072086e-11
6,0.2563602357330967,0.15763757907349107,-5.499999999992395,5.499999999992395,2.0,0.007234520143931174,0.03123829070931047,-2.715182872444883e-11
