epoch,beta,coefficient,loss,expected_cut,best_measured_cut,success_probability_ancilla_1,max_postselected_probability,grad
0,-0.266917590561505,-0.16383677373741296,-5.4999999999854134,5.4999999999854134,0.0,0.0037699778089425474,0.015624999999958561,1.0415191912251079e-10
1,-0.2669222446891842,-0.16383949917909693,-5.499999999985411,5.499999999985411,0.0,0.0037701030800627454,0.015624999999958554,1.0413678900321241e-10
2,-0.2669279428744406,-0.1638428360084168,-5.4999999999854134,5.4999999999854134,0.0,0.00377025645558488,0.015624999999958561,1.0414823869681367e-10
3,-0.26693452058835027,-0.16384668787306905,-5.499999999985416,5.499999999985416,0.0,0.003770433508286965,0.015624999999958568,1.0415859242059555e-10
4,-0.2669418718002368,-0.1638509926772542,-5.499999999985413,5.499999999985413,0.0,0.0037706313854601946,0.015624999999958557,1.0412097211925907e-10
5,-0.26694992192548667,-0.16385570673994465,-5.4999999999854134,5.4999999999854134,0.0,0.003770848080785399,0.015624999999958561,1.0413339617318467e-10
6,-0.26695861420009775,-0.16386079681584542,-5.499999999985416,5.499999999985416,0.0,0.0037710820675941337,0.015624999999958568,1.0413276403059798e-10
