{
  "0": 0.0,
  "1": -0.2975809318682348,
  "2": 0.2992024956160952,
  "3": 0.0,
  "4": 0.0,
  "5": 0.0,
  "6": 0.0,
  "7": 0.0,
  "8": 0.0,
  "9": 0.0,
  "10": 0.0,
  "11": 0.0,
  "12": 0.0,
  "13": 0.19814741610279393,
  "14": -0.23766890466196833,
  "15": 0.0,
  "16": 0.0,
  "17": 0.0,
  "18": 0.0,
  "19": 0.002103539406583041,
  "20": 0.0,
  "21": 0.04805846213260725,
  "22": -0.05165436634335971,
  "23": 0.0,
  "24": 0.0,
  "25": 0.022789671774510252,
  "26": -0.016724886211156573,
  "27": 0.0,
  "28": 0.0,
  "29": 0.0,
  "30": 0.0,
  "31": 0.0,
  "32": 0.0,
  "33": 0.0,
  "34": 0.0,
  "35": 0.0017921894565941195,
  "36": 0.0,
  "37": 0.027886541255202426,
  "38": -0.020171186112633903,
  "39": 0.0,
  "40": 0.0,
  "41": 0.01985157431061148,
  "42": -0.018257484652022465,
  "43": 0.0,
  "44": 0.0,
  "45": 0.0,
  "46": 0.0,
  "47": 0.0,
  "48": 0.0,
  "49": 0.06138211251209676,
  "50": -0.0962724126459558,
  "51": 0.0,
  "52": 0.0,
  "53": 0.0,
  "54": 0.0,
  "55": 0.0,
  "56": 0.0,
  "57": 0.0,
  "58": 0.0,
  "59": 0.0,
  "60": 0.0,
  "61": -0.16458156867893897,
  "62": 0.19316856028505347,
  "63": 0.0
}