epoch,beta,coefficient,loss,expected_cut,best_measured_cut,success_probability_ancilla_1,max_postselected_probability,grad
0,-0.3987621901528183,-0.2975789967456282,-1.4999999999993179,1.4999999999993179,0.0,0.02197542796305208,0.06249999999997158,3.0617645858609173e-12
1,-0.3987623270677861,-0.29757908884129197,-1.4999999999993174,1.4999999999993174,0.0,0.021975441464576355,0.062499999999971564,3.062818627378085e-12
2,-0.3987624947231589,-0.2975792016144336,-1.4999999999993172,1.4999999999993172,0.0,0.021975457997491742,0.06249999999997155,3.062908589834138e-12
3,-0.3987626882724412,-0.2975793318050578,-1.4999999999993174,1.4999999999993174,0.0,0.02197547708387523,0.062499999999971564,3.062886252561259e-12
4,-0.39876290461728453,-0.29757947732905815,-1.4999999999993172,1.4999999999993172,0.0,0.021975498418192817,0.06249999999997155,3.0629131140408437e-12
