{
  "config": {
    "N_VERTICES": 4,
    "PROB_ARESTA": 0.55,
    "COM_PESO": false,
    "PESO_MIN": 1,
    "PESO_MAX": 1,
    "GRAPH_SEED": 105087,
    "GRAPH_EDGES": [
      [
        0,
        1,
        1.0
      ],
      [
        1,
        2,
        1.0
      ],
      [
        1,
        3,
        1.0
      ]
    ],
    "REVERSE_BITS": false,
    "ER": 1.0,
    "MAX_TERMS": null,
    "A_MAX": 0.7853981633974483,
    "INIT_BETA": 0.35,
    "MAX_EPOCHS": 200,
    "LR": 0.01,
    "FD_EPS": 0.01,
    "LOSS_TOL_LAST5": 0.001,
    "PATIENCE_LAST5": 5,
    "TRAIN_SEED": 6,
    "INIT_BETA_JITTER": 0.05,
    "OPTIMIZER": "adam",
    "ADAM_BETA1": 0.9,
    "ADAM_BETA2": 0.999,
    "ADAM_EPS": 1e-08,
    "COEF_ZERO_TOL": 0.001,
    "IMPROVEMENT_TOL": 0.001,
    "SATURATION_PATIENCE": 100,
    "INDEX_STRATEGY": "ascending",
    "INDEX_RANDOM_SEED": 42,
    "ENABLE_BACKWARD_PRUNING": true,
    "BACKWARD_PASSES": 2,
    "PRUNE_IMPROVEMENT_TOL": 0.0001,
    "OUTDIR": "benchmark_results_walsh_article/unweighted/with_pruning/n4/graph09_trainseed06",
    "SHOW_PLOTS": false,
    "name": "with_pruning"
  },
  "n_qubits_register": 4,
  "graph_edges": [
    [
      0,
      1,
      1.0
    ],
    [
      1,
      2,
      1.0
    ],
    [
      1,
      3,
      1.0
    ]
  ],
  "graph_signature": "e05b7736fa85fadb9e519d205bc71874029e7ff2544024339aba6060afa201c5",
  "graph_num_edges": 3,
  "graph_density": 0.5,
  "best_cut_bruteforce": 3.0,
  "best_bitstring_bruteforce": "0100",
  "best_index_bruteforce": 4,
  "candidate_order": [
    1,
    2,
    3,
    4,
    5,
    6,
    7,
    8,
    9,
    10,
    11,
    12,
    13,
    14,
    15
  ],
  "total_possible_parameters": 15,
  "visited_parameters": 15,
  "trained_coefficients": {
    "0": 0.0,
    "1": -0.23926208750720807,
    "2": 0.23921014131278823,
    "3": 0.0,
    "4": -0.16774992419561896,
    "5": 0.0,
    "6": 0.0,
    "7": 0.2016489342410965,
    "8": -0.10234010870298664,
    "9": 0.0,
    "10": 0.0,
    "11": 0.13470505163301397,
    "12": 0.0,
    "13": -0.12712496942580592,
    "14": 0.1402713867464441,
    "15": 0.0
  },
  "final_coefficient_vector": [
    0.0,
    -0.23926208750720807,
    0.23921014131278823,
    0.0,
    -0.16774992419561896,
    0.0,
    0.0,
    0.2016489342410965,
    -0.10234010870298664,
    0.0,
    0.0,
    0.13470505163301397,
    0.0,
    -0.12712496942580592,
    0.1402713867464441,
    0.0
  ],
  "active_indices": [
    1,
    2,
    4,
    7,
    8,
    11,
    13,
    14
  ],
  "active_parameter_count": 8,
  "compression_ratio_active_over_total": 0.5333333333333333,
  "final_loss": -2.8927966540138543,
  "final_expected_cut": 2.8927966540138543,
  "best_expected_cut_over_evolution": 2.892777742590158,
  "final_best_measured_index": 4,
  "final_best_measured_bitstring": "0100",
  "final_best_measured_cut": 3.0,
  "best_measured_cut_over_evolution": 3.0,
  "final_success_probability_ancilla_1": 0.05369892196583957,
  "final_max_postselected_probability": 0.4558112675796092,
  "gap_expected_to_bruteforce": 0.10720334598614567,
  "gap_measured_to_bruteforce": 0.0,
  "approx_ratio_measured": 1.0,
  "n_steps": 15,
  "elapsed_seconds": 8.956075191497803,
  "steps": [
    {
      "visit_idx": 1,
      "j": 1,
      "kept": true,
      "beta": -0.3146241030792345,
      "coefficient": -0.23926208750720807,
      "loss": -1.5,
      "expected_cut": 1.5,
      "best_measured_cut": 0.0,
      "success_probability_ancilla_1": 0.014243442940120523,
      "epochs_run": 5,
      "stop_reason": "loss_plateau_last5",
      "history_path": "benchmark_results_walsh_article/unweighted/with_pruning/n4/graph09_trainseed06/histories/history_visit001_j001.json",
      "improvement_vs_previous": 1.5
    },
    {
      "visit_idx": 2,
      "j": 2,
      "kept": true,
      "beta": 0.3145511987667844,
      "coefficient": 0.23921014131278823,
      "loss": -1.9999999879857868,
      "expected_cut": 1.9999999879857868,
      "best_measured_cut": 3.0,
      "success_probability_ancilla_1": 0.02807515527223009,
      "epochs_run": 5,
      "stop_reason": "loss_plateau_last5",
      "history_path": "benchmark_results_walsh_article/unweighted/with_pruning/n4/graph09_trainseed06/histories/history_visit002_j002.json",
      "improvement_vs_previous": 0.4999999879857868
    },
    {
      "visit_idx": 3,
      "j": 3,
      "kept": true,
      "beta": 0.001540606708960792,
      "coefficient": 0.001209988722445491,
      "loss": -1.9999934695246018,
      "expected_cut": 1.9999934695246018,
      "best_measured_cut": 3.0,
      "success_probability_ancilla_1": 0.028075500738330744,
      "epochs_run": 41,
      "stop_reason": "loss_plateau_last5",
      "history_path": "benchmark_results_walsh_article/unweighted/with_pruning/n4/graph09_trainseed06/histories/history_visit003_j003.json",
      "improvement_vs_previous": -6.51846118504551e-06
    },
    {
      "visit_idx": 4,
      "j": 4,
      "kept": true,
      "beta": -0.21692558968730932,
      "coefficient": -0.16774992419561896,
      "loss": -2.1757568160362117,
      "expected_cut": 2.1757568160362117,
      "best_measured_cut": 3.0,
      "success_probability_ancilla_1": 0.034699930998848584,
      "epochs_run": 62,
      "stop_reason": "loss_plateau_last5",
      "history_path": "benchmark_results_walsh_article/unweighted/with_pruning/n4/graph09_trainseed06/histories/history_visit004_j004.json",
      "improvement_vs_previous": 0.17576334651160996
    },
    {
      "visit_idx": 5,
      "j": 5,
      "kept": false,
      "beta": -0.00021092208294562834,
      "coefficient": 0.0,
      "loss": -2.1757568160362117,
      "expected_cut": 2.1757568160362117,
      "best_measured_cut": 3.0,
      "success_probability_ancilla_1": 0.034699930998848584,
      "epochs_run": 44,
      "stop_reason": "loss_plateau_last5_and_discarded_near_zero",
      "history_path": "benchmark_results_walsh_article/unweighted/with_pruning/n4/graph09_trainseed06/histories/history_visit005_j005.json",
      "improvement_vs_previous": 0.0
    },
    {
      "visit_idx": 6,
      "j": 6,
      "kept": false,
      "beta": 0.0008357620854992165,
      "coefficient": 0.0,
      "loss": -2.1757568160362117,
      "expected_cut": 2.1757568160362117,
      "best_measured_cut": 3.0,
      "success_probability_ancilla_1": 0.034699930998848584,
      "epochs_run": 37,
      "stop_reason": "loss_plateau_last5_and_discarded_near_zero",
      "history_path": "benchmark_results_walsh_article/unweighted/with_pruning/n4/graph09_trainseed06/histories/history_visit006_j006.json",
      "improvement_vs_previous": 0.0
    },
    {
      "visit_idx": 7,
      "j": 7,
      "kept": true,
      "beta": 0.2626231338940005,
      "coefficient": 0.2016489342410965,
      "loss": -2.4778088971203904,
      "expected_cut": 2.4778088971203904,
      "best_measured_cut": 3.0,
      "success_probability_ancilla_1": 0.043189157027789055,
      "epochs_run": 68,
      "stop_reason": "loss_plateau_last5",
      "history_path": "benchmark_results_walsh_article/unweighted/with_pruning/n4/graph09_trainseed06/histories/history_visit007_j007.json",
      "improvement_vs_previous": 0.3020520810841787
    },
    {
      "visit_idx": 8,
      "j": 8,
      "kept": true,
      "beta": -0.13104855270569157,
      "coefficient": -0.10234010870298664,
      "loss": -2.5419691412572822,
      "expected_cut": 2.5419691412572822,
      "best_measured_cut": 3.0,
      "success_probability_ancilla_1": 0.04557927355226617,
      "epochs_run": 52,
      "stop_reason": "loss_plateau_last5",
      "history_path": "benchmark_results_walsh_article/unweighted/with_pruning/n4/graph09_trainseed06/histories/history_visit008_j008.json",
      "improvement_vs_previous": 0.06416024413689181
    },
    {
      "visit_idx": 9,
      "j": 9,
      "kept": false,
      "beta": 0.0009710090397437822,
      "coefficient": 0.0,
      "loss": -2.5419691412572822,
      "expected_cut": 2.5419691412572822,