{
  "config": {
    "N_VERTICES": 4,
    "PROB_ARESTA": 0.85,
    "COM_PESO": false,
    "PESO_MIN": 1,
    "PESO_MAX": 1,
    "GRAPH_SEED": 104271,
    "GRAPH_EDGES": [
      [
        0,
        1,
        1.0
      ],
      [
        0,
        2,
        1.0
      ],
      [
        0,
        3,
        1.0
      ],
      [
        1,
        3,
        1.0
      ],
      [
        2,
        3,
        1.0
      ]
    ],
    "REVERSE_BITS": false,
    "ER": 0.75,
    "MAX_TERMS": null,
    "A_MAX": 0.6283185307179586,
    "INIT_BETA": 0.25,
    "MAX_EPOCHS": 200,
    "LR": 0.01,
    "FD_EPS": 0.01,
    "LOSS_TOL_LAST5": 0.002,
    "PATIENCE_LAST5": 7,
    "TRAIN_SEED": 3,
    "INIT_BETA_JITTER": 0.03,
    "OPTIMIZER": "adam",
    "ADAM_BETA1": 0.9,
    "ADAM_BETA2": 0.999,
    "ADAM_EPS": 1e-08,
    "COEF_ZERO_TOL": 0.002,
    "IMPROVEMENT_TOL": 0.002,
    "SATURATION_PATIENCE": 60,
    "INDEX_STRATEGY": "ascending",
    "INDEX_RANDOM_SEED": 42,
    "ENABLE_BACKWARD_PRUNING": false,
    "BACKWARD_PASSES": 1,
    "PRUNE_IMPROVEMENT_TOL": 1e-06,
    "OUTDIR": "benchmark_results_walsh_article/unweighted/coarse_loader/n4/graph01_trainseed03",
    "SHOW_PLOTS": false,
    "name": "coarse_loader"
  },
  "n_qubits_register": 4,
  "graph_edges": [
    [
      0,
      1,
      1.0
    ],
    [
      0,
      2,
      1.0
    ],
    [
      0,
      3,
      1.0
    ],
    [
      1,
      3,
      1.0
    ],
    [
      2,
      3,
      1.0
    ]
  ],
  "graph_signature": "36d4961c72903175cef8219a78618293792cc3cd1b729b430a90aa47da048173",
  "graph_num_edges": 5,
  "graph_density": 0.8333333333333334,
  "best_cut_bruteforce": 4.0,
  "best_bitstring_bruteforce": "0110",
  "best_index_bruteforce": 6,
  "candidate_order": [
    1,
    2,
    3,
    4,
    5,
    6,
    7,
    8,
    9,
    10,
    11,
    12,
    13,
    14,
    15
  ],
  "total_possible_parameters": 15,
  "visited_parameters": 15,
  "trained_coefficients": {
    "0": 0.0,
    "1": -0.13912067826546415,
    "2": 0.13960235320099385,
    "3": 0.0,
    "4": 0.10343957668694795,
    "5": 0.0,
    "6": 0.0,
    "7": -0.12549748182814702,
    "8": -0.04973186245592442,
    "9": 0.0,
    "10": 0.0,
    "11": 0.07595098797570582,
    "12": 0.0,
    "13": 0.0832458225964565,
    "14": -0.09725635452443619,
    "15": 0.0
  },
  "final_coefficient_vector": [
    0.0,
    -0.13912067826546415,
    0.13960235320099385,
    0.0,
    0.10343957668694795,
    0.0,
    0.0,
    -0.12549748182814702,
    -0.04973186245592442,
    0.0,
    0.0,
    0.07595098797570582,
    0.0,
    0.0832458225964565,
    -0.09725635452443619,
    0.0
  ],
  "active_indices": [
    1,
    2,
    4,
    7,
    8,
    11,
    13,
    14
  ],
  "active_parameter_count": 8,
  "compression_ratio_active_over_total": 0.5333333333333333,
  "final_loss": -3.91246515125669,
  "final_expected_cut": 3.91246515125669,
  "best_expected_cut_over_evolution": 3.91246515125669,
  "final_best_measured_index": 6,
  "final_best_measured_bitstring": "0110",
  "final_best_measured_cut": 4.0,
  "best_measured_cut_over_evolution": 4.0,
  "final_success_probability_ancilla_1": 0.012286965863806782,
  "final_max_postselected_probability": 0.45925681764400583,
  "gap_expected_to_bruteforce": 0.08753484874331008,
  "gap_measured_to_bruteforce": 0.0,
  "approx_ratio_measured": 1.0,
  "n_steps": 15,
  "elapsed_seconds": 12.549865961074829,
  "steps": [
    {
      "visit_idx": 1,
      "j": 1,
      "kept": true,
      "beta": -0.22514612795096672,
      "coefficient": -0.13912067826546415,
      "loss": -2.5,
      "expected_cut": 2.5,
      "best_measured_cut": 0.0,
      "success_probability_ancilla_1": 0.0027192670535533805,
      "epochs_run": 7,
      "stop_reason": "loss_plateau_last5",
      "history_path": "benchmark_results_walsh_article/unweighted/coarse_loader/n4/graph01_trainseed03/histories/history_visit001_j001.json",
      "improvement_vs_previous": 2.5
    },
    {
      "visit_idx": 2,
      "j": 2,
      "kept": true,
      "beta": 0.22595240260848806,
      "coefficient": 0.13960235320099385,
      "loss": -2.9999970026106513,
      "expected_cut": 2.9999970026106513,
      "best_measured_cut": 2.0,
      "success_probability_ancilla_1": 0.00544248788859275,
      "epochs_run": 7,
      "stop_reason": "loss_plateau_last5",
      "history_path": "benchmark_results_walsh_article/unweighted/coarse_loader/n4/graph01_trainseed03/histories/history_visit002_j002.json",
      "improvement_vs_previous": 0.4999970026106513
    },
    {
      "visit_idx": 3,
      "j": 3,
      "kept": false,
      "beta": -0.0005892776442953645,
      "coefficient": 0.0,
      "loss": -2.9999970026106513,
      "expected_cut": 2.9999970026106513,
      "best_measured_cut": 2.0,
      "success_probability_ancilla_1": 0.00544248788859275,
      "epochs_run": 32,
      "stop_reason": "loss_plateau_last5_and_discarded_near_zero",
      "history_path": "benchmark_results_walsh_article/unweighted/coarse_loader/n4/graph01_trainseed03/histories/history_visit003_j003.json",
      "improvement_vs_previous": 0.0
    },
    {
      "visit_idx": 4,
      "j": 4,
      "kept": true,
      "beta": 0.16614116636354728,
      "coefficient": 0.10343957668694795,
      "loss": -3.1810911543108125,
      "expected_cut": 3.1810911543108125,
      "best_measured_cut": 4.0,
      "success_probability_ancilla_1": 0.006930015280335319,
      "epochs_run": 14,
      "stop_reason": "loss_plateau_last5",
      "history_path": "benchmark_results_walsh_article/unweighted/coarse_loader/n4/graph01_trainseed03/histories/history_visit004_j004.json",
      "improvement_vs_previous": 0.1810941517001612
    },
    {
      "visit_idx": 5,
      "j": 5,
      "kept": false,
      "beta": 0.0012769742889521228,
      "coefficient": 0.0,
      "loss": -3.1810911543108125,
      "expected_cut": 3.1810911543108125,
      "best_measured_cut": 4.0,
      "success_probability_ancilla_1": 0.006930015280335319,
      "epochs_run": 32,
      "stop_reason": "loss_plateau_last5_and_discarded_near_zero",
      "history_path": "benchmark_results_walsh_article/unweighted/coarse_loader/n4/graph01_trainseed03/histories/history_visit005_j005.json",
      "improvement_vs_previous": 0.0
    },
    {
      "visit_idx": 6,
      "j": 6,
      "kept": false,
      "beta": -0.000984260326839818,
      "coefficient": 0.0,
      "loss": -3.1810911543108125,
      "expected_cut": 3.1810911543108125,
      "best_measured_cut": 4.0,
      "success_probability_ancilla_1": 0.006930015280335319,
      "epochs_run": 28,
      "stop_reason": "loss_plateau_last5_and_discarded_near_zero",
      "history_path": "benchmark_results_walsh_article/unweighted/coarse_loader/n4/graph01_trainseed03/histories/history_visit006_j006.json",
      "improvement_vs_previous": 0.0
    },
    {
      "visit_idx": 7,
      "j": 7,
      "kept": true,
      "beta": -0.20245699192791264,
      "coefficient": -0.12549748182814702,
      "loss": -3.4848204434845003,
      "expected_cut": 3.4848204434845003,
      "best_measured_cut": 4.0,
      "success_probability_ancilla_1": 0.009072853700960294,
      "epochs_run": 17,
      "stop_reason": "loss_plateau_last5",
      "history_path": "benchmark_results_walsh_article/unweighted/coarse_loader/n4/graph01_trainseed03/histories/history_visit007_j007.json",
      "improvement_vs_previous": 0.3037292891736878
    },
    {
      "visit_idx": 8,
      "j": 8,
      "kept": true,
      "beta": -0.0793166302445733,
      "coefficient": -0.04973186245592442,
      "loss": -3.523364400181496,
      "expected_cut": 3.523364400181496,
      "best_measured_cut": 4.0,
      "success_probability_ancilla_1": 0.009414304926824584,
      "epochs_run": 40,
      "stop_reason": "loss_plateau_last5",
      "history_path": "benchmark_results_walsh_article/unweighted/coarse_loader/n4/graph01_trainseed03/histories/history_visit008_j008.json",
      "improvement_vs_previous": 0.03854395669699562
    },
    {
      "visit_idx": 9,