epoch,beta,coefficient,loss,expected_cut,best_measured_cut,success_probability_ancilla_1,max_postselected_probability,grad
0,-0.23802801475903218,-0.14679548095035577,-3.480630418716081,3.480630418716081,4.0,0.012284924789796842,0.24581383591768444,0.0271138444872643
1,-0.23447626587509232,-0.14468391935882496,-3.4807685627356233,3.4807685627356233,4.0,0.012201200128043427,0.24576395851045466,-0.052677674597623625
2,-0.22946272857159103,-0.14169743217500932,-3.4807934203784825,3.4807934203784825,4.0,0.012084873004307327,0.24565977817027784,-0.024991777339405562
3,-0.2268156636459904,-0.14011788097355443,-3.4807240330133116,3.4807240330133116,4.0,0.012024337339265112,0.2455884175979012,0.01531529176523631
4,-0.22754332644338957,-0.14055227720302332,-3.4807488827746713,3.4807488827746713,4.0,0.012040917132039322,0.2456091779771913,0.03717756931188248
5,-0.23010862558959436,-0.14208256519800383,-3.4808016081129822,3.4808016081129822,4.0,0.012099736910079215,0.2456754584727335,0.03112770448592292
6,-0.23294904510990277,-0.14377490108054897,-3.4807974881114356,3.4807974881114356,4.0,0.01216553370575137,0.24573645913822936,0.010041757615463257
