{
  "config": {
    "N_VERTICES": 4,
    "PROB_ARESTA": 0.7,
    "COM_PESO": false,
    "PESO_MIN": 1,
    "PESO_MAX": 1,
    "GRAPH_SEED": 104986,
    "GRAPH_EDGES": [
      [
        0,
        2,
        1.0
      ],
      [
        0,
        3,
        1.0
      ]
    ],
    "REVERSE_BITS": false,
    "ER": 0.75,
    "MAX_TERMS": null,
    "A_MAX": 0.6283185307179586,
    "INIT_BETA": 0.25,
    "MAX_EPOCHS": 200,
    "LR": 0.01,
    "FD_EPS": 0.01,
    "LOSS_TOL_LAST5": 0.002,
    "PATIENCE_LAST5": 7,
    "TRAIN_SEED": 4,
    "INIT_BETA_JITTER": 0.03,
    "OPTIMIZER": "adam",
    "ADAM_BETA1": 0.9,
    "ADAM_BETA2": 0.999,
    "ADAM_EPS": 1e-08,
    "COEF_ZERO_TOL": 0.002,
    "IMPROVEMENT_TOL": 0.002,
    "SATURATION_PATIENCE": 60,
    "INDEX_STRATEGY": "ascending",
    "INDEX_RANDOM_SEED": 42,
    "ENABLE_BACKWARD_PRUNING": false,
    "BACKWARD_PASSES": 1,
    "PRUNE_IMPROVEMENT_TOL": 1e-06,
    "OUTDIR": "benchmark_results_walsh_article/unweighted/coarse_loader/n4/graph08_trainseed04",
    "SHOW_PLOTS": false,
    "name": "coarse_loader"
  },
  "n_qubits_register": 4,
  "graph_edges": [
    [
      0,
      2,
      1.0
    ],
    [
      0,
      3,
      1.0
    ]
  ],
  "graph_signature": "2cf81b7f6c28153cc1763d3712042bf1e2dce228b62300b14a9509084e53b32c",
  "graph_num_edges": 2,
  "graph_density": 0.3333333333333333,
  "best_cut_bruteforce": 2.0,
  "best_bitstring_bruteforce": "0011",
  "best_index_bruteforce": 3,
  "candidate_order": [
    1,
    2,
    3,
    4,
    5,
    6,
    7,
    8,
    9,
    10,
    11,
    12,
    13,
    14,
    15
  ],
  "total_possible_parameters": 15,
  "visited_parameters": 15,
  "trained_coefficients": {
    "0": 0.0,
    "1": -0.1595063643527662,
    "2": 0.1454091599643911,
    "3": -0.1433750475808278,
    "4": 0.2514714505557861,
    "5": 0.0,
    "6": 0.17741609851544815,
    "7": -0.1531942375032434,
    "8": 0.13612981344236852,
    "9": 0.007171716227697882,
    "10": 0.11508825882030196,
    "11": -0.11020271517046923,
    "12": -0.011346166503470489,
    "13": -0.2319789312245199,
    "14": 0.1448864021959843,
    "15": -0.15131592805168737
  },
  "final_coefficient_vector": [
    0.0,
    -0.1595063643527662,
    0.1454091599643911,
    -0.1433750475808278,
    0.2514714505557861,
    0.0,
    0.17741609851544815,
    -0.1531942375032434,
    0.13612981344236852,
    0.007171716227697882,
    0.11508825882030196,
    -0.11020271517046923,
    -0.011346166503470489,
    -0.2319789312245199,
    0.1448864021959843,
    -0.15131592805168737
  ],
  "active_indices": [
    1,
    2,
    3,
    4,
    6,
    7,
    8,
    9,
    10,
    11,
    12,
    13,
    14,
    15
  ],
  "active_parameter_count": 14,
  "compression_ratio_active_over_total": 0.9333333333333333,
  "final_loss": -1.9563368628986055,
  "final_expected_cut": 1.9563368628986055,
  "best_expected_cut_over_evolution": 1.9563368628986055,
  "final_best_measured_index": 8,
  "final_best_measured_bitstring": "1000",
  "final_best_measured_cut": 2.0,
  "best_measured_cut_over_evolution": 2.0,
  "final_success_probability_ancilla_1": 0.04062292785676441,
  "final_max_postselected_probability": 0.658341684662249,
  "gap_expected_to_bruteforce": 0.04366313710139447,
  "gap_measured_to_bruteforce": 0.0,
  "approx_ratio_measured": 1.0,
  "n_steps": 15,
  "elapsed_seconds": 21.69424319267273,
  "steps": [
    {
      "visit_idx": 1,
      "j": 1,
      "kept": true,
      "beta": -0.2595368303585599,
      "coefficient": -0.1595063643527662,
      "loss": -1.0,
      "expected_cut": 1.0,
      "best_measured_cut": 0.0,
      "success_probability_ancilla_1": 0.003573555764257883,
      "epochs_run": 7,
      "stop_reason": "loss_plateau_last5",
      "history_path": "benchmark_results_walsh_article/unweighted/coarse_loader/n4/graph08_trainseed04/histories/history_visit001_j001.json",
      "improvement_vs_previous": 1.0
    },
    {
      "visit_idx": 2,
      "j": 2,
      "kept": true,
      "beta": 0.23569549650373528,
      "coefficient": 0.1454091599643911,
      "loss": -1.0,
      "expected_cut": 1.0,
      "best_measured_cut": 0.0,
      "success_probability_ancilla_1": 0.006522730405315018,
      "epochs_run": 7,
      "stop_reason": "loss_plateau_last5",
      "history_path": "benchmark_results_walsh_article/unweighted/coarse_loader/n4/graph08_trainseed04/histories/history_visit002_j002.json",
      "improvement_vs_previous": 0.0
    },
    {
      "visit_idx": 3,
      "j": 3,
      "kept": true,
      "beta": -0.23227759869807624,
      "coefficient": -0.1433750475808278,
      "loss": -1.0,
      "expected_cut": 1.0,
      "best_measured_cut": 2.0,
      "success_probability_ancilla_1": 0.00937301559294166,
      "epochs_run": 7,
      "stop_reason": "loss_plateau_last5",
      "history_path": "benchmark_results_walsh_article/unweighted/coarse_loader/n4/graph08_trainseed04/histories/history_visit003_j003.json",
      "improvement_vs_previous": 0.0
    },
    {
      "visit_idx": 4,
      "j": 4,
      "kept": true,
      "beta": 0.42392186954836863,
      "coefficient": 0.2514714505557861,
      "loss": -1.3058961855554652,
      "expected_cut": 1.3058961855554652,
      "best_measured_cut": 2.0,
      "success_probability_ancilla_1": 0.018073302711826805,
      "epochs_run": 20,
      "stop_reason": "loss_plateau_last5",
      "history_path": "benchmark_results_walsh_article/unweighted/coarse_loader/n4/graph08_trainseed04/histories/history_visit004_j004.json",
      "improvement_vs_previous": 0.30589618555546516
    },
    {
      "visit_idx": 5,
      "j": 5,
      "kept": false,
      "beta": -0.0018427837934366798,
      "coefficient": 0.0,
      "loss": -1.3058961855554652,
      "expected_cut": 1.3058961855554652,
      "best_measured_cut": 2.0,
      "success_probability_ancilla_1": 0.018073302711826805,
      "epochs_run": 28,
      "stop_reason": "loss_plateau_last5_and_discarded_near_zero",
      "history_path": "benchmark_results_walsh_article/unweighted/coarse_loader/n4/graph08_trainseed04/histories/history_visit005_j005.json",
      "improvement_vs_previous": 0.0
    },
    {
      "visit_idx": 6,
      "j": 6,
      "kept": true,
      "beta": 0.29025173232392415,
      "coefficient": 0.17741609851544815,
      "loss": -1.4027327476095643,
      "expected_cut": 1.4027327476095643,
      "best_measured_cut": 2.0,
      "success_probability_ancilla_1": 0.022175038667027126,
      "epochs_run": 7,
      "stop_reason": "loss_plateau_last5",
      "history_path": "benchmark_results_walsh_article/unweighted/coarse_loader/n4/graph08_trainseed04/histories/history_visit006_j006.json",
      "improvement_vs_previous": 0.09683656205409918
    },
    {
      "visit_idx": 7,
      "j": 7,
      "kept": true,
      "beta": -0.2488275240461304,
      "coefficient": -0.1531942375032434,
      "loss": -1.472911033935154,
      "expected_cut": 1.472911033935154,
      "best_measured_cut": 2.0,
      "success_probability_ancilla_1": 0.025101256764941474,
      "epochs_run": 7,
      "stop_reason": "loss_plateau_last5",
      "history_path": "benchmark_results_walsh_article/unweighted/coarse_loader/n4/graph08_trainseed04/histories/history_visit007_j007.json",
      "improvement_vs_previous": 0.07017828632558976
    },
    {
      "visit_idx": 8,
      "j": 8,
      "kept": true,
      "beta": 0.22014612015241752,
      "coefficient": 0.13612981344236852,
      "loss": -1.5291553599794696,
      "expected_cut": 1.5291553599794696,
      "best_measured_cut": 2.0,
      "success_probability_ancilla_1": 0.02757424906897401,
      "epochs_run": 7,
      "stop_reason": "loss_plateau_last5",
      "history_path": "benchmark_results_walsh_article/unweighted/coarse_loader/n4/graph08_trainseed04/histories/history_visit008_j008.json",
      "improvement_vs_previous": 0.05624432604431551
    },
    {
      "visit_idx": 9,
      "j": 9,
      "kept": true,
      "beta": 0.011414636607685534,
      "coefficient": 0.007171716227697882,