epoch,beta,coefficient,loss,expected_cut,best_measured_cut,success_probability_ancilla_1,max_postselected_probability,grad
0,-0.5730436633738667,-0.5420200815850159,-1.499999999999864,1.499999999999864,0.0,0.11043673279517813,0.06249999999999434,3.690856456472991e-13
1,-0.5730436799101194,-0.5420200942625802,-1.4999999999998637,1.4999999999998637,0.0,0.11043673776214244,0.062499999999994324,3.7054730182530506e-13
2,-0.5730437001713831,-0.5420201097959345,-1.4999999999998646,1.4999999999998646,0.0,0.11043674384798154,0.06249999999999435,3.7053032326584853e-13
3,-0.5730437235398039,-0.542020127711399,-1.499999999999864,1.499999999999864,0.0,0.11043675086711187,0.06249999999999435,3.689387674391926e-13
4,-0.5730437496550036,-0.5420201477326885,-1.4999999999998646,1.4999999999998646,0.0,0.11043675871128733,0.06249999999999435,3.694781640860639e-13
