epoch,beta,coefficient,loss,expected_cut,best_measured_cut,success_probability_ancilla_1,max_postselected_probability,grad
0,0.23219889135533717,0.14332816848844113,-3.9999999999936784,3.9999999999936784,3.0,0.006326844068634859,0.031185411412846975,-2.378740999661267e-11
1,0.23219995464951515,0.1433288018111685,-3.999999999993679,3.999999999993679,3.0,0.006326869373088392,0.031185417669953787,-2.3781797115168668e-11
2,0.23220125652675996,0.14332957723909767,-3.999999999993676,3.999999999993676,3.0,0.006326900355516803,0.031185425330586696,-2.3782959274024264e-11
3,0.23220275945204477,0.14333047241527525,-3.999999999993679,3.999999999993679,3.0,0.0063269361227258495,0.031185434173629935,-2.3786782043288904e-11
4,0.2322044391618263,0.14333147288755765,-3.999999999993678,3.999999999993678,3.0,0.006326976097356425,0.031185444056071824,-2.3775339582176793e-11
5,0.23220627862849277,0.1433325685136932,-3.999999999993677,3.999999999993677,3.0,0.006327019874250397,0.03118545487748471,-2.3777958897037665e-11
6,0.23220826502366695,0.14333375165259357,-3.999999999993678,3.999999999993678,3.0,0.006327067148183223,0.031185466562153694,-2.3785837320925444e-11
