epoch,beta,coefficient,loss,expected_cut,best_measured_cut,success_probability_ancilla_1,max_postselected_probability,grad
0,-0.23269700945289232,-0.14362482554447334,-4.433013609254564,4.433013609254564,4.0,0.03408945928916489,0.07415980422368934,-0.05933382744476073
1,-0.22281148113451196,-0.137724973322614,-4.4334269027292486,4.4334269027292486,4.0,0.03387509413015354,0.07387900024073785,-0.04772828870488827
2,-0.21317695044879958,-0.13195025719376993,-4.433714393654039,4.433714393654039,4.0,0.03367411387279585,0.07358436131340473,-0.03581573270448685
3,-0.20400031869566726,-0.12642820950816913,-4.433878859385023,4.433878859385023,4.0,0.0334901088583236,0.0732841933989089,-0.02379756608582502
4,-0.19557400881213535,-0.12133965646056816,-4.433933143516944,4.433933143516944,4.0,0.03332763276822803,0.07299157774904848,-0.011989331321744385
5,-0.18826166006622402,-0.11691034573459559,-4.433903314541383,4.433903314541383,4.0,0.03319173926499964,0.07272433555554253,-0.0008486138747155579
6,-0.18242637115025284,-0.11336705566199831,-4.433827182233173,4.433827182233173,4.0,0.03308673808940536,0.0725021391114169,0.009040620954186758
