epoch,beta,coefficient,loss,expected_cut,best_measured_cut,success_probability_ancilla_1,max_postselected_probability,grad
0,0.32216805064878573,0.2446247982995894,-2.889942195863477,2.889942195863477,4.0,0.10501424742076862,0.17640539041215683,-0.07310697649485894
1,0.3320939647308109,0.2516423888344044,-2.89050767998381,2.89050767998381,4.0,0.10583575884582556,0.1769315629034457,-0.062216149676184614
2,0.34188043451733463,0.2585178374683128,-2.8909657332251872,2.8909657332251872,4.0,0.10665945613553492,0.1774135059067527,-0.05178860267538751
3,0.35144824971911476,0.26519699444748895,-2.891321580593908,2.891321580593908,4.0,0.10747744266258352,0.17785033926841434,-0.041883181953023534
4,0.36070391625243453,0.27161731935135175,-2.891582532105624,2.891582532105624,4.0,0.10828023694477414,0.17824156078041278,-0.0325606745774485
5,0.3695407658057918,0.2777089049424504,-2.8917581197466,2.8917581197466,4.0,0.10905685422867217,0.17858715288954916,-0.02388241441505636
6,0.3778423740258571,0.28339696849285173,-2.8918600457073755,2.8918600457073755,4.0,0.10979512421938928,0.178887689200087,-0.01590800123726057
