epoch,beta,coefficient,loss,expected_cut,best_measured_cut,success_probability_ancilla_1,max_postselected_probability,grad
0,-0.30853222852534945,-0.23491355058259925,-2.49999999999818,2.49999999999818,0.0,0.013732766580491239,0.06249999999995451,1.1033135070147937e-11
1,-0.30853272175959423,-0.23491390331173398,-2.4999999999981783,2.4999999999981783,0.0,0.013732807630946179,0.06249999999995447,1.1031653801684046e-11
2,-0.3085333257516421,-0.23491433524752256,-2.4999999999981792,2.4999999999981792,0.0,0.013732857899517592,0.06249999999995448,1.1035505994555144e-11
3,-0.30853402301189764,-0.2349148338824668,-2.49999999999818,2.49999999999818,0.0,0.013732915930631688,0.062499999999954495,1.1034124105194037e-11
4,-0.30853480237304653,-0.2349153912303556,-2.49999999999818,2.49999999999818,0.0,0.013732980794898934,0.062499999999954495,1.1033792838201188e-11
