epoch,beta,coefficient,loss,expected_cut,best_measured_cut,success_probability_ancilla_1,max_postselected_probability,grad
0,0.33992293019610664,0.2571461039670558,-2.9393359837908966,2.9393359837908966,3.0,0.12264148803212474,0.22215967013162424,0.05360302761860121
1,0.32999469494473427,0.25016188931883915,-2.9397506105843902,2.9397506105843902,3.0,0.12195763122089524,0.2216313478717536,0.045782180672149356
2,0.32021415233911854,0.24323824010339887,-2.9400789203568856,2.9400789203568856,3.0,0.12129790593370116,0.2210702239433781,0.03768797256676258
3,0.3106881781800783,0.23645435017439456,-2.9403192545656367,2.9403192545656367,3.0,0.12066910528260857,0.22048400636587634,0.029394627533900035
4,0.30156309242499546,0.22991934636106343,-2.9404733296728414,2.9404733296728414,3.0,0.12007988185889534,0.219884939115471,0.02101456210062592
5,0.29302996254982056,0.22377658683918206,-2.940547786113517,2.940547786113517,3.0,0.1195408177428221,0.21929088116278947,0.012710109648873712
