{
  "config": {
    "N_VERTICES": 4,
    "PROB_ARESTA": 0.85,
    "COM_PESO": false,
    "PESO_MIN": 1,
    "PESO_MAX": 1,
    "GRAPH_SEED": 104882,
    "GRAPH_EDGES": [
      [
        0,
        1,
        1.0
      ],
      [
        0,
        2,
        1.0
      ],
      [
        0,
        3,
        1.0
      ],
      [
        2,
        3,
        1.0
      ]
    ],
    "REVERSE_BITS": false,
    "ER": 1.0,
    "MAX_TERMS": null,
    "A_MAX": 0.7853981633974483,
    "INIT_BETA": 0.35,
    "MAX_EPOCHS": 200,
    "LR": 0.01,
    "FD_EPS": 0.01,
    "LOSS_TOL_LAST5": 0.001,
    "PATIENCE_LAST5": 5,
    "TRAIN_SEED": 4,
    "INIT_BETA_JITTER": 0.05,
    "OPTIMIZER": "adam",
    "ADAM_BETA1": 0.9,
    "ADAM_BETA2": 0.999,
    "ADAM_EPS": 1e-08,
    "COEF_ZERO_TOL": 0.001,
    "IMPROVEMENT_TOL": 0.001,
    "SATURATION_PATIENCE": 100,
    "INDEX_STRATEGY": "ascending",
    "INDEX_RANDOM_SEED": 42,
    "ENABLE_BACKWARD_PRUNING": false,
    "BACKWARD_PASSES": 1,
    "PRUNE_IMPROVEMENT_TOL": 1e-06,
    "OUTDIR": "benchmark_results_walsh_article/unweighted/baseline/n4/graph07_trainseed04",
    "SHOW_PLOTS": false,
    "name": "baseline"
  },
  "n_qubits_register": 4,
  "graph_edges": [
    [
      0,
      1,
      1.0
    ],
    [
      0,
      2,
      1.0
    ],
    [
      0,
      3,
      1.0
    ],
    [
      2,
      3,
      1.0
    ]
  ],
  "graph_signature": "0c4184843706290033a85b58881df740fdc53f7edeeaffa6a9dd8c38dfc1a494",
  "graph_num_edges": 4,
  "graph_density": 0.6666666666666666,
  "best_cut_bruteforce": 3.0,
  "best_bitstring_bruteforce": "0101",
  "best_index_bruteforce": 5,
  "candidate_order": [
    1,
    2,
    3,
    4,
    5,
    6,
    7,
    8,
    9,
    10,
    11,
    12,
    13,
    14,
    15
  ],
  "total_possible_parameters": 15,
  "visited_parameters": 15,
  "trained_coefficients": {
    "0": 0.0,
    "1": -0.275190311860844,
    "2": 0.273743864836739,
    "3": -0.0011047643374848364,
    "4": 0.19607627506787506,
    "5": -0.0012535750008816132,
    "6": 0.0,
    "7": -0.24144840014094276,
    "8": 0.041426058049769995,
    "9": 0.0014047660987769604,
    "10": 0.0010693353597969906,
    "11": -0.035721251804284045,
    "12": -0.0013448563380207804,
    "13": 0.018035677315880617,
    "14": -0.008304191193371899,
    "15": 0.0017664884063639688
  },
  "final_coefficient_vector": [
    0.0,
    -0.275190311860844,
    0.273743864836739,
    -0.0011047643374848364,
    0.19607627506787506,
    -0.0012535750008816132,
    0.0,
    -0.24144840014094276,
    0.041426058049769995,
    0.0014047660987769604,
    0.0010693353597969906,
    -0.035721251804284045,
    -0.0013448563380207804,
    0.018035677315880617,
    -0.008304191193371899,
    0.0017664884063639688
  ],
  "active_indices": [
    1,
    2,
    3,
    4,
    5,
    7,
    8,
    9,
    10,
    11,
    12,
    13,
    14,
    15
  ],
  "active_parameter_count": 14,
  "compression_ratio_active_over_total": 0.9333333333333333,
  "final_loss": -2.9941123361346857,
  "final_expected_cut": 2.9941123361346857,
  "best_expected_cut_over_evolution": 2.994115224549989,
  "final_best_measured_index": 7,
  "final_best_measured_bitstring": "0111",
  "final_best_measured_cut": 3.0,
  "best_measured_cut_over_evolution": 3.0,
  "final_success_probability_ancilla_1": 0.05784836829131956,
  "final_max_postselected_probability": 0.26597635485138565,
  "gap_expected_to_bruteforce": 0.005887663865314252,
  "gap_measured_to_bruteforce": 0.0,
  "approx_ratio_measured": 1.0,
  "n_steps": 15,
  "elapsed_seconds": 32.88177847862244,
  "steps": [
    {
      "visit_idx": 1,
      "j": 1,
      "kept": true,
      "beta": -0.3658805018363515,
      "coefficient": -0.275190311860844,
      "loss": -2.0,
      "expected_cut": 2.0,
      "best_measured_cut": 0.0,
      "success_probability_ancilla_1": 0.01881324920158867,
      "epochs_run": 5,
      "stop_reason": "loss_plateau_last5",
      "history_path": "benchmark_results_walsh_article/unweighted/baseline/n4/graph07_trainseed04/histories/history_visit001_j001.json",
      "improvement_vs_previous": 2.0
    },
    {
      "visit_idx": 2,
      "j": 2,
      "kept": true,
      "beta": 0.36378262658295835,
      "coefficient": 0.273743864836739,
      "loss": -2.4999928797651,
      "expected_cut": 2.4999928797651,
      "best_measured_cut": 1.0,
      "success_probability_ancilla_1": 0.03672997903671921,
      "epochs_run": 6,
      "stop_reason": "loss_plateau_last5",
      "history_path": "benchmark_results_walsh_article/unweighted/baseline/n4/graph07_trainseed04/histories/history_visit002_j002.json",
      "improvement_vs_previous": 0.4999928797651001
    },
    {
      "visit_idx": 3,
      "j": 3,
      "kept": true,
      "beta": -0.0014066305698223333,
      "coefficient": -0.0011047643374848364,
      "loss": -2.4999887262188194,
      "expected_cut": 2.4999887262188194,
      "best_measured_cut": 3.0,
      "success_probability_ancilla_1": 0.03673026174820319,
      "epochs_run": 37,
      "stop_reason": "loss_plateau_last5",
      "history_path": "benchmark_results_walsh_article/unweighted/baseline/n4/graph07_trainseed04/histories/history_visit003_j003.json",
      "improvement_vs_previous": -4.153546280694087e-06
    },
    {
      "visit_idx": 4,
      "j": 4,
      "kept": true,
      "beta": 0.25504171797766384,
      "coefficient": 0.19607627506787506,
      "loss": -2.6743410987592418,
      "expected_cut": 2.6743410987592418,
      "best_measured_cut": 3.0,
      "success_probability_ancilla_1": 0.04560717922251123,
      "epochs_run": 14,
      "stop_reason": "loss_plateau_last5",
      "history_path": "benchmark_results_walsh_article/unweighted/baseline/n4/graph07_trainseed04/histories/history_visit004_j004.json",
      "improvement_vs_previous": 0.17435237254042235
    },
    {
      "visit_idx": 5,
      "j": 5,
      "kept": true,
      "beta": -0.0015961026187928263,
      "coefficient": -0.0012535750008816132,
      "loss": -2.67433487504651,
      "expected_cut": 2.67433487504651,
      "best_measured_cut": 3.0,
      "success_probability_ancilla_1": 0.04560750115261249,
      "epochs_run": 40,
      "stop_reason": "loss_plateau_last5",
      "history_path": "benchmark_results_walsh_article/unweighted/baseline/n4/graph07_trainseed04/histories/history_visit005_j005.json",
      "improvement_vs_previous": -6.22371273184541e-06
    },
    {
      "visit_idx": 6,
      "j": 6,
      "kept": false,
      "beta": 0.0005718760663653575,
      "coefficient": 0.0,
      "loss": -2.67433487504651,
      "expected_cut": 2.67433487504651,
      "best_measured_cut": 3.0,
      "success_probability_ancilla_1": 0.04560750115261249,
      "epochs_run": 41,
      "stop_reason": "loss_plateau_last5_and_discarded_near_zero",
      "history_path": "benchmark_results_walsh_article/unweighted/baseline/n4/graph07_trainseed04/histories/history_visit006_j006.json",
      "improvement_vs_previous": 0.0
    },
    {
      "visit_idx": 7,
      "j": 7,
      "kept": true,
      "beta": -0.3176954502692488,
      "coefficient": -0.24144840014094276,
      "loss": -2.9794984702332066,
      "expected_cut": 2.9794984702332066,
      "best_measured_cut": 3.0,
      "success_probability_ancilla_1": 0.057077177080076695,
      "epochs_run": 6,
      "stop_reason": "loss_plateau_last5",
      "history_path": "benchmark_results_walsh_article/unweighted/baseline/n4/graph07_trainseed04/histories/history_visit007_j007.json",
      "improvement_vs_previous": 0.30516359518669667
    },
    {
      "visit_idx": 8,
      "j": 8,
      "kept": true,
      "beta": 0.05279429073662501,
      "coefficient": 0.041426058049769995,
      "loss": -2.9864193821179166,
      "expected_cut": 2.9864193821179166,
      "best_measured_cut": 3.0,
      "success_probability_ancilla_1": 0.05745717670946923,
      "epochs_run": 35,
      "stop_reason": "loss_plateau_last5",