epoch,beta,coefficient,loss,expected_cut,best_measured_cut,success_probability_ancilla_1,max_postselected_probability,grad
0,0.5368665376950116,0.5137680935556501,-0.9999999999999436,0.9999999999999436,0.0,0.17768743606672863,0.12499557504821837,-7.593458280019367e-14
1,0.5368665410808652,0.513768096247866,-0.9999999999999438,0.9999999999999438,0.0,0.17768743687804434,0.12499557504404019,-7.554387777630429e-14
2,0.5368665452272796,0.5137680995448318,-0.9999999999999443,0.9999999999999443,0.0,0.17768743787160513,0.12499557503892351,-7.576085441948703e-14
3,0.536866550007158,0.5137681033454877,-0.9999999999999436,0.9999999999999436,0.0,0.17768743901695608,0.12499557503302497,-7.537115334032166e-14
4,0.5368665553520883,0.5137681075954372,-0.9999999999999438,0.9999999999999438,0.0,0.17768744029770436,0.12499557502642929,-7.57607731495984e-14
