epoch,beta,coefficient,loss,expected_cut,best_measured_cut,success_probability_ancilla_1,max_postselected_probability,grad
0,0.49074426991872444,0.47627272496029255,-1.313753985242816,1.313753985242816,2.0,0.3007955885814835,0.20665179883954946,0.031042063338020533
1,0.48083498528317165,0.4680052283181624,-1.313982920412497,1.313982920412497,2.0,0.30058039133171083,0.20695232523103627,0.02578163731789209
2,0.47111632776032675,0.4598253301101964,-1.3141548051590366,1.3141548051590366,2.0,0.30038843450966546,0.20722479834951416,0.020396049169841477
3,0.46173254959368526,0.45186075267487463,-1.3142698067775702,1.3142698067775702,2.0,0.30022158248546216,0.20746620366950963,0.014949020965962
4,0.4528832720832561,0.44429049673827903,-1.3143311164994063,1.3143311164994063,2.0,0.300081345881417,0.20767370005458516,0.009536898271055996
5,0.4448250052436566,0.43734727446535704,-1.3143461476976772,1.3143461476976772,2.0,0.29996846344045613,0.20784512051417595,0.004297873726011749
