{
  "0": 0.0,
  "1": -0.2701876791696432,
  "2": 0.2695990832156919,
  "3": 0.0,
  "4": 0.0,
  "5": 0.0,
  "6": 0.0,
  "7": 0.0,
  "8": 0.0,
  "9": 0.0,
  "10": 0.0,
  "11": 0.0,
  "12": 0.0,
  "13": 0.18282939435105136,
  "14": -0.22018716934118357,
  "15": 0.0
}