{
  "config": {
    "N_VERTICES": 4,
    "PROB_ARESTA": 0.85,
    "COM_PESO": false,
    "PESO_MIN": 1,
    "PESO_MAX": 1,
    "GRAPH_SEED": 104781,
    "GRAPH_EDGES": [
      [
        0,
        2,
        1.0
      ],
      [
        0,
        3,
        1.0
      ],
      [
        1,
        2,
        1.0
      ],
      [
        1,
        3,
        1.0
      ],
      [
        2,
        3,
        1.0
      ]
    ],
    "REVERSE_BITS": false,
    "ER": 1.25,
    "MAX_TERMS": null,
    "A_MAX": 1.0471975511965976,
    "INIT_BETA": 0.5,
    "MAX_EPOCHS": 200,
    "LR": 0.01,
    "FD_EPS": 0.01,
    "LOSS_TOL_LAST5": 0.0005,
    "PATIENCE_LAST5": 5,
    "TRAIN_SEED": 9,
    "INIT_BETA_JITTER": 0.08,
    "OPTIMIZER": "adam",
    "ADAM_BETA1": 0.9,
    "ADAM_BETA2": 0.999,
    "ADAM_EPS": 1e-08,
    "COEF_ZERO_TOL": 0.0005,
    "IMPROVEMENT_TOL": 0.0005,
    "SATURATION_PATIENCE": 150,
    "INDEX_STRATEGY": "ascending",
    "INDEX_RANDOM_SEED": 42,
    "ENABLE_BACKWARD_PRUNING": false,
    "BACKWARD_PASSES": 1,
    "PRUNE_IMPROVEMENT_TOL": 1e-06,
    "OUTDIR": "benchmark_results_walsh_article/unweighted/aggressive_loader/n4/graph06_trainseed09",
    "SHOW_PLOTS": false,
    "name": "aggressive_loader"
  },
  "n_qubits_register": 4,
  "graph_edges": [
    [
      0,
      2,
      1.0
    ],
    [
      0,
      3,
      1.0
    ],
    [
      1,
      2,
      1.0
    ],
    [
      1,
      3,
      1.0
    ],
    [
      2,
      3,
      1.0
    ]
  ],
  "graph_signature": "d0a2f764541f34d9979e15c4cf98ceeae9b64c9a96b6d443de24544368e1cb36",
  "graph_num_edges": 5,
  "graph_density": 0.8333333333333334,
  "best_cut_bruteforce": 4.0,
  "best_bitstring_bruteforce": "0011",
  "best_index_bruteforce": 3,
  "candidate_order": [
    1,
    2,
    3,
    4,
    5,
    6,
    7,
    8,
    9,
    10,
    11,
    12,
    13,
    14,
    15
  ],
  "total_possible_parameters": 15,
  "visited_parameters": 15,
  "trained_coefficients": {
    "0": 0.0,
    "1": -0.4952364800541459,
    "2": 0.44398571334353043,
    "3": -0.4191144237266232,
    "4": 0.576174786523365,
    "5": 0.6084861932350056,
    "6": 0.45600592754221386,
    "7": -0.4173859201783561,
    "8": -0.27635630484229856,
    "9": -0.5212039987258117,
    "10": 0.23977534352225457,
    "11": 0.09215576119664243,
    "12": -0.30466316603865234,
    "13": 0.19607529301114032,
    "14": -0.19708959751345353,
    "15": -0.318335070845255
  },
  "final_coefficient_vector": [
    0.0,
    -0.4952364800541459,
    0.44398571334353043,
    -0.4191144237266232,
    0.576174786523365,
    0.6084861932350056,
    0.45600592754221386,
    -0.4173859201783561,
    -0.27635630484229856,
    -0.5212039987258117,
    0.23977534352225457,
    0.09215576119664243,
    -0.30466316603865234,
    0.19607529301114032,
    -0.19708959751345353,
    -0.318335070845255
  ],
  "active_indices": [
    1,
    2,
    3,
    4,
    5,
    6,
    7,
    8,
    9,
    10,
    11,
    12,
    13,
    14,
    15
  ],
  "active_parameter_count": 15,
  "compression_ratio_active_over_total": 1.0,
  "final_loss": -3.061990712165919,
  "final_expected_cut": 3.061990712165919,
  "best_expected_cut_over_evolution": 3.061990712165919,
  "final_best_measured_index": 8,
  "final_best_measured_bitstring": "1000",
  "final_best_measured_cut": 2.0,
  "best_measured_cut_over_evolution": 3.0,
  "final_success_probability_ancilla_1": 0.48623364274003955,
  "final_max_postselected_probability": 0.12404677478328054,
  "gap_expected_to_bruteforce": 0.9380092878340811,
  "gap_measured_to_bruteforce": 2.0,
  "approx_ratio_measured": 0.5,
  "n_steps": 15,
  "elapsed_seconds": 15.715264320373535,
  "steps": [
    {
      "visit_idx": 1,
      "j": 1,
      "kept": true,
      "beta": -0.5138197334724535,
      "coefficient": -0.4952364800541459,
      "loss": -2.5,
      "expected_cut": 2.5,
      "best_measured_cut": 0.0,
      "success_probability_ancilla_1": 0.09278368708811224,
      "epochs_run": 5,
      "stop_reason": "loss_plateau_last5",
      "history_path": "benchmark_results_walsh_article/unweighted/aggressive_loader/n4/graph06_trainseed09/histories/history_visit001_j001.json",
      "improvement_vs_previous": 2.5
    },
    {
      "visit_idx": 2,
      "j": 2,
      "kept": true,
      "beta": 0.4525283897327211,
      "coefficient": 0.44398571334353043,
      "loss": -2.5,
      "expected_cut": 2.5,
      "best_measured_cut": 2.0,
      "success_probability_ancilla_1": 0.15390284438953186,
      "epochs_run": 5,
      "stop_reason": "loss_plateau_last5",
      "history_path": "benchmark_results_walsh_article/unweighted/aggressive_loader/n4/graph06_trainseed09/histories/history_visit002_j002.json",
      "improvement_vs_previous": 0.0
    },
    {
      "visit_idx": 3,
      "j": 3,
      "kept": true,
      "beta": -0.42391657021037066,
      "coefficient": -0.4191144237266232,
      "loss": -2.5000000000000004,
      "expected_cut": 2.5000000000000004,
      "best_measured_cut": 2.0,
      "success_probability_ancilla_1": 0.20032200428573904,
      "epochs_run": 5,
      "stop_reason": "loss_plateau_last5",
      "history_path": "benchmark_results_walsh_article/unweighted/aggressive_loader/n4/graph06_trainseed09/histories/history_visit003_j003.json",
      "improvement_vs_previous": 4.440892098500626e-16
    },
    {
      "visit_idx": 4,
      "j": 4,
      "kept": true,
      "beta": 0.6186772644873866,
      "coefficient": 0.576174786523365,
      "loss": -2.533268224166309,
      "expected_cut": 2.533268224166309,
      "best_measured_cut": 2.0,
      "success_probability_ancilla_1": 0.2747435442450631,
      "epochs_run": 20,
      "stop_reason": "loss_plateau_last5",
      "history_path": "benchmark_results_walsh_article/unweighted/aggressive_loader/n4/graph06_trainseed09/histories/history_visit004_j004.json",
      "improvement_vs_previous": 0.0332682241663087
    },
    {
      "visit_idx": 5,
      "j": 5,
      "kept": true,
      "beta": 0.6640638216214294,
      "coefficient": 0.6084861932350056,
      "loss": -2.6848745544049235,
      "expected_cut": 2.6848745544049235,
      "best_measured_cut": 3.0,
      "success_probability_ancilla_1": 0.385625097511759,
      "epochs_run": 165,
      "stop_reason": "loss_plateau_last5",
      "history_path": "benchmark_results_walsh_article/unweighted/aggressive_loader/n4/graph06_trainseed09/histories/history_visit005_j005.json",
      "improvement_vs_previous": 0.15160633023861436
    },
    {
      "visit_idx": 6,
      "j": 6,
      "kept": true,
      "beta": 0.4666067805820381,
      "coefficient": 0.45600592754221386,
      "loss": -2.7281488536732157,
      "expected_cut": 2.7281488536732157,
      "best_measured_cut": 3.0,
      "success_probability_ancilla_1": 0.40891772059891635,
      "epochs_run": 6,
      "stop_reason": "loss_plateau_last5",
      "history_path": "benchmark_results_walsh_article/unweighted/aggressive_loader/n4/graph06_trainseed09/histories/history_visit006_j006.json",
      "improvement_vs_previous": 0.04327429926829218
    },
    {
      "visit_idx": 7,
      "j": 7,
      "kept": true,
      "beta": -0.4219526924255621,
      "coefficient": -0.4173859201783561,
      "loss": -2.7702010969480453,
      "expected_cut": 2.7702010969480453,
      "best_measured_cut": 2.0,
      "success_probability_ancilla_1": 0.4422428136293148,
      "epochs_run": 8,
      "stop_reason": "loss_plateau_last5",
      "history_path": "benchmark_results_walsh_article/unweighted/aggressive_loader/n4/graph06_trainseed09/histories/history_visit007_j007.json",
      "improvement_vs_previous": 0.04205224327482959
    },
    {
      "visit_idx": 8,
      "j": 8,
      "kept": true,
      "beta": -0.2702966333832094,
      "coefficient": -0.27635630484229856,
      "loss": -2.8011661255763,
      "expected_cut": 2.8011661255763,
      "best_measured_cut": 3.0,
      "success_probability_ancilla_1": 0.44565483484218027,
      "epochs_run": 104,