{
  "0": 0.0,
  "1": -0.4952364800541459,
  "2": 0.44398571334353043,
  "3": -0.4191144237266232,
  "4": 0.576174786523365,
  "5": 0.6084861932350056,
  "6": 0.45600592754221386,
  "7": -0.4173859201783561,
  "8": -0.27635630484229856,
  "9": -0.5212039987258117,
  "10": 0.23977534352225457,
  "11": 0.09215576119664243,
  "12": -0.30466316603865234,
  "13": 0.19607529301114032,
  "14": -0.19708959751345353,
  "15": -0.318335070845255
}