{
  "config": {
    "N_VERTICES": 4,
    "PROB_ARESTA": 0.7,
    "COM_PESO": false,
    "PESO_MIN": 1,
    "PESO_MAX": 1,
    "GRAPH_SEED": 104986,
    "GRAPH_EDGES": [
      [
        0,
        2,
        1.0
      ],
      [
        0,
        3,
        1.0
      ]
    ],
    "REVERSE_BITS": false,
    "ER": 0.75,
    "MAX_TERMS": null,
    "A_MAX": 0.6283185307179586,
    "INIT_BETA": 0.25,
    "MAX_EPOCHS": 200,
    "LR": 0.01,
    "FD_EPS": 0.01,
    "LOSS_TOL_LAST5": 0.002,
    "PATIENCE_LAST5": 7,
    "TRAIN_SEED": 8,
    "INIT_BETA_JITTER": 0.03,
    "OPTIMIZER": "adam",
    "ADAM_BETA1": 0.9,
    "ADAM_BETA2": 0.999,
    "ADAM_EPS": 1e-08,
    "COEF_ZERO_TOL": 0.002,
    "IMPROVEMENT_TOL": 0.002,
    "SATURATION_PATIENCE": 60,
    "INDEX_STRATEGY": "ascending",
    "INDEX_RANDOM_SEED": 42,
    "ENABLE_BACKWARD_PRUNING": false,
    "BACKWARD_PASSES": 1,
    "PRUNE_IMPROVEMENT_TOL": 1e-06,
    "OUTDIR": "benchmark_results_walsh_article/unweighted/coarse_loader/n4/graph08_trainseed08",
    "SHOW_PLOTS": false,
    "name": "coarse_loader"
  },
  "n_qubits_register": 4,
  "graph_edges": [
    [
      0,
      2,
      1.0
    ],
    [
      0,
      3,
      1.0
    ]
  ],
  "graph_signature": "2cf81b7f6c28153cc1763d3712042bf1e2dce228b62300b14a9509084e53b32c",
  "graph_num_edges": 2,
  "graph_density": 0.3333333333333333,
  "best_cut_bruteforce": 2.0,
  "best_bitstring_bruteforce": "0011",
  "best_index_bruteforce": 3,
  "candidate_order": [
    1,
    2,
    3,
    4,
    5,
    6,
    7,
    8,
    9,
    10,
    11,
    12,
    13,
    14,
    15
  ],
  "total_possible_parameters": 15,
  "visited_parameters": 15,
  "trained_coefficients": {
    "0": 0.0,
    "1": -0.17104056970394538,
    "2": 0.17081601641090008,
    "3": -0.1522267293005561,
    "4": 0.2706539155539711,
    "5": -0.004842328358326171,
    "6": 0.19146109937479,
    "7": -0.1814286242257259,
    "8": 0.1466300669137381,
    "9": 0.007777776531453245,
    "10": 0.11930485963037282,
    "11": -0.1289522065445621,
    "12": -0.009174888848037565,
    "13": -0.2498495769544345,
    "14": 0.17170927300450506,
    "15": -0.16181832010979513
  },
  "final_coefficient_vector": [
    0.0,
    -0.17104056970394538,
    0.17081601641090008,
    -0.1522267293005561,
    0.2706539155539711,
    -0.004842328358326171,
    0.19146109937479,
    -0.1814286242257259,
    0.1466300669137381,
    0.007777776531453245,
    0.11930485963037282,
    -0.1289522065445621,
    -0.009174888848037565,
    -0.2498495769544345,
    0.17170927300450506,
    -0.16181832010979513
  ],
  "active_indices": [
    1,
    2,
    3,
    4,
    5,
    6,
    7,
    8,
    9,
    10,
    11,
    12,
    13,
    14,
    15
  ],
  "active_parameter_count": 15,
  "compression_ratio_active_over_total": 1.0,
  "final_loss": -1.9544578638206298,
  "final_expected_cut": 1.9544578638206298,
  "best_expected_cut_over_evolution": 1.9544578638206298,
  "final_best_measured_index": 8,
  "final_best_measured_bitstring": "1000",
  "final_best_measured_cut": 2.0,
  "best_measured_cut_over_evolution": 2.0,
  "final_success_probability_ancilla_1": 0.04767335163833009,
  "final_max_postselected_probability": 0.6601167574432842,
  "gap_expected_to_bruteforce": 0.045542136179370196,
  "gap_measured_to_bruteforce": 0.0,
  "approx_ratio_measured": 1.0,
  "n_steps": 15,
  "elapsed_seconds": 4.377574920654297,
  "steps": [
    {
      "visit_idx": 1,
      "j": 1,
      "kept": true,
      "beta": -0.279259423168104,
      "coefficient": -0.17104056970394538,
      "loss": -1.0,
      "expected_cut": 1.0,
      "best_measured_cut": 0.0,
      "success_probability_ancilla_1": 0.004108328524470574,
      "epochs_run": 7,
      "stop_reason": "loss_plateau_last5",
      "history_path": "benchmark_results_walsh_article/unweighted/coarse_loader/n4/graph08_trainseed08/histories/history_visit001_j001.json",
      "improvement_vs_previous": 1.0
    },
    {
      "visit_idx": 2,
      "j": 2,
      "kept": true,
      "beta": 0.2788734727699996,
      "coefficient": 0.17081601641090008,
      "loss": -1.0,
      "expected_cut": 1.0,
      "best_measured_cut": 0.0,
      "success_probability_ancilla_1": 0.008172223241838016,
      "epochs_run": 7,
      "stop_reason": "loss_plateau_last5",
      "history_path": "benchmark_results_walsh_article/unweighted/coarse_loader/n4/graph08_trainseed08/histories/history_visit002_j002.json",
      "improvement_vs_previous": 0.0
    },
    {
      "visit_idx": 3,
      "j": 3,
      "kept": true,
      "beta": -0.24719101550498984,
      "coefficient": -0.1522267293005561,
      "loss": -0.9999999999999999,
      "expected_cut": 0.9999999999999999,
      "best_measured_cut": 2.0,
      "success_probability_ancilla_1": 0.011374181160904181,
      "epochs_run": 7,
      "stop_reason": "loss_plateau_last5",
      "history_path": "benchmark_results_walsh_article/unweighted/coarse_loader/n4/graph08_trainseed08/histories/history_visit003_j003.json",
      "improvement_vs_previous": -1.1102230246251565e-16
    },
    {
      "visit_idx": 4,
      "j": 4,
      "kept": true,
      "beta": 0.4608283332712927,
      "coefficient": 0.2706539155539711,
      "loss": -1.2967832720097578,
      "expected_cut": 1.2967832720097578,
      "best_measured_cut": 2.0,
      "success_probability_ancilla_1": 0.0214066032530956,
      "epochs_run": 24,
      "stop_reason": "loss_plateau_last5",
      "history_path": "benchmark_results_walsh_article/unweighted/coarse_loader/n4/graph08_trainseed08/histories/history_visit004_j004.json",
      "improvement_vs_previous": 0.29678327200975796
    },
    {
      "visit_idx": 5,
      "j": 5,
      "kept": true,
      "beta": -0.007706957529942899,
      "coefficient": -0.004842328358326171,
      "loss": -1.2967334631814578,
      "expected_cut": 1.2967334631814578,
      "best_measured_cut": 2.0,
      "success_probability_ancilla_1": 0.021404475022781214,
      "epochs_run": 26,
      "stop_reason": "loss_plateau_last5",
      "history_path": "benchmark_results_walsh_article/unweighted/coarse_loader/n4/graph08_trainseed08/histories/history_visit005_j005.json",
      "improvement_vs_previous": -4.980882830007971e-05
    },
    {
      "visit_idx": 6,
      "j": 6,
      "kept": true,
      "beta": 0.3147143312752214,
      "coefficient": 0.19146109937479,
      "loss": -1.3909026180188533,
      "expected_cut": 1.3909026180188533,
      "best_measured_cut": 2.0,
      "success_probability_ancilla_1": 0.02611763125794373,
      "epochs_run": 10,
      "stop_reason": "loss_plateau_last5",
      "history_path": "benchmark_results_walsh_article/unweighted/coarse_loader/n4/graph08_trainseed08/histories/history_visit006_j006.json",
      "improvement_vs_previous": 0.09416915483739552
    },
    {
      "visit_idx": 7,
      "j": 7,
      "kept": true,
      "beta": -0.2972048872341495,
      "coefficient": -0.1814286242257259,
      "loss": -1.4729570395086506,
      "expected_cut": 1.4729570395086506,
      "best_measured_cut": 2.0,
      "success_probability_ancilla_1": 0.030130561956257892,
      "epochs_run": 7,
      "stop_reason": "loss_plateau_last5",
      "history_path": "benchmark_results_walsh_article/unweighted/coarse_loader/n4/graph08_trainseed08/histories/history_visit007_j007.json",
      "improvement_vs_previous": 0.08205442148979736
    },
    {
      "visit_idx": 8,
      "j": 8,
      "kept": true,
      "beta": 0.2377495685449487,
      "coefficient": 0.1466300669137381,
      "loss": -1.524814765976366,
      "expected_cut": 1.524814765976366,
      "best_measured_cut": 2.0,
      "success_probability_ancilla_1": 0.032968991087135205,
      "epochs_run": 7,
      "stop_reason": "loss_plateau_last5",
      "history_path": "benchmark_results_walsh_article/unweighted/coarse_loader/n4/graph08_trainseed08/histories/history_visit008_j008.json",
      "improvement_vs_previous": 0.05185772646771536
    },
    {
      "visit_idx": 9,
      "j": 9,
      "kept": true,