epoch,beta,coefficient,loss,expected_cut,best_measured_cut,success_probability_ancilla_1,max_postselected_probability,grad
0,0.3232140557965274,0.2453663894070903,-0.9999999999996542,0.9999999999996542,0.0,0.028884041122131953,0.1249847451080895,-1.0022375036339211e-12
1,0.3232141006175605,0.2453664211736924,-0.9999999999996537,0.9999999999996537,0.0,0.028884044869736374,0.12498474492755897,-1.0027056803536244e-12
2,0.32321415551381705,0.24536646008103932,-0.9999999999996536,0.9999999999996536,0.0,0.028884049459757227,0.12498474470644602,-1.003261322462446e-12
3,0.3232142188877905,0.24536650499690857,-0.9999999999996536,0.9999999999996536,0.0,0.028884054758623035,0.12498474445118427,-1.0028324928231971e-12
4,0.32321428969875476,0.24536655518369196,-0.9999999999996539,0.9999999999996539,0.0,0.02888406067931623,0.12498474416596494,-1.001308563341092e-12
