epoch,beta,coefficient,loss,expected_cut,best_measured_cut,success_probability_ancilla_1,max_postselected_probability,grad
0,-0.3476724192282011,-0.2625662339354477,-1.7184510781799054,1.7184510781799054,2.0,0.1205865864863524,0.4229448232908865,0.12568532307079125
1,-0.35761177678040534,-0.2694769351689214,-1.7194579656034024,1.7194579656034024,2.0,0.12112122750890542,0.42245570004955624,0.1092754130787763
2,-0.367438391320743,-0.276263074045496,-1.720300537731716,1.720300537731716,2.0,0.12166384008157871,0.42191089628869344,0.09340487047848707
3,-0.3770901180484918,-0.2828829333609424,-1.7209843769452884,1.7209843769452884,2.0,0.12220994512799656,0.4213189274890832,0.0781571547449974
4,-0.38649428333409586,-0.2892888877381568,-1.7215177193141031,1.7215177193141031,2.0,0.12275416621190481,0.42069019751904035,0.06361887072333682
5,-0.39556797459732806,-0.2954278157988539,-1.721911679621679,1.721911679621679,2.0,0.12329022844083917,0.42003701971082763,0.049878387374499816
6,-0.40421952900401104,-0.30124225737456556,-1.7221803191154563,1.7221803191154563,2.0,0.12381104729354331,0.41937347129492125,0.03702366320291783
7,-0.4123515697771865,-0.3066724936231873,-1.722340467096743,1.722340467096743,2.0,0.12430893720776026,0.41871502221321233,0.025139145608834068
8,-0.41986572324069277,-0.3116595825719905,-1.7224112196840735,1.7224112196840735,2.0,0.12477595494394798,0.4180779046554273,0.014301764347036127
