{
  "0": 0.0,
  "1": -0.24005735290299485,
  "2": 0.23964239679361238,
  "3": 0.0,
  "4": 0.0,
  "5": 0.0,
  "6": 0.0,
  "7": 0.0011397687879909084,
  "8": 0.0,
  "9": 0.0,
  "10": 0.0,
  "11": 0.0,
  "12": 0.0,
  "13": 0.16742923841964605,
  "14": -0.20157865579145123,
  "15": 0.0
}