epoch,beta,coefficient,loss,expected_cut,best_measured_cut,success_probability_ancilla_1,max_postselected_probability,grad
0,-0.5451048219674647,-0.5202921380578609,-2.999999999999706,2.999999999999706,0.0,0.10206862600091961,0.015624999999998473,8.571701702031872e-13
1,-0.5451048603736176,-0.5202921683485765,-2.999999999999705,2.999999999999705,0.0,0.10206863746362858,0.015624999999998467,8.606577946774651e-13
2,-0.5451049074723482,-0.5202922054950774,-2.999999999999706,2.999999999999706,0.0,0.10206865152072639,0.01562499999999847,8.626091364515221e-13
3,-0.545104961828986,-0.5202922483658463,-2.9999999999997056,2.9999999999997056,0.0,0.102068667744021,0.01562499999999847,8.595377398062374e-13
4,-0.5451050225844151,-0.5202922962833024,-2.999999999999705,2.999999999999705,0.0,0.10206868587710072,0.015624999999998467,8.599925478819601e-13
