epoch,beta,coefficient,loss,expected_cut,best_measured_cut,success_probability_ancilla_1,max_postselected_probability,grad
0,-0.4414083492985583,-0.43438921007351045,-2.9999999999998286,2.9999999999998286,1.0,0.17506483191432348,0.07177758536535614,-3.3759881227384885e-14
1,-0.44140834777943005,-0.434389208756414,-2.9999999999998272,2.9999999999998272,1.0,0.1750648319668972,0.07177758540210902,-3.417286454780299e-14
2,-0.44140834591431266,-0.43438920713934215,-2.9999999999998286,2.9999999999998286,1.0,0.17506483203144485,0.07177758544723262,-3.4226636835766905e-14
3,-0.44140834376861865,-0.4343892052790082,-2.9999999999998286,2.9999999999998286,1.0,0.17506483210570262,0.07177758549914429,-3.3665517905695745e-14
4,-0.441408341382381,-0.4343892032101209,-2.9999999999998295,2.9999999999998295,1.0,0.17506483218828517,0.07177758555687556,-3.324915755204301e-14
