epoch,beta,coefficient,loss,expected_cut,best_measured_cut,success_probability_ancilla_1,max_postselected_probability,grad
0,-0.3095632446418248,-0.23565063897044947,-6.999999999998616,6.999999999998616,1.0,0.050586743621561944,0.011511974745014267,2.110848531548618e-12
1,-0.3095633390274069,-0.23565070642722033,-6.999999999998616,6.999999999998616,1.0,0.050586750900782775,0.011511974943753882,2.1112760329311345e-12
2,-0.3095634545533366,-0.23565078899285694,-6.999999999998619,6.999999999998619,1.0,0.05058675981039529,0.011511975187006357,2.1089357387094936e-12
3,-0.30956358791982863,-0.2356508843090212,-6.999999999998619,6.999999999998619,1.0,0.050586770095914065,0.011511975467823315,2.1104054401804156e-12
4,-0.3095637369973186,-0.23565099085372454,-6.999999999998612,6.999999999998612,1.0,0.050586781593103605,0.01151197578172043,2.1107091452743514e-12
