{
  "0": 0.0,
  "1": -0.5420200973777628,
  "2": 0.5458904522440357,
  "3": -0.4550707607744438,
  "4": 0.7483548350532115,
  "5": -0.0035376641674099455,
  "6": 0.4474776701896303,
  "7": -0.5433343340232586,
  "8": -0.05308937200017985,
  "9": 0.29199794902669673,
  "10": 0.00361304027644171,
  "11": -0.005570266973108533,
  "12": -0.4297473154085526,
  "13": -0.056029488697100706,
  "14": -0.016495653321175786,
  "15": 0.04321818040506432
}