epoch,beta,coefficient,loss,expected_cut,best_measured_cut,success_probability_ancilla_1,max_postselected_probability,grad
0,-0.35863741331700055,-0.2701873877309563,-2.4999999999986215,2.4999999999986215,0.0,0.01813955137675814,0.015624999999991385,7.015894141477567e-12
1,-0.3586377271212937,-0.27018760502475264,-2.499999999998621,2.499999999998621,0.0,0.018139580375933734,0.015624999999991382,7.021514905665919e-12
2,-0.3586381114995639,-0.27018787118743837,-2.4999999999986215,2.4999999999986215,0.0,0.018139615896990164,0.015624999999991389,7.026122701598418e-12
3,-0.3586385552155596,-0.2701881784384371,-2.4999999999986207,2.4999999999986207,0.0,0.018139656901578535,0.015624999999991378,7.020869693511744e-12
4,-0.35863905118721434,-0.27018852187373943,-2.4999999999986224,2.4999999999986224,0.0,0.018139702735244786,0.015624999999991389,7.021843610930863e-12
