epoch,beta,coefficient,loss,expected_cut,best_measured_cut,success_probability_ancilla_1,max_postselected_probability,grad
0,0.29751128161763807,0.22700633811523901,-3.169854924455112,3.169854924455112,4.0,0.04746123314786889,0.1842690501019664,0.20113955526123267
1,0.2875815827421982,0.21983874694709776,-3.171412367034189,3.171412367034189,4.0,0.04672362901966946,0.1838642901553312,0.1721762742296379
2,0.2778025284863939,0.21274084246373634,-3.1726337552281096,3.1726337552281096,4.0,0.0460161442864424,0.18338411491583928,0.14113331684176553
3,0.2682940740744695,0.20580318645002607,-3.1735027289825872,3.1735027289825872,4.0,0.04534673508573789,0.1828356357033021,0.10828255892895929
4,0.25922992167303777,0.19915742678979906,-3.1740193155679965,3.1740193155679965,4.0,0.044726011504517466,0.18223435837792964,0.074130532267931
5,0.2508475762375261,0.19298429122804542,-3.1742100754547056,3.1742100754547056,4.0,0.04416744461189953,0.18160729817829183,0.03951775132033945
6,0.2434405186767414,0.18750817188080435,-3.1741371968452725,3.1741371968452725,4.0,0.043686484879160194,0.18099432190011297,0.005707915457371986
7,0.23731527637324584,0.18296503495502023,-3.1738983411813115,3.1738983411813115,4.0,0.04329785245740102,0.18044442273292632,-0.025611736334067197
