{
  "0": 0.0,
  "1": -0.49523645463943006,
  "2": 0.49690846742356615,
  "3": -0.003643675274898407,
  "4": 0.0023523609422244213,
  "5": -0.0005590215517837679,
  "6": 0.007516309671453851,
  "7": -0.00538192355746612,
  "8": 0.0005623217842384968,
  "9": -0.002937528247164251,
  "10": 0.003823787568842011,
  "11": -0.003586441030992898,
  "12": -0.004646818559829769,
  "13": 0.2889398584787225,
  "14": -0.381938786029845,
  "15": -0.001821221745207134,
  "16": -0.0020110276624579976,
  "17": 0.0022560555276060195,
  "18": -0.004762212789675441,
  "19": 0.003530698784012276,
  "20": -0.000615299541660543,
  "21": 0.10315467994763329,
  "22": -0.10474396499428183,
  "23": 0.0,
  "24": 0.0050628997498238975,
  "25": 0.047819525940782585,
  "26": -0.025630942550541456,
  "27": -0.0010635102652308244,
  "28": 0.03490857581284938,
  "29": 0.0018617841407771235,
  "30": 0.0,
  "31": 0.019149199488053843,
  "32": -0.0037985547969948577,
  "33": 0.00146039217577742,
  "34": -0.002298626542378913,
  "35": 0.0043322356179812125,
  "36": 0.0,
  "37": 0.07067075673132851,
  "38": -0.05689672913438228,
  "39": 0.0,
  "40": 0.0024628052129586947,
  "41": 0.014191018497676077,
  "42": 0.00920679779751283,
  "43": 0.00099415342296548,
  "44": 0.014695369857304854,
  "45": -0.0014995212822470985,
  "46": 0.0007361848296371403,
  "47": 0.008735056263062388,
  "48": 0.0,
  "49": 0.007590213899330932,
  "50": -0.042370018454779924,
  "51": 0.0,
  "52": -0.008219800694069157,
  "53": -0.0016633228653309127,
  "54": 0.0035675321662606133,
  "55": -0.0021169035527707244,
  "56": -0.021803896145374885,
  "57": -0.004127493780996615,
  "58": -0.0007887253771285561,
  "59": -0.008833346083052753,
  "60": 0.0015339584380033577,
  "61": -0.14965962484627005,
  "62": 0.208466783893362,
  "63": 0.001827501066960559
}