{
  "config": {
    "N_VERTICES": 4,
    "PROB_ARESTA": 0.55,
    "COM_PESO": false,
    "PESO_MIN": 1,
    "PESO_MAX": 1,
    "GRAPH_SEED": 104577,
    "GRAPH_EDGES": [
      [
        0,
        2,
        1.0
      ],
      [
        2,
        3,
        1.0
      ]
    ],
    "REVERSE_BITS": false,
    "ER": 0.75,
    "MAX_TERMS": null,
    "A_MAX": 0.6283185307179586,
    "INIT_BETA": 0.25,
    "MAX_EPOCHS": 200,
    "LR": 0.01,
    "FD_EPS": 0.01,
    "LOSS_TOL_LAST5": 0.002,
    "PATIENCE_LAST5": 7,
    "TRAIN_SEED": 1,
    "INIT_BETA_JITTER": 0.03,
    "OPTIMIZER": "adam",
    "ADAM_BETA1": 0.9,
    "ADAM_BETA2": 0.999,
    "ADAM_EPS": 1e-08,
    "COEF_ZERO_TOL": 0.002,
    "IMPROVEMENT_TOL": 0.002,
    "SATURATION_PATIENCE": 60,
    "INDEX_STRATEGY": "ascending",
    "INDEX_RANDOM_SEED": 42,
    "ENABLE_BACKWARD_PRUNING": false,
    "BACKWARD_PASSES": 1,
    "PRUNE_IMPROVEMENT_TOL": 1e-06,
    "OUTDIR": "benchmark_results_walsh_article/unweighted/coarse_loader/n4/graph04_trainseed01",
    "SHOW_PLOTS": false,
    "name": "coarse_loader"
  },
  "n_qubits_register": 4,
  "graph_edges": [
    [
      0,
      2,
      1.0
    ],
    [
      2,
      3,
      1.0
    ]
  ],
  "graph_signature": "ab3e1e60a1be6f27a830f37b39d70bd64af7163327db0f23a1fcb2724d77253c",
  "graph_num_edges": 2,
  "graph_density": 0.3333333333333333,
  "best_cut_bruteforce": 2.0,
  "best_bitstring_bruteforce": "0010",
  "best_index_bruteforce": 2,
  "candidate_order": [
    1,
    2,
    3,
    4,
    5,
    6,
    7,
    8,
    9,
    10,
    11,
    12,
    13,
    14,
    15
  ],
  "total_possible_parameters": 15,
  "visited_parameters": 15,
  "trained_coefficients": {
    "0": 0.0,
    "1": -0.1604597399845655,
    "2": 0.16202466036628707,
    "3": -0.13947427226605227,
    "4": 0.2530306116548133,
    "5": -0.002880303053667343,
    "6": 0.1761031437615566,
    "7": -0.17002807622313793,
    "8": -0.17368683565519596,
    "9": -0.007022508380253758,
    "10": -0.11210559006673823,
    "11": 0.10271157270401372,
    "12": 0.015830721947274463,
    "13": 0.1744894497890939,
    "14": -0.128592163129026,
    "15": 0.1174998103381093
  },
  "final_coefficient_vector": [
    0.0,
    -0.1604597399845655,
    0.16202466036628707,
    -0.13947427226605227,
    0.2530306116548133,
    -0.002880303053667343,
    0.1761031437615566,
    -0.17002807622313793,
    -0.17368683565519596,
    -0.007022508380253758,
    -0.11210559006673823,
    0.10271157270401372,
    0.015830721947274463,
    0.1744894497890939,
    -0.128592163129026,
    0.1174998103381093
  ],
  "active_indices": [
    1,
    2,
    3,
    4,
    5,
    6,
    7,
    8,
    9,
    10,
    11,
    12,
    13,
    14,
    15
  ],
  "active_parameter_count": 15,
  "compression_ratio_active_over_total": 1.0,
  "final_loss": -1.9495516039772984,
  "final_expected_cut": 1.9495516039772984,
  "best_expected_cut_over_evolution": 1.9495516039772984,
  "final_best_measured_index": 9,
  "final_best_measured_bitstring": "1001",
  "final_best_measured_cut": 2.0,
  "best_measured_cut_over_evolution": 2.0,
  "final_success_probability_ancilla_1": 0.03871850739748394,
  "final_max_postselected_probability": 0.6601334011216217,
  "gap_expected_to_bruteforce": 0.05044839602270157,
  "gap_measured_to_bruteforce": 0.0,
  "approx_ratio_measured": 1.0,
  "n_steps": 15,
  "elapsed_seconds": 14.726317167282104,
  "steps": [
    {
      "visit_idx": 1,
      "j": 1,
      "kept": true,
      "beta": -0.2611593672195465,
      "coefficient": -0.1604597399845655,
      "loss": -1.0,
      "expected_cut": 1.0,
      "best_measured_cut": 0.0,
      "success_probability_ancilla_1": 0.0036163502646556884,
      "epochs_run": 7,
      "stop_reason": "loss_plateau_last5",
      "history_path": "benchmark_results_walsh_article/unweighted/coarse_loader/n4/graph04_trainseed01/histories/history_visit001_j001.json",
      "improvement_vs_previous": 1.0
    },
    {
      "visit_idx": 2,
      "j": 2,
      "kept": true,
      "beta": 0.2638256058918318,
      "coefficient": 0.16202466036628707,
      "loss": -0.9999999999999999,
      "expected_cut": 0.9999999999999999,
      "best_measured_cut": 0.0,
      "success_probability_ancilla_1": 0.007276827805048748,
      "epochs_run": 7,
      "stop_reason": "loss_plateau_last5",
      "history_path": "benchmark_results_walsh_article/unweighted/coarse_loader/n4/graph04_trainseed01/histories/history_visit002_j002.json",
      "improvement_vs_previous": -1.1102230246251565e-16
    },
    {
      "visit_idx": 3,
      "j": 3,
      "kept": true,
      "beta": -0.22573798004718362,
      "coefficient": -0.13947427226605227,
      "loss": -1.0,
      "expected_cut": 1.0,
      "best_measured_cut": 1.0,
      "success_probability_ancilla_1": 0.009970146051328715,
      "epochs_run": 7,
      "stop_reason": "loss_plateau_last5",
      "history_path": "benchmark_results_walsh_article/unweighted/coarse_loader/n4/graph04_trainseed01/histories/history_visit003_j003.json",
      "improvement_vs_previous": 1.1102230246251565e-16
    },
    {
      "visit_idx": 4,
      "j": 4,
      "kept": true,
      "beta": 0.42688016711928867,
      "coefficient": 0.2530306116548133,
      "loss": -1.2978098829121274,
      "expected_cut": 1.2978098829121274,
      "best_measured_cut": 1.0,
      "success_probability_ancilla_1": 0.018767608618244374,
      "epochs_run": 26,
      "stop_reason": "loss_plateau_last5",
      "history_path": "benchmark_results_walsh_article/unweighted/coarse_loader/n4/graph04_trainseed01/histories/history_visit004_j004.json",
      "improvement_vs_previous": 0.2978098829121274
    },
    {
      "visit_idx": 5,
      "j": 5,
      "kept": true,
      "beta": -0.004584176797333223,
      "coefficient": -0.002880303053667343,
      "loss": -1.2977890534621233,
      "expected_cut": 1.2977890534621233,
      "best_measured_cut": 1.0,
      "success_probability_ancilla_1": 0.018766171254363757,
      "epochs_run": 28,
      "stop_reason": "loss_plateau_last5",
      "history_path": "benchmark_results_walsh_article/unweighted/coarse_loader/n4/graph04_trainseed01/histories/history_visit005_j005.json",
      "improvement_vs_previous": -2.0829450004145045e-05
    },
    {
      "visit_idx": 6,
      "j": 6,
      "kept": true,
      "beta": 0.2879825081450762,
      "coefficient": 0.1761031437615566,
      "loss": -1.3887968387975438,
      "expected_cut": 1.3887968387975438,
      "best_measured_cut": 1.0,
      "success_probability_ancilla_1": 0.022800919881452466,
      "epochs_run": 7,
      "stop_reason": "loss_plateau_last5",
      "history_path": "benchmark_results_walsh_article/unweighted/coarse_loader/n4/graph04_trainseed01/histories/history_visit006_j006.json",
      "improvement_vs_previous": 0.09100778533542053
    },
    {
      "visit_idx": 7,
      "j": 7,
      "kept": true,
      "beta": -0.2775198422302962,
      "coefficient": -0.17002807622313793,
      "loss": -1.4734246908814068,
      "expected_cut": 1.4734246908814068,
      "best_measured_cut": 1.0,
      "success_probability_ancilla_1": 0.026395239431289675,
      "epochs_run": 7,
      "stop_reason": "loss_plateau_last5",
      "history_path": "benchmark_results_walsh_article/unweighted/coarse_loader/n4/graph04_trainseed01/histories/history_visit007_j007.json",
      "improvement_vs_previous": 0.08462785208386303
    },
    {
      "visit_idx": 8,
      "j": 8,
      "kept": true,
      "beta": -0.2838138346614138,
      "coefficient": -0.17368683565519596,
      "loss": -1.597958770744488,
      "expected_cut": 1.597958770744488,
      "best_measured_cut": 2.0,
      "success_probability_ancilla_1": 0.030407860791169833,
      "epochs_run": 71,
      "stop_reason": "loss_plateau_last5",
      "history_path": "benchmark_results_walsh_article/unweighted/coarse_loader/n4/graph04_trainseed01/histories/history_visit008_j008.json",
      "improvement_vs_previous": 0.12453407986308118
    },
    {
      "visit_idx": 9,