epoch,beta,coefficient,loss,expected_cut,best_measured_cut,success_probability_ancilla_1,max_postselected_probability,grad
0,-0.35172311596499606,-0.2653882429008581,-3.4768674740585075,3.4768674740585075,4.0,0.06577991313052736,0.24497635605867846,-0.0772202672247433
1,-0.3422304362801874,-0.25876291744994795,-3.4771220417689213,3.4771220417689213,4.0,0.06506773164254534,0.24487898402279198,-0.04355587216239089
2,-0.33423572993161715,-0.2531508068746702,-3.477081842213401,3.477081842213401,4.0,0.06447939831159949,0.2447462759246754,-0.009781749182684587
3,-0.3291230240799137,-0.2495465651676962,-3.476929070075483,3.476929070075483,4.0,0.06410878790641605,0.24463616453201226,0.020050681041729846
4,-0.3273425345542398,-0.24828863501258133,-3.4768519873331063,3.4768519873331063,4.0,0.06398077252389214,0.24459308170768548,0.03979829849920376
