epoch,beta,coefficient,loss,expected_cut,best_measured_cut,success_probability_ancilla_1,max_postselected_probability,grad
0,0.5326643396932966,0.510419889178151,-6.886588322834446,6.886588322834446,8.0,0.47056585679688023,0.03320088921901116,0.11410129274324847
1,0.5226895159607493,0.5024172357188493,-6.8876068539607305,6.8876068539607305,8.0,0.4699542793312923,0.033246828435088874,0.10618921983631491
2,0.5127614194611583,0.4943756483983101,-6.888537695331847,6.888537695331847,8.0,0.46934275508497186,0.03329121919441165,0.09797777739654326
3,0.5029060546370654,0.48631806714958853,-6.889376764036334,6.889376764036334,8.0,0.4687331215204529,0.033333904341613894,0.08948551528448503
4,0.4931546053089838,0.4782725182370808,-6.890120605843347,6.890120605843347,8.0,0.46812756301885056,0.033374721912940705,0.08073816713840373
5,0.4835442300505593,0.4702729335179065,-6.890766646575577,6.890766646575577,8.0,0.46752865999729865,0.0334135073664466,0.07177007115268053
6,0.47411884049894165,0.4623599683789096,-6.891313488849554,6.891313488849554,6.0,0.46693943591772263,0.033455899835134674,0.06262572102332774
7,0.4649297594853704,0.45458172154347243,-6.891761247200307,6.891761247200307,6.0,0.46636339541976685,0.033501035600496915,0.053361366322475255
8,0.45603610032037506,0.4469942051897189,-6.892111902812653,6.892111902812653,6.0,0.4658045433349336,0.033543424152504726,0.04404651120575824
9,0.4475046480758218,0.439661352723091,-6.8923696420955505,6.8923696420955505,6.0,0.46526737062838497,0.03358284062533786,0.03476506674830238
10,0.43940897659945777,0.4326543012571688,-6.892541122506649,6.892541122506649,6.0,0.4647567905608574,0.033619074183363615,0.025615803302441086
11,0.43182753365949317,0.4260496775725003,-6.892635589241985,6.892635589241985,6.0,0.46427800862534363,0.03365193857545713,0.016711651546655534
12,0.42484051259639927,0.41992669125474025,-6.892664757175443,6.892664757175443,6.0,0.46383631567781347,0.03368128375627009,0.008177365287539404
13,0.4185255336201161,0.4143630300981403,-6.892642386506274,6.892642386506274,6.0,0.4634368070135335,0.03370700717534426,0.00014515653489212345
