epoch,beta,coefficient,loss,expected_cut,best_measured_cut,success_probability_ancilla_1,max_postselected_probability,grad
0,0.483784201677226,0.47047353022201555,-6.445837507605498,6.445837507605498,4.0,0.4826074971664957,0.029120271035171324,0.07794817372766018
1,0.47380354906962846,0.462094123111315,-6.446549140381036,6.446549140381036,4.0,0.4828886937785399,0.029204533745218267,0.0735539550393395
2,0.4638579450252574,0.45367039862615327,-6.447212599527134,6.447212599527134,4.0,0.48317326972546343,0.02928758896857167,0.06902465449902119
3,0.4539656178888858,0.4452194802599027,-6.447825884497004,6.447825884497004,4.0,0.4834606389876365,0.029369239508079226,0.06436938656439797
4,0.44414758553104183,0.4367614485599877,-6.448387237149744,6.448387237149744,4.0,0.4837500980780442,0.02944927409303607,0.05959957645425755
5,0.4344279620330777,0.4283196820030864,-6.448895215924812,6.448895215924812,4.0,0.48404081168567437,0.029527467438608034,0.054729253203201524
6,0.4248342537473957,0.41992119092213254,-6.449348779252025,6.449348779252025,4.0,0.48433179843144625,0.029603580696639153,0.049775348239903934
7,0.41539762030774674,0.41159691972948564,-6.449747376782835,6.449747376782835,4.0,0.48462191769717133,0.029677362434955196,0.044757986528349725
8,0.4061530658738248,0.40338198198669445,-6.4500910455932825,6.4500910455932825,4.0,0.4849098589132302,0.02974855031060451,0.03970074981756496
9,0.39713951461766855,0.39531578095562075,-6.450380506562777,6.450380506562777,4.0,0.4851941351704545,0.029816873621446645,0.03463088318232292
10,0.38839971357685454,0.3874419565184818,-6.450617253732936,6.450617253732936,4.0,0.4854730835026433,0.029882056921621773,0.029579406730698195
11,0.3799798982002477,0.3798080905014507,-6.45080362681066,6.45080362681066,4.0,0.48574487456236926,0.029943824856922853,0.02458108524206328
12,0.37192915518878134,0.3724651005883205,-6.450942854555548,6.450942854555548,4.0,0.486007534522527,0.030001908301600277,0.019674201730578014
13,0.36429842844574506,0.36546626326164544,-6.451039055327622,6.451039055327622,4.0,0.48625898167598297,0.03005605174735453,0.014900079720615174
14,0.35713914155964377,0.3588658333801055,-6.451097181539062,6.451097181539062,4.0,0.48649707917865526,0.03010602170730202,0.01030230734077541
