epoch,beta,coefficient,loss,expected_cut,best_measured_cut,success_probability_ancilla_1,max_postselected_probability,grad
0,-0.4925083845846803,-0.47773679666566,-5.99999999999976,5.99999999999976,4.0,0.250736406002199,0.043003071122925146,1.6572985819591092e-13
1,-0.4925083920309952,-0.4777368028405287,-5.999999999999758,5.999999999999758,4.0,0.2507364073104775,0.043003071120987925,1.672813427926222e-13
2,-0.4925084011869791,-0.4777368104331431,-5.999999999999764,5.999999999999764,4.0,0.25073640891913596,0.043003071118605976,1.6844877092585528e-13
3,-0.49250841175358995,-0.4777368191955219,-5.999999999999762,5.999999999999762,4.0,0.2507364107756342,0.043003071115856994,1.670761944515694e-13
4,-0.4925084235547054,-0.47773682898161585,-5.999999999999762,5.999999999999762,4.0,0.2507364128490284,0.043003071112786846,1.666324778915502e-13
