epoch,beta,coefficient,loss,expected_cut,best_measured_cut,success_probability_ancilla_1,max_postselected_probability,grad
0,-0.5780193950623461,-0.5458249099195894,-5.999999999999465,5.999999999999465,0.0,0.11193183318590855,0.015624999999998609,1.4461393673829144e-12
1,-0.5780194594490344,-0.5458249590273337,-5.9999999999994635,5.9999999999994635,0.0,0.11193185253942907,0.015624999999998605,1.4346635453133327e-12
2,-0.5780195382008763,-0.5458250190913801,-5.9999999999994635,5.9999999999994635,0.0,0.11193187621086542,0.015624999999998605,1.4358621400011366e-12
3,-0.5780196290493053,-0.5458250883814899,-5.9999999999994635,5.9999999999994635,0.0,0.1119319035183262,0.015624999999998605,1.4350789956305862e-12
4,-0.5780197306067444,-0.5458251658393555,-5.9999999999994635,5.9999999999994635,0.0,0.11193193404472995,0.015624999999998602,1.4381857397154386e-12
