epoch,beta,coefficient,loss,expected_cut,best_measured_cut,success_probability_ancilla_1,max_postselected_probability,grad
0,-0.30825515177620183,-0.2347153868194019,-10.499999999992346,10.499999999992346,0.0,0.013709713937331393,0.0039062499999971525,4.645417538886274e-11
1,-0.30825722839889147,-0.23471687213059508,-10.499999999992344,10.499999999992344,0.0,0.013709886654447178,0.0039062499999971516,4.645755690750421e-11
2,-0.3082597708583987,-0.23471869063059034,-10.49999999999234,10.49999999999234,0.0,0.01371009811736851,0.0039062499999971507,4.6450052997093885e-11
3,-0.30826270582447296,-0.2347207898683718,-10.49999999999234,10.49999999999234,0.0,0.013710342227674503,0.0039062499999971507,4.645572231646098e-11
4,-0.30826598628501656,-0.23472313621710214,-10.49999999999234,10.49999999999234,0.0,0.013710615075865266,0.00390624999999715,4.645446644501808e-11
