{
  "0": 0.0,
  "1": -0.5046060449872671,
  "2": 0.4519631290478143,
  "3": -0.4441672269191207,
  "4": 0.7049371351658372,
  "5": -0.013197400311736471,
  "6": 0.4514034397145931,
  "7": -0.4526378469991862,
  "8": -0.012773736456888203,
  "9": 0.2787451602525073,
  "10": 0.007658713876726202,
  "11": -0.012617957485543724,
  "12": -0.4100793438733239,
  "13": -0.08452356534288953,
  "14": -0.021207856349588772,
  "15": 0.022647623863622155
}