{
  "config": {
    "N_VERTICES": 4,
    "PROB_ARESTA": 0.4,
    "COM_PESO": false,
    "PESO_MIN": 1,
    "PESO_MAX": 1,
    "GRAPH_SEED": 104678,
    "GRAPH_EDGES": [
      [
        1,
        2,
        1.0
      ],
      [
        1,
        3,
        1.0
      ],
      [
        2,
        3,
        1.0
      ]
    ],
    "REVERSE_BITS": false,
    "ER": 1.0,
    "MAX_TERMS": null,
    "A_MAX": 0.7853981633974483,
    "INIT_BETA": 0.35,
    "MAX_EPOCHS": 200,
    "LR": 0.01,
    "FD_EPS": 0.01,
    "LOSS_TOL_LAST5": 0.001,
    "PATIENCE_LAST5": 5,
    "TRAIN_SEED": 6,
    "INIT_BETA_JITTER": 0.05,
    "OPTIMIZER": "adam",
    "ADAM_BETA1": 0.9,
    "ADAM_BETA2": 0.999,
    "ADAM_EPS": 1e-08,
    "COEF_ZERO_TOL": 0.001,
    "IMPROVEMENT_TOL": 0.001,
    "SATURATION_PATIENCE": 100,
    "INDEX_STRATEGY": "ascending",
    "INDEX_RANDOM_SEED": 42,
    "ENABLE_BACKWARD_PRUNING": true,
    "BACKWARD_PASSES": 2,
    "PRUNE_IMPROVEMENT_TOL": 0.0001,
    "OUTDIR": "benchmark_results_walsh_article/unweighted/with_pruning/n4/graph05_trainseed06",
    "SHOW_PLOTS": false,
    "name": "with_pruning"
  },
  "n_qubits_register": 4,
  "graph_edges": [
    [
      1,
      2,
      1.0
    ],
    [
      1,
      3,
      1.0
    ],
    [
      2,
      3,
      1.0
    ]
  ],
  "graph_signature": "be861fe0b30163c15a2bc45387e42148d677589ca12d320c9ad2ad740a6f1fe8",
  "graph_num_edges": 3,
  "graph_density": 0.5,
  "best_cut_bruteforce": 2.0,
  "best_bitstring_bruteforce": "0001",
  "best_index_bruteforce": 1,
  "candidate_order": [
    1,
    2,
    3,
    4,
    5,
    6,
    7,
    8,
    9,
    10,
    11,
    12,
    13,
    14,
    15
  ],
  "total_possible_parameters": 15,
  "visited_parameters": 15,
  "trained_coefficients": {
    "0": 0.0,
    "1": -0.23926292639895946,
    "2": 0.23206355088273384,
    "3": -0.27612219076007416,
    "4": -0.3521755557919796,
    "5": 0.2821965466364523,
    "6": 0.0,
    "7": 0.2133109430315892,
    "8": 0.12244584177882482,
    "9": 0.0,
    "10": 0.0,
    "11": 0.010502126968651066,
    "12": 0.0,
    "13": 0.0,
    "14": 0.0,
    "15": 0.0
  },
  "final_coefficient_vector": [
    0.0,
    -0.23926292639895946,
    0.23206355088273384,
    -0.27612219076007416,
    -0.3521755557919796,
    0.2821965466364523,
    0.0,
    0.2133109430315892,
    0.12244584177882482,
    0.0,
    0.0,
    0.010502126968651066,
    0.0,
    0.0,
    0.0,
    0.0
  ],
  "active_indices": [
    1,
    2,
    3,
    4,
    5,
    7,
    8,
    11
  ],
  "active_parameter_count": 8,
  "compression_ratio_active_over_total": 0.5333333333333333,
  "final_loss": -1.999633935835453,
  "final_expected_cut": 1.999633935835453,
  "best_expected_cut_over_evolution": 1.999317582177221,
  "final_best_measured_index": 10,
  "final_best_measured_bitstring": "1010",
  "final_best_measured_cut": 2.0,
  "best_measured_cut_over_evolution": 2.0,
  "final_success_probability_ancilla_1": 0.09596426859906798,
  "final_max_postselected_probability": 0.36988300454751666,
  "gap_expected_to_bruteforce": 0.00036606416454709745,
  "gap_measured_to_bruteforce": 0.0,
  "approx_ratio_measured": 1.0,
  "n_steps": 15,
  "elapsed_seconds": 11.559800386428833,
  "steps": [
    {
      "visit_idx": 1,
      "j": 1,
      "kept": true,
      "beta": -0.3146252804553098,
      "coefficient": -0.23926292639895946,
      "loss": -1.5,
      "expected_cut": 1.5,
      "best_measured_cut": 0.0,
      "success_probability_ancilla_1": 0.014243542343007584,
      "epochs_run": 5,
      "stop_reason": "loss_plateau_last5",
      "history_path": "benchmark_results_walsh_article/unweighted/with_pruning/n4/graph05_trainseed06/histories/history_visit001_j001.json",
      "improvement_vs_previous": 1.5
    },
    {
      "visit_idx": 2,
      "j": 2,
      "kept": true,
      "beta": 0.30455169245618796,
      "coefficient": 0.23206355088273384,
      "loss": -1.5,
      "expected_cut": 1.5,
      "best_measured_cut": 2.0,
      "success_probability_ancilla_1": 0.027264788691255273,
      "epochs_run": 5,
      "stop_reason": "loss_plateau_last5",
      "history_path": "benchmark_results_walsh_article/unweighted/with_pruning/n4/graph05_trainseed06/histories/history_visit002_j002.json",
      "improvement_vs_previous": 0.0
    },
    {
      "visit_idx": 3,
      "j": 3,
      "kept": true,
      "beta": -0.36723370015584844,
      "coefficient": -0.27612219076007416,
      "loss": -1.5000000000000002,
      "expected_cut": 1.5000000000000002,
      "best_measured_cut": 0.0,
      "success_probability_ancilla_1": 0.045172062678024344,
      "epochs_run": 5,
      "stop_reason": "loss_plateau_last5",
      "history_path": "benchmark_results_walsh_article/unweighted/with_pruning/n4/graph05_trainseed06/histories/history_visit003_j003.json",
      "improvement_vs_previous": 2.220446049250313e-16
    },
    {
      "visit_idx": 4,
      "j": 4,
      "kept": true,
      "beta": -0.48270062779186956,
      "coefficient": -0.3521755557919796,
      "loss": -1.7536423469238978,
      "expected_cut": 1.7536423469238978,
      "best_measured_cut": 2.0,
      "success_probability_ancilla_1": 0.07308735607325631,
      "epochs_run": 99,
      "stop_reason": "loss_plateau_last5",
      "history_path": "benchmark_results_walsh_article/unweighted/with_pruning/n4/graph05_trainseed06/histories/history_visit004_j004.json",
      "improvement_vs_previous": 0.25364234692389753
    },
    {
      "visit_idx": 5,
      "j": 5,
      "kept": true,
      "beta": 0.37608627208519146,
      "coefficient": 0.2821965466364523,
      "loss": -1.8980319416846512,
      "expected_cut": 1.8980319416846512,
      "best_measured_cut": 2.0,
      "success_probability_ancilla_1": 0.08704788297218048,
      "epochs_run": 92,
      "stop_reason": "loss_plateau_last5",
      "history_path": "benchmark_results_walsh_article/unweighted/with_pruning/n4/graph05_trainseed06/histories/history_visit005_j005.json",
      "improvement_vs_previous": 0.14438959476075341
    },
    {
      "visit_idx": 6,
      "j": 6,
      "kept": true,
      "beta": 0.02590412118959725,
      "coefficient": 0.020340499759172976,
      "loss": -1.8979807609850363,
      "expected_cut": 1.8979807609850363,
      "best_measured_cut": 2.0,
      "success_probability_ancilla_1": 0.08748453441159507,
      "epochs_run": 34,
      "stop_reason": "loss_plateau_last5",
      "history_path": "benchmark_results_walsh_article/unweighted/with_pruning/n4/graph05_trainseed06/histories/history_visit006_j006.json",
      "improvement_vs_previous": -5.1180699614850056e-05
    },
    {
      "visit_idx": 7,
      "j": 7,
      "kept": true,
      "beta": 0.2785860442889018,
      "coefficient": 0.2133109430315892,
      "loss": -1.9792590621754511,
      "expected_cut": 1.9792590621754511,
      "best_measured_cut": 2.0,
      "success_probability_ancilla_1": 0.09356266382694477,
      "epochs_run": 73,
      "stop_reason": "loss_plateau_last5",
      "history_path": "benchmark_results_walsh_article/unweighted/with_pruning/n4/graph05_trainseed06/histories/history_visit007_j007.json",
      "improvement_vs_previous": 0.08127830119041479
    },
    {
      "visit_idx": 8,
      "j": 8,
      "kept": true,
      "beta": 0.15718474443466668,
      "coefficient": 0.12244584177882482,
      "loss": -1.9985386652076955,
      "expected_cut": 1.9985386652076955,
      "best_measured_cut": 2.0,
      "success_probability_ancilla_1": 0.09660571321589922,
      "epochs_run": 16,
      "stop_reason": "loss_plateau_last5",
      "history_path": "benchmark_results_walsh_article/unweighted/with_pruning/n4/graph05_trainseed06/histories/history_visit008_j008.json",
      "improvement_vs_previous": 0.019279603032244408
    },
    {
      "visit_idx": 9,
      "j": 9,
      "kept": true,
      "beta": -0.024827006147946088,
      "coefficient": -0.01949507973523203,
      "loss": -1.9983522105454088,
      "expected_cut": 1.9983522105454088,
      "best_measured_cut": 2.0,