epoch,beta,coefficient,loss,expected_cut,best_measured_cut,success_probability_ancilla_1,max_postselected_probability,grad
0,-0.37819091311726966,-0.2836350393296481,-5.499999999997247,5.499999999997247,0.0,0.01997773628985302,0.003906249999998045,1.3166023028251809e-11
1,-0.37819150177321154,-0.2836354413624542,-5.499999999997247,5.499999999997247,0.0,0.019977792543787322,0.003906249999998044,1.3167525884069786e-11
2,-0.37819222254549245,-0.28363593362617723,-5.49999999999725,5.49999999999725,0.0,0.019977861423274755,0.0039062499999980467,1.3167244164017367e-11
3,-0.37819305442320117,-0.2836365017709288,-5.499999999997247,5.499999999997247,0.0,0.01997794092048049,0.003906249999998044,1.3157113940527279e-11
4,-0.3781939843673109,-0.28363713689135994,-5.499999999997247,5.499999999997247,0.0,0.019978029789388677,0.003906249999998045,1.3170953241378982e-11
