epoch,beta,coefficient,loss,expected_cut,best_measured_cut,success_probability_ancilla_1,max_postselected_probability,grad
0,0.3705810629662023,0.2784235372310486,-5.999911705336947,5.999911705336947,3.0,0.03846355799920279,0.007811810197955057,-0.056855889696024633
1,0.37961493226222104,0.28460709760885716,-5.999996999224294,5.999996999224294,3.0,0.03928816992481883,0.007812476556449732,-0.023472331099250725
2,0.3861452920088856,0.2890519468968203,-5.9999080853427,5.9999080853427,3.0,0.03989179934211872,0.007811781916749637,0.004209196989440229
3,0.38914005219002734,0.2910831971857969,-5.999827419275687,5.999827419275687,3.0,0.040170678746315615,0.0078111517131010345,0.02283296585939229
4,0.38909911791749324,0.2910554630870297,-5.999828685987059,5.999828685987059,3.0,0.04016685823030708,0.007811161609283643,0.03100004521317691
