epoch,beta,coefficient,loss,expected_cut,best_measured_cut,success_probability_ancilla_1,max_postselected_probability,grad
0,-0.25822511099143103,-0.15873504535237906,-6.358400874347613,6.358400874347613,8.0,0.035939071283147425,0.0867105549150877,0.00715742721378742
1,-0.2541257155206957,-0.1563212267235997,-6.358447893275163,6.358447893275163,8.0,0.035840441290211474,0.08663402188943964,-0.016195475061136236
2,-0.2488952776114985,-0.15323427698291303,-6.35845100567836,6.35845100567836,8.0,0.0357165235520933,0.08653078916800264,-0.006720854861309573
3,-0.24642568054268368,-0.15177399757495136,-6.358430005592319,6.358430005592319,8.0,0.03565877139131199,0.0864798493921473,0.0055678874821693865
4,-0.2473598683059628,-0.15232659110839641,-6.358439657360147,6.358439657360147,8.0,0.03568056024966002,0.08649928533520129,0.011447189747725326
5,-0.25006433879020484,-0.15392493384721131,-6.3584558969994145,6.3584558969994145,8.0,0.03574403212539259,0.08655440987809013,0.00921742162024677
6,-0.25298479119825784,-0.155648544573969,-6.358454043972773,6.358454043972773,8.0,0.03581322614543103,0.08661203982822555,0.0028019041216777777
