epoch,beta,coefficient,loss,expected_cut,best_measured_cut,success_probability_ancilla_1,max_postselected_probability,grad
0,-0.26116133928229257,-0.16046089825607518,-5.499999999984791,5.499999999984791,0.0,0.003616402410744186,0.015624999999956792,1.112007220057625e-10
1,-0.26116630880534203,-0.1604638170510132,-5.499999999984794,5.499999999984794,0.0,0.003616533818330549,0.015624999999956802,1.1120878921320264e-10
2,-0.2611723925731294,-0.1604673902753084,-5.499999999984791,5.499999999984791,0.0,0.003616694692336017,0.015624999999956792,1.1118366014790469e-10
3,-0.26117941500611375,-0.160471514798965,-5.499999999984794,5.499999999984794,0.0,0.0036168803914202944,0.015624999999956802,1.1119267039391944e-10
4,-0.26118726324761005,-0.16047612433170752,-5.499999999984793,5.499999999984793,0.0,0.0036170879327663483,0.015624999999956798,1.1116875388330537e-10
5,-0.2611958574383105,-0.16048117196398087,-5.499999999984793,5.499999999984793,0.0,0.0036173152060767124,0.015624999999956798,1.1116876496339379e-10
6,-0.2612051369544458,-0.16048662208405934,-5.499999999984794,5.499999999984794,0.0,0.0036175606096804304,0.015624999999956802,1.1116514869565117e-10
