epoch,beta,coefficient,loss,expected_cut,best_measured_cut,success_probability_ancilla_1,max_postselected_probability,grad
0,0.262858348044879,0.1614571863002652,-6.532547369177349,6.532547369177349,8.0,0.04107275400952122,0.1218386830861509,0.08978163494075479
1,0.25303853409423477,0.15568023961105326,-6.533090935229021,6.533090935229021,8.0,0.040857093754314365,0.12170933809852363,0.06691112305134508
2,0.2436445995932536,0.15012745068680516,-6.533393945870972,6.533393945870972,8.0,0.04065792553995328,0.12156066009927721,0.04366927787407333
3,0.23507299738869233,0.14503892693829926,-6.533479813469704,6.533479813469704,8.0,0.04048240501385252,0.12140322564080037,0.02072948505703679
4,0.2278633669028752,0.14074328849119813,-6.533407643258327,6.533407643258327,8.0,0.040339443459350165,0.12125440843293787,-0.000785198114725918
5,0.22254397067644427,0.13756495797928436,-6.533268123715549,6.533268123715549,8.0,0.04023673753557344,0.12113485714346771,-0.01929753590367687
6,0.2193762858083692,0.13566874057283815,-6.533149747429704,6.533149747429704,8.0,0.04017670658584782,0.12105968935406229,-0.03319221570219154
