epoch,beta,coefficient,loss,expected_cut,best_measured_cut,success_probability_ancilla_1,max_postselected_probability,grad
0,0.2491839801251136,0.15340487307233056,-6.6170485010856295,6.6170485010856295,7.0,0.04526376293786823,0.1362001331513047,0.27858640730299483
1,0.2392101023853545,0.14749747324499224,-6.619526405980699,6.619526405980699,7.0,0.04503539638520028,0.13613983892266934,0.25870658329777424
2,0.22928496484778735,0.1415914161930193,-6.621783401788443,6.621783401788443,7.0,0.044816009532931356,0.1360525719484939,0.23803266338615237
3,0.21943598404474196,0.13570450081567212,-6.623809208000659,6.623809208000659,7.0,0.04460622142431572,0.135938393445657,0.21663564371358282
4,0.20969613979466123,0.12985813265863608,-6.625595481806306,6.625595481806306,7.0,0.044406664128568404,0.13579782044746275,0.19460777803138277
5,0.20010476652950576,0.12407783223332745,-6.6271365011922185,6.6271365011922185,7.0,0.0442179733678534,0.13563193094763917,0.1720655875985039
6,0.19070828199588033,0.1183937031802891,-6.628429940534744,6.628429940534744,7.0,0.0440407754254078,0.13544247555402658,0.1491527962957147
7,0.18156072783363023,0.11284078036407277,-6.629477705041461,6.629477705041461,7.0,0.04387566958151551,0.13523198685222917,0.12604288076056422
8,0.1727239409555441,0.10745914259689042,-6.630286757467513,6.630286757467513,7.0,0.04372320557957643,0.1350038719926145,0.10294076602473898
9,0.16426712254131942,0.10229364144061019,-6.630869828191509,6.630869828191509,7.0,0.043583856239360314,0.13476246751781337,0.08008301841432622
10,0.15626554633251027,0.09739308135852691,-6.631245855187203,6.631245855187203,7.0,0.04345798641611827,0.13451302985863414,0.0577357323078412
11,0.1487981843933411,0.09280870939261078,-6.631439969685876,6.631439969685876,7.0,0.04334582103146738,0.134261633323211,0.03618925729280539
12,0.1419441616754909,0.08859195690540692,-6.631482850764326,6.631482850764326,7.0,0.04324741658523442,0.13401495374121816,0.015749081865686253
13,0.13577819211941852,0.0847915292412832,-6.631409342366464,6.631409342366464,7.0,0.04316264175468562,0.13377993320824408,-0.0032773122372303128
14,0.13036545688583914,0.08145013512296687,-6.6312563672225115,6.6312563672225115,7.0,0.04309117253508236,0.13356334868198727,-0.020596963384098294
