{
  "0": 0.0,
  "1": -0.43611299169322054,
  "2": 0.42207025536171544,
  "3": -0.506345450721785,
  "4": 0.5322634010143049,
  "5": 0.6529362263431456,
  "6": 0.469736309633284,
  "7": -0.370302087112345,
  "8": -0.06119313527550832,
  "9": -0.6394645324667751,
  "10": 0.35503446165932645,
  "11": -0.1057238582781658,
  "12": 0.03731928397252974,
  "13": -0.1097911324924635,
  "14": 0.1453282984514358,
  "15": -0.2810375660814845,
  "16": 0.08742807370544539,
  "17": -0.2621615461403295,
  "18": 0.1065349748014784,
  "19": -0.13132485815729417,
  "20": 0.08050447681638256,
  "21": -0.01619500654759169,
  "22": 0.05084487695337072,
  "23": -0.11151436703344005,
  "24": 0.3853507795236361,
  "25": -0.03777729997425932,
  "26": 0.055680750430673095,
  "27": 0.022058712467192886,
  "28": 0.09227091882269164,
  "29": -0.16568264269661354,
  "30": -0.11113518591296054,
  "31": -0.04570100119415447,
  "32": -0.07425450316612742,
  "33": -0.04163425607947366,
  "34": -0.0842495718697406,
  "35": 0.0646655956062702,
  "36": 0.017339048305434757,
  "37": 0.05273218898661723,
  "38": -0.10534847215250892,
  "39": -0.07012208550116013,
  "40": 0.09575164964079594,
  "41": 0.014558515956367384,
  "42": 0.04881786247408675,
  "43": 0.25712971985694716,
  "44": 0.05531317902414305,
  "45": -0.12436386531015531,
  "46": -0.06940090044043966,
  "47": -0.04851452753148187,
  "48": 0.00413394362974876,
  "49": -0.05052663482287112,
  "50": 0.0514221380275445,
  "51": 0.14168726714982763,
  "52": 0.03633961347051638,
  "53": -0.07730045680911893,
  "54": -0.15906381381431076,
  "55": -0.08883516889756493,
  "56": 0.011768634148528072,
  "57": 0.0363084723882692,
  "58": 0.09062761240653275,
  "59": 0.03689708882627867,
  "60": 0.1385118906120992,
  "61": -0.05129407521504105,
  "62": 0.016865779992290653,
  "63": -0.1359475496127055
}