{
  "config": {
    "N_VERTICES": 4,
    "PROB_ARESTA": 0.85,
    "COM_PESO": false,
    "PESO_MIN": 1,
    "PESO_MAX": 1,
    "GRAPH_SEED": 104882,
    "GRAPH_EDGES": [
      [
        0,
        1,
        1.0
      ],
      [
        0,
        2,
        1.0
      ],
      [
        0,
        3,
        1.0
      ],
      [
        2,
        3,
        1.0
      ]
    ],
    "REVERSE_BITS": false,
    "ER": 1.0,
    "MAX_TERMS": null,
    "A_MAX": 0.7853981633974483,
    "INIT_BETA": 0.35,
    "MAX_EPOCHS": 200,
    "LR": 0.01,
    "FD_EPS": 0.01,
    "LOSS_TOL_LAST5": 0.001,
    "PATIENCE_LAST5": 5,
    "TRAIN_SEED": 5,
    "INIT_BETA_JITTER": 0.05,
    "OPTIMIZER": "adam",
    "ADAM_BETA1": 0.9,
    "ADAM_BETA2": 0.999,
    "ADAM_EPS": 1e-08,
    "COEF_ZERO_TOL": 0.001,
    "IMPROVEMENT_TOL": 0.001,
    "SATURATION_PATIENCE": 100,
    "INDEX_STRATEGY": "ascending",
    "INDEX_RANDOM_SEED": 42,
    "ENABLE_BACKWARD_PRUNING": true,
    "BACKWARD_PASSES": 2,
    "PRUNE_IMPROVEMENT_TOL": 0.0001,
    "OUTDIR": "benchmark_results_walsh_article/unweighted/with_pruning/n4/graph07_trainseed05",
    "SHOW_PLOTS": false,
    "name": "with_pruning"
  },
  "n_qubits_register": 4,
  "graph_edges": [
    [
      0,
      1,
      1.0
    ],
    [
      0,
      2,
      1.0
    ],
    [
      0,
      3,
      1.0
    ],
    [
      2,
      3,
      1.0
    ]
  ],
  "graph_signature": "0c4184843706290033a85b58881df740fdc53f7edeeaffa6a9dd8c38dfc1a494",
  "graph_num_edges": 4,
  "graph_density": 0.6666666666666666,
  "best_cut_bruteforce": 3.0,
  "best_bitstring_bruteforce": "0101",
  "best_index_bruteforce": 5,
  "candidate_order": [
    1,
    2,
    3,
    4,
    5,
    6,
    7,
    8,
    9,
    10,
    11,
    12,
    13,
    14,
    15
  ],
  "total_possible_parameters": 15,
  "visited_parameters": 15,
  "trained_coefficients": {
    "0": 0.0,
    "1": -0.2836351836748096,
    "2": 0.2846070122855778,
    "3": 0.0,
    "4": 0.2010954625579484,
    "5": 0.0,
    "6": 0.0,
    "7": -0.24548410729631961,
    "8": 0.04317741699325764,
    "9": 0.0,
    "10": 0.0,
    "11": -0.042465852698404534,
    "12": 0.0,
    "13": 0.01798239660057541,
    "14": -0.007298416809963643,
    "15": 0.0
  },
  "final_coefficient_vector": [
    0.0,
    -0.2836351836748096,
    0.2846070122855778,
    0.0,
    0.2010954625579484,
    0.0,
    0.0,
    -0.24548410729631961,
    0.04317741699325764,
    0.0,
    0.0,
    -0.042465852698404534,
    0.0,
    0.01798239660057541,
    -0.007298416809963643,
    0.0
  ],
  "active_indices": [
    1,
    2,
    4,
    7,
    8,
    11,
    13,
    14
  ],
  "active_parameter_count": 8,
  "compression_ratio_active_over_total": 0.5333333333333333,
  "final_loss": -2.994566318774456,
  "final_expected_cut": 2.994566318774456,
  "best_expected_cut_over_evolution": 2.9945598075535163,
  "final_best_measured_index": 7,
  "final_best_measured_bitstring": "0111",
  "final_best_measured_cut": 3.0,
  "best_measured_cut_over_evolution": 3.0,
  "final_success_probability_ancilla_1": 0.06109593833932024,
  "final_max_postselected_probability": 0.26824093130496607,
  "gap_expected_to_bruteforce": 0.005433681225543996,
  "gap_measured_to_bruteforce": 0.0,
  "approx_ratio_measured": 1.0,
  "n_steps": 15,
  "elapsed_seconds": 8.121399402618408,
  "steps": [
    {
      "visit_idx": 1,
      "j": 1,
      "kept": true,
      "beta": -0.37819112446724945,
      "coefficient": -0.2836351836748096,
      "loss": -2.0,
      "expected_cut": 2.0,
      "best_measured_cut": 0.0,
      "success_probability_ancilla_1": 0.01997775648715913,
      "epochs_run": 5,
      "stop_reason": "loss_plateau_last5",
      "history_path": "benchmark_results_walsh_article/unweighted/with_pruning/n4/graph07_trainseed05/histories/history_visit001_j001.json",
      "improvement_vs_previous": 2.0
    },
    {
      "visit_idx": 2,
      "j": 2,
      "kept": true,
      "beta": 0.3796148072032316,
      "coefficient": 0.2846070122855778,
      "loss": -2.499996995108598,
      "expected_cut": 2.499996995108598,
      "best_measured_cut": 1.0,
      "success_probability_ancilla_1": 0.03928805771012803,
      "epochs_run": 5,
      "stop_reason": "loss_plateau_last5",
      "history_path": "benchmark_results_walsh_article/unweighted/with_pruning/n4/graph07_trainseed05/histories/history_visit002_j002.json",
      "improvement_vs_previous": 0.4999969951085981
    },
    {
      "visit_idx": 3,
      "j": 3,
      "kept": true,
      "beta": -0.0016403480409729367,
      "coefficient": -0.0012883251831961914,
      "loss": -2.499991714383623,
      "expected_cut": 2.499991714383623,
      "best_measured_cut": 3.0,
      "success_probability_ancilla_1": 0.03928844005071843,
      "epochs_run": 41,
      "stop_reason": "loss_plateau_last5",
      "history_path": "benchmark_results_walsh_article/unweighted/with_pruning/n4/graph07_trainseed05/histories/history_visit003_j003.json",
      "improvement_vs_previous": -5.280724975076367e-06
    },
    {
      "visit_idx": 4,
      "j": 4,
      "kept": true,
      "beta": 0.26186884613481975,
      "coefficient": 0.2010954625579484,
      "loss": -2.672401501642532,
      "expected_cut": 2.672401501642532,
      "best_measured_cut": 3.0,
      "success_probability_ancilla_1": 0.04857253584828948,
      "epochs_run": 7,
      "stop_reason": "loss_plateau_last5",
      "history_path": "benchmark_results_walsh_article/unweighted/with_pruning/n4/graph07_trainseed05/histories/history_visit004_j004.json",
      "improvement_vs_previous": 0.1724097872589092
    },
    {
      "visit_idx": 5,
      "j": 5,
      "kept": false,
      "beta": -0.00014136077985032157,
      "coefficient": 0.0,
      "loss": -2.672401501642532,
      "expected_cut": 2.672401501642532,
      "best_measured_cut": 3.0,
      "success_probability_ancilla_1": 0.04857253584828948,
      "epochs_run": 36,
      "stop_reason": "loss_plateau_last5_and_discarded_near_zero",
      "history_path": "benchmark_results_walsh_article/unweighted/with_pruning/n4/graph07_trainseed05/histories/history_visit005_j005.json",
      "improvement_vs_previous": 0.0
    },
    {
      "visit_idx": 6,
      "j": 6,
      "kept": true,
      "beta": 0.0015856643914333845,
      "coefficient": 0.0012453768570332413,
      "loss": -2.6724037409824097,
      "expected_cut": 2.6724037409824097,
      "best_measured_cut": 3.0,
      "success_probability_ancilla_1": 0.04857284288354989,
      "epochs_run": 37,
      "stop_reason": "loss_plateau_last5",
      "history_path": "benchmark_results_walsh_article/unweighted/with_pruning/n4/graph07_trainseed05/histories/history_visit006_j006.json",
      "improvement_vs_previous": 2.23933987753e-06
    },
    {
      "visit_idx": 7,
      "j": 7,
      "kept": true,
      "beta": -0.32338015826979255,
      "coefficient": -0.24548410729631961,
      "loss": -2.978595525883308,
      "expected_cut": 2.978595525883308,
      "best_measured_cut": 3.0,
      "success_probability_ancilla_1": 0.06019953968561638,
      "epochs_run": 5,
      "stop_reason": "loss_plateau_last5",
      "history_path": "benchmark_results_walsh_article/unweighted/with_pruning/n4/graph07_trainseed05/histories/history_visit007_j007.json",
      "improvement_vs_previous": 0.30619178490089816
    },
    {
      "visit_idx": 8,
      "j": 8,
      "kept": true,
      "beta": 0.05503067873405239,
      "coefficient": 0.04317741699325764,
      "loss": -2.9857391159443902,
      "expected_cut": 2.9857391159443902,
      "best_measured_cut": 3.0,
      "success_probability_ancilla_1": 0.06060943365415232,
      "epochs_run": 33,
      "stop_reason": "loss_plateau_last5",
      "history_path": "benchmark_results_walsh_article/unweighted/with_pruning/n4/graph07_trainseed05/histories/history_visit008_j008.json",
      "improvement_vs_previous": 0.007143590061082339
    },
    {
      "visit_idx": 9,
      "j": 9,
      "kept": false,
      "beta": 9.714498802828025e-05,