{
  "config": {
    "N_VERTICES": 4,
    "PROB_ARESTA": 0.4,
    "COM_PESO": false,
    "PESO_MIN": 1,
    "PESO_MAX": 1,
    "GRAPH_SEED": 104678,
    "GRAPH_EDGES": [
      [
        1,
        2,
        1.0
      ],
      [
        1,
        3,
        1.0
      ],
      [
        2,
        3,
        1.0
      ]
    ],
    "REVERSE_BITS": false,
    "ER": 1.0,
    "MAX_TERMS": null,
    "A_MAX": 0.7853981633974483,
    "INIT_BETA": 0.35,
    "MAX_EPOCHS": 200,
    "LR": 0.01,
    "FD_EPS": 0.01,
    "LOSS_TOL_LAST5": 0.001,
    "PATIENCE_LAST5": 5,
    "TRAIN_SEED": 0,
    "INIT_BETA_JITTER": 0.05,
    "OPTIMIZER": "adam",
    "ADAM_BETA1": 0.9,
    "ADAM_BETA2": 0.999,
    "ADAM_EPS": 1e-08,
    "COEF_ZERO_TOL": 0.005,
    "IMPROVEMENT_TOL": 0.003,
    "SATURATION_PATIENCE": 40,
    "INDEX_STRATEGY": "ascending",
    "INDEX_RANDOM_SEED": 42,
    "ENABLE_BACKWARD_PRUNING": false,
    "BACKWARD_PASSES": 1,
    "PRUNE_IMPROVEMENT_TOL": 1e-06,
    "OUTDIR": "benchmark_results_walsh_article/unweighted/sparse_threshold/n4/graph05_trainseed00",
    "SHOW_PLOTS": false,
    "name": "sparse_threshold"
  },
  "n_qubits_register": 4,
  "graph_edges": [
    [
      1,
      2,
      1.0
    ],
    [
      1,
      3,
      1.0
    ],
    [
      2,
      3,
      1.0
    ]
  ],
  "graph_signature": "be861fe0b30163c15a2bc45387e42148d677589ca12d320c9ad2ad740a6f1fe8",
  "graph_num_edges": 3,
  "graph_density": 0.5,
  "best_cut_bruteforce": 2.0,
  "best_bitstring_bruteforce": "0001",
  "best_index_bruteforce": 1,
  "candidate_order": [
    1,
    2,
    3,
    4,
    5,
    6,
    7,
    8,
    9,
    10,
    11,
    12,
    13,
    14,
    15
  ],
  "total_possible_parameters": 15,
  "visited_parameters": 15,
  "trained_coefficients": {
    "0": 0.0,
    "1": -0.2954848216886793,
    "2": 0.2976151441923875,
    "3": -0.24906477954481704,
    "4": -0.3884803031375507,
    "5": 0.25345785471191756,
    "6": 0.029932435580263046,
    "7": 0.25548758156667917,
    "8": 0.10202182378431165,
    "9": -0.0192563077415104,
    "10": -0.013367644255008545,
    "11": 0.021080697596921556,
    "12": 0.0,
    "13": 0.0,
    "14": 0.0,
    "15": 0.0
  },
  "final_coefficient_vector": [
    0.0,
    -0.2954848216886793,
    0.2976151441923875,
    -0.24906477954481704,
    -0.3884803031375507,
    0.25345785471191756,
    0.029932435580263046,
    0.25548758156667917,
    0.10202182378431165,
    -0.0192563077415104,
    -0.013367644255008545,
    0.021080697596921556,
    0.0,
    0.0,
    0.0,
    0.0
  ],
  "active_indices": [
    1,
    2,
    3,
    4,
    5,
    6,
    7,
    8,
    9,
    10,
    11
  ],
  "active_parameter_count": 11,
  "compression_ratio_active_over_total": 0.7333333333333333,
  "final_loss": -1.9988945161939653,
  "final_expected_cut": 1.9988945161939653,
  "best_expected_cut_over_evolution": 1.9988945161939653,
  "final_best_measured_index": 10,
  "final_best_measured_bitstring": "1010",
  "final_best_measured_cut": 2.0,
  "best_measured_cut_over_evolution": 2.0,
  "final_success_probability_ancilla_1": 0.1105077850817584,
  "final_max_postselected_probability": 0.34606735788707454,
  "gap_expected_to_bruteforce": 0.0011054838060347016,
  "gap_measured_to_bruteforce": 0.0,
  "approx_ratio_measured": 1.0,
  "n_steps": 15,
  "elapsed_seconds": 11.802792072296143,
  "steps": [
    {
      "visit_idx": 1,
      "j": 1,
      "kept": true,
      "beta": -0.3956525215287954,
      "coefficient": -0.2954848216886793,
      "loss": -1.5,
      "expected_cut": 1.5,
      "best_measured_cut": 0.0,
      "success_probability_ancilla_1": 0.021669463553863545,
      "epochs_run": 5,
      "stop_reason": "loss_plateau_last5",
      "history_path": "benchmark_results_walsh_article/unweighted/sparse_threshold/n4/graph05_trainseed00/histories/history_visit001_j001.json",
      "improvement_vs_previous": 1.5
    },
    {
      "visit_idx": 2,
      "j": 2,
      "kept": true,
      "beta": 0.39881593021862083,
      "coefficient": 0.2976151441923875,
      "loss": -1.5,
      "expected_cut": 1.5,
      "best_measured_cut": 2.0,
      "success_probability_ancilla_1": 0.04269757001027354,
      "epochs_run": 5,
      "stop_reason": "loss_plateau_last5",
      "history_path": "benchmark_results_walsh_article/unweighted/sparse_threshold/n4/graph05_trainseed00/histories/history_visit002_j002.json",
      "improvement_vs_previous": 0.0
    },
    {
      "visit_idx": 3,
      "j": 3,
      "kept": true,
      "beta": -0.3284408614002168,
      "coefficient": -0.24906477954481704,
      "loss": -1.5,
      "expected_cut": 1.5,
      "best_measured_cut": 0.0,
      "success_probability_ancilla_1": 0.0568083795140293,
      "epochs_run": 5,
      "stop_reason": "loss_plateau_last5",
      "history_path": "benchmark_results_walsh_article/unweighted/sparse_threshold/n4/graph05_trainseed00/histories/history_visit003_j003.json",
      "improvement_vs_previous": 0.0
    },
    {
      "visit_idx": 4,
      "j": 4,
      "kept": true,
      "beta": -0.542169558009372,
      "coefficient": -0.3884803031375507,
      "loss": -1.7865941661593783,
      "expected_cut": 1.7865941661593783,
      "best_measured_cut": 2.0,
      "success_probability_ancilla_1": 0.08983246507105899,
      "epochs_run": 113,
      "stop_reason": "loss_plateau_last5",
      "history_path": "benchmark_results_walsh_article/unweighted/sparse_threshold/n4/graph05_trainseed00/histories/history_visit004_j004.json",
      "improvement_vs_previous": 0.28659416615937827
    },
    {
      "visit_idx": 5,
      "j": 5,
      "kept": true,
      "beta": 0.33467206139788946,
      "coefficient": 0.25345785471191756,
      "loss": -1.8813513031395792,
      "expected_cut": 1.8813513031395792,
      "best_measured_cut": 2.0,
      "success_probability_ancilla_1": 0.09965286217849356,
      "epochs_run": 83,
      "stop_reason": "loss_plateau_last5",
      "history_path": "benchmark_results_walsh_article/unweighted/sparse_threshold/n4/graph05_trainseed00/histories/history_visit005_j005.json",
      "improvement_vs_previous": 0.09475713698020094
    },
    {
      "visit_idx": 6,
      "j": 6,
      "kept": true,
      "beta": 0.038129628400567876,
      "coefficient": 0.029932435580263046,
      "loss": -1.8812939114782488,
      "expected_cut": 1.8812939114782488,
      "best_measured_cut": 2.0,
      "success_probability_ancilla_1": 0.10049613305832208,
      "epochs_run": 38,
      "stop_reason": "loss_plateau_last5",
      "history_path": "benchmark_results_walsh_article/unweighted/sparse_threshold/n4/graph05_trainseed00/histories/history_visit006_j006.json",
      "improvement_vs_previous": -5.739166133045259e-05
    },
    {
      "visit_idx": 7,
      "j": 7,
      "kept": true,
      "beta": 0.3375595143640817,
      "coefficient": 0.25548758156667917,
      "loss": -1.9875736809915203,
      "expected_cut": 1.9875736809915203,
      "best_measured_cut": 2.0,
      "success_probability_ancilla_1": 0.10817242782917086,
      "epochs_run": 87,
      "stop_reason": "loss_plateau_last5",
      "history_path": "benchmark_results_walsh_article/unweighted/sparse_threshold/n4/graph05_trainseed00/histories/history_visit007_j007.json",
      "improvement_vs_previous": 0.10627976951327156
    },
    {
      "visit_idx": 8,
      "j": 8,
      "kept": true,
      "beta": 0.13063632224700022,
      "coefficient": 0.10202182378431165,
      "loss": -1.9970074819542598,
      "expected_cut": 1.9970074819542598,
      "best_measured_cut": 2.0,
      "success_probability_ancilla_1": 0.11020981907704477,
      "epochs_run": 27,
      "stop_reason": "loss_plateau_last5",
      "history_path": "benchmark_results_walsh_article/unweighted/sparse_threshold/n4/graph05_trainseed00/histories/history_visit008_j008.json",
      "improvement_vs_previous": 0.009433800962739491
    },
    {
      "visit_idx": 9,
      "j": 9,
      "kept": true,
      "beta": -0.02452280706425489,
      "coefficient": -0.0192563077415104,