{
  "config": {
    "N_VERTICES": 4,
    "PROB_ARESTA": 0.4,
    "COM_PESO": false,
    "PESO_MIN": 1,
    "PESO_MAX": 1,
    "GRAPH_SEED": 104678,
    "GRAPH_EDGES": [
      [
        1,
        2,
        1.0
      ],
      [
        1,
        3,
        1.0
      ],
      [
        2,
        3,
        1.0
      ]
    ],
    "REVERSE_BITS": false,
    "ER": 1.25,
    "MAX_TERMS": null,
    "A_MAX": 1.0471975511965976,
    "INIT_BETA": 0.5,
    "MAX_EPOCHS": 200,
    "LR": 0.01,
    "FD_EPS": 0.01,
    "LOSS_TOL_LAST5": 0.0005,
    "PATIENCE_LAST5": 5,
    "TRAIN_SEED": 6,
    "INIT_BETA_JITTER": 0.08,
    "OPTIMIZER": "adam",
    "ADAM_BETA1": 0.9,
    "ADAM_BETA2": 0.999,
    "ADAM_EPS": 1e-08,
    "COEF_ZERO_TOL": 0.0005,
    "IMPROVEMENT_TOL": 0.0005,
    "SATURATION_PATIENCE": 150,
    "INDEX_STRATEGY": "ascending",
    "INDEX_RANDOM_SEED": 42,
    "ENABLE_BACKWARD_PRUNING": false,
    "BACKWARD_PASSES": 1,
    "PRUNE_IMPROVEMENT_TOL": 1e-06,
    "OUTDIR": "benchmark_results_walsh_article/unweighted/aggressive_loader/n4/graph05_trainseed06",
    "SHOW_PLOTS": false,
    "name": "aggressive_loader"
  },
  "n_qubits_register": 4,
  "graph_edges": [
    [
      1,
      2,
      1.0
    ],
    [
      1,
      3,
      1.0
    ],
    [
      2,
      3,
      1.0
    ]
  ],
  "graph_signature": "be861fe0b30163c15a2bc45387e42148d677589ca12d320c9ad2ad740a6f1fe8",
  "graph_num_edges": 3,
  "graph_density": 0.5,
  "best_cut_bruteforce": 2.0,
  "best_bitstring_bruteforce": "0001",
  "best_index_bruteforce": 1,
  "candidate_order": [
    1,
    2,
    3,
    4,
    5,
    6,
    7,
    8,
    9,
    10,
    11,
    12,
    13,
    14,
    15
  ],
  "total_possible_parameters": 15,
  "visited_parameters": 15,
  "trained_coefficients": {
    "0": 0.0,
    "1": -0.43611271046424926,
    "2": 0.4220702285368223,
    "3": -0.5063454173011661,
    "4": -0.6166862776549341,
    "5": 0.48962277869261556,
    "6": 0.08987308179500744,
    "7": 0.4027105769546165,
    "8": 0.19672851865008475,
    "9": -0.000540043809822193,
    "10": -0.0687499325884939,
    "11": 0.017114567886505835,
    "12": -0.005502239369211814,
    "13": 0.0,
    "14": 0.00838253673480293,
    "15": 0.004333155147345982
  },
  "final_coefficient_vector": [
    0.0,
    -0.43611271046424926,
    0.4220702285368223,
    -0.5063454173011661,
    -0.6166862776549341,
    0.48962277869261556,
    0.08987308179500744,
    0.4027105769546165,
    0.19672851865008475,
    -0.000540043809822193,
    -0.0687499325884939,
    0.017114567886505835,
    -0.005502239369211814,
    0.0,
    0.00838253673480293,
    0.004333155147345982
  ],
  "active_indices": [
    1,
    2,
    3,
    4,
    5,
    6,
    7,
    8,
    9,
    10,
    11,
    12,
    14,
    15
  ],
  "active_parameter_count": 14,
  "compression_ratio_active_over_total": 0.9333333333333333,
  "final_loss": -1.999451527014418,
  "final_expected_cut": 1.999451527014418,
  "best_expected_cut_over_evolution": 1.999451527014418,
  "final_best_measured_index": 11,
  "final_best_measured_bitstring": "1011",
  "final_best_measured_cut": 2.0,
  "best_measured_cut_over_evolution": 2.0,
  "final_success_probability_ancilla_1": 0.2800068737778818,
  "final_max_postselected_probability": 0.22105170574362984,
  "gap_expected_to_bruteforce": 0.000548472985582027,
  "gap_measured_to_bruteforce": 0.0,
  "approx_ratio_measured": 1.0,
  "n_steps": 15,
  "elapsed_seconds": 16.432649850845337,
  "steps": [
    {
      "visit_idx": 1,
      "j": 1,
      "kept": true,
      "beta": -0.44339786368344436,
      "coefficient": -0.43611271046424926,
      "loss": -1.5,
      "expected_cut": 1.5,
      "best_measured_cut": 0.0,
      "success_probability_ancilla_1": 0.07247287831785056,
      "epochs_run": 5,
      "stop_reason": "loss_plateau_last5",
      "history_path": "benchmark_results_walsh_article/unweighted/aggressive_loader/n4/graph05_trainseed06/histories/history_visit001_j001.json",
      "improvement_vs_previous": 1.5
    },
    {
      "visit_idx": 2,
      "j": 2,
      "kept": true,
      "beta": 0.4272820507028414,
      "coefficient": 0.4220702285368223,
      "loss": -1.4999999999999998,
      "expected_cut": 1.4999999999999998,
      "best_measured_cut": 2.0,
      "success_probability_ancilla_1": 0.1306063002895794,
      "epochs_run": 5,
      "stop_reason": "loss_plateau_last5",
      "history_path": "benchmark_results_walsh_article/unweighted/aggressive_loader/n4/graph05_trainseed06/histories/history_visit002_j002.json",
      "improvement_vs_previous": -2.220446049250313e-16
    },
    {
      "visit_idx": 3,
      "j": 3,
      "kept": true,
      "beta": -0.5275737330448016,
      "coefficient": -0.5063454173011661,
      "loss": -1.5,
      "expected_cut": 1.5,
      "best_measured_cut": 0.0,
      "success_probability_ancilla_1": 0.20215904187602957,
      "epochs_run": 5,
      "stop_reason": "loss_plateau_last5",
      "history_path": "benchmark_results_walsh_article/unweighted/aggressive_loader/n4/graph05_trainseed06/histories/history_visit003_j003.json",
      "improvement_vs_previous": 2.220446049250313e-16
    },
    {
      "visit_idx": 4,
      "j": 4,
      "kept": true,
      "beta": -0.6759681469691742,
      "coefficient": -0.6166862776549341,
      "loss": -1.7111342038341346,
      "expected_cut": 1.7111342038341346,
      "best_measured_cut": 2.0,
      "success_probability_ancilla_1": 0.28635474091101926,
      "epochs_run": 148,
      "stop_reason": "loss_plateau_last5",
      "history_path": "benchmark_results_walsh_article/unweighted/aggressive_loader/n4/graph05_trainseed06/histories/history_visit004_j004.json",
      "improvement_vs_previous": 0.21113420383413462
    },
    {
      "visit_idx": 5,
      "j": 5,
      "kept": true,
      "beta": 0.5069371123288139,
      "coefficient": 0.48962277869261556,
      "loss": -1.84470952499353,
      "expected_cut": 1.84470952499353,
      "best_measured_cut": 2.0,
      "success_probability_ancilla_1": 0.2741696132065532,
      "epochs_run": 125,
      "stop_reason": "loss_plateau_last5",
      "history_path": "benchmark_results_walsh_article/unweighted/aggressive_loader/n4/graph05_trainseed06/histories/history_visit005_j005.json",
      "improvement_vs_previous": 0.1335753211593953
    },
    {
      "visit_idx": 6,
      "j": 6,
      "kept": true,
      "beta": 0.08603411579483522,
      "coefficient": 0.08987308179500744,
      "loss": -1.8478624692198897,
      "expected_cut": 1.8478624692198897,
      "best_measured_cut": 2.0,
      "success_probability_ancilla_1": 0.2889269210051773,
      "epochs_run": 43,
      "stop_reason": "loss_plateau_last5",
      "history_path": "benchmark_results_walsh_article/unweighted/aggressive_loader/n4/graph05_trainseed06/histories/history_visit006_j006.json",
      "improvement_vs_previous": 0.0031529442263598106
    },
    {
      "visit_idx": 7,
      "j": 7,
      "kept": true,
      "beta": 0.40540043098870726,
      "coefficient": 0.4027105769546165,
      "loss": -1.9661584772864535,
      "expected_cut": 1.9661584772864535,
      "best_measured_cut": 2.0,
      "success_probability_ancilla_1": 0.2706524360404981,
      "epochs_run": 105,
      "stop_reason": "loss_plateau_last5",
      "history_path": "benchmark_results_walsh_article/unweighted/aggressive_loader/n4/graph05_trainseed06/histories/history_visit007_j007.json",
      "improvement_vs_previous": 0.11829600806656382
    },
    {
      "visit_idx": 8,
      "j": 8,
      "kept": true,
      "beta": 0.19011992092823216,
      "coefficient": 0.19672851865008475,
      "loss": -1.9933437905982863,
      "expected_cut": 1.9933437905982863,
      "best_measured_cut": 2.0,
      "success_probability_ancilla_1": 0.27755211915565325,
      "epochs_run": 27,
      "stop_reason": "loss_plateau_last5",
      "history_path": "benchmark_results_walsh_article/unweighted/aggressive_loader/n4/graph05_trainseed06/histories/history_visit008_j008.json",