epoch,beta,coefficient,loss,expected_cut,best_measured_cut,success_probability_ancilla_1,max_postselected_probability,grad
0,0.3440120162481648,0.26000954740882304,-3.4999999999988347,3.4999999999988347,3.0,0.03005517980369093,0.031166853436384284,-3.387055303455672e-12
1,0.3440121677391171,0.260009653349599,-3.499999999998834,3.499999999998834,3.0,0.03005519304843584,0.03116685277655662,-3.3894946692104306e-12
2,0.3440123532149977,0.26000978305672834,-3.4999999999988365,3.4999999999988365,3.0,0.03005520926446398,0.031166851968702572,-3.3876029001278215e-12
3,0.34401256725215124,0.26000993273732825,-3.4999999999988374,3.4999999999988374,3.0,0.03005522797759181,0.03116685103644356,-3.3838336755461975e-12
4,0.34401280646154175,0.260010100021368,-3.4999999999988365,3.4999999999988365,3.0,0.030055248891521134,0.031166849994539142,-3.385038232201315e-12
