{
  "0": 0.0,
  "1": -0.1699595373396451,
  "2": 0.17105931576397126,
  "3": -0.14622334090594152,
  "4": -0.240434805581311,
  "5": 0.16036062409589716,
  "6": 0.005711146671521697,
  "7": 0.1538880447795563,
  "8": 0.0687649150111738,
  "9": -0.015511204019941258,
  "10": -0.003749503730812954,
  "11": 0.011240492940730743,
  "12": 0.0,
  "13": 0.0,
  "14": 0.0035476534013910896,
  "15": -0.0021137582000315494
}