epoch,beta,coefficient,loss,expected_cut,best_measured_cut,success_probability_ancilla_1,max_postselected_probability,grad
0,0.22753242765313073,0.1405457719437941,-6.571442384663408,6.571442384663408,8.0,0.04032761528057312,0.13527364168515832,0.0515283372696495
1,0.21821706307720723,0.13497416425800807,-6.571566397688411,6.571566397688411,8.0,0.04015072482131694,0.1350949309770877,0.025652176532173266
2,0.21092086058661663,0.13059459096262951,-6.571500522550727,6.571500522550727,8.0,0.04001731613053594,0.13493506866736615,0.0008662739902299319
3,0.20706827460699595,0.12827666897975484,-6.571406926374255,6.571406926374255,8.0,0.039948716867271646,0.134843512387034,-0.01898649626860295
4,0.2065417556816505,0.12795960222393668,-6.5713909467580605,6.5713909467580605,8.0,0.03993944132311187,0.13483061335021082,-0.029619214621958986
5,0.20831779811448362,0.12902885196772923,-6.571441773697199,6.571441773697199,8.0,0.03997082546551549,0.13487375163019222,-0.031080212000561762
6,0.21146557776227143,0.13092202406487163,-6.571510457521944,6.571510457521944,8.0,0.04002711862657427,0.13494761364575306,-0.026159533311957705
