epoch,beta,coefficient,loss,expected_cut,best_measured_cut,success_probability_ancilla_1,max_postselected_probability,grad
0,0.22273210329329368,0.1376774942480257,-5.499999999989916,5.499999999989916,4.0,0.005453807380207774,0.031244675504076877,-4.2523079823302395e-11
1,0.22273400368644927,0.1376786309687905,-5.499999999989919,5.499999999989919,4.0,0.005453851071540412,0.031244678875953027,-4.250352821580781e-11
2,0.22273633020491806,0.13768002257525672,-5.499999999989917,5.499999999989917,4.0,0.005453904560223996,0.03124468300241077,-4.249807041407424e-11
3,0.22273901590466516,0.13768162902415437,-5.499999999989915,5.499999999989915,4.0,0.00545396630739972,0.03124468776388922,-4.250929440026123e-11
4,0.2227420179165666,0.1376834246726458,-5.499999999989914,5.499999999989914,4.0,0.005454035327701645,0.031244693083563126,-4.2516832067775624e-11
5,0.22274530571591394,0.1376853912617184,-5.499999999989917,5.499999999989917,4.0,0.005454110919567257,0.03124469890652058,-4.2520744467884266e-11
6,0.22274885592359628,0.1376875148065075,-5.499999999989917,5.499999999989917,4.0,0.005454192545713956,0.031244705190535772,-4.250980107417177e-11
