epoch,beta,coefficient,loss,expected_cut,best_measured_cut,success_probability_ancilla_1,max_postselected_probability,grad
0,-0.22877940446547554,-0.14128986011910985,-5.499999999980391,5.499999999980391,0.0,0.002804646262828341,0.015624999999944291,1.6542648970900383e-10
1,-0.22878679571541233,-0.14129426933760383,-5.499999999980394,5.499999999980394,0.0,0.002804821150342469,0.015624999999944301,1.6544643084634473e-10
2,-0.22879584384140925,-0.1412996669384611,-5.4999999999803935,5.4999999999803935,0.0,0.002805035248517572,0.015624999999944298,1.654119240622045e-10
3,-0.22880628709930081,-0.14130589676889074,-5.499999999980392,5.499999999980392,0.0,0.002805282367568301,0.015624999999944295,1.653978863943355e-10
4,-0.22881795825206133,-0.1413128590542003,-5.4999999999804,5.4999999999804,0.0,0.0028055585537934626,0.015624999999944315,1.6539516036697378e-10
5,-0.22883073745651103,-0.14132048229245026,-5.499999999980398,5.499999999980398,0.0,0.0028058609748453484,0.015624999999944312,1.653349919907095e-10
6,-0.22884453464599985,-0.141328712744851,-5.4999999999804,5.4999999999804,0.0,0.002806187502901549,0.015624999999944319,1.6532938433173848e-10
