{
  "0": 0.0,
  "1": -0.14129026852391446,
  "2": 0.1408000125522422,
  "3": 0.0,
  "4": -0.10244458352367461,
  "5": 0.0,
  "6": 0.0,
  "7": 0.12320342762777262,
  "8": -0.06488599587560978,
  "9": 0.0,
  "10": 0.0,
  "11": 0.08727759178955538,
  "12": 0.0,
  "13": -0.08258118350433927,
  "14": 0.08768074675810993,
  "15": 0.0
}