{
  "0": 0.0,
  "1": -0.27519009127436306,
  "2": 0.24745092916281042,
  "3": -0.24341446310560724,
  "4": 0.4068870256238537,
  "5": -0.0158011205837985,
  "6": 0.2874858019653302,
  "7": -0.2549448951353688,
  "8": -0.2262932136547982,
  "9": -0.06024655439855967,
  "10": -0.13474346863485867,
  "11": 0.11182816617542257,
  "12": 0.10993692424784464,
  "13": 0.2367104333915283,
  "14": -0.1600471283668613,
  "15": 0.16970248747878744
}