epoch,beta,coefficient,loss,expected_cut,best_measured_cut,success_probability_ancilla_1,max_postselected_probability,grad
0,0.41460001035387684,0.41089047782081095,-3.9971048054565568,3.9971048054565568,2.0,0.2586936708107075,0.05092824294097082,0.0038513810232446597
1,0.404592643033524,0.40198953884239036,-3.9971455399462115,3.9971455399462115,2.0,0.2571941009997611,0.05097810889020175,0.0039967070275839164
2,0.39457212154025306,0.39300811692023957,-3.997187822430032,3.997187822430032,2.0,0.2557114384779932,0.051020338862672675,0.004144587876706057
3,0.38453354604949724,0.38394252569128,-3.9972317028877633,3.9972317028877633,2.0,0.2542461058918204,0.05105456172098406,0.0042949608414156945
4,0.3744721665116134,0.37478913661732194,-3.997277232145225,3.997277232145225,2.0,0.25279860037637214,0.051080384538578744,0.004447750363412879
