epoch,beta,coefficient,loss,expected_cut,best_measured_cut,success_probability_ancilla_1,max_postselected_probability,grad
0,0.22392849648305163,0.13839292961361793,-2.499860722750165,2.499860722750165,1.0,0.005496377894669043,0.12498259034411176,0.038554080347913314
1,0.22583128394893068,0.13953000694405315,-2.499940651650163,2.499940651650163,1.0,0.00554048753273462,0.12499258145660883,-0.05105487830408289
2,0.230070519558918,0.14205984659839396,-2.49999831799787,2.49999831799787,1.0,0.005639915405928193,0.12499978975006619,-0.03303557742474486
3,0.23309378547283138,0.14386107942531995,-2.499942110996642,2.499942110996642,1.0,0.005711792240318717,0.12499276387490858,0.005453221006208647
4,0.23324833741284098,0.14395309327282937,-2.4999371348546626,2.4999371348546626,1.0,0.005715488202182454,0.1249921418571609,0.031544882816861526
5,0.23135919956672316,0.14282793271996716,-2.4999840151147845,2.4999840151147845,1.0,0.005670454975999448,0.12499800188967873,0.03284907071548622
6,0.22876563356591356,0.14128164510886274,-2.499997883630771,2.499997883630771,1.0,0.005609140951331275,0.12499973545418065,0.01671063372281671
