epoch,beta,coefficient,loss,expected_cut,best_measured_cut,success_probability_ancilla_1,max_postselected_probability,grad
0,-0.2294448232978836,-0.14168675408658896,-1.9999999999929094,1.9999999999929094,0.0,0.002820410472345534,0.06249999999977841,5.963168452747562e-11
1,-0.22944748873897478,-0.14168834366929683,-1.9999999999929094,1.9999999999929094,0.0,0.002820473697466615,0.06249999999977841,5.963204657762553e-11
2,-0.22945075231469447,-0.14169028995751573,-1.9999999999929094,1.9999999999929094,0.0,0.0028205511113925047,0.06249999999977841,5.963691412176395e-11
3,-0.22945451957241253,-0.14169253662139572,-1.9999999999929101,1.9999999999929101,0.0,0.002820640474125703,0.06249999999977844,5.963029534225474e-11
4,-0.22945873022126964,-0.1416950477040949,-1.9999999999929088,1.9999999999929088,0.0,0.0028207403559854325,0.0624999999997784,5.963076540653393e-11
5,-0.2294633412581518,-0.14169779755864184,-1.9999999999929097,1.9999999999929097,0.0,0.002820849737355442,0.06249999999977843,5.962252199848267e-11
6,-0.22946832020802246,-0.14170076681668078,-1.9999999999929101,1.9999999999929101,0.0,0.0028209678483450775,0.06249999999977844,5.962319992782714e-11
