epoch,beta,coefficient,loss,expected_cut,best_measured_cut,success_probability_ancilla_1,max_postselected_probability,grad
0,-0.32338015826979255,-0.24548410729631961,-2.9785955258828136,2.9785955258828136,3.0,0.060199539685616366,0.24625523347492762,0.05208875357510459
1,-0.331347267151792,-0.25111601169301995,-2.9785453905558477,2.9785453905558477,3.0,0.06078150712349772,0.24636499593972064,0.009850367623304967
2,-0.3345574432055348,-0.2533772058957337,-2.978453976429563,2.978453976429563,3.0,0.06101908604602459,0.24639502861516965,-0.022199959705776786
3,-0.3337999838962082,-0.2528440848027229,-2.9784791616163044,2.9784791616163044,3.0,0.06096286987759944,0.2463886636363515,-0.03471465346484714
4,-0.3308848335999576,-0.25078989761027065,-2.978555235554917,2.978555235554917,3.0,0.0607474282706775,0.24636000673906186,-0.031782342643925064
