{
  "config": {
    "N_VERTICES": 4,
    "PROB_ARESTA": 0.85,
    "COM_PESO": false,
    "PESO_MIN": 1,
    "PESO_MAX": 1,
    "GRAPH_SEED": 104271,
    "GRAPH_EDGES": [
      [
        0,
        1,
        1.0
      ],
      [
        0,
        2,
        1.0
      ],
      [
        0,
        3,
        1.0
      ],
      [
        1,
        3,
        1.0
      ],
      [
        2,
        3,
        1.0
      ]
    ],
    "REVERSE_BITS": false,
    "ER": 0.75,
    "MAX_TERMS": null,
    "A_MAX": 0.6283185307179586,
    "INIT_BETA": 0.25,
    "MAX_EPOCHS": 200,
    "LR": 0.01,
    "FD_EPS": 0.01,
    "LOSS_TOL_LAST5": 0.002,
    "PATIENCE_LAST5": 7,
    "TRAIN_SEED": 7,
    "INIT_BETA_JITTER": 0.03,
    "OPTIMIZER": "adam",
    "ADAM_BETA1": 0.9,
    "ADAM_BETA2": 0.999,
    "ADAM_EPS": 1e-08,
    "COEF_ZERO_TOL": 0.002,
    "IMPROVEMENT_TOL": 0.002,
    "SATURATION_PATIENCE": 60,
    "INDEX_STRATEGY": "ascending",
    "INDEX_RANDOM_SEED": 42,
    "ENABLE_BACKWARD_PRUNING": false,
    "BACKWARD_PASSES": 1,
    "PRUNE_IMPROVEMENT_TOL": 1e-06,
    "OUTDIR": "benchmark_results_walsh_article/unweighted/coarse_loader/n4/graph01_trainseed07",
    "SHOW_PLOTS": false,
    "name": "coarse_loader"
  },
  "n_qubits_register": 4,
  "graph_edges": [
    [
      0,
      1,
      1.0
    ],
    [
      0,
      2,
      1.0
    ],
    [
      0,
      3,
      1.0
    ],
    [
      1,
      3,
      1.0
    ],
    [
      2,
      3,
      1.0
    ]
  ],
  "graph_signature": "36d4961c72903175cef8219a78618293792cc3cd1b729b430a90aa47da048173",
  "graph_num_edges": 5,
  "graph_density": 0.8333333333333334,
  "best_cut_bruteforce": 4.0,
  "best_bitstring_bruteforce": "0110",
  "best_index_bruteforce": 6,
  "candidate_order": [
    1,
    2,
    3,
    4,
    5,
    6,
    7,
    8,
    9,
    10,
    11,
    12,
    13,
    14,
    15
  ],
  "total_possible_parameters": 15,
  "visited_parameters": 15,
  "trained_coefficients": {
    "0": 0.0,
    "1": -0.14170083813101697,
    "2": 0.14208152250082082,
    "3": 0.0,
    "4": 0.10510386716370328,
    "5": 0.0,
    "6": 0.0,
    "7": -0.12435888721004558,
    "8": -0.048873545146793526,
    "9": 0.0,
    "10": 0.0,
    "11": 0.07704171258435377,
    "12": 0.0,
    "13": 0.08437524303644107,
    "14": -0.09968036371450258,
    "15": 0.0
  },
  "final_coefficient_vector": [
    0.0,
    -0.14170083813101697,
    0.14208152250082082,
    0.0,
    0.10510386716370328,
    0.0,
    0.0,
    -0.12435888721004558,
    -0.048873545146793526,
    0.0,
    0.0,
    0.07704171258435377,
    0.0,
    0.08437524303644107,
    -0.09968036371450258,
    0.0
  ],
  "active_indices": [
    1,
    2,
    4,
    7,
    8,
    11,
    13,
    14
  ],
  "active_parameter_count": 8,
  "compression_ratio_active_over_total": 0.5333333333333333,
  "final_loss": -3.9111721478930654,
  "final_expected_cut": 3.9111721478930654,
  "best_expected_cut_over_evolution": 3.9111721478930654,
  "final_best_measured_index": 6,
  "final_best_measured_bitstring": "0110",
  "final_best_measured_cut": 4.0,
  "best_measured_cut_over_evolution": 4.0,
  "final_success_probability_ancilla_1": 0.012584477734374783,
  "final_max_postselected_probability": 0.45845303084963723,
  "gap_expected_to_bruteforce": 0.08882785210693456,
  "gap_measured_to_bruteforce": 0.0,
  "approx_ratio_measured": 1.0,
  "n_steps": 15,
  "elapsed_seconds": 30.591810941696167,
  "steps": [
    {
      "visit_idx": 1,
      "j": 1,
      "kept": true,
      "beta": -0.22946843979039241,
      "coefficient": -0.14170083813101697,
      "loss": -2.5,
      "expected_cut": 2.5,
      "best_measured_cut": 0.0,
      "success_probability_ancilla_1": 0.0028209706851133032,
      "epochs_run": 7,
      "stop_reason": "loss_plateau_last5",
      "history_path": "benchmark_results_walsh_article/unweighted/coarse_loader/n4/graph01_trainseed07/histories/history_visit001_j001.json",
      "improvement_vs_previous": 2.5
    },
    {
      "visit_idx": 2,
      "j": 2,
      "kept": true,
      "beta": 0.23010687665356078,
      "coefficient": 0.14208152250082082,
      "loss": -2.9999981936638536,
      "expected_cut": 2.9999981936638536,
      "best_measured_cut": 2.0,
      "success_probability_ancilla_1": 0.0056411033414217136,
      "epochs_run": 7,
      "stop_reason": "loss_plateau_last5",
      "history_path": "benchmark_results_walsh_article/unweighted/coarse_loader/n4/graph01_trainseed07/histories/history_visit002_j002.json",
      "improvement_vs_previous": 0.49999819366385356
    },
    {
      "visit_idx": 3,
      "j": 3,
      "kept": false,
      "beta": -0.0028343720381493317,
      "coefficient": 0.0,
      "loss": -2.9999981936638536,
      "expected_cut": 2.9999981936638536,
      "best_measured_cut": 2.0,
      "success_probability_ancilla_1": 0.0056411033414217136,
      "epochs_run": 28,
      "stop_reason": "loss_plateau_last5_and_discarded_near_zero",
      "history_path": "benchmark_results_walsh_article/unweighted/coarse_loader/n4/graph01_trainseed07/histories/history_visit003_j003.json",
      "improvement_vs_previous": 0.0
    },
    {
      "visit_idx": 4,
      "j": 4,
      "kept": true,
      "beta": 0.1688649842696137,
      "coefficient": 0.10510386716370328,
      "loss": -3.181164991065576,
      "expected_cut": 3.181164991065576,
      "best_measured_cut": 4.0,
      "success_probability_ancilla_1": 0.007176241188065052,
      "epochs_run": 20,
      "stop_reason": "loss_plateau_last5",
      "history_path": "benchmark_results_walsh_article/unweighted/coarse_loader/n4/graph01_trainseed07/histories/history_visit004_j004.json",
      "improvement_vs_previous": 0.1811667974017226
    },
    {
      "visit_idx": 5,
      "j": 5,
      "kept": false,
      "beta": 0.002550584163265905,
      "coefficient": 0.0,
      "loss": -3.181164991065576,
      "expected_cut": 3.181164991065576,
      "best_measured_cut": 4.0,
      "success_probability_ancilla_1": 0.007176241188065052,
      "epochs_run": 32,
      "stop_reason": "loss_plateau_last5_and_discarded_near_zero",
      "history_path": "benchmark_results_walsh_article/unweighted/coarse_loader/n4/graph01_trainseed07/histories/history_visit005_j005.json",
      "improvement_vs_previous": 0.0
    },
    {
      "visit_idx": 6,
      "j": 6,
      "kept": false,
      "beta": -0.0025093515731519477,
      "coefficient": 0.0,
      "loss": -3.181164991065576,
      "expected_cut": 3.181164991065576,
      "best_measured_cut": 4.0,
      "success_probability_ancilla_1": 0.007176241188065052,
      "epochs_run": 32,
      "stop_reason": "loss_plateau_last5_and_discarded_near_zero",
      "history_path": "benchmark_results_walsh_article/unweighted/coarse_loader/n4/graph01_trainseed07/histories/history_visit006_j006.json",
      "improvement_vs_previous": 0.0
    },
    {
      "visit_idx": 7,
      "j": 7,
      "kept": true,
      "beta": -0.20057027385288295,
      "coefficient": -0.12435888721004558,
      "loss": -3.484658565972396,
      "expected_cut": 3.484658565972396,
      "best_measured_cut": 4.0,
      "success_probability_ancilla_1": 0.009276886996760257,
      "epochs_run": 9,
      "stop_reason": "loss_plateau_last5",
      "history_path": "benchmark_results_walsh_article/unweighted/coarse_loader/n4/graph01_trainseed07/histories/history_visit007_j007.json",
      "improvement_vs_previous": 0.30349357490681994
    },
    {
      "visit_idx": 8,
      "j": 8,
      "kept": true,
      "beta": -0.07794211244934991,
      "coefficient": -0.048873545146793526,
      "loss": -3.5234365763073416,
      "expected_cut": 3.5234365763073416,
      "best_measured_cut": 4.0,
      "success_probability_ancilla_1": 0.009606518038540863,
      "epochs_run": 39,
      "stop_reason": "loss_plateau_last5",
      "history_path": "benchmark_results_walsh_article/unweighted/coarse_loader/n4/graph01_trainseed07/histories/history_visit008_j008.json",