epoch,beta,coefficient,loss,expected_cut,best_measured_cut,success_probability_ancilla_1,max_postselected_probability,grad
0,-0.5254081820998865,-0.5046060315379876,-2.49999999999974,2.49999999999974,0.0,0.09620951193729485,0.062499999999993505,7.984347456165795e-13
1,-0.5254082178416232,-0.5046060602760033,-2.4999999999997407,2.4999999999997407,0.0,0.09620952253006844,0.06249999999999352,8.002920293838305e-13
2,-0.5254082616169088,-0.504606095473364,-2.4999999999997398,2.4999999999997398,0.0,0.096209535503744,0.06249999999999349,7.99994175060025e-13
3,-0.5254083121688015,-0.5046061361194293,-2.4999999999997407,2.4999999999997407,0.0,0.09620955048580214,0.06249999999999352,8.005637845055909e-13
4,-0.5254083687015473,-0.5046061815743753,-2.4999999999997398,2.4999999999997398,0.0,0.09620956724040522,0.06249999999999349,8.015324467712146e-13
