epoch,beta,coefficient,loss,expected_cut,best_measured_cut,success_probability_ancilla_1,max_postselected_probability,grad
0,-0.31573862053270046,-0.24005592231725165,-2.9999999999979075,2.9999999999979075,0.0,0.014337659774242676,0.06249999999995641,1.235369090564539e-11
1,-0.3157391728685633,-0.24005631559434026,-2.9999999999979075,2.9999999999979075,0.0,0.014337706526459918,0.062499999999956396,1.2354993612191738e-11
2,-0.3157398491203193,-0.24005679710249475,-2.9999999999979075,2.9999999999979075,0.0,0.01433776376756221,0.06249999999995641,1.2352333565528275e-11
3,-0.31574062971194183,-0.24005735290299485,-2.9999999999979083,2.9999999999979083,0.0,0.014337829840587967,0.062499999999956424,1.2349632514958468e-11
4,-0.3157415021487696,-0.24005797409923393,-2.9999999999979075,2.9999999999979075,0.0,0.014337903687973459,0.06249999999995641,1.2348692642119393e-11
