epoch,beta,coefficient,loss,expected_cut,best_measured_cut,success_probability_ancilla_1,max_postselected_probability,grad
0,0.2133684720061869,0.13206528199723008,-3.1697522478847957,3.1697522478847957,4.0,0.007866482054384462,0.18705105321211998,0.47296856818675254
1,0.20342309146429302,0.12608017091344492,-3.173567463191998,3.173567463191998,4.0,0.007651912969921841,0.18677637420638618,0.41542202481835094
2,0.19359803865663386,0.12014396575162932,-3.1766637581254944,3.1766637581254944,4.0,0.007448896522545866,0.18632263505379767,0.3504989521059987
3,0.18399527251618666,0.11432046333190239,-3.1789678958483156,3.1789678958483156,4.0,0.007259221342113917,0.18568916323617976,0.27844699031575293
4,0.17476893842197627,0.1087060308544649,-3.1804379398128018,3.1804379398128018,4.0,0.007085255126853114,0.18489007685572129,0.20011970377347854
5,0.16614116636354728,0.10343957668694795,-3.181091154306222,3.181091154306222,4.0,0.006930015280335319,0.18396259266030296,0.11729403213487104
6,0.1584051772477525,0.09870471315656192,-3.1810360501513193,3.1810360501513193,4.0,0.0067970120950689925,0.18297436419556254,0.03302497235958127
7,0.15189367222085626,0.09471035094477676,-3.1804887190643507,3.1804887190643507,4.0,0.006689646270556498,0.182022429067608,-0.048155166522350475
8,0.14689995928746416,0.0916417158538882,-3.1797425856891057,3.1797425856891057,4.0,0.006610170424071787,0.18121533085751476,-0.12057561822994006
9,0.14358424717243493,0.08960173174868,-3.1790847852538047,3.1790847852538047,4.0,0.0065587821568286655,0.1806415516591865,-0.17861112770494603
10,0.14193145550542843,0.08858413208626183,-3.1787073329822166,3.1787073329822166,4.0,0.0065335800819085205,0.18034406798823793,-0.2183216048958744
11,0.14178406439001853,0.08849336241765665,-3.1786720527166263,3.1786720527166263,4.0,0.006531346024982306,0.18031716577378598,-0.23846155005707337
12,0.14290792347504291,0.0891853868111872,-3.178934353779071,3.178934353779071,4.0,0.006548436133960266,0.1805207491698101,-0.24026863213982372
13,0.14504508107314387,0.09050074672559698,-3.179390832226561,3.179390832226561,4.0,0.006581286467979558,0.18089811368079267,-0.2265353004494863
