epoch,beta,coefficient,loss,expected_cut,best_measured_cut,success_probability_ancilla_1,max_postselected_probability,grad
0,0.36532856582520695,0.27480996762198506,-1.3973692743886543,1.3973692743886543,2.0,0.096134397739726,0.290271621256063,-0.029269598224604926
1,0.37499105246210823,0.2814471175614217,-1.3975042411079293,1.3975042411079293,2.0,0.09680917779988463,0.290379276560013,-0.01884152951298266
2,0.38384075971443526,0.2874858031599651,-1.3975473273917,1.3975473273917,2.0,0.09743854563428694,0.2904311598570212,-0.009159367970364044
3,0.39119097273227155,0.2924716740042856,-1.3975267183389364,1.3975267183389364,2.0,0.09796925111059826,0.29044151945214497,-0.0006322511542164489
4,0.3963852411255933,0.295978706978774,-1.3974822583791238,1.3974822583791238,2.0,0.09834853430132315,0.29043148088537846,0.006202615617808846
