{
  "0": 0.0,
  "1": -0.23471566520298864,
  "2": 0.26000996023617984,
  "3": -0.2517850503152897,
  "4": -0.35560324876737043,
  "5": 0.25351116682128083,
  "6": 0.01964705641515271,
  "7": 0.20679656126563822,
  "8": 0.10380592523518267,
  "9": -0.01258741757940012,
  "10": -0.0075163537980192435,
  "11": 0.01576739141110243,
  "12": 0.0,
  "13": -0.0017461369642753609,
  "14": 0.0,
  "15": 0.0,
  "16": -0.07595864910330499,
  "17": 0.17656603430071047,
  "18": 0.18761779602432563,
  "19": -0.03113047917614421,
  "20": -0.24520935324569237,
  "21": 0.08815123016372627,
  "22": 0.09386951419581921,
  "23": -0.20655182708117098,
  "24": 0.04572779662147545,
  "25": 0.01428628017499062,
  "26": -0.1211416310262409,
  "27": 0.07346634727820343,
  "28": 0.16805039483978385,
  "29": -0.08921797268568547,
  "30": 0.0389560353846387,
  "31": -0.16430214665701973,
  "32": 0.10854337373763329,
  "33": -0.058731374209861006,
  "34": -0.004826169062196091,
  "35": -0.05858897458589258,
  "36": 0.03429075463899816,
  "37": 0.09421933331921713,
  "38": -0.10170904491628027,
  "39": 0.07680628564225955,
  "40": -0.024127840525005606,
  "41": 0.024725707205885943,
  "42": -0.07748743683313813,
  "43": 0.03863779036816715,
  "44": 0.04935896630639592,
  "45": -0.06569186125825595,
  "46": 0.0036990699205993044,
  "47": -0.0680033555761845,
  "48": -0.0066029385491916575,
  "49": 0.03545012683045407,
  "50": -0.029070269913536204,
  "51": 0.009746159559544486,
  "52": 0.03380174953811687,
  "53": 0.012504379353582085,
  "54": 0.027168862075141458,
  "55": -0.045895513217573805,
  "56": -0.03774558905753671,
  "57": -0.07442837955683493,
  "58": -0.08582019836009064,
  "59": 0.10096929780232787,
  "60": 0.09017336765330215,
  "61": -0.06400623878125725,
  "62": 0.07620878984394705,
  "63": 0.05356611225024205
}