epoch,beta,coefficient,loss,expected_cut,best_measured_cut,success_probability_ancilla_1,max_postselected_probability,grad
0,0.4334722810532211,0.42748599462747117,-2.9999999999998783,2.9999999999998783,1.0,0.24595852663145668,0.05852003694253382,6.93924399354355e-15
1,0.43347228074195865,0.4274859943558355,-2.9999999999998774,2.9999999999998774,1.0,0.24595852663580864,0.0585200369473105,6.982063646758735e-15
2,0.4334722803611046,0.42748599402346826,-2.999999999999877,2.999999999999877,1.0,0.24595852664113355,0.058520036953155136,6.948527729958915e-15
3,0.4334722799217932,0.42748599364008577,-2.9999999999998783,2.9999999999998783,1.0,0.24595852664727572,0.058520036959896896,6.9377849028803745e-15
4,0.4334722794321628,0.4274859932127903,-2.9999999999998783,2.9999999999998783,1.0,0.2459585266541215,0.05852003696741085,6.8694866048935094e-15
