epoch,beta,coefficient,loss,expected_cut,best_measured_cut,success_probability_ancilla_1,max_postselected_probability,grad
0,-0.5778038651049826,-0.5456605066915695,-3.052858603060371,3.052858603060371,3.0,0.27462518087642884,0.05676505742719491,0.012910373895077598
1,-0.58776917823054,-0.5532232409518965,-3.0529704813696257,3.0529704813696257,3.0,0.2759824312652454,0.05645901456225639,0.011775163990346508
2,-0.5976741507672765,-0.5606616913970123,-3.0530711200824854,3.0530711200824854,3.0,0.277336906504753,0.05615452650220267,0.010685223100058625
3,-0.6074908562750776,-0.567956427170368,-3.0531608629063864,3.0531608629063864,3.0,0.27868390901428003,0.05585271020869362,0.00964229304791214
4,-0.6171894722575983,-0.5750875374605394,-3.0532401237733833,3.0532401237733833,3.0,0.28001848505929355,0.055554716252414,0.008647857423111817
