epoch,beta,coefficient,loss,expected_cut,best_measured_cut,success_probability_ancilla_1,max_postselected_probability,grad
0,-0.49250838198702274,-0.47773679451154827,-2.999999999999881,2.999999999999881,1.0,0.25073643390946593,0.0430030702955207,8.358464867076953e-14
1,-0.4925083857293739,-0.47773679761489907,-2.999999999999881,2.999999999999881,1.0,0.2507364345669772,0.04300307029454712,8.380851849710088e-14
2,-0.49250839030389465,-0.47773680140832764,-2.999999999999881,2.999999999999881,1.0,0.25073643537069656,0.04300307029335706,8.331841567140032e-14
3,-0.4925083955834154,-0.4777368057863789,-2.99999999999988,2.99999999999988,1.0,0.2507364362982807,0.043003070291983546,8.348674021867749e-14
4,-0.4925084014988371,-0.4777368106917519,-2.9999999999998797,2.9999999999998797,1.0,0.25073643733758916,0.04300307029044462,8.436321058671638e-14
