epoch,beta,coefficient,loss,expected_cut,best_measured_cut,success_probability_ancilla_1,max_postselected_probability,grad
0,-0.5514371964445356,-0.5252707159849567,-2.999999999999824,2.999999999999824,1.0,0.16999329560253432,0.06150365473362868,-1.2253548389347464e-14
1,-0.5514371958987737,-0.5252707155572303,-2.9999999999998233,2.9999999999998233,1.0,0.16999329560897214,0.06150365475442262,-1.216445956035806e-14
2,-0.5514371952306543,-0.5252707150336092,-2.9999999999998233,2.9999999999998233,1.0,0.16999329561685328,0.0615036547798785,-1.2200101413057923e-14
3,-0.5514371944680824,-0.5252707144359637,-2.9999999999998246,2.9999999999998246,1.0,0.16999329562584847,0.061503654808933134,-1.1730101558952337e-14
4,-0.5514371936109279,-0.5252707137641915,-2.9999999999998233,2.9999999999998233,1.0,0.1699932956359595,0.061503654841591364,-1.2343829590529697e-14
