epoch,beta,coefficient,loss,expected_cut,best_measured_cut,success_probability_ancilla_1,max_postselected_probability,grad
0,0.4837848778560839,0.4704740953912819,-3.0737560350184516,3.0737560350184516,3.0,0.27935151244034084,0.04897793910046129,0.004411665550319858
1,0.4740457632721696,0.46229835821116905,-3.073778912549461,3.073778912549461,3.0,0.27869247670609903,0.04928172372063204,0.003038135883127949
2,0.464968283807825,0.4546144615289435,-3.0737878819717244,3.0737878819717244,3.0,0.2780941560199264,0.049562763382407934,0.0016520063233890544
3,0.45721561904470487,0.448003835004452,-3.0737858174208528,3.0737858174208528,3.0,0.27759578750411823,0.049800991466154375,0.000317345014421668
4,0.4515602671876101,0.4431537948973975,-3.0737785193162,3.0737785193162,3.0,0.27723980392288017,0.04997363600310553,-0.0008548969661781985
