epoch,beta,coefficient,loss,expected_cut,best_measured_cut,success_probability_ancilla_1,max_postselected_probability,grad
0,-0.24418902209055535,-0.15044995060864766,-5.411982678636747,5.411982678636747,5.0,0.06641052387381446,0.08963108854530485,0.051366648408863645
1,-0.25398210855997627,-0.15623657789268863,-5.412280845783776,5.412280845783776,5.0,0.06662915742072066,0.08884299878790808,0.03723837760197021
2,-0.26331018533783895,-0.16172230688332326,-5.4124429958241445,5.4124429958241445,5.0,0.0668439593659551,0.08809120803893623,0.023706248873218448
3,-0.271791845625049,-0.1666874789751771,-5.41248953976574,5.41248953976574,5.0,0.06704469978784038,0.08740708683099993,0.011108040800090228
4,-0.27895347718682156,-0.17086256837827038,-5.412455609818391,5.412455609818391,5.0,0.06721814437870285,0.08682929748361416,-9.168151134626162e-05
5,-0.2843625310747286,-0.17400519919577168,-5.412386374429122,5.412386374429122,5.0,0.06735149709768101,0.08639295160255771,-0.009353736062875106
6,-0.2878031039404142,-0.17599927052075623,-5.412323097832198,5.412323097832198,5.0,0.06743735888959268,0.0861154684366669,-0.016228629546118506
