epoch,beta,coefficient,loss,expected_cut,best_measured_cut,success_probability_ancilla_1,max_postselected_probability,grad
0,0.2768354070486655,0.1696294506751706,-4.500347548148557,4.500347548148557,2.0,0.015323551346787912,0.06187391733421161,-0.0006185764886278425
1,0.2868042321952426,0.175420743020654,-4.5003530371320775,4.5003530371320775,2.0,0.015597401799074453,0.0618305245736585,-0.0005727436169199136
2,0.2967264472133974,0.18115303795503113,-4.500358074110769,4.500358074110769,2.0,0.015877461903124928,0.061762039474521704,-0.0005287822566491454
3,0.30658119246087473,0.18681398642997427,-4.50036267345002,4.50036267345002,2.0,0.016162818091549184,0.061670882783109594,-0.0004868105188672094
4,0.3163471275750471,0.19239129132436852,-4.500366852158672,4.500366852158672,2.0,0.016452487331390785,0.06155954329449542,-0.0004469147641247643
5,0.3260026104822029,0.1978728265700043,-4.500370629470784,4.500370629470784,2.0,0.01674542669114128,0.061430538960266595,-0.0004091522598086306
6,0.3355259492096312,0.2032467904364546,-4.500374026433487,4.500374026433487,2.0,0.017040546239139358,0.061286379086483475,-0.0003735529173265072
