epoch,beta,coefficient,loss,expected_cut,best_measured_cut,success_probability_ancilla_1,max_postselected_probability,grad
0,0.2229477573725026,0.13780648175996177,-5.654261984094702,5.654261984094702,6.0,0.07836291670999779,0.10510951253628571,0.0833927498033191
1,0.21303686761672896,0.1318661198117443,-5.654879891365788,5.654879891365788,6.0,0.07816319308531554,0.10493338480035194,0.06941380748424021
2,0.20331084993595686,0.126012485623231,-5.655348018706881,5.655348018706881,6.0,0.07797457609040928,0.10474784453590145,0.05522429825948222
3,0.1939050910457024,0.12032982752163271,-5.655667694444855,5.655667694444855,6.0,0.07779924951861733,0.10455632028035088,0.04098838924916477
4,0.18500356680651783,0.11493290800431284,-5.65584744110004,5.65584744110004,6.0,0.07763983912178221,0.10436401041920486,0.026941335143456296
5,0.17683992177813357,0.10996786446015104,-5.655905541925064,5.655905541925064,6.0,0.07749929650264639,0.1041781208064014,0.01340620519127078
6,0.1696800255385216,0.10560157502852667,-5.655871220149743,5.655871220149743,6.0,0.07738054385993669,0.10400754370662292,0.0007975130661854644
