epoch,beta,coefficient,loss,expected_cut,best_measured_cut,success_probability_ancilla_1,max_postselected_probability,grad
0,-0.2792596084824812,-0.1710406775120519,-4.499999999989047,4.499999999989047,0.0,0.004108333696386428,0.015624999999961968,7.440955308465856e-11
1,-0.2792629341808755,-0.171042612261581,-4.499999999989048,4.499999999989048,0.0,0.004108426513350847,0.015624999999961971,7.440702206317119e-11
2,-0.2792670060025152,-0.17104498106903174,-4.499999999989049,4.499999999989049,0.0,0.004108540155072624,0.015624999999961975,7.440880326767292e-11
3,-0.2792717058721685,-0.1710477152407743,-4.499999999989048,4.499999999989048,0.0,0.004108671326812183,0.015624999999961971,7.438696215793092e-11
4,-0.2792769586856825,-0.17105077108198374,-4.499999999989047,4.499999999989047,0.0,0.004108817933094483,0.015624999999961968,7.439078209340317e-11
5,-0.27928271110405056,-0.17105411755990294,-4.499999999989048,4.499999999989048,0.0,0.0041089784858798625,0.015624999999961971,7.439787749625718e-11
6,-0.27928892269931355,-0.17105773115289202,-4.499999999989049,4.499999999989049,0.0,0.004109151857458083,0.015624999999961975,7.440600888970531e-11
