epoch,beta,coefficient,loss,expected_cut,best_measured_cut,success_probability_ancilla_1,max_postselected_probability,grad
0,0.23722737818441927,0.14631979603730877,-5.541812767609361,5.541812767609361,5.0,0.07260098646988364,0.10675508492353064,0.011746232435398865
1,0.23212990350930027,0.1432870770672432,-5.541782082541435,5.541782082541435,5.0,0.07249602183482647,0.1066645476189745,-0.002367182932876782
2,0.2330848322873738,0.14385574886855848,-5.5417906740168075,5.5417906740168075,5.0,0.0725155355225156,0.10668179187183838,-0.009685863052473704
3,0.23653370956322864,0.14590752089440837,-5.541810781918011,5.541810781918011,5.0,0.07258658744790951,0.10674298314452978,-0.008308574556897654
4,0.24042552584028912,0.1482188561544411,-5.541813054702159,5.541813054702159,5.0,0.07266784019080938,0.10680999283988542,-0.00335826093153101
5,0.24311923906403565,0.14981616295618208,-5.541802045172382,5.541802045172382,5.0,0.07272474233705659,0.10685511280335629,0.002182143173530988
6,0.24374522737959367,0.15018706596281683,-5.541798020828216,5.541798020828216,5.0,0.07273804304323292,0.10686545102865092,0.005988144375032236
