epoch,beta,coefficient,loss,expected_cut,best_measured_cut,success_probability_ancilla_1,max_postselected_probability,grad
0,0.23009008581070137,0.14207151193576192,-5.175668159680394,5.175668159680394,5.0,0.05589859256585898,0.0673895174351071,0.03510407211534318
1,0.2203836897006782,0.13627206870456768,-5.175839849028955,5.175839849028955,5.0,0.05569618671613434,0.06711316173335881,0.023463340761924734
2,0.21143132413649204,0.1309014361715807,-5.1758972395126746,5.1758972395126746,5.0,0.05551624308058639,0.06684765303684512,0.01186506250726539
3,0.2039780643930455,0.1264147927950925,-5.1758695485446475,5.1758695485446475,5.0,0.05537144622166648,0.0666187919082241,0.0009170185654034337
4,0.19881498998972855,0.12329884637069208,-5.175809498970371,5.175809498970371,5.0,0.05527384797316533,0.06645607873002786,-0.00837362721370936
5,0.19625039144304154,0.12174873711174378,-5.175767100454946,5.175767100454946,5.0,0.05522619981703563,0.06637398366788518,-0.014899591716255513
6,0.195988552890461,0.1215903881385439,-5.175762299627872,5.175762299627872,5.0,0.0552213662351454,0.0663655544413403,-0.018167757053671945
