{
  "config": {
    "N_VERTICES": 4,
    "PROB_ARESTA": 0.55,
    "COM_PESO": false,
    "PESO_MIN": 1,
    "PESO_MAX": 1,
    "GRAPH_SEED": 104577,
    "GRAPH_EDGES": [
      [
        0,
        2,
        1.0
      ],
      [
        2,
        3,
        1.0
      ]
    ],
    "REVERSE_BITS": false,
    "ER": 1.25,
    "MAX_TERMS": null,
    "A_MAX": 1.0471975511965976,
    "INIT_BETA": 0.5,
    "MAX_EPOCHS": 200,
    "LR": 0.01,
    "FD_EPS": 0.01,
    "LOSS_TOL_LAST5": 0.0005,
    "PATIENCE_LAST5": 5,
    "TRAIN_SEED": 7,
    "INIT_BETA_JITTER": 0.08,
    "OPTIMIZER": "adam",
    "ADAM_BETA1": 0.9,
    "ADAM_BETA2": 0.999,
    "ADAM_EPS": 1e-08,
    "COEF_ZERO_TOL": 0.0005,
    "IMPROVEMENT_TOL": 0.0005,
    "SATURATION_PATIENCE": 150,
    "INDEX_STRATEGY": "ascending",
    "INDEX_RANDOM_SEED": 42,
    "ENABLE_BACKWARD_PRUNING": false,
    "BACKWARD_PASSES": 1,
    "PRUNE_IMPROVEMENT_TOL": 1e-06,
    "OUTDIR": "benchmark_results_walsh_article/unweighted/aggressive_loader/n4/graph04_trainseed07",
    "SHOW_PLOTS": false,
    "name": "aggressive_loader"
  },
  "n_qubits_register": 4,
  "graph_edges": [
    [
      0,
      2,
      1.0
    ],
    [
      2,
      3,
      1.0
    ]
  ],
  "graph_signature": "ab3e1e60a1be6f27a830f37b39d70bd64af7163327db0f23a1fcb2724d77253c",
  "graph_num_edges": 2,
  "graph_density": 0.3333333333333333,
  "best_cut_bruteforce": 2.0,
  "best_bitstring_bruteforce": "0010",
  "best_index_bruteforce": 2,
  "candidate_order": [
    1,
    2,
    3,
    4,
    5,
    6,
    7,
    8,
    9,
    10,
    11,
    12,
    13,
    14,
    15
  ],
  "total_possible_parameters": 15,
  "visited_parameters": 15,
  "trained_coefficients": {
    "0": 0.0,
    "1": -0.43765523609590556,
    "2": 0.44794124560663223,
    "3": -0.4324071164475375,
    "4": 0.6793979023114337,
    "5": -0.019135161309621274,
    "6": 0.452410463617509,
    "7": -0.4473666176207333,
    "8": -0.1784057953853959,
    "9": -0.2788829148181872,
    "10": -0.01336638114985512,
    "11": 0.007721712271804921,
    "12": 0.4329380933570803,
    "13": 0.033361083900008054,
    "14": 0.019472925696735355,
    "15": -0.02932499845574212
  },
  "final_coefficient_vector": [
    0.0,
    -0.43765523609590556,
    0.44794124560663223,
    -0.4324071164475375,
    0.6793979023114337,
    -0.019135161309621274,
    0.452410463617509,
    -0.4473666176207333,
    -0.1784057953853959,
    -0.2788829148181872,
    -0.01336638114985512,
    0.007721712271804921,
    0.4329380933570803,
    0.033361083900008054,
    0.019472925696735355,
    -0.02932499845574212
  ],
  "active_indices": [
    1,
    2,
    3,
    4,
    5,
    6,
    7,
    8,
    9,
    10,
    11,
    12,
    13,
    14,
    15
  ],
  "active_parameter_count": 15,
  "compression_ratio_active_over_total": 1.0,
  "final_loss": -1.7430782346158398,
  "final_expected_cut": 1.7430782346158398,
  "best_expected_cut_over_evolution": 1.7430782346158398,
  "final_best_measured_index": 9,
  "final_best_measured_bitstring": "1001",
  "final_best_measured_cut": 2.0,
  "best_measured_cut_over_evolution": 2.0,
  "final_success_probability_ancilla_1": 0.26735906141465154,
  "final_max_postselected_probability": 0.2323503802095384,
  "gap_expected_to_bruteforce": 0.25692176538416023,
  "gap_measured_to_bruteforce": 0.0,
  "approx_ratio_measured": 1.0,
  "n_steps": 15,
  "elapsed_seconds": 36.76442742347717,
  "steps": [
    {
      "visit_idx": 1,
      "j": 1,
      "kept": true,
      "beta": -0.4451812703754715,
      "coefficient": -0.43765523609590556,
      "loss": -1.0,
      "expected_cut": 1.0,
      "best_measured_cut": 0.0,
      "success_probability_ancilla_1": 0.07297358462566428,
      "epochs_run": 5,
      "stop_reason": "loss_plateau_last5",
      "history_path": "benchmark_results_walsh_article/unweighted/aggressive_loader/n4/graph04_trainseed07/histories/history_visit001_j001.json",
      "improvement_vs_previous": 1.0
    },
    {
      "visit_idx": 2,
      "j": 2,
      "kept": true,
      "beta": 0.45714246322879304,
      "coefficient": 0.44794124560663223,
      "loss": -1.0,
      "expected_cut": 1.0,
      "best_measured_cut": 0.0,
      "success_probability_ancilla_1": 0.13818302889880194,
      "epochs_run": 5,
      "stop_reason": "loss_plateau_last5",
      "history_path": "benchmark_results_walsh_article/unweighted/aggressive_loader/n4/graph04_trainseed07/histories/history_visit002_j002.json",
      "improvement_vs_previous": 0.0
    },
    {
      "visit_idx": 3,
      "j": 3,
      "kept": true,
      "beta": -0.43912438069465304,
      "coefficient": -0.4324071164475375,
      "loss": -1.0,
      "expected_cut": 1.0,
      "best_measured_cut": 1.0,
      "success_probability_ancilla_1": 0.18976114934531924,
      "epochs_run": 5,
      "stop_reason": "loss_plateau_last5",
      "history_path": "benchmark_results_walsh_article/unweighted/aggressive_loader/n4/graph04_trainseed07/histories/history_visit003_j003.json",
      "improvement_vs_previous": 0.0
    },
    {
      "visit_idx": 4,
      "j": 4,
      "kept": true,
      "beta": 0.7731842225291456,
      "coefficient": 0.6793979023114337,
      "loss": -1.2403957091352604,
      "expected_cut": 1.2403957091352604,
      "best_measured_cut": 1.0,
      "success_probability_ancilla_1": 0.29507222694662144,
      "epochs_run": 29,
      "stop_reason": "loss_plateau_last5",
      "history_path": "benchmark_results_walsh_article/unweighted/aggressive_loader/n4/graph04_trainseed07/histories/history_visit004_j004.json",
      "improvement_vs_previous": 0.24039570913526043
    },
    {
      "visit_idx": 5,
      "j": 5,
      "kept": true,
      "beta": -0.01827476717441621,
      "coefficient": -0.019135161309621274,
      "loss": -1.2400814130301459,
      "expected_cut": 1.2400814130301459,
      "best_measured_cut": 1.0,
      "success_probability_ancilla_1": 0.2930352252177164,
      "epochs_run": 64,
      "stop_reason": "loss_plateau_last5",
      "history_path": "benchmark_results_walsh_article/unweighted/aggressive_loader/n4/graph04_trainseed07/histories/history_visit005_j005.json",
      "improvement_vs_previous": -0.0003142961051145754
    },
    {
      "visit_idx": 6,
      "j": 6,
      "kept": true,
      "beta": 0.46237776198829794,
      "coefficient": 0.452410463617509,
      "loss": -1.328029912408923,
      "expected_cut": 1.328029912408923,
      "best_measured_cut": 1.0,
      "success_probability_ancilla_1": 0.2786459098945172,
      "epochs_run": 8,
      "stop_reason": "loss_plateau_last5",
      "history_path": "benchmark_results_walsh_article/unweighted/aggressive_loader/n4/graph04_trainseed07/histories/history_visit006_j006.json",
      "improvement_vs_previous": 0.08794849937877713
    },
    {
      "visit_idx": 7,
      "j": 7,
      "kept": true,
      "beta": -0.4564710396561399,
      "coefficient": -0.4473666176207333,
      "loss": -1.4537946253205882,
      "expected_cut": 1.4537946253205882,
      "best_measured_cut": 1.0,
      "success_probability_ancilla_1": 0.24824663939755998,
      "epochs_run": 5,
      "stop_reason": "loss_plateau_last5",
      "history_path": "benchmark_results_walsh_article/unweighted/aggressive_loader/n4/graph04_trainseed07/histories/history_visit007_j007.json",
      "improvement_vs_previous": 0.12576471291166524
    },
    {
      "visit_idx": 8,
      "j": 8,
      "kept": true,
      "beta": -0.1720425347908919,
      "coefficient": -0.1784057953853959,
      "loss": -1.4845867923178195,
      "expected_cut": 1.4845867923178195,
      "best_measured_cut": 1.0,
      "success_probability_ancilla_1": 0.2544808663296129,
      "epochs_run": 82,
      "stop_reason": "loss_plateau_last5",
      "history_path": "benchmark_results_walsh_article/unweighted/aggressive_loader/n4/graph04_trainseed07/histories/history_visit008_j008.json",
      "improvement_vs_previous": 0.030792166997231307
    },
    {
      "visit_idx": 9,
      "j": 9,
      "kept": true,