epoch,beta,coefficient,loss,expected_cut,best_measured_cut,success_probability_ancilla_1,max_postselected_probability,grad
0,0.23273070299643564,0.14364488948759246,-2.999932365871712,2.999932365871712,3.0,0.005687846139221717,0.12499154573440353,-0.05669184807959529
1,0.23462813628431206,0.14477427938496895,-2.999852464352391,2.999852464352391,3.0,0.005733307244208899,0.12498155804448488,0.03415277555078724
2,0.23194548050127767,0.14317722233448682,-2.9999565645223436,2.9999565645223436,3.0,0.005669125062015311,0.12499457056573403,0.04999637949623168
3,0.22803093348478634,0.14084328714043012,-2.999997302422989,2.999997302422989,3.0,0.005576604967005525,0.12499966280332195,0.02746996307791395
4,0.2251672553125199,0.13913330211734234,-2.9999397675884496,2.9999397675884496,3.0,0.005509780599230139,0.12499247094900995,-0.006971813902494532
5,0.22472285271646295,0.13886774136369148,-2.9999240003925687,2.9999240003925687,3.0,0.00549947573179274,0.12499050004952568,-0.03338502149040461
6,0.2262494744257775,0.13977978281232695,-2.9999704160047513,2.9999704160047513,3.0,0.005534948753266591,0.12499630200104553,-0.03757830598692198
