{
  "0": 0.0,
  "1": -0.2975800116410052,
  "2": 0.29714869893251095,
  "3": -0.26092234737178815,
  "4": 0.3168519730792018,
  "5": 0.4214580454013198,
  "6": 0.3447926895838989,
  "7": -0.10634731133501739,
  "8": -0.29079399336520123,
  "9": -0.24650656777080482,
  "10": -0.04264096052175605,
  "11": 0.06550674552867738,
  "12": -0.31677871204152835,
  "13": 0.19779820978798413,
  "14": -0.1948190375170887,
  "15": -0.1346687095309374,
  "16": 0.03168230625532252,
  "17": 0.06718383118823171,
  "18": 0.02611831228567151,
  "19": 0.02701821601623356,
  "20": -0.21829115520374673,
  "21": -0.0537502594412621,
  "22": -0.12208285662291976,
  "23": -0.18771918930512366,
  "24": 0.35418276903725215,
  "25": 0.07540699892256174,
  "26": 0.06034959971998968,
  "27": 0.23384333058545273,
  "28": 0.008352475419578814,
  "29": -0.017315438985375638,
  "30": 0.006744460778507291,
  "31": 0.0,
  "32": 0.047193457046793376,
  "33": 0.12336285029054267,
  "34": 0.039117066042625936,
  "35": -0.07527620014151605,
  "36": -0.09887316968471604,
  "37": -0.02348371658679927,
  "38": 0.10036778128378157,
  "39": -0.15720446531530735,
  "40": 0.0,
  "41": 0.07479864772487832,
  "42": -0.14028611629290402,
  "43": 0.07159056570126378,
  "44": -0.06280860227218657,
  "45": 0.061300274788303286,
  "46": 0.14848834356442886,
  "47": 0.10098274981593151,
  "48": -0.11453763169767099,
  "49": -0.024981101289603763,
  "50": 0.04353815876679959,
  "51": -0.09743587964128123,
  "52": -0.04237330176323407,
  "53": 0.0915967956408056,
  "54": 0.09962995047308779,
  "55": -0.08450409442513335,
  "56": 0.06356801520514009,
  "57": -0.15364053749958223,
  "58": -0.08815262919676427,
  "59": 0.031114045188633654,
  "60": 0.036147031399288015,
  "61": -0.029106400239506176,
  "62": 0.024970099528389682,
  "63": -0.023621642749773335
}