epoch,beta,coefficient,loss,expected_cut,best_measured_cut,success_probability_ancilla_1,max_postselected_probability,grad
0,0.39812230120184466,0.297148471984709,-3.9999999999990683,3.9999999999990683,3.0,0.04292485756851849,0.031249983054013854,-2.0482997419775366e-12
1,0.3981223927456137,0.2971485335913436,-3.9999999999990665,3.9999999999990665,3.0,0.04292486619117402,0.031249983058855457,-2.0468022435089177e-12
2,0.39812250478626104,0.2971486089918514,-3.9999999999990683,3.9999999999990683,3.0,0.042924876744465115,0.0312499830647802,-2.0450930646168455e-12
3,0.3981226340564468,0.29714869598739296,-3.9999999999990696,3.9999999999990696,3.0,0.042924888920636665,0.031249983071614744,-2.0427745628991037e-12
4,0.3981227785521204,0.2971487932292898,-3.9999999999990683,3.9999999999990683,3.0,0.042924902530924666,0.031249983079252613,-2.045707048441841e-12
