{
  "0": 0.0,
  "1": -0.23471578833964518,
  "2": 0.26000993273732825,
  "3": -0.2517847068276121,
  "4": -0.2712416426970438,
  "5": 0.38304838563280763,
  "6": 0.2897510315030266,
  "7": 0.0,
  "8": -0.20835933277025845,
  "9": 0.18500025002902307,
  "10": 0.0,
  "11": 0.20413045495983032,
  "12": -0.2556954782354435,
  "13": -0.04730281950100075,
  "14": 0.17293440201677668,
  "15": -0.3180595840487944,
  "16": 0.14102299388433664,
  "17": -0.15613047411597167,
  "18": -0.08751398512976584,
  "19": -0.11352023679779312,
  "20": 0.1833609185354246,
  "21": 0.11127605363854343,
  "22": -0.07315438438929091,
  "23": 0.18054450640922684,
  "24": 0.06361683724496424,
  "25": 0.1634469052779239,
  "26": -0.13436364427969383,
  "27": 0.1309232010449565,
  "28": 0.1252257065433708,
  "29": -0.2185347132553506,
  "30": -0.1276213161054994,
  "31": -0.14101365387547485,
  "32": -0.010551572607212472,
  "33": 0.014211453421731439,
  "34": 0.009471778606620126,
  "35": 0.0,
  "36": -0.01017103040798172,
  "37": 0.009358400037465266,
  "38": 0.04088766964491383,
  "39": -0.03501567194289726,
  "40": 0.01567438266856374,
  "41": 0.0,
  "42": -0.01248742278565717,
  "43": 0.0179706165730498,
  "44": 0.02721648821757731,
  "45": -0.025873464668494824,
  "46": -0.007789753338692375,
  "47": 0.011936743895751317,
  "48": 0.0,
  "49": 0.0,
  "50": 0.0,
  "51": 0.003326368064414462,
  "52": -0.009762185450134147,
  "53": 0.00991417604149622,
  "54": -0.016191018219193748,
  "55": 0.0036822940552106577,
  "56": 0.0,
  "57": 0.004085201731480089,
  "58": 0.008947203895995215,
  "59": -0.02057489901231703,
  "60": -0.009063901556149036,
  "61": 0.006386075070045765,
  "62": -0.008788761016728657,
  "63": 0.0
}