{
  "0": 0.0,
  "1": -0.23491355058782443,
  "2": 0.2355178644023994,
  "3": 0.0,
  "4": 0.17075334622074043,
  "5": 0.0,
  "6": 0.0,
  "7": -0.2058783529693177,
  "8": -0.07374775194190027,
  "9": 0.0,
  "10": 0.0,
  "11": 0.11528566131637437,
  "12": 0.0,
  "13": 0.1302106769809266,
  "14": -0.153942850569073,
  "15": 0.0
}