epoch,beta,coefficient,loss,expected_cut,best_measured_cut,success_probability_ancilla_1,max_postselected_probability,grad
0,-0.4451812346360934,-0.4376552052067783,-3.9999999999994533,3.9999999999994533,0.0,0.07297357458310194,0.015624999999997863,2.1128003671136615e-12
1,-0.44518132905251434,-0.43765528680978666,-3.999999999999452,3.999999999999452,0.0,0.07297360111358071,0.01562499999999786,2.1108299302825702e-12
2,-0.4451814446328198,-0.43765538670448434,-3.999999999999452,3.999999999999452,0.0,0.07297363359099414,0.01562499999999786,2.1104480331002427e-12
3,-0.4451815780142622,-0.437655501984483,-3.999999999999452,3.999999999999452,0.0,0.07297367107043096,0.01562499999999786,2.1087964014433647e-12
4,-0.4451817269447553,-0.4376556307033265,-3.999999999999451,3.999999999999451,0.0,0.0729737129190693,0.01562499999999786,2.101455092095583e-12
