epoch,beta,coefficient,loss,expected_cut,best_measured_cut,success_probability_ancilla_1,max_postselected_probability,grad
0,-0.36246777953604775,-0.272836221954989,-1.6977712629653112,1.6977712629653112,2.0,0.13002257636943615,0.4054116514589564,0.09815301875868873
1,-0.3723963937423981,-0.279669316465878,-1.6985353434860557,1.6985353434860557,2.0,0.13056416871136914,0.4049148488955973,0.08387893789615308
2,-0.38218998566228374,-0.28636232270765993,-1.6991569629481322,1.6991569629481322,2.0,0.13111138030150352,0.4043731646665083,0.07010236235948691
3,-0.39177067578033553,-0.2928637501205935,-1.6996418854479214,1.6996418854479214,2.0,0.1316587509448269,0.4037956728519187,0.05690767533736261
4,-0.4010454818934243,-0.2991135196513386,-1.6999987620287054,1.6999987620287054,2.0,0.13219961108107126,0.4031936696331857,0.04438550294534152
5,-0.4099069517581109,-0.30504367597588744,-1.7002394313539553,1.7002394313539553,2.0,0.1327260948290604,0.4025806952350249,0.032631331384577834
6,-0.4182361766157741,-0.3105805720303479,-1.700378977556733,1.700378977556733,2.0,0.1332293244306331,0.4019722762496483,0.021742690615028815
7,-0.4259088475623915,-0.31564886163601574,-1.7004353916500423,1.7004353916500423,2.0,0.13369982134241784,0.40138528675142304,0.011814545268705595
