epoch,beta,coefficient,loss,expected_cut,best_measured_cut,success_probability_ancilla_1,max_postselected_probability,grad
0,0.3793421231621518,0.28442095132005973,-2.876360340796996,2.876360340796996,2.0,0.1105322889451202,0.07174767263751435,-0.0303227070912499
1,0.3891276371207859,0.29107478572283446,-2.8765343474492,2.8765343474492,2.0,0.11119217806207142,0.07178930016540695,-0.021817473551497747
2,0.3984374830725532,0.2973605560991958,-2.876628355828029,2.876628355828029,2.0,0.11183137706362054,0.0718179561401776,-0.01379659653405243
3,0.4068948102723267,0.30303246834918085,-2.8766554520327716,2.8766554520327716,2.0,0.11242131696935759,0.07183505576613138,-0.006444214204690088
4,0.41404330904230174,0.3077978596509526,-2.876636522953911,2.876636522953911,2.0,0.11292660837190738,0.07184309377240829,-9.509859423999368e-07
