epoch,beta,coefficient,loss,expected_cut,best_measured_cut,success_probability_ancilla_1,max_postselected_probability,grad
0,0.3604650068808445,0.2714521085502418,-1.3784690438141545,1.3784690438141545,2.0,0.0993623559345476,0.2903141697610723,-0.032218574115190066
1,0.37021787254850397,0.2781741033354581,-1.378643175478042,1.378643175478042,2.0,0.10003103185897155,0.2904677884605342,-0.02246265427108118
2,0.37940882618447147,0.2844664683027045,-1.3787270551304096,1.3787270551304096,2.0,0.10067334748903664,0.2905633572673089,-0.013305189331412065
3,0.3875797340782601,0.2900254438406909,-1.378738658568407,1.378738658568407,2.0,0.10125395464856435,0.290609670191392,-0.0050000575205465326
4,0.394200354917325,0.2945051928896798,-1.3787060560089883,1.3787060560089883,2.0,0.10173080883727008,0.29062139456121977,0.0021182972978940383
