epoch,beta,coefficient,loss,expected_cut,best_measured_cut,success_probability_ancilla_1,max_postselected_probability,grad
0,-0.3685964551890675,-0.27705975521810106,-0.9999999999994758,0.9999999999994758,0.0,0.01906808189220501,0.062499999999967235,2.5862695136825603e-12
1,-0.36859657081736236,-0.27705983473123735,-0.9999999999994755,0.9999999999994755,0.0,0.019068092766769747,0.06249999999996722,2.5861446636225645e-12
2,-0.36859671239796743,-0.27705993209077173,-0.9999999999994753,0.9999999999994753,0.0,0.01906810608209013,0.06249999999996721,2.586263883814996e-12
3,-0.36859687586933193,-0.27706004450372684,-0.9999999999994758,0.9999999999994758,0.0,0.019068121456188594,0.062499999999967235,2.5878249421278657e-12
4,-0.36859705860135217,-0.2770601701614771,-0.999999999999476,0.999999999999476,0.0,0.019068138641711647,0.06249999999996725,2.587357894362249e-12
