epoch,beta,coefficient,loss,expected_cut,best_measured_cut,success_probability_ancilla_1,max_postselected_probability,grad
0,-0.39955594812632156,-0.2981127563379936,-1.7280144816422058,1.7280144816422058,2.0,0.1341464206055639,0.407601988050001,0.06800824465624875
1,-0.4094411282635691,-0.304732952249857,-1.7284915800035496,1.7284915800035496,2.0,0.1346894481716588,0.40697130880984556,0.05468123333439077
2,-0.41909564916195036,-0.31114984867829915,-1.7288376523056064,1.7288376523056064,2.0,0.13523108061030262,0.40631162533926385,0.04191475705782244
3,-0.4283660481017701,-0.31726542669165503,-1.7290620053131196,1.7290620053131196,2.0,0.1357612584318592,0.4056393576476008,0.02984199742809598
4,-0.43705978008587076,-0.3229591321088354,-1.7291793583707684,1.7291793583707684,2.0,0.1362671086787551,0.4049758943798917,0.01862084430319646
5,-0.44495432735151763,-0.3280943049678736,-1.7292103096751623,1.7292103096751623,2.0,0.13673345048736313,0.40434694815710287,0.008430034801678511
