epoch,beta,coefficient,loss,expected_cut,best_measured_cut,success_probability_ancilla_1,max_postselected_probability,grad
0,-0.3024478843750838,-0.23055454282420978,-2.4999999999994404,2.4999999999994404,2.0,0.044708116276133116,0.18472381006350808,9.593275841025444e-13
1,-0.3024479272661085,-0.2305545736078959,-2.4999999999994404,2.4999999999994404,2.0,0.044708119565983646,0.18472381104376356,9.593064109758594e-13
2,-0.3024479798111129,-0.23055461132042193,-2.4999999999994404,2.4999999999994404,2.0,0.04470812359631942,0.1847238122446545,9.606839348292587e-13
3,-0.3024480404641064,-0.2305546548522009,-2.4999999999994404,2.4999999999994404,2.0,0.04470812824855928,0.18472381363084692,9.595197524408527e-13
4,-0.30244810824498064,-0.23055470349979032,-2.499999999999441,2.499999999999441,2.0,0.04470813344752665,0.18472381517993985,9.589079774074723e-13
