epoch,beta,coefficient,loss,expected_cut,best_measured_cut,success_probability_ancilla_1,max_postselected_probability,grad
0,-0.3278283096146127,-0.2486319797828398,-2.918480316866225,2.918480316866225,3.0,0.1442337636302195,0.24964284461245667,-0.06407401288605245
1,-0.31786837107597327,-0.24157136998635398,-2.919023872377844,2.919023872377844,3.0,0.14364155664678815,0.24915308886992088,-0.05780025634329534
2,-0.3079854248866105,-0.23452244810914788,-2.9194981264798097,2.9194981264798097,3.0,0.14306805106377207,0.24862772104351016,-0.051307725651193466
3,-0.298226536653398,-0.22752106199179817,-2.9199005134592895,2.9199005134592895,3.0,0.1425159688803253,0.24806965618738921,-0.044627204407543614
4,-0.28865102409062926,-0.2206126447339998,-2.920229531777603,2.920229531777603,3.0,0.14198839357553975,0.24748341718507094,-0.03780077409618302
5,-0.2793325791046545,-0.2138539098799099,-2.9204851706161428,2.9204851706161428,3.0,0.14148878407551785,0.2468755239991457,-0.03088428981293567
6,-0.27036085414742167,-0.20731415395965883,-2.9206693949438574,2.9206693949438574,3.0,0.14102095099390438,0.2462548642878538,-0.023949872156949808
7,-0.26184169585061695,-0.20107553657772767,-2.920786627371494,2.920786627371494,3.0,0.14058896885735206,0.2456329454867104,-0.017087923843134123
