epoch,beta,coefficient,loss,expected_cut,best_measured_cut,success_probability_ancilla_1,max_postselected_probability,grad
0,-0.31573881593756287,-0.24005606145046557,-4.499999999996861,4.499999999996861,0.0,0.014337676314191363,0.015624999999989102,1.8533538781587438e-11
1,-0.31573964426081336,-0.24005665123742667,-4.499999999996861,4.499999999996861,0.0,0.014337746427288882,0.015624999999989102,1.8523087111144168e-11
2,-0.3157406585468766,-0.24005737343417494,-4.49999999999686,4.49999999999686,0.0,0.01433783228131766,0.015624999999989099,1.853169562941693e-11
3,-0.3157418292742411,-0.24005820702043992,-4.49999999999686,4.49999999999686,0.0,0.014337931377535968,0.015624999999989099,1.852077587559406e-11
4,-0.3157431379449809,-0.240059138825026,-4.499999999996863,4.499999999996863,0.0,0.014338042150286839,0.015624999999989106,1.8532850126052874e-11
