epoch,beta,coefficient,loss,expected_cut,best_measured_cut,success_probability_ancilla_1,max_postselected_probability,grad
0,0.3621920220308204,0.2726457604205415,-4.494114639388089,4.494114639388089,2.0,0.05900746724875268,0.060354775085042285,0.005599280177090688
1,0.35217979342978945,0.26570591475125227,-4.49417746448902,4.49417746448902,2.0,0.05816237358207134,0.0604514021990027,0.006044198383403284
2,0.34214676395625293,0.2587043331365038,-4.494245179905929,4.494245179905929,2.0,0.05733132644404454,0.06053265877960667,0.00650863571264868
3,0.33208513272223794,0.25163616426726926,-4.494318064353404,4.494318064353404,2.0,0.05651438694173826,0.06059732441694578,0.006993021090465793
4,0.3219873856118837,0.24449666238703982,-4.494396410903858,4.494396410903858,2.0,0.055711695442457354,0.06064407109351257,0.007497720522687403
