{
  "0": 0.0,
  "1": -0.23491667291147963,
  "2": 0.24931549031768213,
  "3": -0.28255678723637334,
  "4": -0.21956819090359064,
  "5": 0.39026263548959894,
  "6": 0.28339714185869,
  "7": 0.0050175181141419115,
  "8": 0.3480155057033364,
  "9": -0.2732448095082333,
  "10": 0.0,
  "11": -0.18433723591415177,
  "12": 0.0,
  "13": 0.14832566149514748,
  "14": -0.18041807279991456,
  "15": 0.09728800922825284,
  "16": 0.030464479355817572,
  "17": -0.04334313752451193,
  "18": -0.06537516972729948,
  "19": 0.0,
  "20": 0.0,
  "21": 0.04467239857655321,
  "22": -0.01425687227509874,
  "23": 0.0,
  "24": 0.14491374281840488,
  "25": -0.11666631023713953,
  "26": 0.0,
  "27": 0.14894884042846174,
  "28": -0.08496604671020457,
  "29": -0.15854598084505853,
  "30": -0.15851807957783146,
  "31": 0.10756694212235945,
  "32": -0.08288544711849866,
  "33": 0.01878763906948472,
  "34": -0.027270948204822083,
  "35": 0.0833953097426474,
  "36": -0.10930549777121402,
  "37": 0.06308889472392049,
  "38": 0.010337681832979074,
  "39": -0.019101698628473638,
  "40": 0.06039432364827479,
  "41": 0.08087493060905265,
  "42": -0.12964843420078417,
  "43": 0.0788123043492823,
  "44": 0.015301906036010459,
  "45": 0.00315476145618363,
  "46": -0.0819342003431184,
  "47": -0.006237634660755812,
  "48": 0.06649547531433923,
  "49": 0.0,
  "50": -0.01380183915555193,
  "51": 0.0,
  "52": 0.04473331048994175,
  "53": 0.0,
  "54": -0.033454320997856675,
  "55": -0.027903665687478093,
  "56": -0.04677351583964805,
  "57": 0.006133147038287624,
  "58": 0.09979008787644132,
  "59": 0.012949401406007479,
  "60": -0.04885626111506488,
  "61": -0.05414054707572236,
  "62": 0.09373859337321515,
  "63": 0.0
}