epoch,beta,coefficient,loss,expected_cut,best_measured_cut,success_probability_ancilla_1,max_postselected_probability,grad
0,0.3585184233402549,0.2701049897350684,-15.338609301349608,15.338609301349608,15.0,0.08171839296108863,0.026934187796166867,0.4399537022171316
1,0.34854189458427004,0.26317262067733194,-15.34255860746679,15.34255860746679,15.0,0.08106917282387455,0.026984146171655298,0.41104345863237357
2,0.33860976604290616,0.25622490943297804,-15.346177237751078,15.346177237751078,15.0,0.08043871557735777,0.027028094876332464,0.38036934751454843
3,0.3287479752830798,0.24928170825162727,-15.349443100620762,15.349443100620762,15.0,0.07982890029780497,0.027065713634974644,0.3479957873779178
4,0.31898843398240867,0.2423675676899461,-15.352336516060198,15.352336516060198,15.0,0.07924176590090144,0.027096740270459017,0.31402714468626997
5,0.3093700892322492,0.23551258403365677,-15.354841504994322,15.354841504994322,15.0,0.07867951190820066,0.027120995787278144,0.27861616380501575
6,0.299940000918159,0.22875326588686504,-15.356947353285387,15.356947353285387,15.0,0.07814448999371326,0.027138414213955526,0.24197314092342914
7,0.290754298140902,0.22213331494532707,-15.358650421303608,15.358650421303608,15.0,0.07763918110852686,0.027149076351313427,0.2043753097236111
8,0.2818787904744221,0.21570414773421204,-15.359956098617877,15.359956098617877,15.0,0.0771661516866573,0.027153245124579777,0.16617544959052116
9,0.2733889102604633,0.20952490628564396,-15.360880695728039,15.360880695728039,15.0,0.07672798197510101,0.02715139813381882,0.12780810790183636
10,0.26536858159903065,0.20366164041783072,-15.361452928968092,15.361452928968092,15.0,0.07632716105726386,0.027144250456367872,0.08979111441469854
11,0.257907609479007,0.1981853384141822,-15.361714526050825,15.361714526050825,15.0,0.07596594802541287,0.02713275853259644,0.05271947062524353
12,0.25109733586426425,0.19316859726890268,-15.361719429911219,15.361719429911219,15.0,0.07564620778092468,0.02711809549040283,0.017248626566577673
13,0.24502467145102205,0.18868100146221,-15.361531201527963,15.361531201527963,15.0,0.0753692418657401,0.027101591286545663,-0.015934847881438178
