epoch,beta,coefficient,loss,expected_cut,best_measured_cut,success_probability_ancilla_1,max_postselected_probability,grad
0,-0.2542348182646239,-0.15638553307105035,-0.9999999999990583,0.9999999999990583,2.0,0.010619286384276082,0.18697409701567708,2.2608925646698235e-12
1,-0.25423491932511516,-0.15638559263558754,-0.9999999999990581,0.9999999999990581,2.0,0.010619288960310823,0.18697409777218008,2.2598983302466995e-12
2,-0.2542350430673917,-0.15638566556864902,-0.9999999999990585,0.9999999999990585,2.0,0.010619292114506058,0.18697409869845452,2.2603782377225014e-12
3,-0.25423518590790817,-0.15638574975810934,-0.9999999999990585,0.9999999999990585,2.0,0.010619295755517717,0.18697409976766644,2.2598953439589173e-12
4,-0.25423534557422905,-0.1563858438646045,-0.9999999999990579,0.9999999999990579,2.0,0.01061929982542195,0.18697410096279668,2.260578590890437e-12
5,-0.25423552044178904,-0.15638594693062197,-0.9999999999990581,0.9999999999990581,2.0,0.010619304282809114,0.18697410227167643,2.260671554148812e-12
6,-0.25423570927711137,-0.1563860582291548,-0.9999999999990583,0.9999999999990583,2.0,0.010619309096238433,0.18697410368506384,2.260657005578848e-12
