epoch,beta,coefficient,loss,expected_cut,best_measured_cut,success_probability_ancilla_1,max_postselected_probability,grad
0,0.22897182000177546,0.14140464000621542,-1.525014653912443,1.525014653912443,2.0,0.030845564801529862,0.41034482089897056,0.01958815544229889
1,0.2212484660811152,0.13678976786815256,-1.5249860755894968,1.5249860755894968,2.0,0.030675515408132688,0.4097891941678491,0.0029152955094376427
2,0.218927852224102,0.13540009189242733,-1.524957292805817,1.524957292805817,2.0,0.030625409796261563,0.4096073687006537,-0.010374784292003305
3,0.220486772282959,0.13633378939528257,-1.5249776669613826,1.5249776669613826,2.0,0.0306590186271058,0.4097302774309445,-0.014436617410946338
4,0.22389128659605562,0.1383706840132542,-1.5250074233398538,1.5250074233398538,2.0,0.0307331361916617,0.4099878537313085,-0.011704542176950444
5,0.22778985955763698,0.14069941916982773,-1.5250169121244666,1.5250169121244666,2.0,0.03081921487630304,0.41026468476390576,-0.005787334151390948
6,0.23103815888321222,0.14263662628515247,-1.525005014321582,1.525005014321582,2.0,0.030891911739356778,0.4104807062758026,0.0009044356644256522
