{
  "config": {
    "N_VERTICES": 4,
    "PROB_ARESTA": 0.85,
    "COM_PESO": false,
    "PESO_MIN": 1,
    "PESO_MAX": 1,
    "GRAPH_SEED": 104375,
    "GRAPH_EDGES": [
      [
        0,
        1,
        1.0
      ],
      [
        0,
        3,
        1.0
      ],
      [
        1,
        2,
        1.0
      ],
      [
        1,
        3,
        1.0
      ],
      [
        2,
        3,
        1.0
      ]
    ],
    "REVERSE_BITS": false,
    "ER": 1.0,
    "MAX_TERMS": null,
    "A_MAX": 0.7853981633974483,
    "INIT_BETA": 0.35,
    "MAX_EPOCHS": 200,
    "LR": 0.01,
    "FD_EPS": 0.01,
    "LOSS_TOL_LAST5": 0.001,
    "PATIENCE_LAST5": 5,
    "TRAIN_SEED": 0,
    "INIT_BETA_JITTER": 0.05,
    "OPTIMIZER": "adam",
    "ADAM_BETA1": 0.9,
    "ADAM_BETA2": 0.999,
    "ADAM_EPS": 1e-08,
    "COEF_ZERO_TOL": 0.001,
    "IMPROVEMENT_TOL": 0.001,
    "SATURATION_PATIENCE": 100,
    "INDEX_STRATEGY": "ascending",
    "INDEX_RANDOM_SEED": 42,
    "ENABLE_BACKWARD_PRUNING": true,
    "BACKWARD_PASSES": 2,
    "PRUNE_IMPROVEMENT_TOL": 0.0001,
    "OUTDIR": "benchmark_results_walsh_article/unweighted/with_pruning/n4/graph02_trainseed00",
    "SHOW_PLOTS": false,
    "name": "with_pruning"
  },
  "n_qubits_register": 4,
  "graph_edges": [
    [
      0,
      1,
      1.0
    ],
    [
      0,
      3,
      1.0
    ],
    [
      1,
      2,
      1.0
    ],
    [
      1,
      3,
      1.0
    ],
    [
      2,
      3,
      1.0
    ]
  ],
  "graph_signature": "088078414915f783002f6e924a47ca164ddb929b0c303d60c8d30a073f7782ae",
  "graph_num_edges": 5,
  "graph_density": 0.8333333333333334,
  "best_cut_bruteforce": 4.0,
  "best_bitstring_bruteforce": "0101",
  "best_index_bruteforce": 5,
  "candidate_order": [
    1,
    2,
    3,
    4,
    5,
    6,
    7,
    8,
    9,
    10,
    11,
    12,
    13,
    14,
    15
  ],
  "total_possible_parameters": 15,
  "visited_parameters": 15,
  "trained_coefficients": {
    "0": 0.0,
    "1": -0.2954849292083086,
    "2": 0.29710267874287755,
    "3": 0.0,
    "4": -0.1973970124679361,
    "5": 0.0,
    "6": 0.0,
    "7": 0.2360208564203539,
    "8": 0.07788400633535185,
    "9": 0.0,
    "10": 0.0,
    "11": -0.1275402317932541,
    "12": 0.0,
    "13": 0.13986029529562796,
    "14": -0.1863680224871375,
    "15": 0.0
  },
  "final_coefficient_vector": [
    0.0,
    -0.2954849292083086,
    0.29710267874287755,
    0.0,
    -0.1973970124679361,
    0.0,
    0.0,
    0.2360208564203539,
    0.07788400633535185,
    0.0,
    0.0,
    -0.1275402317932541,
    0.0,
    0.13986029529562796,
    -0.1863680224871375,
    0.0
  ],
  "active_indices": [
    1,
    2,
    4,
    7,
    8,
    11,
    13,
    14
  ],
  "active_parameter_count": 8,
  "compression_ratio_active_over_total": 0.5333333333333333,
  "final_loss": -3.8464724235225685,
  "final_expected_cut": 3.8464724235225685,
  "best_expected_cut_over_evolution": 3.8464653264033997,
  "final_best_measured_index": 5,
  "final_best_measured_bitstring": "0101",
  "final_best_measured_cut": 4.0,
  "best_measured_cut_over_evolution": 4.0,
  "final_success_probability_ancilla_1": 0.07240566516844263,
  "final_max_postselected_probability": 0.4259257897992797,
  "gap_expected_to_bruteforce": 0.15352757647743154,
  "gap_measured_to_bruteforce": 0.0,
  "approx_ratio_measured": 1.0,
  "n_steps": 15,
  "elapsed_seconds": 34.801477909088135,
  "steps": [
    {
      "visit_idx": 1,
      "j": 1,
      "kept": true,
      "beta": -0.39565268099906137,
      "coefficient": -0.2954849292083086,
      "loss": -2.5,
      "expected_cut": 2.5,
      "best_measured_cut": 0.0,
      "success_probability_ancilla_1": 0.021669479208922957,
      "epochs_run": 5,
      "stop_reason": "loss_plateau_last5",
      "history_path": "benchmark_results_walsh_article/unweighted/with_pruning/n4/graph02_trainseed00/histories/history_visit001_j001.json",
      "improvement_vs_previous": 2.5
    },
    {
      "visit_idx": 2,
      "j": 2,
      "kept": true,
      "beta": 0.3980542569412822,
      "coefficient": 0.29710267874287755,
      "loss": -2.9999923253193255,
      "expected_cut": 2.9999923253193255,
      "best_measured_cut": 3.0,
      "success_probability_ancilla_1": 0.04262576348144226,
      "epochs_run": 5,
      "stop_reason": "loss_plateau_last5",
      "history_path": "benchmark_results_walsh_article/unweighted/with_pruning/n4/graph02_trainseed00/histories/history_visit002_j002.json",
      "improvement_vs_previous": 0.49999232531932547
    },
    {
      "visit_idx": 3,
      "j": 3,
      "kept": false,
      "beta": 0.0012549928563177874,
      "coefficient": 0.0,
      "loss": -2.9999923253193255,
      "expected_cut": 2.9999923253193255,
      "best_measured_cut": 3.0,
      "success_probability_ancilla_1": 0.04262576348144226,
      "epochs_run": 38,
      "stop_reason": "loss_plateau_last5_and_discarded_near_zero",
      "history_path": "benchmark_results_walsh_article/unweighted/with_pruning/n4/graph02_trainseed00/histories/history_visit003_j003.json",
      "improvement_vs_previous": 0.0
    },
    {
      "visit_idx": 4,
      "j": 4,
      "kept": true,
      "beta": -0.25683591340663486,
      "coefficient": -0.1973970124679361,
      "loss": -3.1723257859473675,
      "expected_cut": 3.1723257859473675,
      "best_measured_cut": 3.0,
      "success_probability_ancilla_1": 0.05150779240910062,
      "epochs_run": 74,
      "stop_reason": "loss_plateau_last5",
      "history_path": "benchmark_results_walsh_article/unweighted/with_pruning/n4/graph02_trainseed00/histories/history_visit004_j004.json",
      "improvement_vs_previous": 0.172333460628042
    },
    {
      "visit_idx": 5,
      "j": 5,
      "kept": true,
      "beta": 0.00157314976591045,
      "coefficient": 0.0012355479176506224,
      "loss": -3.1723208044135287,
      "expected_cut": 3.1723208044135287,
      "best_measured_cut": 4.0,
      "success_probability_ancilla_1": 0.051508134738373,
      "epochs_run": 40,
      "stop_reason": "loss_plateau_last5",
      "history_path": "benchmark_results_walsh_article/unweighted/with_pruning/n4/graph02_trainseed00/histories/history_visit005_j005.json",
      "improvement_vs_previous": -4.9815338387659835e-06
    },
    {
      "visit_idx": 6,
      "j": 6,
      "kept": false,
      "beta": -0.0007194079430174576,
      "coefficient": 0.0,
      "loss": -3.1723208044135287,
      "expected_cut": 3.1723208044135287,
      "best_measured_cut": 4.0,
      "success_probability_ancilla_1": 0.051508134738373,
      "epochs_run": 43,
      "stop_reason": "loss_plateau_last5_and_discarded_near_zero",
      "history_path": "benchmark_results_walsh_article/unweighted/with_pruning/n4/graph02_trainseed00/histories/history_visit006_j006.json",
      "improvement_vs_previous": 0.0
    },
    {
      "visit_idx": 7,
      "j": 7,
      "kept": true,
      "beta": 0.31008133382767683,
      "coefficient": 0.2360208564203539,
      "loss": -3.4698574628781556,
      "expected_cut": 3.4698574628781556,
      "best_measured_cut": 4.0,
      "success_probability_ancilla_1": 0.06198730720566738,
      "epochs_run": 82,
      "stop_reason": "loss_plateau_last5",
      "history_path": "benchmark_results_walsh_article/unweighted/with_pruning/n4/graph02_trainseed00/histories/history_visit007_j007.json",
      "improvement_vs_previous": 0.29753665846462685
    },
    {
      "visit_idx": 8,
      "j": 8,
      "kept": true,
      "beta": 0.09949198105632166,
      "coefficient": 0.07788400633535185,
      "loss": -3.4937237179613074,
      "expected_cut": 3.4937237179613074,
      "best_measured_cut": 4.0,
      "success_probability_ancilla_1": 0.06331511044224643,
      "epochs_run": 32,
      "stop_reason": "loss_plateau_last5",
      "history_path": "benchmark_results_walsh_article/unweighted/with_pruning/n4/graph02_trainseed00/histories/history_visit008_j008.json",
      "improvement_vs_previous": 0.023866255083151877
    },
    {
      "visit_idx": 9,
      "j": 9,