epoch,beta,coefficient,loss,expected_cut,best_measured_cut,success_probability_ancilla_1,max_postselected_probability,grad
0,0.2154188707906452,0.13329613717575003,-7.052367198926591,7.052367198926591,7.0,0.05824364420836753,0.13043539494520803,0.12094355913307757
1,0.20548725063318532,0.12732438084288547,-7.053312412885177,7.053312412885177,7.0,0.0580984165376229,0.13015944348637246,0.10384296155594651
2,0.19569275008060305,0.1214114797027849,-7.05407325906601,7.05407325906601,7.0,0.05796335399083064,0.12986536359354905,0.08643221526038053
3,0.18612820573084637,0.11561575465845761,-7.054648458078759,7.054648458078759,7.0,0.05783940449447701,0.1295569723591428,0.06886600310399242
4,0.17691596869289444,0.11001418189256283,-7.055042638762259,7.055042638762259,7.0,0.05772754651450176,0.12923997551978827,0.05135421886505729
5,0.16821111861132948,0.10470448360877871,-7.055268491295626,7.055268491295626,7.0,0.05762872349787676,0.12892233531133201,0.034173879409281016
6,0.16019865714613163,0.09980346961345073,-7.055348572825322,7.055348572825322,7.0,0.057543732964003655,0.1286143514009905,0.017676218122226545
7,0.15308013749496974,0.09543876014053103,-7.055315653687218,7.055315653687218,7.0,0.05747307533167995,0.12832814566382347,0.0022807998614839354
8,0.147047749658866,0.0917325979339279,-7.05521032692865,7.05521032692865,7.0,0.05741680135288472,0.12807632861160034,-0.011553181764260208
