epoch,beta,coefficient,loss,expected_cut,best_measured_cut,success_probability_ancilla_1,max_postselected_probability,grad
0,0.26926602950454015,0.16521116927861096,-6.313279310339345,6.313279310339345,4.0,0.025310955072228775,0.04634460601861636,-0.10991863006708567
1,0.2792035968453567,0.17100809180340726,-6.314156122709658,6.314156122709658,4.0,0.025573791502747703,0.04657072027903819,-0.09528579882424554
2,0.28902597718583334,0.17670709468033016,-6.314888439244161,6.314888439244161,4.0,0.025840930067096944,0.046777422954002425,-0.08126629483308333
3,0.2986712607278137,0.1822727954596327,-6.315482606185658,6.315482606185658,4.0,0.02611018113326657,0.04696462454088055,-0.06793319795188264
4,0.3080683909596532,0.18766543839611152,-6.315947170668191,6.315947170668191,4.0,0.02637893643790618,0.04713243315884725,-0.05535615277514299
5,0.31713794403654755,0.1928414796508058,-6.316292918102716,6.316292918102716,4.0,0.026644183814034602,0.04728117659800764,-0.04359959066951636
6,0.32579396884568224,0.19775472690433096,-6.316532766502898,6.316532766502898,4.0,0.026902563784462433,0.047411417368301526,-0.03272064446119712
7,0.33394705176052847,0.20235809251692746,-6.316681474434732,6.316681474434732,4.0,0.027150476719936253,0.047523955824297456,-0.02276684464298762
8,0.34150856298032894,0.2066059054770618,-6.316755139341996,6.316755139341996,4.0,0.027384241670701664,0.047619816583934375,-0.01377379169204392
