epoch,beta,coefficient,loss,expected_cut,best_measured_cut,success_probability_ancilla_1,max_postselected_probability,grad
0,0.22481666567081227,0.1389238053268796,-7.201387580502466,7.201387580502466,7.0,0.06335787768035972,0.15753441684226432,0.26306278670951466
1,0.21483827380379933,0.13294771282296902,-7.203767951708182,7.203767951708182,7.0,0.06317237240441667,0.157464158513561,0.2468610790821943
2,0.2048993414721995,0.12697011333719757,-7.205970606053231,7.205970606053231,7.0,0.06299559906168738,0.15737085394421416,0.23015566279442307
3,0.1950207595554548,0.12100496819873216,-7.207988424725125,7.207988424725125,7.0,0.06282794996436786,0.15725463147058175,0.2129969622768519
4,0.18522681073253527,0.11506847735066796,-7.20981547540502,7.20981547540502,7.0,0.06266979340129082,0.15711591194838212,0.19544602800433236
5,0.1755455276948582,0.1091793070219345,-7.211447337846217,7.211447337846217,7.0,0.06252146357084071,0.1569554599485528,0.17757546988254072
6,0.16600901772119248,0.10335879387146156,-7.212881458996302,7.212881458996302,7.0,0.06238324899283673,0.15677443629737414,0.1594702810014667
7,0.15665371325393865,0.09763109953228491,-7.21411752586504,7.21411752586504,7.0,0.06225537953366789,0.15657444888928798,0.14122846499979175
8,0.14752049408307083,0.09202328061641966,-7.21515783653917,7.21515783653917,7.0,0.062138012394863565,0.15635759727808288,0.12296135212365734
9,0.1386546130331416,0.08656523064868014,-7.216007640193851,7.216007640193851,7.0,0.06203121771408129,0.15612650496698094,0.10479346091669202
10,0.130105347103013,0.08128944429055125,-7.216675406604184,7.216675406604184,7.0,0.06193496479839339,0.15588433182247544,0.08686173933330121
11,0.12192529501564896,0.07623055390176539,-7.217172976505498,7.217172976505498,7.0,0.061849110411187694,0.15563475806450458,0.06931400988658357
12,0.11416925640597458,0.07142459796362116,-7.217515539357301,7.217515539357301,7.0,0.06177339088082526,0.15538193144119183,0.05230646041321809
13,0.1068926630586852,0.06690800369361505,-7.2177213886552885,7.2177213886552885,7.0,0.06170741996119945,0.15513037114249925,0.036000078409042166
14,0.10014959063564893,0.06271630344769243,-7.217811420684731,7.217811420684731,7.0,0.061650694197968314,0.15488482621662944,0.020556032170123813
15,0.09399045486151127,0.058882652713816326,-7.217808372157332,7.217808372157332,7.0,0.06160260691592593,0.15465009265842364,0.0061301547230202
