epoch,beta,coefficient,loss,expected_cut,best_measured_cut,success_probability_ancilla_1,max_postselected_probability,grad
0,-0.2558618094082686,-0.1573440843509718,-7.710803036888145,7.710803036888145,9.0,0.07056848810090624,0.2021703344634908,-0.07477023927868652
1,-0.24611462454958927,-0.15158994540847295,-7.711197521522481,7.711197521522481,9.0,0.07043600795890476,0.20228003375907572,-0.05185124715468744
2,-0.23699459390114228,-0.14618145781156403,-7.711363024995057,7.711363024995057,9.0,0.07031877979723526,0.2023609738228778,-0.02901174211578914
3,-0.22910692522141599,-0.14148522715239917,-7.711344539633818,7.711344539633818,9.0,0.07022272434898796,0.20241372278688397,-0.007215887119293078
4,-0.22316810171393198,-0.13793826202001566,-7.711230244976693,7.711230244976693,9.0,0.07015370978417965,0.2024427092589251,0.011950593378915015
5,-0.2196223313197625,-0.1358161200197515,-7.711120465431139,7.711120465431139,9.0,0.07011387291634603,0.20245557093196873,0.026565840824724386
6,-0.2183940156472859,-0.13508021208475,-7.711075147850121,7.711075147850121,9.0,0.07010031273701697,0.20245924616456215,0.035364445987453905
