epoch,beta,coefficient,loss,expected_cut,best_measured_cut,success_probability_ancilla_1,max_postselected_probability,grad
0,-0.21037283052724765,-0.1302650916353693,-6.7323178006740285,6.7323178006740285,7.0,0.047611114572060034,0.07966329626397362,-0.13330671200624516
1,-0.20041675442773274,-0.12426620394889479,-6.733435243074062,6.733435243074062,7.0,0.047421515839662004,0.07934708085587254,-0.11936593352933784
2,-0.19054527640753194,-0.11829491718371973,-6.734400187173369,6.734400187173369,7.0,0.04724188761794495,0.07901630236757269,-0.10503476949371976
3,-0.18081023187967907,-0.11238437741899282,-6.735208310463216,6.735208310463216,7.0,0.04707302947019322,0.07867316572467592,-0.09039706800654644
4,-0.17127684861974263,-0.10657628497463277,-6.735857956139688,6.735857956139688,7.0,0.046915768347478695,0.07832077025423982,-0.0755618801973902
5,-0.1620257955072858,-0.10092220295166199,-6.736351073649404,6.736351073649404,7.0,0.04677093569476583,0.07796328657961624,-0.06066796863589764
6,-0.15315439157804703,-0.09548433840220728,-6.73669422952964,6.73669422952964,7.0,0.0466393301242088,0.0776060984454798,-0.045887776607856895
7,-0.14477600054356168,-0.0903351796027495,-6.736899511882348,6.736899511882348,7.0,0.04652166266782513,0.0772558481402825,-0.03142958539010114
8,-0.13701641658247982,-0.08555523209418311,-6.736985028669405,6.736985028669405,7.0,0.04641848546697691,0.07692030349776248,-0.017535936165042426
9,-0.1300062675947696,-0.08122823202600807,-6.7369746130136114,6.7369746130136114,7.0,0.04633011227465374,0.07660796770118947,-0.004475996076987015
