epoch,beta,coefficient,loss,expected_cut,best_measured_cut,success_probability_ancilla_1,max_postselected_probability,grad
0,-0.2551864254918542,-0.15694627254217255,-5.999999999982656,5.999999999982656,0.0,0.003459895954916745,0.015624999999954831,1.3004254482218813e-10
1,-0.2551922364408126,-0.1569496958559932,-5.999999999982659,5.999999999982659,0.0,0.0034600467168164504,0.015624999999954842,1.3004689340411616e-10
2,-0.25519935011255135,-0.15695388660905815,-5.999999999982659,5.999999999982659,0.0,0.0034602312810080578,0.015624999999954842,1.300175109074662e-10
3,-0.25520756069581063,-0.15695872354791432,-5.9999999999826645,5.9999999999826645,0.0,0.0034604443098483627,0.015624999999954856,1.3000083790379307e-10
4,-0.25521673639902914,-0.1569641290253654,-5.999999999982663,5.999999999982663,0.0,0.0034606823860418787,0.015624999999954852,1.2997688709669624e-10
5,-0.25522678407985044,-0.15697004816311388,-5.999999999982668,5.999999999982668,0.0,0.00346094309499833,0.015624999999954866,1.2998832164637303e-10
6,-0.25523763229962454,-0.15697643886889998,-5.999999999982662,5.999999999982662,0.0,0.0034612245851977624,0.015624999999954849,1.2994941535280564e-10
