{
  "0": 0.0,
  "1": 0.0,
  "2": 0.0,
  "3": -0.2825565307050329,
  "4": -0.21956824536443162,
  "5": 0.3902611855370501,
  "6": 0.28339696363584643,
  "7": 0.0,
  "8": 0.22377656685953384,
  "9": 0.0,
  "10": 0.0,
  "11": 0.0,
  "12": -0.3219010888680195,
  "13": 0.0,
  "14": 0.0,
  "15": -0.1140695237562507,
  "16": 0.08300325951846223,
  "17": -0.16307727500438032,
  "18": -0.1238499210406587,
  "19": -0.0030038650615133965,
  "20": 0.0,
  "21": 0.03226610004386019,
  "22": -0.11087833207660995,
  "23": 0.1891553640821836,
  "24": 0.12574337270791303,
  "25": -0.0945930070328224,
  "26": 0.11178868483042424,
  "27": 0.0,
  "28": -0.09184958845713895,
  "29": 0.0,
  "30": 0.0,
  "31": 0.027149898717426808,
  "32": 0.01622054216100116,
  "33": 0.04185756143938455,
  "34": 0.0,
  "35": 0.0,
  "36": -0.18242461423804696,
  "37": 0.0375473340890745,
  "38": 0.03924311304701653,
  "39": -0.1874766428227502,
  "40": 0.0,
  "41": -0.08987734121125857,
  "42": -0.04775792768707332,
  "43": 0.0,
  "44": 0.0,
  "45": 0.1010965276021072,
  "46": 0.09842526492035276,
  "47": 0.01033517686656896,
  "48": 0.05819815271542504,
  "49": -0.018074888350718084,
  "50": 0.0,
  "51": 0.03382805773992101,
  "52": 0.0,
  "53": 0.0,
  "54": 0.0,
  "55": 0.014385122133494993,
  "56": -0.00949389368239971,
  "57": 0.0,
  "58": 0.011698372550588894,
  "59": -0.023409709642527258,
  "60": -0.018081344028253725,
  "61": 0.026737038815055767,
  "62": 0.0,
  "63": 0.0
}