{
  "config": {
    "N_VERTICES": 4,
    "PROB_ARESTA": 0.85,
    "COM_PESO": false,
    "PESO_MIN": 1,
    "PESO_MAX": 1,
    "GRAPH_SEED": 104882,
    "GRAPH_EDGES": [
      [
        0,
        1,
        1.0
      ],
      [
        0,
        2,
        1.0
      ],
      [
        0,
        3,
        1.0
      ],
      [
        2,
        3,
        1.0
      ]
    ],
    "REVERSE_BITS": false,
    "ER": 1.0,
    "MAX_TERMS": null,
    "A_MAX": 0.7853981633974483,
    "INIT_BETA": 0.35,
    "MAX_EPOCHS": 200,
    "LR": 0.01,
    "FD_EPS": 0.01,
    "LOSS_TOL_LAST5": 0.001,
    "PATIENCE_LAST5": 5,
    "TRAIN_SEED": 6,
    "INIT_BETA_JITTER": 0.05,
    "OPTIMIZER": "adam",
    "ADAM_BETA1": 0.9,
    "ADAM_BETA2": 0.999,
    "ADAM_EPS": 1e-08,
    "COEF_ZERO_TOL": 0.001,
    "IMPROVEMENT_TOL": 0.001,
    "SATURATION_PATIENCE": 100,
    "INDEX_STRATEGY": "ascending",
    "INDEX_RANDOM_SEED": 42,
    "ENABLE_BACKWARD_PRUNING": true,
    "BACKWARD_PASSES": 2,
    "PRUNE_IMPROVEMENT_TOL": 0.0001,
    "OUTDIR": "benchmark_results_walsh_article/unweighted/with_pruning/n4/graph07_trainseed06",
    "SHOW_PLOTS": false,
    "name": "with_pruning"
  },
  "n_qubits_register": 4,
  "graph_edges": [
    [
      0,
      1,
      1.0
    ],
    [
      0,
      2,
      1.0
    ],
    [
      0,
      3,
      1.0
    ],
    [
      2,
      3,
      1.0
    ]
  ],
  "graph_signature": "0c4184843706290033a85b58881df740fdc53f7edeeaffa6a9dd8c38dfc1a494",
  "graph_num_edges": 4,
  "graph_density": 0.6666666666666666,
  "best_cut_bruteforce": 3.0,
  "best_bitstring_bruteforce": "0101",
  "best_index_bruteforce": 5,
  "candidate_order": [
    1,
    2,
    3,
    4,
    5,
    6,
    7,
    8,
    9,
    10,
    11,
    12,
    13,
    14,
    15
  ],
  "total_possible_parameters": 15,
  "visited_parameters": 15,
  "trained_coefficients": {
    "0": 0.0,
    "1": -0.23926193553711336,
    "2": 0.23921014131181376,
    "3": 0.0,
    "4": 0.1694086853059396,
    "5": 0.0,
    "6": 0.0,
    "7": -0.21062964274019397,
    "8": 0.03629057233361392,
    "9": 0.0,
    "10": 0.0,
    "11": -0.03335463002307355,
    "12": 0.0,
    "13": 0.016995315477218248,
    "14": -0.004645037599170754,
    "15": 0.0
  },
  "final_coefficient_vector": [
    0.0,
    -0.23926193553711336,
    0.23921014131181376,
    0.0,
    0.1694086853059396,
    0.0,
    0.0,
    -0.21062964274019397,
    0.03629057233361392,
    0.0,
    0.0,
    -0.03335463002307355,
    0.0,
    0.016995315477218248,
    -0.004645037599170754,
    0.0
  ],
  "active_indices": [
    1,
    2,
    4,
    7,
    8,
    11,
    13,
    14
  ],
  "active_parameter_count": 8,
  "compression_ratio_active_over_total": 0.5333333333333333,
  "final_loss": -2.9937907177190244,
  "final_expected_cut": 2.9937907177190244,
  "best_expected_cut_over_evolution": 2.9937657064972827,
  "final_best_measured_index": 7,
  "final_best_measured_bitstring": "0111",
  "final_best_measured_cut": 3.0,
  "best_measured_cut_over_evolution": 3.0,
  "final_success_probability_ancilla_1": 0.04475392518850693,
  "final_max_postselected_probability": 0.2677884964114341,
  "gap_expected_to_bruteforce": 0.006209282280975614,
  "gap_measured_to_bruteforce": 0.0,
  "approx_ratio_measured": 1.0,
  "n_steps": 15,
  "elapsed_seconds": 11.464747667312622,
  "steps": [
    {
      "visit_idx": 1,
      "j": 1,
      "kept": true,
      "beta": -0.3146238897908363,
      "coefficient": -0.23926193553711336,
      "loss": -2.0,
      "expected_cut": 2.0,
      "best_measured_cut": 0.0,
      "success_probability_ancilla_1": 0.014243424932748949,
      "epochs_run": 5,
      "stop_reason": "loss_plateau_last5",
      "history_path": "benchmark_results_walsh_article/unweighted/with_pruning/n4/graph07_trainseed06/histories/history_visit001_j001.json",
      "improvement_vs_previous": 2.0
    },
    {
      "visit_idx": 2,
      "j": 2,
      "kept": true,
      "beta": 0.3145511987654168,
      "coefficient": 0.23921014131181376,
      "loss": -2.4999999880559725,
      "expected_cut": 2.4999999880559725,
      "best_measured_cut": 1.0,
      "success_probability_ancilla_1": 0.028075137777498642,
      "epochs_run": 5,
      "stop_reason": "loss_plateau_last5",
      "history_path": "benchmark_results_walsh_article/unweighted/with_pruning/n4/graph07_trainseed06/histories/history_visit002_j002.json",
      "improvement_vs_previous": 0.49999998805597246
    },
    {
      "visit_idx": 3,
      "j": 3,
      "kept": true,
      "beta": 0.0015406224638857087,
      "coefficient": 0.0012100010963052156,
      "loss": -2.4999934694574035,
      "expected_cut": 2.4999934694574035,
      "best_measured_cut": 1.0,
      "success_probability_ancilla_1": 0.0280754832506779,
      "epochs_run": 41,
      "stop_reason": "loss_plateau_last5",
      "history_path": "benchmark_results_walsh_article/unweighted/with_pruning/n4/graph07_trainseed06/histories/history_visit003_j003.json",
      "improvement_vs_previous": -6.518598568927558e-06
    },
    {
      "visit_idx": 4,
      "j": 4,
      "kept": true,
      "beta": 0.21913959249546627,
      "coefficient": 0.1694086853059396,
      "loss": -2.675860958996773,
      "expected_cut": 2.675860958996773,
      "best_measured_cut": 3.0,
      "success_probability_ancilla_1": 0.034831255146167875,
      "epochs_run": 17,
      "stop_reason": "loss_plateau_last5",
      "history_path": "benchmark_results_walsh_article/unweighted/with_pruning/n4/graph07_trainseed06/histories/history_visit004_j004.json",
      "improvement_vs_previous": 0.17586748953936926
    },
    {
      "visit_idx": 5,
      "j": 5,
      "kept": false,
      "beta": 0.00022592966418826486,
      "coefficient": 0.0,
      "loss": -2.675860958996773,
      "expected_cut": 2.675860958996773,
      "best_measured_cut": 3.0,
      "success_probability_ancilla_1": 0.034831255146167875,
      "epochs_run": 44,
      "stop_reason": "loss_plateau_last5_and_discarded_near_zero",
      "history_path": "benchmark_results_walsh_article/unweighted/with_pruning/n4/graph07_trainseed06/histories/history_visit005_j005.json",
      "improvement_vs_previous": 0.0
    },
    {
      "visit_idx": 6,
      "j": 6,
      "kept": false,
      "beta": 0.00044187115669679783,
      "coefficient": 0.0,
      "loss": -2.675860958996773,
      "expected_cut": 2.675860958996773,
      "best_measured_cut": 3.0,
      "success_probability_ancilla_1": 0.034831255146167875,
      "epochs_run": 37,
      "stop_reason": "loss_plateau_last5_and_discarded_near_zero",
      "history_path": "benchmark_results_walsh_article/unweighted/with_pruning/n4/graph07_trainseed06/histories/history_visit006_j006.json",
      "improvement_vs_previous": 0.0
    },
    {
      "visit_idx": 7,
      "j": 7,
      "kept": true,
      "beta": -0.2749038940152975,
      "coefficient": -0.21062964274019397,
      "loss": -2.979052036478714,
      "expected_cut": 2.979052036478714,
      "best_measured_cut": 3.0,
      "success_probability_ancilla_1": 0.04412208347314065,
      "epochs_run": 6,
      "stop_reason": "loss_plateau_last5",
      "history_path": "benchmark_results_walsh_article/unweighted/with_pruning/n4/graph07_trainseed06/histories/history_visit007_j007.json",
      "improvement_vs_previous": 0.3031910774819413
    },
    {
      "visit_idx": 8,
      "j": 8,
      "kept": true,
      "beta": 0.04623951843432752,
      "coefficient": 0.03629057233361392,
      "loss": -2.986042260120829,
      "expected_cut": 2.986042260120829,
      "best_measured_cut": 3.0,
      "success_probability_ancilla_1": 0.04442224742151414,
      "epochs_run": 31,
      "stop_reason": "loss_plateau_last5",
      "history_path": "benchmark_results_walsh_article/unweighted/with_pruning/n4/graph07_trainseed06/histories/history_visit008_j008.json",
      "improvement_vs_previous": 0.006990223642115101
    },
    {
      "visit_idx": 9,
      "j": 9,
      "kept": true,
      "beta": 0.001902252093955746,