{
  "0": 0.0,
  "1": -0.24005763804530103,
  "2": 0.24536644550313128,
  "3": -0.23735724954151907,
  "4": 0.24449666169096743,
  "5": 0.3787083315925109,
  "6": 0.31212838614495747,
  "7": -0.06310202840132909,
  "8": -0.23702433857668848,
  "9": 0.1742600647066572,
  "10": -0.0167027271658048,
  "11": 0.18891519668843215,
  "12": -0.280771012394381,
  "13": 0.07643246006684824,
  "14": -0.1241814860693876,
  "15": -0.2866647262709367,
  "16": 0.03202786545775334,
  "17": -0.22632766121268508,
  "18": -0.040434436085488315,
  "19": -0.05969927492668674,
  "20": 0.18395883745011918,
  "21": 0.02856292903023918,
  "22": -0.05616510870594235,
  "23": 0.20509701477758416,
  "24": 0.005377278895848044,
  "25": 0.059679561397716845,
  "26": -0.08733484677004333,
  "27": 0.18153477589936526,
  "28": 0.04854028857411078,
  "29": -0.2283183444786526,
  "30": -0.12357912104326352,
  "31": -0.034757335481551556,
  "32": 0.007096451057671454,
  "33": 0.013408772287959704,
  "34": 0.014422586114836398,
  "35": 0.00949984236148981,
  "36": -0.00844301800408065,
  "37": -0.013806831479093916,
  "38": -0.03791794636077785,
  "39": -0.05376904734751465,
  "40": 0.019375850513225813,
  "41": 0.01722265193082528,
  "42": 0.016270856974348907,
  "43": 0.023871121080953402,
  "44": -0.030492205071983233,
  "45": -0.037130135856104765,
  "46": -0.014990626331385664,
  "47": -0.019786085983998277,
  "48": 0.01824463495623926,
  "49": -0.008553206602748569,
  "50": 0.04352606777679145,
  "51": 0.01500944134199017,
  "52": 0.0176192412751468,
  "53": 0.0,
  "54": -0.014602967443017067,
  "55": -0.01686020734915258,
  "56": 0.018044847113009507,
  "57": 0.0156122651010505,
  "58": 0.017580028719840487,
  "59": 0.0,
  "60": -0.022636718986804086,
  "61": 0.0,
  "62": 0.0,
  "63": 0.0
}