{
  "0": 0.0,
  "1": -0.5202922459905798,
  "2": 0.5204318690042539,
  "3": -0.0037791808463995347,
  "4": 0.0029422338965655625,
  "5": -0.0011785108937644446,
  "6": 0.009190709469705665,
  "7": -0.007495429624447437,
  "8": 0.0034756302547866626,
  "9": -0.0038311961281680936,
  "10": 0.005150186160760679,
  "11": -0.00488153897452756,
  "12": -0.001417177534742704,
  "13": 0.29471495091559596,
  "14": -0.39410661857084367,
  "15": -0.0036422050566335662,
  "16": -0.0010451106472562314,
  "17": 0.00196085534281874,
  "18": -0.0020752935934190485,
  "19": 0.0037151751966397546,
  "20": -0.0011718826489354353,
  "21": 0.10963029033595388,
  "22": -0.11195085532457753,
  "23": -0.0014307761623948577,
  "24": 0.0021187043066811634,
  "25": 0.053581677307236876,
  "26": -0.030495504703828467,
  "27": 0.0,
  "28": 0.039780402723057696,
  "29": 0.0005703322107101955,
  "30": 0.0,
  "31": 0.02073260003737843,
  "32": -0.00454942396836845,
  "33": 0.0010836393239312782,
  "34": -0.003204076586809198,
  "35": 0.009752155626133688,
  "36": 0.001109862584926591,
  "37": 0.0743268723926717,
  "38": -0.0627183268586202,
  "39": 0.0,
  "40": 0.0017135630112145041,
  "41": 0.011833190425570852,
  "42": 0.00869260215595105,
  "43": 0.0,
  "44": 0.01872799196450241,
  "45": -0.0013817200957758537,
  "46": 0.0015711402452922906,
  "47": 0.006374446250245353,
  "48": 0.000541736731071557,
  "49": -0.0013552489783511376,
  "50": -0.03078652262334331,
  "51": 0.0,
  "52": -0.011228112124648918,
  "53": -0.0013099051330772336,
  "54": 0.0,
  "55": -0.003847605806203326,
  "56": -0.02518360499977227,
  "57": -0.0013530632324972368,
  "58": -0.0005665712187231021,
  "59": -0.009268546503532538,
  "60": 0.0,
  "61": -0.14287159487391654,
  "62": 0.20409138648153918,
  "63": 0.0038602424301889637
}