epoch,beta,coefficient,loss,expected_cut,best_measured_cut,success_probability_ancilla_1,max_postselected_probability,grad
0,-0.5425801834248154,-0.5182984733660435,-3.9999999999998095,3.9999999999998095,3.0,0.21106834669847963,0.04367966993180168,1.9186043324441816e-13
1,-0.5425801920923286,-0.5182984802192002,-3.9999999999998117,3.9999999999998117,3.0,0.21106834857178142,0.0436796698560254,1.9565984662758387e-13
2,-0.5425802027191482,-0.518298488621525,-3.999999999999811,3.999999999999811,3.0,0.21106835086854642,0.043679669763119724,1.94552327784729e-13
3,-0.5425802149439407,-0.5182984982873216,-3.9999999999998117,3.9999999999998117,3.0,0.21106835351067998,0.04367966965624367,1.9177930791542948e-13
4,-0.5425802286037823,-0.5182985090877705,-3.9999999999998104,3.9999999999998104,3.0,0.2110683564629694,0.04367966953682158,1.9317683025854354e-13
