epoch,beta,coefficient,loss,expected_cut,best_measured_cut,success_probability_ancilla_1,max_postselected_probability,grad
0,0.36471551139277586,0.2743873338761361,-4.917195228043917,4.917195228043917,5.0,0.1267286167064987,0.05701067568801043,-0.015122871157896388
1,0.3739267681142959,0.2807182928548835,-4.917226521171411,4.917226521171411,5.0,0.12740129393321992,0.05709687713519648,-0.007019219207490861
2,0.38097665142841936,0.2855356911018216,-4.917206319591036,4.917206319591036,5.0,0.12792315909908386,0.057157505042096275,0.00018258600556816303
3,0.38462789224711735,0.2880210306887349,-4.917181195090254,4.917181195090254,5.0,0.12819577140903027,0.05718711974499575,0.005523758839960713
4,0.38510327502080455,0.28834412773845247,-4.917177198703113,4.917177198703113,5.0,0.12823138005086712,0.05719088691496266,0.008231788527173763
