{
  "config": {
    "N_VERTICES": 4,
    "PROB_ARESTA": 0.85,
    "COM_PESO": false,
    "PESO_MIN": 1,
    "PESO_MAX": 1,
    "GRAPH_SEED": 104271,
    "GRAPH_EDGES": [
      [
        0,
        1,
        1.0
      ],
      [
        0,
        2,
        1.0
      ],
      [
        0,
        3,
        1.0
      ],
      [
        1,
        3,
        1.0
      ],
      [
        2,
        3,
        1.0
      ]
    ],
    "REVERSE_BITS": false,
    "ER": 0.75,
    "MAX_TERMS": null,
    "A_MAX": 0.6283185307179586,
    "INIT_BETA": 0.25,
    "MAX_EPOCHS": 200,
    "LR": 0.01,
    "FD_EPS": 0.01,
    "LOSS_TOL_LAST5": 0.002,
    "PATIENCE_LAST5": 7,
    "TRAIN_SEED": 8,
    "INIT_BETA_JITTER": 0.03,
    "OPTIMIZER": "adam",
    "ADAM_BETA1": 0.9,
    "ADAM_BETA2": 0.999,
    "ADAM_EPS": 1e-08,
    "COEF_ZERO_TOL": 0.002,
    "IMPROVEMENT_TOL": 0.002,
    "SATURATION_PATIENCE": 60,
    "INDEX_STRATEGY": "ascending",
    "INDEX_RANDOM_SEED": 42,
    "ENABLE_BACKWARD_PRUNING": false,
    "BACKWARD_PASSES": 1,
    "PRUNE_IMPROVEMENT_TOL": 1e-06,
    "OUTDIR": "benchmark_results_walsh_article/unweighted/coarse_loader/n4/graph01_trainseed08",
    "SHOW_PLOTS": false,
    "name": "coarse_loader"
  },
  "n_qubits_register": 4,
  "graph_edges": [
    [
      0,
      1,
      1.0
    ],
    [
      0,
      2,
      1.0
    ],
    [
      0,
      3,
      1.0
    ],
    [
      1,
      3,
      1.0
    ],
    [
      2,
      3,
      1.0
    ]
  ],
  "graph_signature": "36d4961c72903175cef8219a78618293792cc3cd1b729b430a90aa47da048173",
  "graph_num_edges": 5,
  "graph_density": 0.8333333333333334,
  "best_cut_bruteforce": 4.0,
  "best_bitstring_bruteforce": "0110",
  "best_index_bruteforce": 6,
  "candidate_order": [
    1,
    2,
    3,
    4,
    5,
    6,
    7,
    8,
    9,
    10,
    11,
    12,
    13,
    14,
    15
  ],
  "total_possible_parameters": 15,
  "visited_parameters": 15,
  "trained_coefficients": {
    "0": 0.0,
    "1": -0.17104954624477361,
    "2": 0.17177599215831502,
    "3": 0.0,
    "4": 0.12461766101309849,
    "5": 0.0,
    "6": 0.0,
    "7": -0.14867658329068997,
    "8": -0.05914095436667614,
    "9": 0.0,
    "10": 0.0,
    "11": 0.08988166761460886,
    "12": 0.0,
    "13": 0.10125057091966272,
    "14": -0.11880582728334745,
    "15": 0.0
  },
  "final_coefficient_vector": [
    0.0,
    -0.17104954624477361,
    0.17177599215831502,
    0.0,
    0.12461766101309849,
    0.0,
    0.0,
    -0.14867658329068997,
    -0.05914095436667614,
    0.0,
    0.0,
    0.08988166761460886,
    0.0,
    0.10125057091966272,
    -0.11880582728334745,
    0.0
  ],
  "active_indices": [
    1,
    2,
    4,
    7,
    8,
    11,
    13,
    14
  ],
  "active_parameter_count": 8,
  "compression_ratio_active_over_total": 0.5333333333333333,
  "final_loss": -3.9078223935797163,
  "final_expected_cut": 3.9078223935797163,
  "best_expected_cut_over_evolution": 3.9078223935797163,
  "final_best_measured_index": 6,
  "final_best_measured_bitstring": "0110",
  "final_best_measured_cut": 4.0,
  "best_measured_cut_over_evolution": 4.0,
  "final_success_probability_ancilla_1": 0.01784492160559078,
  "final_max_postselected_probability": 0.45669429899230163,
  "gap_expected_to_bruteforce": 0.09217760642028372,
  "gap_measured_to_bruteforce": 0.0,
  "approx_ratio_measured": 1.0,
  "n_steps": 15,
  "elapsed_seconds": 6.555397033691406,
  "steps": [
    {
      "visit_idx": 1,
      "j": 1,
      "kept": true,
      "beta": -0.27927485325986956,
      "coefficient": -0.17104954624477361,
      "loss": -2.5,
      "expected_cut": 2.5,
      "best_measured_cut": 0.0,
      "success_probability_ancilla_1": 0.0041087591702945485,
      "epochs_run": 7,
      "stop_reason": "loss_plateau_last5",
      "history_path": "benchmark_results_walsh_article/unweighted/coarse_loader/n4/graph01_trainseed08/histories/history_visit001_j001.json",
      "improvement_vs_previous": 2.5
    },
    {
      "visit_idx": 2,
      "j": 2,
      "kept": true,
      "beta": 0.28052399722530785,
      "coefficient": 0.17177599215831502,
      "loss": -2.9999954850578012,
      "expected_cut": 2.9999954850578012,
      "best_measured_cut": 2.0,
      "success_probability_ancilla_1": 0.008218392986749215,
      "epochs_run": 7,
      "stop_reason": "loss_plateau_last5",
      "history_path": "benchmark_results_walsh_article/unweighted/coarse_loader/n4/graph01_trainseed08/histories/history_visit002_j002.json",
      "improvement_vs_previous": 0.4999954850578012
    },
    {
      "visit_idx": 3,
      "j": 3,
      "kept": false,
      "beta": -0.0012481461926065326,
      "coefficient": 0.0,
      "loss": -2.9999954850578012,
      "expected_cut": 2.9999954850578012,
      "best_measured_cut": 2.0,
      "success_probability_ancilla_1": 0.008218392986749215,
      "epochs_run": 30,
      "stop_reason": "loss_plateau_last5_and_discarded_near_zero",
      "history_path": "benchmark_results_walsh_article/unweighted/coarse_loader/n4/graph01_trainseed08/histories/history_visit003_j003.json",
      "improvement_vs_previous": 0.0
    },
    {
      "visit_idx": 4,
      "j": 4,
      "kept": true,
      "beta": 0.20099895304481752,
      "coefficient": 0.12461766101309849,
      "loss": -3.1803285855590806,
      "expected_cut": 3.1803285855590806,
      "best_measured_cut": 4.0,
      "success_probability_ancilla_1": 0.010364779037312944,
      "epochs_run": 11,
      "stop_reason": "loss_plateau_last5",
      "history_path": "benchmark_results_walsh_article/unweighted/coarse_loader/n4/graph01_trainseed08/histories/history_visit004_j004.json",
      "improvement_vs_previous": 0.18033310050127938
    },
    {
      "visit_idx": 5,
      "j": 5,
      "kept": false,
      "beta": -0.0024723727932762845,
      "coefficient": 0.0,
      "loss": -3.1803285855590806,
      "expected_cut": 3.1803285855590806,
      "best_measured_cut": 4.0,
      "success_probability_ancilla_1": 0.010364779037312944,
      "epochs_run": 29,
      "stop_reason": "loss_plateau_last5_and_discarded_near_zero",
      "history_path": "benchmark_results_walsh_article/unweighted/coarse_loader/n4/graph01_trainseed08/histories/history_visit005_j005.json",
      "improvement_vs_previous": 0.0
    },
    {
      "visit_idx": 6,
      "j": 6,
      "kept": false,
      "beta": 0.0013837269824158215,
      "coefficient": 0.0,
      "loss": -3.1803285855590806,
      "expected_cut": 3.1803285855590806,
      "best_measured_cut": 4.0,
      "success_probability_ancilla_1": 0.010364779037312944,
      "epochs_run": 28,
      "stop_reason": "loss_plateau_last5_and_discarded_near_zero",
      "history_path": "benchmark_results_walsh_article/unweighted/coarse_loader/n4/graph01_trainseed08/histories/history_visit006_j006.json",
      "improvement_vs_previous": 0.0
    },
    {
      "visit_idx": 7,
      "j": 7,
      "kept": true,
      "beta": -0.2411970896912234,
      "coefficient": -0.14867658329068997,
      "loss": -3.482748027557063,
      "expected_cut": 3.482748027557063,
      "best_measured_cut": 4.0,
      "success_probability_ancilla_1": 0.013320317737651206,
      "epochs_run": 7,
      "stop_reason": "loss_plateau_last5",
      "history_path": "benchmark_results_walsh_article/unweighted/coarse_loader/n4/graph01_trainseed08/histories/history_visit007_j007.json",
      "improvement_vs_previous": 0.3024194419979822
    },
    {
      "visit_idx": 8,
      "j": 8,
      "kept": true,
      "beta": -0.0944052133022086,
      "coefficient": -0.05914095436667614,
      "loss": -3.5199822481627008,
      "expected_cut": 3.5199822481627008,
      "best_measured_cut": 4.0,
      "success_probability_ancilla_1": 0.01379899323720378,
      "epochs_run": 42,
      "stop_reason": "loss_plateau_last5",
      "history_path": "benchmark_results_walsh_article/unweighted/coarse_loader/n4/graph01_trainseed08/histories/history_visit008_j008.json",