epoch,beta,coefficient,loss,expected_cut,best_measured_cut,success_probability_ancilla_1,max_postselected_probability,grad
0,-0.22146902794910533,-0.13692177626334964,-3.4999999999960805,3.4999999999960805,1.0,0.008927340899545602,0.04662794071843084,9.978121811377649e-12
1,-0.22146947394162586,-0.13692204318130288,-3.499999999996081,3.499999999996081,1.0,0.008927351030477607,0.04662794422598305,9.973396783325559e-12
2,-0.22147002002928384,-0.13692237000420177,-3.4999999999960787,3.4999999999960787,1.0,0.008927363435142343,0.04662794852063677,9.975764811339104e-12
3,-0.22147065044327816,-0.13692274729468484,-3.4999999999960796,3.4999999999960796,1.0,0.008927377755356613,0.04662795347832104,9.97618390753908e-12
4,-0.2214713551138255,-0.13692316902614426,-3.4999999999960787,3.4999999999960787,1.0,0.008927393762392823,0.046627959019786606,9.977431417661155e-12
5,-0.2214721268106417,-0.13692363087135842,-3.4999999999960782,3.4999999999960782,1.0,0.008927411292023747,0.04662796508811665,9.974218605266628e-12
6,-0.2214729601044303,-0.13692412958096242,-3.4999999999960805,3.4999999999960805,1.0,0.008927430220932361,0.0466279716405589,9.974501869104337e-12
