epoch,beta,coefficient,loss,expected_cut,best_measured_cut,success_probability_ancilla_1,max_postselected_probability,grad
0,0.2321987972134076,0.14332811241530488,-3.499999999994467,3.499999999994467,3.0,0.006326559591853861,0.03118546901696064,-2.0809960926210543e-11
1,0.23219972745166037,0.14332866648687106,-3.4999999999944666,3.4999999999944666,3.0,0.006326581729819687,0.031185474488684892,-2.080604034945047e-11
2,0.23220086658668737,0.1433293449819004,-3.4999999999944684,3.4999999999944684,3.0,0.0063266088392492596,0.03118548118880953,-2.0814784341204935e-11
3,0.23220218160048164,0.14333012823393135,-3.4999999999944675,3.4999999999944675,3.0,0.006326640134428609,0.03118548892294002,-2.081075810376051e-11
4,0.23220365140398772,0.143331003681668,-3.4999999999944658,3.4999999999944658,3.0,0.006326675113529549,0.031185497566853418,-2.080841905584143e-11
5,0.23220526105494751,0.14333196242499244,-3.4999999999944684,3.4999999999944684,3.0,0.0063267134210056725,0.031185507032485106,-2.0809210555727917e-11
6,0.23220699911304496,0.1433329976496265,-3.4999999999944684,3.4999999999944684,3.0,0.0063267547846498524,0.031185517252370818,-2.0803162248919524e-11
