epoch,beta,coefficient,loss,expected_cut,best_measured_cut,success_probability_ancilla_1,max_postselected_probability,grad
0,-0.22717174257100267,-0.14033046869990415,-0.9999999999988187,0.9999999999988187,1.0,0.008466680226504493,0.18711795236331533,3.2437001529979114e-12
1,-0.2271718875877186,-0.14033055527150476,-0.999999999998819,0.999999999998819,1.0,0.008466683597908354,0.18711795318958355,3.24337753870139e-12
2,-0.22717206514439672,-0.140330661268697,-0.9999999999988191,0.9999999999988191,1.0,0.008466687725816177,0.1871179542012129,3.243192599079454e-12
3,-0.2271722701178785,-0.1403307836330706,-0.9999999999988192,0.9999999999988192,1.0,0.00846669249112414,0.1871179553689904,3.243432793329938e-12
4,-0.2271724992204041,-0.1403309204019057,-0.9999999999988187,0.9999999999988187,1.0,0.008466697817398443,0.187117956674161,3.2430094883603143e-12
5,-0.2271727501319335,-0.14033107019018848,-0.999999999998819,0.999999999998819,1.0,0.008466703650703174,0.18711795810348428,3.243650600856886e-12
6,-0.2271730210711105,-0.14033123193448713,-0.9999999999988185,0.9999999999988185,1.0,0.008466709949625952,0.18711795964678865,3.242886878621318e-12
