epoch,beta,coefficient,loss,expected_cut,best_measured_cut,success_probability_ancilla_1,max_postselected_probability,grad
0,0.376184959195202,0.2822640466080518,-4.028775442376759,4.028775442376759,2.0,0.06514096074738138,0.060082828727228386,-0.031836402519193334
1,0.38616167183265165,0.2890630690198769,-4.029062368342892,4.029062368342892,2.0,0.06600844512936337,0.05999192570181035,-0.029761797164777913
2,0.3960988151521306,0.29578567569837744,-4.029328794041339,4.029328794041339,2.0,0.0668859047797333,0.05988931515204499,-0.02777040223852879
3,0.40597952138946986,0.3024204016491982,-4.029575310084419,4.029575310084419,2.0,0.06777108578129185,0.05977620910392589,-0.02586470768544797
4,0.4157865827839685,0.3089559469557031,-4.029802592027592,4.029802592027592,2.0,0.06866163661796336,0.05965383820214751,-0.024046441442410582
5,0.4255026160173317,0.31538129826409167,-4.030011389907434,4.030011389907434,2.0,0.06955513284004801,0.05952343747202697,-0.022316591436835894
