epoch,beta,coefficient,loss,expected_cut,best_measured_cut,success_probability_ancilla_1,max_postselected_probability,grad
0,-0.30863190641921445,-0.2349848316310905,-5.145058511700448,5.145058511700448,5.0,0.2092373759667374,0.07071745618858577,-0.2117129037790473
1,-0.29865123322496756,-0.22782658841068426,-5.146991387603924,5.146991387603924,5.0,0.2088949161370992,0.07095249461739833,-0.1997788612165382
2,-0.2887055988581751,-0.22065212513494672,-5.1487934987060235,5.1487934987060235,5.0,0.20856664735917632,0.07118200369853994,-0.1874810602389512
3,-0.2788131927755133,-0.2134761751318119,-5.1504595221779645,5.1504595221779645,5.0,0.20825331608232928,0.07140539959431268,-0.1748492206806739
4,-0.2689949449410208,-0.20631575835806795,-5.151984847454022,5.151984847454022,5.0,0.20795563750898133,0.07162208311349312,-0.16191951976119323
5,-0.2592748022470416,-0.19919040900448953,-5.153365774709314,5.153365774709314,5.0,0.20767428045388575,0.0718314449796067,-0.1487352164471986
6,-0.24967998709856692,-0.19212238809837756,-5.154599733135756,5.154599733135756,5.0,0.20740984993325354,0.07203287251177953,-0.13534724127367567
7,-0.24024121384788721,-0.18513686141605495,-5.155685513941318,5.155685513941318,5.0,0.20716286759538416,0.07222575788875142,-0.12181471145646708
8,-0.23099283003049564,-0.17826201601946298,-5.156623509326812,5.156623509326812,5.0,0.20693375034135358,0.07240950812341992,-0.108205316320305
9,-0.2219728402002524,-0.17152908139712397,-5.157415944036501,5.157415944036501,5.0,0.2067227878188842,0.07258355678626424,-0.09459550235435288
10,-0.21322276204627824,-0.16497221469168014,-5.1580670806889835,5.1580670806889835,5.0,0.20653011990261028,0.0727473773689231,-0.08107037180456357
11,-0.20478725981334536,-0.15862820577227793,-5.1585833746043175,5.1585833746043175,5.0,0.2063557157733231,0.07290049796541877,-0.06772319673886745
12,-0.1967135021355209,-0.15253595960007074,-5.158973549392438,5.158973549392438,5.0,0.2061993567118756,0.07304251667129451,-0.05465444676323465
13,-0.189050203906998,-0.14673572338730767,-5.159248562816662,5.159248562816662,5.0,0.20606062511560091,0.07317311678477124,-0.04197023917879351
14,-0.1818463377076454,-0.14126804683557806,-5.159421435361439,5.159421435361439,5.0,0.20593890236711057,0.07329208059245998,-0.02978015176173617
15,-0.1751495401097969,-0.13617249569512827,-5.159506923241864,5.159506923241864,5.0,0.2058333778630959,0.07339930031811433,-0.01819439494938733
