epoch,beta,coefficient,loss,expected_cut,best_measured_cut,success_probability_ancilla_1,max_postselected_probability,grad
0,-0.32046236730900907,-0.243414475847794,-3.999999999999153,3.999999999999153,2.0,0.04722336387819062,0.046214873805852166,1.4316374841084071e-12
1,-0.3204624312820451,-0.24341452126595842,-3.999999999999151,3.999999999999151,2.0,0.04722336898509856,0.04621487401735315,1.430136477927818e-12
2,-0.32046250965139356,-0.24341457690489665,-3.999999999999153,3.999999999999153,2.0,0.04722337524125172,0.046214874276448804,1.4327483998174465e-12
3,-0.3204626001250811,-0.24341464113740266,-3.999999999999153,3.999999999999153,2.0,0.04722338246368453,0.04621487457556104,1.4317277815750264e-12
4,-0.32046270121464054,-0.2434147129067262,-3.9999999999991527,3.9999999999991527,2.0,0.047223390533574536,0.04621487490976836,1.4294146827299151e-12
