epoch,beta,coefficient,loss,expected_cut,best_measured_cut,success_probability_ancilla_1,max_postselected_probability,grad
0,-0.3685964551890675,-0.27705975521810106,-0.9999999999994758,0.9999999999994758,0.0,0.01906808189220501,0.062499999999967235,2.5862695136825603e-12
1,-0.3685965708173163,-0.2770598347312057,-0.9999999999994758,0.9999999999994758,0.0,0.019068092766765403,0.06249999999996725,2.5861427058636043e-12
2,-0.36859671238916986,-0.2770599320847219,-0.999999999999476,0.999999999999476,0.0,0.019068106081262744,0.06249999999996725,2.5858324146283938e-12
3,-0.3685968758331458,-0.2770600444788431,-0.9999999999994755,0.9999999999994755,0.0,0.019068121452785376,0.06249999999996722,2.5867244259042294e-12
4,-0.36859705851825975,-0.27706017010433764,-0.9999999999994755,0.9999999999994755,0.0,0.019068138633897003,0.062499999999967235,2.5859799561456913e-12
