{
  "0": 0.0,
  "1": -0.4376552521014012,
  "2": 0.4479412670867103,
  "3": -0.43240714869714814,
  "4": 0.5126858316188615,
  "5": -0.5128800589420309,
  "6": 0.5130402801266851,
  "7": -0.478624057857242,
  "8": 0.5088238814752726,
  "9": -0.4797211721698349,
  "10": 0.4801363634340488,
  "11": -0.652114296861254,
  "12": 0.6373740730906331,
  "13": 0.2471019511065439,
  "14": -0.31052885571565425,
  "15": 0.3176173428679027,
  "16": -0.2035701660181598,
  "17": 0.19642511606636964,
  "18": 0.005486547514070287,
  "19": 0.332239807621736,
  "20": 0.22991874870301385,
  "21": 0.0017134657944287872,
  "22": 0.06458062097906989,
  "23": -0.09411743955840134,
  "24": -0.30673561537384336,
  "25": -0.2844171198056987,
  "26": 0.3472662578234271,
  "27": -0.36708974872175854,
  "28": 0.028296095105160162,
  "29": -0.04589725198631127,
  "30": -0.30184376831749327,
  "31": 0.0067434362821358566,
  "32": -0.09607025138508722,
  "33": 0.06987240666319335,
  "34": 0.12483847595139513,
  "35": 0.022550053660642475,
  "36": -0.05353150045183237,
  "37": -0.1465742878997134,
  "38": 0.0934573951389538,
  "39": -0.19125512464116365,
  "40": 0.1272492255453439,
  "41": 0.01662058431584698,
  "42": 0.0,
  "43": 0.18141658176631562,
  "44": -0.031413421895305806,
  "45": -0.1902678090252515,
  "46": -0.19537263480598382,
  "47": 0.028581192371747884,
  "48": 0.06698742732763285,
  "49": 0.004224274945462269,
  "50": -0.01910585593049176,
  "51": -0.01965078502399773,
  "52": 0.022085425708837175,
  "53": 0.16583617912712278,
  "54": -0.05451319863578497,
  "55": 0.001238537482678428,
  "56": -0.05358625536285441,
  "57": 0.11164715838450602,
  "58": 0.10020583629080788,
  "59": 0.04809251912391574,
  "60": -0.014171992916005861,
  "61": -0.10972867791590209,
  "62": 0.10276281760734675,
  "63": -0.009989018649294456
}