{
  "0": 0.0,
  "1": -0.508093270660022,
  "2": 0.5137681114393701,
  "3": -0.4290807861591099,
  "4": 0.3747891366651927,
  "5": 0.6633076010211633,
  "6": 0.3957529357994615,
  "7": -0.2821131921649311,
  "8": -0.22064773522623737,
  "9": -0.4985456511740156,
  "10": 0.22464013259785023,
  "11": 0.020959389679552066,
  "12": -0.36706642027025244,
  "13": 0.2858718158681965,
  "14": -0.320368934426052,
  "15": -0.19220428975525383
}