{
  "config": {
    "N_VERTICES": 4,
    "PROB_ARESTA": 0.4,
    "COM_PESO": false,
    "PESO_MIN": 1,
    "PESO_MAX": 1,
    "GRAPH_SEED": 104678,
    "GRAPH_EDGES": [
      [
        1,
        2,
        1.0
      ],
      [
        1,
        3,
        1.0
      ],
      [
        2,
        3,
        1.0
      ]
    ],
    "REVERSE_BITS": false,
    "ER": 1.25,
    "MAX_TERMS": null,
    "A_MAX": 1.0471975511965976,
    "INIT_BETA": 0.5,
    "MAX_EPOCHS": 200,
    "LR": 0.01,
    "FD_EPS": 0.01,
    "LOSS_TOL_LAST5": 0.0005,
    "PATIENCE_LAST5": 5,
    "TRAIN_SEED": 0,
    "INIT_BETA_JITTER": 0.08,
    "OPTIMIZER": "adam",
    "ADAM_BETA1": 0.9,
    "ADAM_BETA2": 0.999,
    "ADAM_EPS": 1e-08,
    "COEF_ZERO_TOL": 0.0005,
    "IMPROVEMENT_TOL": 0.0005,
    "SATURATION_PATIENCE": 150,
    "INDEX_STRATEGY": "ascending",
    "INDEX_RANDOM_SEED": 42,
    "ENABLE_BACKWARD_PRUNING": false,
    "BACKWARD_PASSES": 1,
    "PRUNE_IMPROVEMENT_TOL": 1e-06,
    "OUTDIR": "benchmark_results_walsh_article/unweighted/aggressive_loader/n4/graph05_trainseed00",
    "SHOW_PLOTS": false,
    "name": "aggressive_loader"
  },
  "n_qubits_register": 4,
  "graph_edges": [
    [
      1,
      2,
      1.0
    ],
    [
      1,
      3,
      1.0
    ],
    [
      2,
      3,
      1.0
    ]
  ],
  "graph_signature": "be861fe0b30163c15a2bc45387e42148d677589ca12d320c9ad2ad740a6f1fe8",
  "graph_num_edges": 3,
  "graph_density": 0.5,
  "best_cut_bruteforce": 2.0,
  "best_bitstring_bruteforce": "0001",
  "best_index_bruteforce": 1,
  "candidate_order": [
    1,
    2,
    3,
    4,
    5,
    6,
    7,
    8,
    9,
    10,
    11,
    12,
    13,
    14,
    15
  ],
  "total_possible_parameters": 15,
  "visited_parameters": 15,
  "trained_coefficients": {
    "0": 0.0,
    "1": -0.5420201475822426,
    "2": 0.5458904643505026,
    "3": -0.45507076280272796,
    "4": -0.6752129636698819,
    "5": 0.40669426230552685,
    "6": 0.13848510685289953,
    "7": 0.4964412374454657,
    "8": 0.14321480234314443,
    "9": 0.03364745137537832,
    "10": -0.1162699830813168,
    "11": 0.02391278042089861,
    "12": -0.004321969127296703,
    "13": 0.003974113037581617,
    "14": 0.0,
    "15": -0.001106702499915032
  },
  "final_coefficient_vector": [
    0.0,
    -0.5420201475822426,
    0.5458904643505026,
    -0.45507076280272796,
    -0.6752129636698819,
    0.40669426230552685,
    0.13848510685289953,
    0.4964412374454657,
    0.14321480234314443,
    0.03364745137537832,
    -0.1162699830813168,
    0.02391278042089861,
    -0.004321969127296703,
    0.003974113037581617,
    0.0,
    -0.001106702499915032
  ],
  "active_indices": [
    1,
    2,
    3,
    4,
    5,
    6,
    7,
    8,
    9,
    10,
    11,
    12,
    13,
    15
  ],
  "active_parameter_count": 14,
  "compression_ratio_active_over_total": 0.9333333333333333,
  "final_loss": -1.9992966253706905,
  "final_expected_cut": 1.9992966253706905,
  "best_expected_cut_over_evolution": 1.9993187580096303,
  "final_best_measured_index": 10,
  "final_best_measured_bitstring": "1010",
  "final_best_measured_cut": 2.0,
  "best_measured_cut_over_evolution": 2.0,
  "final_success_probability_ancilla_1": 0.2988792464941164,
  "final_max_postselected_probability": 0.19327253634721775,
  "gap_expected_to_bruteforce": 0.0007033746293094723,
  "gap_measured_to_bruteforce": 0.0,
  "approx_ratio_measured": 1.0,
  "n_steps": 15,
  "elapsed_seconds": 34.155171394348145,
  "steps": [
    {
      "visit_idx": 1,
      "j": 1,
      "kept": true,
      "beta": -0.5730437494587659,
      "coefficient": -0.5420201475822426,
      "loss": -1.5,
      "expected_cut": 1.5,
      "best_measured_cut": 0.0,
      "success_probability_ancilla_1": 0.11043675865234376,
      "epochs_run": 5,
      "stop_reason": "loss_plateau_last5",
      "history_path": "benchmark_results_walsh_article/unweighted/aggressive_loader/n4/graph05_trainseed00/histories/history_visit001_j001.json",
      "improvement_vs_previous": 1.5
    },
    {
      "visit_idx": 2,
      "j": 2,
      "kept": true,
      "beta": 0.5781053493600261,
      "coefficient": 0.5458904643505026,
      "loss": -1.5,
      "expected_cut": 1.5,
      "best_measured_cut": 2.0,
      "success_probability_ancilla_1": 0.19766594405680668,
      "epochs_run": 5,
      "stop_reason": "loss_plateau_last5",
      "history_path": "benchmark_results_walsh_article/unweighted/aggressive_loader/n4/graph05_trainseed00/histories/history_visit002_j002.json",
      "improvement_vs_previous": 0.0
    },
    {
      "visit_idx": 3,
      "j": 3,
      "kept": true,
      "beta": -0.4655053363244138,
      "coefficient": -0.45507076280272796,
      "loss": -1.5,
      "expected_cut": 1.5,
      "best_measured_cut": 0.0,
      "success_probability_ancilla_1": 0.24527532990858392,
      "epochs_run": 5,
      "stop_reason": "loss_plateau_last5",
      "history_path": "benchmark_results_walsh_article/unweighted/aggressive_loader/n4/graph05_trainseed00/histories/history_visit003_j003.json",
      "improvement_vs_previous": 0.0
    },
    {
      "visit_idx": 4,
      "j": 4,
      "kept": true,
      "beta": -0.7663138143863226,
      "coefficient": -0.6752129636698819,
      "loss": -1.7338401724809858,
      "expected_cut": 1.7338401724809858,
      "best_measured_cut": 2.0,
      "success_probability_ancilla_1": 0.3307439105979596,
      "epochs_run": 170,
      "stop_reason": "loss_plateau_last5",
      "history_path": "benchmark_results_walsh_article/unweighted/aggressive_loader/n4/graph05_trainseed00/histories/history_visit004_j004.json",
      "improvement_vs_previous": 0.23384017248098576
    },
    {
      "visit_idx": 5,
      "j": 5,
      "kept": true,
      "beta": 0.4098724965006649,
      "coefficient": 0.40669426230552685,
      "loss": -1.8088585109853943,
      "expected_cut": 1.8088585109853943,
      "best_measured_cut": 2.0,
      "success_probability_ancilla_1": 0.304011502252671,
      "epochs_run": 108,
      "stop_reason": "loss_plateau_last5",
      "history_path": "benchmark_results_walsh_article/unweighted/aggressive_loader/n4/graph05_trainseed00/histories/history_visit005_j005.json",
      "improvement_vs_previous": 0.07501833850440853
    },
    {
      "visit_idx": 6,
      "j": 6,
      "kept": true,
      "beta": 0.1330226345825782,
      "coefficient": 0.13848510685289953,
      "loss": -1.814958548737513,
      "expected_cut": 1.814958548737513,
      "best_measured_cut": 2.0,
      "success_probability_ancilla_1": 0.3309511488367818,
      "epochs_run": 46,
      "stop_reason": "loss_plateau_last5",
      "history_path": "benchmark_results_walsh_article/unweighted/aggressive_loader/n4/graph05_trainseed00/histories/history_visit006_j006.json",
      "improvement_vs_previous": 0.006100037752118759
    },
    {
      "visit_idx": 7,
      "j": 7,
      "kept": true,
      "beta": 0.5153026542518122,
      "coefficient": 0.4964412374454657,
      "loss": -1.973339491102556,
      "expected_cut": 1.973339491102556,
      "best_measured_cut": 2.0,
      "success_probability_ancilla_1": 0.2928967736483718,
      "epochs_run": 127,
      "stop_reason": "loss_plateau_last5",
      "history_path": "benchmark_results_walsh_article/unweighted/aggressive_loader/n4/graph05_trainseed00/histories/history_visit007_j007.json",
      "improvement_vs_previous": 0.15838094236504285
    },
    {
      "visit_idx": 8,
      "j": 8,
      "kept": true,
      "beta": 0.137622382289576,
      "coefficient": 0.14321480234314443,
      "loss": -1.9844035240470572,
      "expected_cut": 1.9844035240470572,
      "best_measured_cut": 2.0,
      "success_probability_ancilla_1": 0.29620650358906125,
      "epochs_run": 47,
      "stop_reason": "loss_plateau_last5",
      "history_path": "benchmark_results_walsh_article/unweighted/aggressive_loader/n4/graph05_trainseed00/histories/history_visit008_j008.json",
      "improvement_vs_previous": 0.011064032944501312
    },
    {
      "visit_idx": 9,