epoch,beta,coefficient,loss,expected_cut,best_measured_cut,success_probability_ancilla_1,max_postselected_probability,grad
0,-0.3157386205347755,-0.2400559223187291,-2.9999999999979083,2.9999999999979083,0.0,0.014337659774418317,0.015624999999989106,1.2353756530128938e-11
1,-0.3157391727422074,-0.24005631550437173,-2.9999999999979075,2.9999999999979075,0.0,0.014337706515764569,0.015624999999989099,1.2349476173746437e-11
2,-0.31573984902245805,-0.24005679703281513,-2.99999999999791,2.99999999999791,0.0,0.014337763759278756,0.015624999999989113,1.2358656803619631e-11
3,-0.3157406295003548,-0.24005735275233966,-2.9999999999979075,2.9999999999979075,0.0,0.0143378298226782,0.015624999999989099,1.2342173439703499e-11
4,-0.3157415019422785,-0.24005797395220724,-2.9999999999979075,2.9999999999979075,0.0,0.014337903670495004,0.015624999999989099,1.2354558537753167e-11
