epoch,beta,coefficient,loss,expected_cut,best_measured_cut,success_probability_ancilla_1,max_postselected_probability,grad
0,0.3045512987098662,0.23206326863361645,-0.999999999999633,0.999999999999633,0.0,0.027264632083398625,0.12497030308386305,-1.0777965907548991e-12
1,0.3045513468841821,0.23206330316640766,-0.9999999999996332,0.9999999999996332,0.0,0.02726463594130567,0.12497030337298559,-1.0772046550194985e-12
2,0.3045514058650633,0.23206334544566695,-0.9999999999996333,0.9999999999996333,0.0,0.027264640664627287,0.12497030372696277,-1.0772102212969145e-12
3,0.30455147396153304,0.2320633942592509,-0.9999999999996331,0.9999999999996331,0.0,0.027264646117946573,0.12497030413564485,-1.0778352531860126e-12
4,0.3045515500589982,0.232063448808185,-0.999999999999633,0.999999999999633,0.0,0.027264652212004747,0.12497030459234167,-1.076493774085332e-12
