epoch,beta,coefficient,loss,expected_cut,best_measured_cut,success_probability_ancilla_1,max_postselected_probability,grad
0,-0.36723358714333776,-0.2761221129710771,-0.9999999999997785,0.9999999999997785,2.0,0.045171910233195375,0.18441597364303433,4.348816453998326e-13
1,-0.36723360659750737,-0.27612212636181044,-0.9999999999997786,0.9999999999997786,2.0,0.045171911958997,0.18441597289458111,4.3533090131540866e-13
2,-0.3672336304088664,-0.2761221427516929,-0.9999999999997786,0.9999999999997786,2.0,0.045171914071329936,0.18441597197849505,4.3466917434268306e-13
3,-0.36723365789167445,-0.2761221616687142,-0.9999999999997786,0.9999999999997786,2.0,0.045171916509361434,0.18441597092115827,4.3466410752569e-13
4,-0.36723368860754213,-0.27612218281112116,-0.9999999999997787,0.9999999999997787,2.0,0.045171919234201496,0.18441596973943666,4.3468558119129387e-13
