epoch,beta,coefficient,loss,expected_cut,best_measured_cut,success_probability_ancilla_1,max_postselected_probability,grad
0,0.36471551140039915,0.2743873338813927,-6.417195543210994,6.417195543210994,9.0,0.12672862064939203,0.05701067529957831,-0.015123422528742849
1,0.37392682793391496,0.28071833383511263,-6.4172268411969835,6.4172268411969835,9.0,0.12740130227105262,0.05709687728381259,-0.007019754978345709
2,0.38097694513005276,0.28553589128593776,-6.41720664164375,6.41720664164375,9.0,0.12792318489410553,0.05715750709020811,0.00018211043207857377
3,0.38462857807210177,0.2880214968954051,-6.417181514974277,6.417181514974277,9.0,0.12819582668871862,0.05718712481316702,0.005523467574258614
4,0.38510434193567117,0.28834485274742006,-6.417177515316932,6.417177515316932,9.0,0.12823146392447649,0.057190894965764044,0.008231788335694544
