epoch,beta,coefficient,loss,expected_cut,best_measured_cut,success_probability_ancilla_1,max_postselected_probability,grad
0,-0.2249577103308798,-0.13900809125569003,-5.499999999979742,5.499999999979742,0.0,0.002714871545670287,0.015624999999942449,1.740381319135526e-10
1,-0.22496548499557198,-0.13901273711228293,-5.499999999979744,5.499999999979744,0.0,0.002715052854355554,0.015624999999942452,1.7401425490592054e-10
2,-0.22497500248377802,-0.13901842439500378,-5.499999999979741,5.499999999979741,0.0,0.002715274813840942,0.015624999999942445,1.7400318448687602e-10
3,-0.2249859870571376,-0.1390249883212757,-5.499999999979747,5.499999999979747,0.0,0.0027155309976345655,0.015624999999942463,1.739674642953138e-10
4,-0.2249982627215239,-0.1390323237123401,-5.499999999979747,5.499999999979747,0.0,0.002715817305224443,0.015624999999942463,1.739560456344341e-10
5,-0.22501170428990147,-0.13904035575006743,-5.49999999997975,5.49999999997975,0.0,0.002716130820887951,0.015624999999942473,1.7394174438495719e-10
6,-0.2250262164610483,-0.13904902747511055,-5.499999999979757,5.499999999979757,0.0,0.002716469325815779,0.01562499999994249,1.7390584044675454e-10
