epoch,beta,coefficient,loss,expected_cut,best_measured_cut,success_probability_ancilla_1,max_postselected_probability,grad
0,0.24640838276170418,0.1517637631852438,-5.499999999990731,5.499999999990731,4.0,0.005934304914034212,0.031190141740032654,-3.91309748935155e-11
1,0.24641013218541882,0.15176479825160996,-5.499999999990731,5.499999999990731,4.0,0.005934348759652214,0.031190132436298656,-3.91384953759767e-11
2,0.2464122743815852,0.15176606570505694,-5.499999999990731,5.499999999990731,4.0,0.005934402449638892,0.03119012104285526,-3.914573755975744e-11
3,0.24641474743099764,0.15176752890976117,-5.499999999990733,5.499999999990733,4.0,0.005934464432305754,0.0311901078885395,-3.9147326495584665e-11
4,0.2464175116409558,0.15176916438047897,-5.499999999990734,5.499999999990734,4.0,0.0059345337130200385,0.0311900931839959,-3.9142996324404013e-11
5,0.24642053890674082,0.15177095548813552,-5.499999999990733,5.499999999990733,4.0,0.0059346095875748225,0.031190077078248328,-3.9145503593665164e-11
6,0.24642380775716527,0.1517728895284659,-5.499999999990731,5.499999999990731,4.0,0.005934691518016906,0.0311900596850468,-3.9137909951519366e-11
