epoch,beta,coefficient,loss,expected_cut,best_measured_cut,success_probability_ancilla_1,max_postselected_probability,grad
0,0.22585150762778183,0.1395420871657173,-6.1299052043674775,6.1299052043674775,7.0,0.02714000425417354,0.0859652138054687,0.10826712128352511
1,0.21596385972253043,0.13362311455370907,-6.130662415775361,6.130662415775361,7.0,0.02691648346292647,0.08759952857047112,0.08732629603530066
2,0.20632398980845176,0.12782844494320417,-6.131190350153487,6.131190350153487,7.0,0.026706688052174906,0.08919975741404425,0.06568312685987544
3,0.19713891089696542,0.12228595652308816,-6.131492613557169,6.131492613557169,7.0,0.026514387114093887,0.09072903731480904,0.04370616885121009
4,0.18870388829505458,0.11717856389517087,-6.131591626999463,6.131591626999463,7.0,0.026344425491456276,0.09213583857060922,0.02198519631712352
5,0.1813892025541254,0.11273648064588769,-6.131534979296569,6.131534979296569,7.0,0.02620225460610307,0.09335654183151816,0.0013902234653850921
6,0.17556657367380438,0.10919213128061454,-6.131392998053455,6.131392998053455,7.0,0.026092588050076956,0.09432808689142062,-0.016952160186495736
