epoch,beta,coefficient,loss,expected_cut,best_measured_cut,success_probability_ancilla_1,max_postselected_probability,grad
0,0.2598787797992394,0.15970735362970587,-6.541819310617657,6.541819310617657,8.0,0.04402791195319389,0.12289529218187303,0.08397321060140159
1,0.2500635185307026,0.1539244493935405,-6.5423232462214544,6.5423232462214544,8.0,0.04381818459558288,0.12274817998892705,0.062281386063047235
2,0.24068583205301808,0.14837330041352922,-6.542600058262602,6.542600058262602,8.0,0.04362493452066113,0.12258393300850938,0.04028859294968602
3,0.2321535121761461,0.14330113930819846,-6.542673299165097,6.542673299165097,8.0,0.043455275376619446,0.12241395443140851,0.018647010776999717
4,0.2250174524141946,0.13904379053935934,-6.5426007663298105,6.5426007663298105,8.0,0.04331797089816745,0.12225650126303801,-0.001559501225817787
5,0.21980553515422122,0.13592584758488926,-6.5424693488496715,6.5424693488496715,8.0,0.04322036712488768,0.12213258264251013,-0.018823222043141574
6,0.2167621626302936,0.1341019360316135,-6.54236158757548,6.54236158757548,8.0,0.04316442950500088,0.12205670813730549,-0.03163437198611932
