epoch,beta,coefficient,loss,expected_cut,best_measured_cut,success_probability_ancilla_1,max_postselected_probability,grad
0,-0.25423513995610775,-0.15638572267435688,-5.499999999994818,5.499999999994818,2.0,0.01062043381307476,0.04674337061770035,1.2434143222307681e-11
1,-0.25423569584300293,-0.1563860503111632,-5.499999999994822,5.499999999994822,2.0,0.010620447982639553,0.04674337166133053,1.2433507635244521e-11
2,-0.25423637638602475,-0.15638645141951016,-5.49999999999482,5.49999999999482,2.0,0.010620465329725675,0.0467433729388673,1.242896117491994e-11
3,-0.25423716205499053,-0.15638691448834632,-5.499999999994822,5.499999999994822,2.0,0.010620485356526736,0.04674337441357919,1.2434754346726795e-11
4,-0.25423804020388807,-0.15638743206411587,-5.49999999999482,5.49999999999482,2.0,0.010620507740713525,0.04674337606166082,1.2431187729337946e-11
5,-0.25423900185231463,-0.15638799885375476,-5.499999999994822,5.499999999994822,2.0,0.010620532253392975,0.04674337786618967,1.2428353250870908e-11
6,-0.25424004026921376,-0.15638861088995218,-5.499999999994819,5.499999999994819,2.0,0.010620558723007762,0.046743379814466586,1.243063507614374e-11
