epoch,beta,coefficient,loss,expected_cut,best_measured_cut,success_probability_ancilla_1,max_postselected_probability,grad
0,-0.346530465841868,-0.2617692808290661,-1.871160104811168,1.871160104811168,2.0,0.1323606192434964,0.4628137325285811,-0.057151107213836386
1,-0.3367284648351959,-0.25490378706376526,-1.871494412195971,1.871494412195971,2.0,0.13207132139266364,0.46336879025242667,-0.04180849741778844
2,-0.32739915694625693,-0.24832866103029205,-1.8716698416832531,1.8716698416832531,2.0,0.13181051642951552,0.4638353998949032,-0.026332552666212938
3,-0.31898594282149273,-0.24236579745599213,-1.8717057096783556,1.8717057096783556,2.0,0.13158776010940004,0.4642031102813869,-0.011213475609941962
4,-0.31207502657918645,-0.23744443783874777,-1.8716465740106716,1.8716465740106716,2.0,0.13141377820770292,0.46446657711423583,0.0027357341778148077
