epoch,beta,coefficient,loss,expected_cut,best_measured_cut,success_probability_ancilla_1,max_postselected_probability,grad
0,-0.37357039526002206,-0.28047412377442693,-1.4616878651989549,1.4616878651989549,2.0,0.10810088857052087,0.3452575950934196,0.0005149559343132235
1,-0.3665017374299771,-0.2756182351389694,-1.4617303426046098,1.4617303426046098,2.0,0.10766510573013693,0.3452718291865166,-0.009522845384614963
2,-0.35961315642428254,-0.2708628142265057,-1.4617230781776573,1.4617230781776573,2.0,0.10724730509100786,0.3452557524065665,-0.002463271522412916
3,-0.35696420760443104,-0.26902811003442767,-1.461707227530242,1.461707227530242,2.0,0.10708848594428662,0.3452415351437094,0.004602984549053445
4,-0.3581747304159222,-0.26986695192111015,-1.4617153802289369,1.4617153802289369,2.0,0.1071609352866043,0.34524859166225014,0.007369016018140062
