epoch,beta,coefficient,loss,expected_cut,best_measured_cut,success_probability_ancilla_1,max_postselected_probability,grad
0,-0.5297542073150413,-0.5080931130796478,-0.9999999999998974,0.9999999999998974,0.0,0.09749867485546847,0.06249999999999359,3.120380579033141e-13
1,-0.5297542212746214,-0.5080931242567239,-0.9999999999998972,0.9999999999998972,0.0,0.09749867899986697,0.062499999999993575,3.1239172807187847e-13
2,-0.5297542383809816,-0.5080931379533455,-0.9999999999998974,0.9999999999998974,0.0,0.09749868407849921,0.06249999999999359,3.12903154926709e-13
3,-0.5297542581296377,-0.508093153765585,-0.9999999999998972,0.9999999999998972,0.0,0.09749868994159105,0.062499999999993575,3.1252236518044067e-13
4,-0.5297542802046504,-0.5080931714404779,-0.9999999999998979,0.9999999999998979,0.0,0.09749869649534494,0.062499999999993616,3.125388376217862e-13
