epoch,beta,coefficient,loss,expected_cut,best_measured_cut,success_probability_ancilla_1,max_postselected_probability,grad
0,0.4671444895602496,0.4564621356459223,-1.7884506761327146,1.7884506761327146,2.0,0.26370889337999653,0.23675405722728543,0.02260317646352813
1,0.45872592885879193,0.44929512420272283,-1.788442589981102,1.788442589981102,2.0,0.2632932497154492,0.2371920429681717,0.006144587298898216
2,0.4546748242398022,0.4458277327049885,-1.788395504197712,1.788395504197712,2.0,0.2630989787008972,0.23739486952913946,-0.008128751462707787
3,0.45487361739551,0.4459981622327,-1.78839847789685,1.78839847789685,2.0,0.26310842356052677,0.23738503904827615,-0.0151316083791473
4,0.457500830856378,0.4482478142200252,-1.7884313406656656,1.7884313406656656,2.0,0.263234102150943,0.2372539315919633,-0.014785946640422501
