epoch,beta,coefficient,loss,expected_cut,best_measured_cut,success_probability_ancilla_1,max_postselected_probability,grad
0,0.38881620722747834,0.2908637602895828,-7.99993600973095,7.99993600973095,5.0,0.04176137700504827,0.031248000304144655,0.008349799571107094
1,0.3929167847571124,0.29363841010745484,-7.999989859143396,7.999989859143396,5.0,0.04214375421620074,0.031249683098283132,-0.018900074253524725
2,0.39806272025979106,0.2971083746167631,-7.9999922954781475,7.9999922954781475,5.0,0.04262691362436282,0.031249759233743502,-0.007433130792010458
3,0.40048712578959256,0.2987385134127924,-7.999969171816473,7.999969171816473,5.0,0.042855796505621775,0.031249036619315867,0.006380815249556664
4,0.39963194809963476,0.29816384537630386,-7.999979067700762,7.999979067700762,5.0,0.042774970425832455,0.031249345865699905,0.012672077926743864
