epoch,beta,coefficient,loss,expected_cut,best_measured_cut,success_probability_ancilla_1,max_postselected_probability,grad
0,-0.3336484091291686,-0.25273737099176286,-5.389716283901823,5.389716283901823,5.0,0.21838907207065225,0.06793589438817405,0.049700800174445614
1,-0.34351502111647303,-0.25966193118592057,-5.390050769700468,5.390050769700468,5.0,0.2188775748671608,0.06767529255379637,0.03905143228960666
2,-0.3531046638355589,-0.2663489680536369,-5.390280021260482,5.390280021260482,5.0,0.2193621155137031,0.06741934659386212,0.028791590730164438
3,-0.3622188159780371,-0.27266426819414297,-5.390412453090015,5.390412453090015,5.0,0.21983124266541462,0.06717384058165043,0.019060730043813093
4,-0.3706024452022144,-0.2784382202383345,-5.3904624920027695,5.3904624920027695,5.0,0.22026993491552116,0.0669462203153189,0.01003672546668964
