epoch,beta,coefficient,loss,expected_cut,best_measured_cut,success_probability_ancilla_1,max_postselected_probability,grad
0,0.38806083716764167,0.2903517180408148,-4.500387349427218,4.500387349427218,2.0,0.07687973618572488,0.059738825008820294,-0.00047233318071918324
1,0.39803791931192567,0.29709168329831925,-4.500391687764097,4.500391687764097,2.0,0.07774145106099638,0.05969471761799178,-0.0004471002927574324
2,0.4079851366656231,0.30376102106108377,-4.500395774593243,4.500395774593243,2.0,0.07861301770655596,0.059639501196949114,-0.0004226914079212226
3,0.4178892716227381,0.3103506878099683,-4.500399614898449,4.500399614898449,2.0,0.0794925816201915,0.05957405186315265,-0.000399143175395784
4,0.4277370943499977,0.31685194986434606,-4.500403214695449,4.500403214695449,2.0,0.08037823989307946,0.05949926494715003,-0.0003764831250433616
