epoch,beta,coefficient,loss,expected_cut,best_measured_cut,success_probability_ancilla_1,max_postselected_probability,grad
0,-0.3119527968658018,-0.2373572098918126,-4.49999999999893,4.49999999999893,2.0,0.04209319683845949,0.04640599600547648,2.0092307863785983e-12
1,-0.31195288673758953,-0.23735727403023466,-4.49999999999893,4.49999999999893,2.0,0.04209320394343555,0.04640599604679037,2.010910637716868e-12
2,-0.31195299673180615,-0.2373573525293414,-4.499999999998931,4.499999999998931,2.0,0.042093212639228536,0.04640599609735245,2.0077359747630097e-12
3,-0.3119531237180498,-0.23735744315506957,-4.499999999998932,4.499999999998932,2.0,0.04209322267835989,0.046405996155722586,2.009662846793452e-12
4,-0.3119532655742639,-0.2373575443929776,-4.499999999998931,4.499999999998931,2.0,0.04209323389306773,0.04640599622092419,2.0045474119673022e-12
