epoch,beta,coefficient,loss,expected_cut,best_measured_cut,success_probability_ancilla_1,max_postselected_probability,grad
0,0.3232141666713642,0.24536646798887451,-4.499999999998441,4.499999999998441,2.0,0.02888440907596237,0.031246190678948307,-4.5084687974836146e-12
1,0.32321436830467615,0.24536661089509498,-4.499999999998442,4.499999999998442,2.0,0.028884425935047916,0.031246190476028453,-4.511143319438771e-12
2,0.32321461512964067,0.24536678583056326,-4.49999999999844,4.49999999999844,2.0,0.028884446572735253,0.03124619022762142,-4.50682951878348e-12
3,0.3232149001418458,0.24536698783093788,-4.499999999998442,4.499999999998442,2.0,0.028884470403372612,0.031246189940772592,-4.512866686066367e-12
4,0.32321521863921865,0.24536721356364455,-4.499999999998441,4.499999999998441,2.0,0.028884497033812708,0.031246189620210363,-4.5055855524492045e-12
