epoch,beta,coefficient,loss,expected_cut,best_measured_cut,success_probability_ancilla_1,max_postselected_probability,grad
0,0.21272110760157703,0.13167644801732709,-7.610251903130597,7.610251903130597,9.0,0.06716316375019744,0.19308700309548013,0.10604922330569645
1,0.202861617168903,0.12574155317053065,-7.610950642770986,7.610950642770986,9.0,0.06704301873863744,0.19304256494317903,0.08261957431885998
2,0.19331390444420865,0.11997195713065878,-7.611403686499846,7.611403686499846,9.0,0.06693444306784628,0.19297404549034217,0.05904360209058796
3,0.18433821083361585,0.11452879162951965,-7.611625482287749,7.611625482287749,9.0,0.06683944410540438,0.19288643270649655,0.035790368443986066
4,0.17629339420759285,0.10963495799139837,-7.611653682286233,7.611653682286233,9.0,0.06676019541930356,0.19278856757276203,0.013575879593651226
5,0.16959397563738415,0.10554903477544259,-7.611552603502442,7.611552603502442,9.0,0.06669850034887972,0.192692981138828,-0.006606339147769182
6,0.16459239466758774,0.10249258833497703,-7.611402650751375,7.611402650751375,9.0,0.06665501011688274,0.1926132103966821,-0.023595649559339748
