epoch,beta,coefficient,loss,expected_cut,best_measured_cut,success_probability_ancilla_1,max_postselected_probability,grad
0,-0.3284408643275153,-0.24906478161270448,-3.999999999999295,3.999999999999295,3.0,0.05680845444539415,0.045953645573450524,9.860794683811207e-13
1,-0.328440908437182,-0.24906481277243236,-3.9999999999992957,3.9999999999992957,3.0,0.05680845795784291,0.04595364592927878,9.870174765860897e-13
2,-0.32844096247751986,-0.24906485094733358,-3.9999999999992952,3.9999999999992952,3.0,0.05680846226107063,0.045953646365216316,9.880982649057787e-13
3,-0.32844102486346793,-0.2490648950176967,-3.9999999999992966,3.9999999999992966,3.0,0.05680846722885918,0.04595364686847642,9.872006698470714e-13
4,-0.3284410945923384,-0.24906494427520764,-3.9999999999992975,3.9999999999992975,3.0,0.056808472781364916,0.04595364743097026,9.869658879147792e-13
