epoch,beta,coefficient,loss,expected_cut,best_measured_cut,success_probability_ancilla_1,max_postselected_probability,grad
0,0.3988158939645133,0.2976151198071037,-3.9999999999990647,3.9999999999990647,3.0,0.04269764708686122,0.031249585045108667,-2.0696506050180606e-12
1,0.39881598643187255,0.2976151820026148,-3.9999999999990647,3.9999999999990647,3.0,0.04269765581078405,0.031249585020956743,-2.066836005855953e-12
2,0.39881609972096055,0.2976152582032571,-3.999999999999061,3.999999999999061,3.0,0.042697666499154685,0.031249584991365348,-2.0715706164495025e-12
3,0.3988162305457406,0.29761534619876967,-3.999999999999064,3.999999999999064,3.0,0.0426976788419496,0.031249584957192315,-2.0717498821398073e-12
4,0.39881637674312403,0.2976154445342099,-3.999999999999063,3.999999999999063,3.0,0.04269769263509098,0.03124958491900211,-2.068222888009554e-12
