epoch,beta,coefficient,loss,expected_cut,best_measured_cut,success_probability_ancilla_1,max_postselected_probability,grad
0,-0.3956525469837068,-0.29548483885114374,-3.9999999999981517,3.9999999999981517,0.0,0.021669466052750146,0.01562499999999278,8.369813178915933e-12
1,-0.39565292124438256,-0.2954850911888748,-3.9999999999981535,3.9999999999981535,0.0,0.021669502793607184,0.01562499999999279,8.372313971763116e-12
2,-0.39565337921645116,-0.29548539996723155,-3.999999999998156,3.999999999998156,0.0,0.021669547752368918,0.015624999999992797,8.357102331552087e-12
3,-0.3956539077361064,-0.2954857563107322,-3.9999999999981535,3.9999999999981535,0.0,0.021669599636769784,0.01562499999999279,8.356972555901953e-12
4,-0.395654498514753,-0.2954861546309087,-3.9999999999981535,3.9999999999981535,0.0,0.021669657633139265,0.01562499999999279,8.364910469526871e-12
