epoch,beta,coefficient,loss,expected_cut,best_measured_cut,success_probability_ancilla_1,max_postselected_probability,grad
0,0.34401203145585096,0.26000955804387493,-3.9999999999986686,3.9999999999986686,3.0,0.030055062947913155,0.03116684612894473,-3.8679755987857745e-12
1,0.34401220449624587,0.2600096790546227,-3.9999999999986686,3.9999999999986686,3.0,0.030055078076714942,0.031166845375224395,-3.87245944435348e-12
2,0.3440124163952146,0.2600098272399605,-3.999999999998669,3.999999999998669,3.0,0.030055096602901874,0.031166844452241906,-3.871446185650543e-12
3,0.3440126610663765,0.26000999834354593,-3.9999999999986686,3.9999999999986686,3.0,0.030055117994349654,0.0311668433865059,-3.873644033567263e-12
4,0.3440129346029906,0.2600101896333041,-3.999999999998672,3.999999999998672,3.0,0.030055141909498137,0.031166842195031123,-3.874781986851104e-12
