epoch,beta,coefficient,loss,expected_cut,best_measured_cut,success_probability_ancilla_1,max_postselected_probability,grad
0,-0.3082542427424853,-0.2347147366294731,-3.9999999999970832,3.9999999999970832,0.0,0.013709638331338316,0.015624999999988606,1.7702172983396383e-11
1,-0.3082550342212933,-0.23471530273781274,-3.9999999999970823,3.9999999999970823,0.0,0.013709704160065868,0.015624999999988603,1.7705324259459172e-11
2,-0.30825600326691865,-0.2347159958511543,-3.9999999999970823,3.9999999999970823,0.0,0.013709784757517383,0.015624999999988603,1.7701136106569166e-11
3,-0.3082571220578857,-0.23471679606988657,-3.9999999999970806,3.9999999999970806,0.0,0.01370987780981922,0.015624999999988596,1.7709906046107732e-11
4,-0.3082583726483081,-0.2347176905579574,-3.9999999999970814,3.9999999999970814,0.0,0.013709981824466142,0.0156249999999886,1.7709134881385028e-11
