{
  "config": {
    "N_VERTICES": 4,
    "PROB_ARESTA": 0.85,
    "COM_PESO": false,
    "PESO_MIN": 1,
    "PESO_MAX": 1,
    "GRAPH_SEED": 104882,
    "GRAPH_EDGES": [
      [
        0,
        1,
        1.0
      ],
      [
        0,
        2,
        1.0
      ],
      [
        0,
        3,
        1.0
      ],
      [
        2,
        3,
        1.0
      ]
    ],
    "REVERSE_BITS": false,
    "ER": 1.25,
    "MAX_TERMS": null,
    "A_MAX": 1.0471975511965976,
    "INIT_BETA": 0.5,
    "MAX_EPOCHS": 200,
    "LR": 0.01,
    "FD_EPS": 0.01,
    "LOSS_TOL_LAST5": 0.0005,
    "PATIENCE_LAST5": 5,
    "TRAIN_SEED": 2,
    "INIT_BETA_JITTER": 0.08,
    "OPTIMIZER": "adam",
    "ADAM_BETA1": 0.9,
    "ADAM_BETA2": 0.999,
    "ADAM_EPS": 1e-08,
    "COEF_ZERO_TOL": 0.0005,
    "IMPROVEMENT_TOL": 0.0005,
    "SATURATION_PATIENCE": 150,
    "INDEX_STRATEGY": "ascending",
    "INDEX_RANDOM_SEED": 42,
    "ENABLE_BACKWARD_PRUNING": false,
    "BACKWARD_PASSES": 1,
    "PRUNE_IMPROVEMENT_TOL": 1e-06,
    "OUTDIR": "benchmark_results_walsh_article/unweighted/aggressive_loader/n4/graph07_trainseed02",
    "SHOW_PLOTS": false,
    "name": "aggressive_loader"
  },
  "n_qubits_register": 4,
  "graph_edges": [
    [
      0,
      1,
      1.0
    ],
    [
      0,
      2,
      1.0
    ],
    [
      0,
      3,
      1.0
    ],
    [
      2,
      3,
      1.0
    ]
  ],
  "graph_signature": "0c4184843706290033a85b58881df740fdc53f7edeeaffa6a9dd8c38dfc1a494",
  "graph_num_edges": 4,
  "graph_density": 0.6666666666666666,
  "best_cut_bruteforce": 3.0,
  "best_bitstring_bruteforce": "0101",
  "best_index_bruteforce": 5,
  "candidate_order": [
    1,
    2,
    3,
    4,
    5,
    6,
    7,
    8,
    9,
    10,
    11,
    12,
    13,
    14,
    15
  ],
  "total_possible_parameters": 15,
  "visited_parameters": 15,
  "trained_coefficients": {
    "0": 0.0,
    "1": -0.427253626194833,
    "2": 0.42773412388344767,
    "3": 0.0015650600543046886,
    "4": 0.276033702875034,
    "5": -0.0017003086823582862,
    "6": 0.0016421982201044244,
    "7": -0.3602806295965255,
    "8": 0.07605421985307442,
    "9": 0.001030585124845848,
    "10": -0.0029502318403754066,
    "11": -0.07335142013249046,
    "12": 0.0,
    "13": 0.03655108608189099,
    "14": -0.014818314692432224,
    "15": -0.000892934072627081
  },
  "final_coefficient_vector": [
    0.0,
    -0.427253626194833,
    0.42773412388344767,
    0.0015650600543046886,
    0.276033702875034,
    -0.0017003086823582862,
    0.0016421982201044244,
    -0.3602806295965255,
    0.07605421985307442,
    0.001030585124845848,
    -0.0029502318403754066,
    -0.07335142013249046,
    0.0,
    0.03655108608189099,
    -0.014818314692432224,
    -0.000892934072627081
  ],
  "active_indices": [
    1,
    2,
    3,
    4,
    5,
    6,
    7,
    8,
    9,
    10,
    11,
    13,
    14,
    15
  ],
  "active_parameter_count": 14,
  "compression_ratio_active_over_total": 0.9333333333333333,
  "final_loss": -2.9891398173493453,
  "final_expected_cut": 2.9891398173493453,
  "best_expected_cut_over_evolution": 2.989141046773425,
  "final_best_measured_index": 7,
  "final_best_measured_bitstring": "0111",
  "final_best_measured_cut": 3.0,
  "best_measured_cut_over_evolution": 3.0,
  "final_success_probability_ancilla_1": 0.17076642864694855,
  "final_max_postselected_probability": 0.2572025270447869,
  "gap_expected_to_bruteforce": 0.010860182650654693,
  "gap_measured_to_bruteforce": 0.0,
  "approx_ratio_measured": 1.0,
  "n_steps": 15,
  "elapsed_seconds": 26.030372858047485,
  "steps": [
    {
      "visit_idx": 1,
      "j": 1,
      "kept": true,
      "beta": -0.43320604300301624,
      "coefficient": -0.427253626194833,
      "loss": -2.0,
      "expected_cut": 2.0,
      "best_measured_cut": 0.0,
      "success_probability_ancilla_1": 0.06962804009967273,
      "epochs_run": 5,
      "stop_reason": "loss_plateau_last5",
      "history_path": "benchmark_results_walsh_article/unweighted/aggressive_loader/n4/graph07_trainseed02/histories/history_visit001_j001.json",
      "improvement_vs_previous": 2.0
    },
    {
      "visit_idx": 2,
      "j": 2,
      "kept": true,
      "beta": 0.43375664110450163,
      "coefficient": 0.42773412388344767,
      "loss": -2.49999965230313,
      "expected_cut": 2.49999965230313,
      "best_measured_cut": 1.0,
      "success_probability_ancilla_1": 0.12969160082674216,
      "epochs_run": 8,
      "stop_reason": "loss_plateau_last5",
      "history_path": "benchmark_results_walsh_article/unweighted/aggressive_loader/n4/graph07_trainseed02/histories/history_visit002_j002.json",
      "improvement_vs_previous": 0.49999965230313004
    },
    {
      "visit_idx": 3,
      "j": 3,
      "kept": true,
      "beta": 0.0014945233759911052,
      "coefficient": 0.0015650600543046886,
      "loss": -2.4999959635687086,
      "expected_cut": 2.4999959635687086,
      "best_measured_cut": 1.0,
      "success_probability_ancilla_1": 0.12969230945010765,
      "epochs_run": 54,
      "stop_reason": "loss_plateau_last5",
      "history_path": "benchmark_results_walsh_article/unweighted/aggressive_loader/n4/graph07_trainseed02/histories/history_visit003_j003.json",
      "improvement_vs_previous": -3.688734421469775e-06
    },
    {
      "visit_idx": 4,
      "j": 4,
      "kept": true,
      "beta": 0.26996553951776675,
      "coefficient": 0.276033702875034,
      "loss": -2.64718576286025,
      "expected_cut": 2.64718576286025,
      "best_measured_cut": 3.0,
      "success_probability_ancilla_1": 0.15151779887289707,
      "epochs_run": 35,
      "stop_reason": "loss_plateau_last5",
      "history_path": "benchmark_results_walsh_article/unweighted/aggressive_loader/n4/graph07_trainseed02/histories/history_visit004_j004.json",
      "improvement_vs_previous": 0.1471897992915414
    },
    {
      "visit_idx": 5,
      "j": 5,
      "kept": true,
      "beta": -0.001623676616321654,
      "coefficient": -0.0017003086823582862,
      "loss": -2.647182312802037,
      "expected_cut": 2.647182312802037,
      "best_measured_cut": 3.0,
      "success_probability_ancilla_1": 0.15151889437946575,
      "epochs_run": 56,
      "stop_reason": "loss_plateau_last5",
      "history_path": "benchmark_results_walsh_article/unweighted/aggressive_loader/n4/graph07_trainseed02/histories/history_visit005_j005.json",
      "improvement_vs_previous": -3.450058212894902e-06
    },
    {
      "visit_idx": 6,
      "j": 6,
      "kept": true,
      "beta": 0.001568185071092609,
      "coefficient": 0.0016421982201044244,
      "loss": -2.6471791311921526,
      "expected_cut": 2.6471791311921526,
      "best_measured_cut": 3.0,
      "success_probability_ancilla_1": 0.15151939357642602,
      "epochs_run": 64,
      "stop_reason": "loss_plateau_last5",
      "history_path": "benchmark_results_walsh_article/unweighted/aggressive_loader/n4/graph07_trainseed02/histories/history_visit006_j006.json",
      "improvement_vs_previous": -3.1816098844394958e-06
    },
    {
      "visit_idx": 7,
      "j": 7,
      "kept": true,
      "beta": -0.3586707510703029,
      "coefficient": -0.3602806295965255,
      "loss": -2.959841746621268,
      "expected_cut": 2.959841746621268,
      "best_measured_cut": 3.0,
      "success_probability_ancilla_1": 0.1671712360945487,
      "epochs_run": 20,
      "stop_reason": "loss_plateau_last5",
      "history_path": "benchmark_results_walsh_article/unweighted/aggressive_loader/n4/graph07_trainseed02/histories/history_visit007_j007.json",
      "improvement_vs_previous": 0.3126626154291152
    },
    {
      "visit_idx": 8,
      "j": 8,
      "kept": true,
      "beta": 0.07275452758804359,
      "coefficient": 0.07605421985307442,
      "loss": -2.9733358709333113,
      "expected_cut": 2.9733358709333113,
      "best_measured_cut": 3.0,
      "success_probability_ancilla_1": 0.16867413717798874,
      "epochs_run": 52,
      "stop_reason": "loss_plateau_last5",