{
  "0": 0.0,
  "1": -0.2954848216886793,
  "2": 0.2976151441923875,
  "3": -0.24906477954481704,
  "4": -0.3884803031375507,
  "5": 0.25345785471191756,
  "6": 0.029932435580263046,
  "7": 0.25548758156667917,
  "8": 0.10202182378431165,
  "9": -0.0192563077415104,
  "10": -0.013367644255008545,
  "11": 0.021080697596921556,
  "12": -0.0016143812861891243,
  "13": 0.0034898625282236326,
  "14": 0.002469110175516858,
  "15": -0.0011753578350346533
}