{
  "0": 0.0,
  "1": -0.2975790400668326,
  "2": 0.29714845553237634,
  "3": -0.26092228347791163,
  "4": 0.4410150320587087,
  "5": -0.021843722121489308,
  "6": 0.3046774484743875,
  "7": -0.30551914183668305,
  "8": -0.13549781906245728,
  "9": 0.1005577833722711,
  "10": 0.10962778247011712,
  "11": 0.11864455143334722,
  "12": -0.19332668096691083,
  "13": 0.20162208842622875,
  "14": -0.2580646624614533,
  "15": -0.09088269220141994,
  "16": 0.012030881495279986,
  "17": -0.012524398400617217,
  "18": 0.012031709412733826,
  "19": -0.012260554317104336,
  "20": 0.017738710629423362,
  "21": -0.021103492834268253,
  "22": 0.023132556855087416,
  "23": -0.020468871119610467,
  "24": 0.0143242851651435,
  "25": -0.01520495338494059,
  "26": 0.012638876289550221,
  "27": -0.013073567709837286,
  "28": 0.013758927330860196,
  "29": -0.016135884506919277,
  "30": 0.017398597640621252,
  "31": -0.017360814355386583,
  "32": -0.004411362804350291,
  "33": 0.11745676775756671,
  "34": 0.021274689176473495,
  "35": 0.006175530714555639,
  "36": -0.13830288121067463,
  "37": -0.08914619518280557,
  "38": -0.0027522444483367835,
  "39": -0.04540523596016275,
  "40": -0.02880922153780684,
  "41": 0.0625229263072633,
  "42": -0.033045289057712875,
  "43": -0.08512532325693364,
  "44": -0.12000947333833459,
  "45": 0.0999994777548939,
  "46": 0.13628958631465427,
  "47": 0.12164973720698206,
  "48": 0.005351152671454512,
  "49": -0.0021455928654108736,
  "50": 0.002336893864245691,
  "51": -0.0028130696812334074,
  "52": 0.002183686724267685,
  "53": -0.003042647799132088,
  "54": 0.004249146055878954,
  "55": -0.003442504284321569,
  "56": 0.005463320970745612,
  "57": -0.006065005367384984,
  "58": 0.003688866743482936,
  "59": -0.005955211821995186,
  "60": 0.0013003126885312718,
  "61": -0.0037324957306400495,
  "62": 0.005709794312761925,
  "63": -0.005250057056603855
}