epoch,beta,coefficient,loss,expected_cut,best_measured_cut,success_probability_ancilla_1,max_postselected_probability,grad
0,0.31812317980237786,0.2417525492669957,-15.357613574423015,15.357613574423015,15.0,0.07143357585483642,0.02768512139712126,0.421535384680529
1,0.3081586312983244,0.23464634819681945,-15.361240252376888,15.361240252376888,15.0,0.07081765529932617,0.027729928416035925,0.3837338425621523
2,0.29826305522344043,0.22754733638152702,-15.36443697652983,15.36443697652983,15.0,0.0702239977737274,0.02776690832974752,0.3438054045093292
3,0.2884798779484763,0.22048882658526048,-15.367179136288946,15.367179136288946,15.0,0.06965520107351708,0.02779573298812161,0.3019143860158511
4,0.2788647926118205,0.21351370698432937,-15.369448331637678,15.369448331637678,15.0,0.06911418643882382,0.02781621588233767,0.25831063356003064
5,0.2694882490587619,0.206676416157672,-15.371235476206756,15.371235476206756,15.0,0.06860420835259567,0.027828373141418845,0.21335059744617585
6,0.26043761801538823,0.20004468681577597,-15.372544511121344,15.372544511121344,15.0,0.06812882909758042,0.02783249447201686,0.16751977771355267
7,0.25181821020469564,0.19370042767354376,-15.373396380325556,15.373396380325556,15.0,0.0676918325717863,0.027829215877853135,0.12145318237487537
8,0.24375192177839822,0.18773878980936712,-15.373832469985919,15.373832469985919,15.0,0.0672970486494284,0.02781957709765965,0.07594753283916011
9,0.23637208874760504,0.18226430506718366,-15.37391618784115,15.37391618784115,15.0,0.06694806907859188,0.0278050369469349,0.03195563872454957
10,0.22981360861520286,0.17738333441906654,-15.373731068026679,15.373731068026679,15.0,0.06664786788645294,0.02778741576787878,-0.009448461994857583
11,0.2241988867480485,0.17319321134507035,-15.373374240193355,15.373374240193355,15.0,0.06639839222432359,0.027768745806420126,-0.047141935220668764
