epoch,beta,coefficient,loss,expected_cut,best_measured_cut,success_probability_ancilla_1,max_postselected_probability,grad
0,0.33401193183641614,0.2529932859259732,-14.498570607583073,14.498570607583073,7.0,0.029190384972585845,0.007801332871778917,0.13933654926722908
1,0.32417370735015527,0.2460463318642232,-14.49943478903657,14.49943478903657,7.0,0.028356170992148596,0.007808084289385407,0.1059421663169197
2,0.3147543740306338,0.23935490315944935,-14.499902739515342,14.499902739515342,7.0,0.02757416199646924,0.007811740152501823,0.0690388214938385
3,0.30622773968517236,0.23326439561559814,-14.499990107409968,14.499990107409968,7.0,0.02688076887012778,0.0078124227141796255,0.02962998655726023
4,0.2993093711172402,0.22829990362422928,-14.499804132301357,14.499804132301357,7.0,0.02632855233261995,0.007810969783644395,-0.009743749800041557
5,0.29469013995893023,0.22497406885174828,-14.499542464355304,14.499542464355304,7.0,0.02596513820581844,0.007808925502816406,-0.04444191104225319
