{
  "0": 0.0,
  "1": -0.29548479429247365,
  "2": 0.2976151088563316,
  "3": -0.24906486123724922,
  "4": 0.2910445543383324,
  "5": -0.256484207374888,
  "6": 0.2775724636766042,
  "7": -0.27232180853605137,
  "8": -0.43603965105759035,
  "9": 0.2974174285316809,
  "10": -0.2799358869673672,
  "11": 0.2531927943077739,
  "12": 0.18456630577097835,
  "13": 0.2502420238072322,
  "14": -0.25162236437409746,
  "15": 0.20805517245329164,
  "16": 0.0,
  "17": -0.047202165372889,
  "18": 0.2356521916417221,
  "19": 0.0,
  "20": 0.20820138035185687,
  "21": -0.005351785604010019,
  "22": 0.0,
  "23": -0.037736028543922745,
  "24": -0.3513964772899716,
  "25": 0.04098948991973867,
  "26": 0.047792010073841665,
  "27": 0.048640352315086816,
  "28": 0.0567061625597253,
  "29": 0.031512668277112195,
  "30": -0.3006310102136685,
  "31": 0.04834769478882794,
  "32": 0.10361965117921587,
  "33": -0.010177615737470813,
  "34": 0.06007184314856871,
  "35": -0.05804706570553284,
  "36": -0.1292073318676282,
  "37": -0.02720313220866265,
  "38": 0.0,
  "39": -0.08593788303377772,
  "40": 0.1554400055609631,
  "41": 0.08097504527419958,
  "42": -0.0173922952062236,
  "43": 0.10813169529566154,
  "44": -0.059344551447479424,
  "45": -0.0834531568070089,
  "46": -0.02359897381837417,
  "47": 0.019727733546586933,
  "48": 0.1032995423571997,
  "49": 0.05466941219317944,
  "50": -0.08733940509570066,
  "51": 0.03913328251603987,
  "52": -0.06591429939477107,
  "53": 0.07322961132634431,
  "54": -0.01441842083841253,
  "55": 0.05932383535811022,
  "56": 0.1179246414196524,
  "57": -0.05246443078188106,
  "58": 0.03845389993037586,
  "59": -0.13291181287256904,
  "60": -0.13081874982158423,
  "61": -0.10288333765350241,
  "62": 0.0644924834992898,
  "63": -0.017397125316629906
}