epoch,beta,coefficient,loss,expected_cut,best_measured_cut,success_probability_ancilla_1,max_postselected_probability,grad
0,0.40812036456286793,0.30385133713006085,-3.4998879117510615,3.4998879117510615,3.0,0.043873140956989326,0.12498598896895396,-0.0016890551611323961
1,0.4011756066758601,0.29920089187742793,-3.4999923913659083,3.4999923913659083,3.0,0.043212951834113424,0.12499904892081086,0.023625261884909966
2,0.3943482361851026,0.2946050021651201,-3.4999740281285114,3.4999740281285114,3.0,0.04257021309759463,0.1249967535161374,0.00628308947365862
3,0.3918448823194963,0.29291392670830646,-3.4999357421230086,3.4999357421230086,3.0,0.042336145802799346,0.12499196776544982,-0.011844519509078687
4,0.3932030665595664,0.2938318056748255,-3.4999586642994474,3.4999586642994474,3.0,0.04246303007845537,0.12499483303750443,-0.018768453347424878
