{
  "0": 0.0,
  "1": -0.27519020648133297,
  "2": 0.2474512189807496,
  "3": -0.24341446785996196,
  "4": 0.27540017740596967,
  "5": -0.2581432757858829,
  "6": 0.26789365395288434,
  "7": -0.2683941028521951,
  "8": -0.4269577000432171,
  "9": 0.30964816581797344,
  "10": -0.27034429114426756,
  "11": 0.25206946186938467,
  "12": 0.1490815767381277,
  "13": 0.23945351079511867,
  "14": -0.2044510662991701,
  "15": 0.20616742941834107,
  "16": 0.017828487456220028,
  "17": -0.021885223634132013,
  "18": 0.22695258988141975,
  "19": 0.009828877962613674,
  "20": 0.19876723867801305,
  "21": 0.0,
  "22": 0.013576311207500563,
  "23": -0.021704694953930025,
  "24": -0.330163255078965,
  "25": 0.02629344688699372,
  "26": 0.03898733824514097,
  "27": 0.021044587250992782,
  "28": 0.043906304046160305,
  "29": 0.006478209100392062,
  "30": -0.2886121659622115,
  "31": 0.037170553445027135,
  "32": 0.12017455907883288,
  "33": -0.013014914373220892,
  "34": 0.03978733298390115,
  "35": -0.062030726852231266,
  "36": -0.13048150142787396,
  "37": -0.04488317613160347,
  "38": 0.0,
  "39": -0.07663686952293282,
  "40": 0.16170413902276493,
  "41": 0.10172989056788434,
  "42": -0.022952289925536416,
  "43": 0.10076387691093468,
  "44": -0.08046454990521969,
  "45": -0.07043708546003251,
  "46": -0.009606078288713899,
  "47": 0.026086131260754413,
  "48": 0.12028041326630658,
  "49": 0.05181676244197565,
  "50": -0.08612553928074404,
  "51": 0.028514212047769105,
  "52": -0.07137937550813743,
  "53": 0.0632675945037223,
  "54": 0.0,
  "55": 0.0642852821614901,
  "56": 0.13232096409223945,
  "57": -0.05651085686105234,
  "58": 0.025348732908987204,
  "59": -0.14621899840389868,
  "60": -0.1316584784955227,
  "61": -0.1038621786155854,
  "62": 0.06149869419141093,
  "63": -0.016129205687739692
}