epoch,beta,coefficient,loss,expected_cut,best_measured_cut,success_probability_ancilla_1,max_postselected_probability,grad
0,-0.2669157951936432,-0.16383572237419844,-2.499999999993369,2.499999999993369,0.0,0.0037699294850550877,0.062499999999834216,4.7350199308651713e-11
1,-0.26691791172567325,-0.1638369618102938,-2.499999999993369,2.499999999993369,0.0,0.003769986453383224,0.062499999999834216,4.734783082860135e-11
2,-0.266920503066016,-0.16383847929113887,-2.499999999993369,2.499999999993369,0.0,0.003770056202094532,0.062499999999834216,4.734398625488552e-11
3,-0.26692349430224255,-0.16384023094721975,-2.499999999993369,2.499999999993369,0.0,0.0037701367151154828,0.062499999999834216,4.73406807540755e-11
4,-0.26692683760789837,-0.1638421887705294,-2.4999999999933697,2.4999999999933697,0.0,0.0037702267054088565,0.062499999999834244,4.7342661169277407e-11
5,-0.26693049886060477,-0.16384433277814828,-2.499999999993369,2.499999999993369,0.0,0.0037703252547910543,0.06249999999983423,4.73371289436471e-11
6,-0.2669344523221001,-0.16384664789688383,-2.4999999999933706,2.4999999999933706,0.0,0.0037704316707422533,0.06249999999983426,4.734052637020846e-11
