epoch,beta,coefficient,loss,expected_cut,best_measured_cut,success_probability_ancilla_1,max_postselected_probability,grad
0,0.23544320529913507,0.14525912193088028,-2.509306812842728,2.509306812842728,2.0,0.013521146035499936,0.24783254654943543,-0.023183044086289496
1,0.24541879746878822,0.15117812379409046,-2.5095148560351785,2.5095148560351785,2.0,0.013762150432167972,0.24805376494133075,-0.021617419894948184
2,0.25535246693615865,0.15704408603545583,-2.5097072322985277,2.5097072322985277,2.0,0.014010449062337367,0.24813659444035596,-0.02010092000206692
3,0.2652257295794044,0.16284558804716592,-2.509884306931441,2.509884306931441,2.0,0.014265271193145565,0.24809175561976582,-0.018639650815947942
4,0.27501946940674,0.16857110745031006,-2.5100465473148317,2.5100465473148317,2.0,0.014525772113617972,0.24793049342932594,-0.017238624456706618
5,0.28471417113311187,0.17420917623565574,-2.5101945110364072,2.5101945110364072,2.0,0.014791042113293965,0.24766438806614735,-0.0159017534532887
6,0.2942901705060552,0.17974854059354928,-2.5103288325488733,2.5103288325488733,2.0,0.015060117455633543,0.24730516609921815,-0.014631873158765555
