epoch,beta,coefficient,loss,expected_cut,best_measured_cut,success_probability_ancilla_1,max_postselected_probability,grad
0,-0.32844084093296777,-0.24906476508644607,-0.9999999999998237,0.9999999999998237,1.0,0.05680840973237679,0.18381458967644118,2.4627603515797393e-13
1,-0.32844085194924943,-0.2490647728685123,-0.9999999999998237,0.9999999999998237,1.0,0.05680841060960232,0.18381459003190934,2.464990732240726e-13
2,-0.32844086545000406,-0.24906478240564736,-0.9999999999998243,0.9999999999998243,1.0,0.05680841168466624,0.18381459046754536,2.469872741497803e-13
3,-0.3284408810385882,-0.24906479341765625,-0.999999999999824,0.999999999999824,1.0,0.05680841292598388,0.18381459097055014,2.4678425709396497e-13
4,-0.32844089845832397,-0.249064805723218,-0.9999999999998241,0.9999999999998241,1.0,0.056808414313116,0.18381459153264154,2.464032093957997e-13
