{
  "0": 0.0,
  "1": -0.16046272390956792,
  "2": 0.16202569992260868,
  "3": -0.13947514584751997,
  "4": 0.2530313342746862,
  "5": -0.0028803540009867427,
  "6": 0.17610318391322485,
  "7": -0.17002815438181,
  "8": -0.12269583076111475,
  "9": 0.09803754054927606,
  "10": 0.011983033731553648,
  "11": 0.10598101188420418,
  "12": -0.16146319283826768,
  "13": 0.1532171766983441,
  "14": -0.16758643887293956,
  "15": -0.007770111944261789,
  "16": 0.0,
  "17": 0.0,
  "18": 0.0,
  "19": 0.0,
  "20": 0.0,
  "21": 0.0,
  "22": 0.0,
  "23": 0.0,
  "24": 0.0,
  "25": 0.0,
  "26": 0.0,
  "27": 0.0,
  "28": 0.00254329375401415,
  "29": -0.0027104926953587074,
  "30": 0.0023259880827977922,
  "31": -0.0029264250079775803,
  "32": 0.043279390175249746,
  "33": 0.033894985793939215,
  "34": 0.05000277375570726,
  "35": -0.03640038838480087,
  "36": -0.034067544206917,
  "37": -0.11647959828426165,
  "38": 0.04081070136871647,
  "39": -0.08578936113263398,
  "40": -0.05287043501604435,
  "41": 0.07281236399477722,
  "42": -0.06225502870478437,
  "43": -0.015530801357634858,
  "44": -0.12248830687976203,
  "45": 0.10442111479073314,
  "46": 0.0267387773533944,
  "47": 0.11939692623507653,
  "48": 0.0,
  "49": 0.0,
  "50": 0.0,
  "51": 0.0,
  "52": 0.0,
  "53": 0.0,
  "54": 0.0,
  "55": 0.0,
  "56": 0.0,
  "57": 0.0,
  "58": 0.0,
  "59": 0.0,
  "60": 0.0,
  "61": 0.0,
  "62": 0.0,
  "63": 0.0
}