epoch,beta,coefficient,loss,expected_cut,best_measured_cut,success_probability_ancilla_1,max_postselected_probability,grad
0,0.35046511352576504,0.2645126502702761,-2.9999999999996523,2.9999999999996523,1.0,0.08625288837897827,0.08879672908450587,-2.6863951108228677e-13
1,0.3504651255152856,0.26451265861874096,-2.999999999999651,2.999999999999651,1.0,0.08625288917546109,0.08879672902056267,-2.677307194955655e-13
2,0.35046514018954483,0.26451266883662544,-2.999999999999652,2.999999999999652,1.0,0.08625289015029536,0.0887967289423011,-2.678557835648415e-13
3,0.35046515712127363,0.26451268062641625,-2.999999999999654,2.999999999999654,1.0,0.08625289127509694,0.08879672885199986,-2.6759101086873693e-13
4,0.3504651760397971,0.2645126937996388,-2.9999999999996514,2.9999999999996514,1.0,0.08625289253188453,0.08879672875110234,-2.675102338947118e-13
