epoch,beta,coefficient,loss,expected_cut,best_measured_cut,success_probability_ancilla_1,max_postselected_probability,grad
0,-0.44339789568611265,-0.43611273816497054,-5.49999999999924,5.49999999999924,0.0,0.07247288729528345,0.015624999999997842,2.945295539116077e-12
1,-0.44339802733366257,-0.43611285211583894,-5.499999999999243,5.499999999999243,0.0,0.07247292422523956,0.015624999999997849,2.943791006106631e-12
2,-0.443398188420027,-0.43611299154820116,-5.499999999999243,5.499999999999243,0.0,0.07247296941341966,0.015624999999997849,2.939181323182242e-12
3,-0.4433983741441584,-0.4361131523063803,-5.49999999999924,5.49999999999924,0.0,0.07247302151303045,0.015624999999997839,2.929728295233831e-12
4,-0.44339858177979874,-0.436113332030586,-5.499999999999236,5.499999999999236,0.0,0.07247307975930137,0.015624999999997832,2.941254765364032e-12
