{
  "0": 0.0,
  "1": -0.2400560918642313,
  "2": 0.2396391304416883,
  "3": 0.0,
  "4": 0.17318112686929996,
  "5": 0.0,
  "6": 0.0,
  "7": -0.20829915295093515,
  "8": 0.032600208549827356,
  "9": 0.0,
  "10": 0.0,
  "11": -0.03080969370024104,
  "12": 0.0,
  "13": 0.018087707412385547,
  "14": -0.008506802931997959,
  "15": 0.0
}