epoch,beta,coefficient,loss,expected_cut,best_measured_cut,success_probability_ancilla_1,max_postselected_probability,grad
0,0.3132141222450171,0.23825703123331854,-2.9999855785076077,2.9999855785076077,3.0,0.028057261227162504,0.12499819731354012,0.03222116057295576
1,0.30939970823747615,0.23553375481252806,-2.9999078611821433,2.9999078611821433,3.0,0.027746867511797602,0.124988482647858,-0.011474230593638947
2,0.3113301951111214,0.2369127967330218,-2.9999557360195017,2.9999557360195017,3.0,0.027903610433436556,0.12499446700252717,-0.029393653659073274
3,0.3151537705842664,0.23963941990197055,-2.999999230454788,2.999999230454788,3.0,0.028216162611198765,0.124999903806937,-0.0202356478313721
4,0.3186714755534513,0.2421423132693018,-2.9999809170513356,2.9999809170513356,3.0,0.02850615631947119,0.12499761463150462,-0.0026325278876013426
