{
  "0": 0.0,
  "1": -0.5420202724134455,
  "2": 0.5458904702247278,
  "3": -0.4550707858256919,
  "4": 0.4940785170802023,
  "5": 0.6874539078765396,
  "6": 0.4454035316209216,
  "7": -0.4272432650493254,
  "8": -0.16090372030153652,
  "9": -0.5863115161135015,
  "10": 0.3126304890288035,
  "11": -0.019417409575657848,
  "12": -0.2647187722807766,
  "13": 0.15865666607984347,
  "14": -0.1338456234809144,
  "15": -0.44115534006575285,
  "16": 0.03071551177568113,
  "17": -0.12395032761758026,
  "18": 0.11983971992997658,
  "19": -0.10327473834184857,
  "20": 0.29674532271839593,
  "21": -0.0655299447944846,
  "22": 0.24181014290395667,
  "23": -0.16770951254182323,
  "24": 0.09194921589466913,
  "25": -0.11680764035428974,
  "26": 0.05257175962418547,
  "27": -0.0430849491585861,
  "28": 0.13870339645591204,
  "29": -0.2293193252420894,
  "30": 0.1138154154907666,
  "31": -0.20524243594827207,
  "32": 0.02795404761178075,
  "33": 0.13293616250253432,
  "34": -0.04434931695769088,
  "35": 0.01849624865440464,
  "36": -0.13422655898182131,
  "37": 0.01836243732126615,
  "38": -0.03206694003616843,
  "39": -0.11001424710522825,
  "40": 0.21709012259847996,
  "41": -0.03360007860609157,
  "42": 0.04063899119315303,
  "43": 0.1072030271531479,
  "44": -0.042164753262449006,
  "45": -0.17516273194247098,
  "46": 0.18112282859804438,
  "47": -0.0028239219281005964,
  "48": -0.05394302940134958,
  "49": -0.003301452817702036,
  "50": 0.01774363230210508,
  "51": -0.017094917431793276,
  "52": 0.04709156545916352,
  "53": 0.04391609463337725,
  "54": -0.015456823781375433,
  "55": -0.05151271629476546,
  "56": 0.015023071000544987,
  "57": 0.007273596938812597,
  "58": -0.0193595252842592,
  "59": 0.017551739783900858,
  "60": 0.004572740822078926,
  "61": -0.0633099002888103,
  "62": 0.0009268835167053258,
  "63": -0.0392417351805249
}