{
  "config": {
    "N_VERTICES": 4,
    "PROB_ARESTA": 0.55,
    "COM_PESO": false,
    "PESO_MIN": 1,
    "PESO_MAX": 1,
    "GRAPH_SEED": 104577,
    "GRAPH_EDGES": [
      [
        0,
        2,
        1.0
      ],
      [
        2,
        3,
        1.0
      ]
    ],
    "REVERSE_BITS": false,
    "ER": 0.75,
    "MAX_TERMS": null,
    "A_MAX": 0.6283185307179586,
    "INIT_BETA": 0.25,
    "MAX_EPOCHS": 200,
    "LR": 0.01,
    "FD_EPS": 0.01,
    "LOSS_TOL_LAST5": 0.002,
    "PATIENCE_LAST5": 7,
    "TRAIN_SEED": 6,
    "INIT_BETA_JITTER": 0.03,
    "OPTIMIZER": "adam",
    "ADAM_BETA1": 0.9,
    "ADAM_BETA2": 0.999,
    "ADAM_EPS": 1e-08,
    "COEF_ZERO_TOL": 0.002,
    "IMPROVEMENT_TOL": 0.002,
    "SATURATION_PATIENCE": 60,
    "INDEX_STRATEGY": "ascending",
    "INDEX_RANDOM_SEED": 42,
    "ENABLE_BACKWARD_PRUNING": false,
    "BACKWARD_PASSES": 1,
    "PRUNE_IMPROVEMENT_TOL": 1e-06,
    "OUTDIR": "benchmark_results_walsh_article/unweighted/coarse_loader/n4/graph04_trainseed06",
    "SHOW_PLOTS": false,
    "name": "coarse_loader"
  },
  "n_qubits_register": 4,
  "graph_edges": [
    [
      0,
      2,
      1.0
    ],
    [
      2,
      3,
      1.0
    ]
  ],
  "graph_signature": "ab3e1e60a1be6f27a830f37b39d70bd64af7163327db0f23a1fcb2724d77253c",
  "graph_num_edges": 2,
  "graph_density": 0.3333333333333333,
  "best_cut_bruteforce": 2.0,
  "best_bitstring_bruteforce": "0010",
  "best_index_bruteforce": 2,
  "candidate_order": [
    1,
    2,
    3,
    4,
    5,
    6,
    7,
    8,
    9,
    10,
    11,
    12,
    13,
    14,
    15
  ],
  "total_possible_parameters": 15,
  "visited_parameters": 15,
  "trained_coefficients": {
    "0": 0.0,
    "1": -0.14129438031576405,
    "2": 0.13767758851270911,
    "3": -0.1599786207236267,
    "4": 0.24520581826913726,
    "5": -0.005632235038528608,
    "6": 0.19586208074487388,
    "7": -0.14849300199089183,
    "8": -0.1719819716513771,
    "9": -0.0072996788852747055,
    "10": -0.12422762823388558,
    "11": 0.09052582930013847,
    "12": 0.0156439475494063,
    "13": 0.165807563284682,
    "14": -0.11435139268350544,
    "15": 0.13402642295334247
  },
  "final_coefficient_vector": [
    0.0,
    -0.14129438031576405,
    0.13767758851270911,
    -0.1599786207236267,
    0.24520581826913726,
    -0.005632235038528608,
    0.19586208074487388,
    -0.14849300199089183,
    -0.1719819716513771,
    -0.0072996788852747055,
    -0.12422762823388558,
    0.09052582930013847,
    0.0156439475494063,
    0.165807563284682,
    -0.11435139268350544,
    0.13402642295334247
  ],
  "active_indices": [
    1,
    2,
    3,
    4,
    5,
    6,
    7,
    8,
    9,
    10,
    11,
    12,
    13,
    14,
    15
  ],
  "active_parameter_count": 15,
  "compression_ratio_active_over_total": 1.0,
  "final_loss": -1.9452552849090996,
  "final_expected_cut": 1.9452552849090996,
  "best_expected_cut_over_evolution": 1.9452552849090996,
  "final_best_measured_index": 9,
  "final_best_measured_bitstring": "1001",
  "final_best_measured_cut": 2.0,
  "best_measured_cut_over_evolution": 2.0,
  "final_success_probability_ancilla_1": 0.037304277925227794,
  "final_max_postselected_probability": 0.6616803364019075,
  "gap_expected_to_bruteforce": 0.0547447150909004,
  "gap_measured_to_bruteforce": 0.0,
  "approx_ratio_measured": 1.0,
  "n_steps": 15,
  "elapsed_seconds": 11.342252731323242,
  "steps": [
    {
      "visit_idx": 1,
      "j": 1,
      "kept": true,
      "beta": -0.22878698175035675,
      "coefficient": -0.14129438031576405,
      "loss": -1.0,
      "expected_cut": 1.0,
      "best_measured_cut": 0.0,
      "success_probability_ancilla_1": 0.0028048255522572082,
      "epochs_run": 7,
      "stop_reason": "loss_plateau_last5",
      "history_path": "benchmark_results_walsh_article/unweighted/coarse_loader/n4/graph04_trainseed06/histories/history_visit001_j001.json",
      "improvement_vs_previous": 1.0
    },
    {
      "visit_idx": 2,
      "j": 2,
      "kept": true,
      "beta": 0.22273226088687015,
      "coefficient": 0.13767758851270911,
      "loss": -1.0,
      "expected_cut": 1.0,
      "best_measured_cut": 0.0,
      "success_probability_ancilla_1": 0.005453081906096317,
      "epochs_run": 7,
      "stop_reason": "loss_plateau_last5",
      "history_path": "benchmark_results_walsh_article/unweighted/coarse_loader/n4/graph04_trainseed06/histories/history_visit002_j002.json",
      "improvement_vs_previous": 0.0
    },
    {
      "visit_idx": 3,
      "j": 3,
      "kept": true,
      "beta": -0.26034038940977033,
      "coefficient": -0.1599786207236267,
      "loss": -0.9999999999999999,
      "expected_cut": 0.9999999999999999,
      "best_measured_cut": 1.0,
      "success_probability_ancilla_1": 0.009008599651739996,
      "epochs_run": 7,
      "stop_reason": "loss_plateau_last5",
      "history_path": "benchmark_results_walsh_article/unweighted/coarse_loader/n4/graph04_trainseed06/histories/history_visit003_j003.json",
      "improvement_vs_previous": -1.1102230246251565e-16
    },
    {
      "visit_idx": 4,
      "j": 4,
      "kept": true,
      "beta": 0.41210338506052363,
      "coefficient": 0.24520581826913726,
      "loss": -1.2762194280157708,
      "expected_cut": 1.2762194280157708,
      "best_measured_cut": 1.0,
      "success_probability_ancilla_1": 0.017288089868920095,
      "epochs_run": 19,
      "stop_reason": "loss_plateau_last5",
      "history_path": "benchmark_results_walsh_article/unweighted/coarse_loader/n4/graph04_trainseed06/histories/history_visit004_j004.json",
      "improvement_vs_previous": 0.27621942801577093
    },
    {
      "visit_idx": 5,
      "j": 5,
      "kept": true,
      "beta": -0.0089642205760272,
      "coefficient": -0.005632235038528608,
      "loss": -1.2761454907978194,
      "expected_cut": 1.2761454907978194,
      "best_measured_cut": 1.0,
      "success_probability_ancilla_1": 0.017287658024716254,
      "epochs_run": 30,
      "stop_reason": "loss_plateau_last5",
      "history_path": "benchmark_results_walsh_article/unweighted/coarse_loader/n4/graph04_trainseed06/histories/history_visit005_j005.json",
      "improvement_vs_previous": -7.393721795145858e-05
    },
    {
      "visit_idx": 6,
      "j": 6,
      "kept": true,
      "beta": 0.3224540334807494,
      "coefficient": 0.19586208074487388,
      "loss": -1.4023692494455782,
      "expected_cut": 1.4023692494455782,
      "best_measured_cut": 1.0,
      "success_probability_ancilla_1": 0.022314602745780794,
      "epochs_run": 11,
      "stop_reason": "loss_plateau_last5",
      "history_path": "benchmark_results_walsh_article/unweighted/coarse_loader/n4/graph04_trainseed06/histories/history_visit006_j006.json",
      "improvement_vs_previous": 0.1262237586477588
    },
    {
      "visit_idx": 7,
      "j": 7,
      "kept": true,
      "beta": -0.24088760364585954,
      "coefficient": -0.14849300199089183,
      "loss": -1.4657004416197754,
      "expected_cut": 1.4657004416197754,
      "best_measured_cut": 1.0,
      "success_probability_ancilla_1": 0.025058002697379365,
      "epochs_run": 7,
      "stop_reason": "loss_plateau_last5",
      "history_path": "benchmark_results_walsh_article/unweighted/coarse_loader/n4/graph04_trainseed06/histories/history_visit007_j007.json",
      "improvement_vs_previous": 0.06333119217419725
    },
    {
      "visit_idx": 8,
      "j": 8,
      "kept": true,
      "beta": -0.2808783398472786,
      "coefficient": -0.1719819716513771,
      "loss": -1.5913623043947454,
      "expected_cut": 1.5913623043947454,
      "best_measured_cut": 2.0,
      "success_probability_ancilla_1": 0.029003454453375065,
      "epochs_run": 65,
      "stop_reason": "loss_plateau_last5",
      "history_path": "benchmark_results_walsh_article/unweighted/coarse_loader/n4/graph04_trainseed06/histories/history_visit008_j008.json",
      "improvement_vs_previous": 0.12566186277496993
    },
    {
      "visit_idx": 9,
      "j": 9,