{
  "0": 0.0,
  "1": -0.14129438031576405,
  "2": 0.13767758851270911,
  "3": -0.1599786207236267,
  "4": 0.24520581826913726,
  "5": -0.005632235038528608,
  "6": 0.19586208074487388,
  "7": -0.14849300199089183,
  "8": -0.1719819716513771,
  "9": -0.0072996788852747055,
  "10": -0.12422762823388558,
  "11": 0.09052582930013847,
  "12": 0.0156439475494063,
  "13": 0.165807563284682,
  "14": -0.11435139268350544,
  "15": 0.13402642295334247
}