{
  "0": 0.0,
  "1": -0.4952363766431983,
  "2": 0.49690845271513595,
  "3": -0.003643670951239667,
  "4": -0.28682917383921497,
  "5": -0.002663096820244635,
  "6": 0.0047008329104117315,
  "7": 0.38253249126310956,
  "8": -0.12467027728229975,
  "9": 0.0015002729117472083,
  "10": -0.0020943393110386707,
  "11": 0.17796788538242234,
  "12": 0.0,
  "13": -0.14751629636027092,
  "14": 0.14731353059151658,
  "15": 0.001184262406528783
}