epoch,beta,coefficient,loss,expected_cut,best_measured_cut,success_probability_ancilla_1,max_postselected_probability,grad
0,-0.3672336077594677,-0.2761221271616133,-2.4999999999994467,2.4999999999994467,2.0,0.04517200851688258,0.18441599392188987,1.086824053721288e-12
1,-0.36723365633978794,-0.27612216060051653,-2.4999999999994467,2.4999999999994467,2.0,0.045172012826497646,0.18441599205289663,1.0863336340780374e-12
2,-0.3672337158368833,-0.2761222015536749,-2.499999999999447,2.499999999999447,2.0,0.045172018104552646,0.18441598976390922,1.0872360136542126e-12
3,-0.3672337845063982,-0.27612224882040903,-2.499999999999446,2.499999999999446,2.0,0.04517202419630409,0.18441598712203605,1.0860198941386923e-12
4,-0.3672338612377919,-0.2761223016363084,-2.4999999999994467,2.4999999999994467,2.0,0.04517203100323489,0.18441598417000146,1.0851790482493365e-12
