epoch,beta,coefficient,loss,expected_cut,best_measured_cut,success_probability_ancilla_1,max_postselected_probability,grad
0,0.44714256703792987,0.4393489713802477,-7.999995874860008,7.999995874860008,5.0,0.13576809169968188,0.031249871089391253,0.02461402463652288
1,0.4392861896873928,0.43254766222792235,-7.999961938736039,7.999961938736039,5.0,0.1338862213156308,0.031248810585517563,0.004196673935879687
2,0.4368559928156507,0.43043484028619977,-7.9999236094833925,7.9999236094833925,5.0,0.13330700026357425,0.031247612796372334,-0.013011363568203644
3,0.43839427625534555,0.4317727210310011,-7.999949433594731,7.999949433594731,5.0,0.13367347775797125,0.031248419799851674,-0.01855005918322643
4,0.44180527814060955,0.4347332939102391,-7.999987597878608,7.999987597878608,5.0,0.13448808996563752,0.031249612433722894,-0.015032107745698053
